===== JOB INFO =====
Tue May 19 12:25:36 PM HKT 2026
dgx-21
Tue May 19 12:25:36 2026       
+-----------------------------------------------------------------------------------------+
| NVIDIA-SMI 570.158.01             Driver Version: 570.158.01     CUDA Version: 12.8     |
|-----------------------------------------+------------------------+----------------------+
| GPU  Name                 Persistence-M | Bus-Id          Disp.A | Volatile Uncorr. ECC |
| Fan  Temp   Perf          Pwr:Usage/Cap |           Memory-Usage | GPU-Util  Compute M. |
|                                         |                        |               MIG M. |
|=========================================+========================+======================|
|   0  NVIDIA H800                    On  |   00000000:61:00.0 Off |                    0 |
| N/A   41C    P0             72W /  700W |       0MiB /  81559MiB |      0%      Default |
|                                         |                        |             Disabled |
+-----------------------------------------+------------------------+----------------------+
                                                                                         
+-----------------------------------------------------------------------------------------+
| Processes:                                                                              |
|  GPU   GI   CI              PID   Type   Process name                        GPU Memory |
|        ID   ID                                                               Usage      |
|=========================================================================================|
|  No running processes found                                                             |
+-----------------------------------------------------------------------------------------+
Python 3.10.20
torch 2.7.1+cu126
cuda True
gpu NVIDIA H800
===== PRETRAIN START =====
Model Params: 63.91M
Trainable Params: 63.912M
Epoch:[1/1](20/79390), loss: 7.4104, logits_loss: 7.4104, aux_loss: 0.0000, lr: 0.00050000, epoch_time: 93.0min
Epoch:[1/1](40/79390), loss: 7.1877, logits_loss: 7.1877, aux_loss: 0.0000, lr: 0.00050000, epoch_time: 61.0min
Epoch:[1/1](60/79390), loss: 7.2486, logits_loss: 7.2486, aux_loss: 0.0000, lr: 0.00050000, epoch_time: 50.0min
Epoch:[1/1](80/79390), loss: 6.9795, logits_loss: 6.9795, aux_loss: 0.0000, lr: 0.00050000, epoch_time: 45.0min
Epoch:[1/1](100/79390), loss: 7.0406, logits_loss: 7.0406, aux_loss: 0.0000, lr: 0.00050000, epoch_time: 42.0min
Epoch:[1/1](120/79390), loss: 6.8200, logits_loss: 6.8200, aux_loss: 0.0000, lr: 0.00050000, epoch_time: 40.0min
Epoch:[1/1](140/79390), loss: 6.7725, logits_loss: 6.7725, aux_loss: 0.0000, lr: 0.00050000, epoch_time: 38.0min
Epoch:[1/1](160/79390), loss: 6.4720, logits_loss: 6.4720, aux_loss: 0.0000, lr: 0.00050000, epoch_time: 37.0min
Epoch:[1/1](180/79390), loss: 6.5141, logits_loss: 6.5141, aux_loss: 0.0000, lr: 0.00049999, epoch_time: 36.0min
Epoch:[1/1](200/79390), loss: 6.6609, logits_loss: 6.6609, aux_loss: 0.0000, lr: 0.00049999, epoch_time: 35.0min
Epoch:[1/1](220/79390), loss: 6.4453, logits_loss: 6.4453, aux_loss: 0.0000, lr: 0.00049999, epoch_time: 35.0min
Epoch:[1/1](240/79390), loss: 6.3408, logits_loss: 6.3408, aux_loss: 0.0000, lr: 0.00049999, epoch_time: 34.0min
Epoch:[1/1](260/79390), loss: 6.1450, logits_loss: 6.1450, aux_loss: 0.0000, lr: 0.00049999, epoch_time: 34.0min
Epoch:[1/1](280/79390), loss: 6.0131, logits_loss: 6.0131, aux_loss: 0.0000, lr: 0.00049999, epoch_time: 34.0min
Epoch:[1/1](300/79390), loss: 5.9716, logits_loss: 5.9716, aux_loss: 0.0000, lr: 0.00049998, epoch_time: 33.0min
Epoch:[1/1](320/79390), loss: 6.0312, logits_loss: 6.0312, aux_loss: 0.0000, lr: 0.00049998, epoch_time: 33.0min
Epoch:[1/1](340/79390), loss: 5.8683, logits_loss: 5.8683, aux_loss: 0.0000, lr: 0.00049998, epoch_time: 33.0min
Epoch:[1/1](360/79390), loss: 5.9101, logits_loss: 5.9101, aux_loss: 0.0000, lr: 0.00049998, epoch_time: 32.0min
Epoch:[1/1](380/79390), loss: 5.7674, logits_loss: 5.7674, aux_loss: 0.0000, lr: 0.00049997, epoch_time: 32.0min
Epoch:[1/1](400/79390), loss: 5.9286, logits_loss: 5.9286, aux_loss: 0.0000, lr: 0.00049997, epoch_time: 32.0min
Epoch:[1/1](420/79390), loss: 5.8536, logits_loss: 5.8536, aux_loss: 0.0000, lr: 0.00049997, epoch_time: 32.0min
Epoch:[1/1](440/79390), loss: 5.5853, logits_loss: 5.5853, aux_loss: 0.0000, lr: 0.00049997, epoch_time: 32.0min
Epoch:[1/1](460/79390), loss: 5.7553, logits_loss: 5.7553, aux_loss: 0.0000, lr: 0.00049996, epoch_time: 32.0min
Epoch:[1/1](480/79390), loss: 5.5309, logits_loss: 5.5309, aux_loss: 0.0000, lr: 0.00049996, epoch_time: 32.0min
Epoch:[1/1](500/79390), loss: 5.5033, logits_loss: 5.5033, aux_loss: 0.0000, lr: 0.00049996, epoch_time: 32.0min
Epoch:[1/1](520/79390), loss: 5.5154, logits_loss: 5.5154, aux_loss: 0.0000, lr: 0.00049995, epoch_time: 32.0min
Epoch:[1/1](540/79390), loss: 5.2104, logits_loss: 5.2104, aux_loss: 0.0000, lr: 0.00049995, epoch_time: 31.0min
Epoch:[1/1](560/79390), loss: 5.1958, logits_loss: 5.1958, aux_loss: 0.0000, lr: 0.00049994, epoch_time: 31.0min
Epoch:[1/1](580/79390), loss: 5.6532, logits_loss: 5.6532, aux_loss: 0.0000, lr: 0.00049994, epoch_time: 31.0min
Epoch:[1/1](600/79390), loss: 5.4000, logits_loss: 5.4000, aux_loss: 0.0000, lr: 0.00049994, epoch_time: 31.0min
Epoch:[1/1](620/79390), loss: 5.3425, logits_loss: 5.3425, aux_loss: 0.0000, lr: 0.00049993, epoch_time: 31.0min
Epoch:[1/1](640/79390), loss: 5.5034, logits_loss: 5.5034, aux_loss: 0.0000, lr: 0.00049993, epoch_time: 31.0min
Epoch:[1/1](660/79390), loss: 5.2427, logits_loss: 5.2427, aux_loss: 0.0000, lr: 0.00049992, epoch_time: 31.0min
Epoch:[1/1](680/79390), loss: 5.2097, logits_loss: 5.2097, aux_loss: 0.0000, lr: 0.00049992, epoch_time: 31.0min
Epoch:[1/1](700/79390), loss: 4.9945, logits_loss: 4.9945, aux_loss: 0.0000, lr: 0.00049991, epoch_time: 31.0min
Epoch:[1/1](720/79390), loss: 4.9560, logits_loss: 4.9560, aux_loss: 0.0000, lr: 0.00049991, epoch_time: 31.0min
Epoch:[1/1](740/79390), loss: 4.9544, logits_loss: 4.9544, aux_loss: 0.0000, lr: 0.00049990, epoch_time: 31.0min
Epoch:[1/1](760/79390), loss: 4.8238, logits_loss: 4.8238, aux_loss: 0.0000, lr: 0.00049990, epoch_time: 31.0min
Epoch:[1/1](780/79390), loss: 4.9208, logits_loss: 4.9208, aux_loss: 0.0000, lr: 0.00049989, epoch_time: 31.0min
Epoch:[1/1](800/79390), loss: 4.5904, logits_loss: 4.5904, aux_loss: 0.0000, lr: 0.00049989, epoch_time: 31.0min
Epoch:[1/1](820/79390), loss: 4.9216, logits_loss: 4.9216, aux_loss: 0.0000, lr: 0.00049988, epoch_time: 31.0min
Epoch:[1/1](840/79390), loss: 4.7256, logits_loss: 4.7256, aux_loss: 0.0000, lr: 0.00049988, epoch_time: 31.0min
Epoch:[1/1](860/79390), loss: 4.6715, logits_loss: 4.6715, aux_loss: 0.0000, lr: 0.00049987, epoch_time: 30.0min
Epoch:[1/1](880/79390), loss: 4.9973, logits_loss: 4.9973, aux_loss: 0.0000, lr: 0.00049986, epoch_time: 30.0min
Epoch:[1/1](900/79390), loss: 4.6359, logits_loss: 4.6359, aux_loss: 0.0000, lr: 0.00049986, epoch_time: 30.0min
Epoch:[1/1](920/79390), loss: 4.5392, logits_loss: 4.5392, aux_loss: 0.0000, lr: 0.00049985, epoch_time: 30.0min
Epoch:[1/1](940/79390), loss: 4.5551, logits_loss: 4.5551, aux_loss: 0.0000, lr: 0.00049984, epoch_time: 30.0min
Epoch:[1/1](960/79390), loss: 4.7413, logits_loss: 4.7413, aux_loss: 0.0000, lr: 0.00049984, epoch_time: 30.0min
Epoch:[1/1](980/79390), loss: 4.9301, logits_loss: 4.9301, aux_loss: 0.0000, lr: 0.00049983, epoch_time: 30.0min
Epoch:[1/1](1000/79390), loss: 4.2256, logits_loss: 4.2256, aux_loss: 0.0000, lr: 0.00049982, epoch_time: 30.0min
Epoch:[1/1](1020/79390), loss: 4.6364, logits_loss: 4.6364, aux_loss: 0.0000, lr: 0.00049982, epoch_time: 35.0min
Epoch:[1/1](1040/79390), loss: 4.6008, logits_loss: 4.6008, aux_loss: 0.0000, lr: 0.00049981, epoch_time: 35.0min
Epoch:[1/1](1060/79390), loss: 4.3809, logits_loss: 4.3809, aux_loss: 0.0000, lr: 0.00049980, epoch_time: 34.0min
Epoch:[1/1](1080/79390), loss: 4.4680, logits_loss: 4.4680, aux_loss: 0.0000, lr: 0.00049979, epoch_time: 34.0min
Epoch:[1/1](1100/79390), loss: 4.1787, logits_loss: 4.1787, aux_loss: 0.0000, lr: 0.00049979, epoch_time: 34.0min
Epoch:[1/1](1120/79390), loss: 4.7241, logits_loss: 4.7241, aux_loss: 0.0000, lr: 0.00049978, epoch_time: 34.0min
Epoch:[1/1](1140/79390), loss: 4.4683, logits_loss: 4.4683, aux_loss: 0.0000, lr: 0.00049977, epoch_time: 34.0min
Epoch:[1/1](1160/79390), loss: 4.0642, logits_loss: 4.0642, aux_loss: 0.0000, lr: 0.00049976, epoch_time: 34.0min
Epoch:[1/1](1180/79390), loss: 4.5539, logits_loss: 4.5539, aux_loss: 0.0000, lr: 0.00049975, epoch_time: 34.0min
Epoch:[1/1](1200/79390), loss: 4.3176, logits_loss: 4.3176, aux_loss: 0.0000, lr: 0.00049975, epoch_time: 34.0min
Epoch:[1/1](1220/79390), loss: 4.2430, logits_loss: 4.2430, aux_loss: 0.0000, lr: 0.00049974, epoch_time: 34.0min
Epoch:[1/1](1240/79390), loss: 4.5085, logits_loss: 4.5085, aux_loss: 0.0000, lr: 0.00049973, epoch_time: 33.0min
Epoch:[1/1](1260/79390), loss: 4.1787, logits_loss: 4.1787, aux_loss: 0.0000, lr: 0.00049972, epoch_time: 33.0min
Epoch:[1/1](1280/79390), loss: 4.2076, logits_loss: 4.2076, aux_loss: 0.0000, lr: 0.00049971, epoch_time: 33.0min
Epoch:[1/1](1300/79390), loss: 4.6114, logits_loss: 4.6114, aux_loss: 0.0000, lr: 0.00049970, epoch_time: 33.0min
Epoch:[1/1](1320/79390), loss: 4.3615, logits_loss: 4.3615, aux_loss: 0.0000, lr: 0.00049969, epoch_time: 33.0min
Epoch:[1/1](1340/79390), loss: 4.3061, logits_loss: 4.3061, aux_loss: 0.0000, lr: 0.00049968, epoch_time: 33.0min
Epoch:[1/1](1360/79390), loss: 4.1580, logits_loss: 4.1580, aux_loss: 0.0000, lr: 0.00049967, epoch_time: 33.0min
Epoch:[1/1](1380/79390), loss: 4.0041, logits_loss: 4.0041, aux_loss: 0.0000, lr: 0.00049966, epoch_time: 33.0min
Epoch:[1/1](1400/79390), loss: 4.0251, logits_loss: 4.0251, aux_loss: 0.0000, lr: 0.00049965, epoch_time: 33.0min
Epoch:[1/1](1420/79390), loss: 4.1713, logits_loss: 4.1713, aux_loss: 0.0000, lr: 0.00049964, epoch_time: 33.0min
Epoch:[1/1](1440/79390), loss: 4.2293, logits_loss: 4.2293, aux_loss: 0.0000, lr: 0.00049963, epoch_time: 33.0min
Epoch:[1/1](1460/79390), loss: 4.0241, logits_loss: 4.0241, aux_loss: 0.0000, lr: 0.00049962, epoch_time: 33.0min
Epoch:[1/1](1480/79390), loss: 4.3723, logits_loss: 4.3723, aux_loss: 0.0000, lr: 0.00049961, epoch_time: 33.0min
Epoch:[1/1](1500/79390), loss: 3.9092, logits_loss: 3.9092, aux_loss: 0.0000, lr: 0.00049960, epoch_time: 33.0min
Epoch:[1/1](1520/79390), loss: 4.3801, logits_loss: 4.3801, aux_loss: 0.0000, lr: 0.00049959, epoch_time: 32.0min
Epoch:[1/1](1540/79390), loss: 4.3272, logits_loss: 4.3272, aux_loss: 0.0000, lr: 0.00049958, epoch_time: 32.0min
Epoch:[1/1](1560/79390), loss: 4.3189, logits_loss: 4.3189, aux_loss: 0.0000, lr: 0.00049957, epoch_time: 32.0min
Epoch:[1/1](1580/79390), loss: 4.0728, logits_loss: 4.0728, aux_loss: 0.0000, lr: 0.00049956, epoch_time: 32.0min
Epoch:[1/1](1600/79390), loss: 4.0559, logits_loss: 4.0559, aux_loss: 0.0000, lr: 0.00049955, epoch_time: 32.0min
Epoch:[1/1](1620/79390), loss: 4.0451, logits_loss: 4.0451, aux_loss: 0.0000, lr: 0.00049954, epoch_time: 32.0min
Epoch:[1/1](1640/79390), loss: 4.0009, logits_loss: 4.0009, aux_loss: 0.0000, lr: 0.00049953, epoch_time: 32.0min
Epoch:[1/1](1660/79390), loss: 3.9094, logits_loss: 3.9094, aux_loss: 0.0000, lr: 0.00049951, epoch_time: 32.0min
Epoch:[1/1](1680/79390), loss: 3.8426, logits_loss: 3.8426, aux_loss: 0.0000, lr: 0.00049950, epoch_time: 32.0min
Epoch:[1/1](1700/79390), loss: 3.9831, logits_loss: 3.9831, aux_loss: 0.0000, lr: 0.00049949, epoch_time: 32.0min
Epoch:[1/1](1720/79390), loss: 4.2221, logits_loss: 4.2221, aux_loss: 0.0000, lr: 0.00049948, epoch_time: 32.0min
Epoch:[1/1](1740/79390), loss: 3.8534, logits_loss: 3.8534, aux_loss: 0.0000, lr: 0.00049947, epoch_time: 32.0min
Epoch:[1/1](1760/79390), loss: 3.7036, logits_loss: 3.7036, aux_loss: 0.0000, lr: 0.00049945, epoch_time: 32.0min
Epoch:[1/1](1780/79390), loss: 4.1150, logits_loss: 4.1150, aux_loss: 0.0000, lr: 0.00049944, epoch_time: 32.0min
Epoch:[1/1](1800/79390), loss: 3.7136, logits_loss: 3.7136, aux_loss: 0.0000, lr: 0.00049943, epoch_time: 32.0min
Epoch:[1/1](1820/79390), loss: 3.7700, logits_loss: 3.7700, aux_loss: 0.0000, lr: 0.00049942, epoch_time: 32.0min
Epoch:[1/1](1840/79390), loss: 4.0276, logits_loss: 4.0276, aux_loss: 0.0000, lr: 0.00049940, epoch_time: 32.0min
Epoch:[1/1](1860/79390), loss: 3.7527, logits_loss: 3.7527, aux_loss: 0.0000, lr: 0.00049939, epoch_time: 32.0min
Epoch:[1/1](1880/79390), loss: 4.1984, logits_loss: 4.1984, aux_loss: 0.0000, lr: 0.00049938, epoch_time: 32.0min
Epoch:[1/1](1900/79390), loss: 4.0278, logits_loss: 4.0278, aux_loss: 0.0000, lr: 0.00049936, epoch_time: 32.0min
Epoch:[1/1](1920/79390), loss: 3.8676, logits_loss: 3.8676, aux_loss: 0.0000, lr: 0.00049935, epoch_time: 32.0min
Epoch:[1/1](1940/79390), loss: 3.9268, logits_loss: 3.9268, aux_loss: 0.0000, lr: 0.00049934, epoch_time: 32.0min
Epoch:[1/1](1960/79390), loss: 3.7083, logits_loss: 3.7083, aux_loss: 0.0000, lr: 0.00049932, epoch_time: 32.0min
Epoch:[1/1](1980/79390), loss: 3.8324, logits_loss: 3.8324, aux_loss: 0.0000, lr: 0.00049931, epoch_time: 31.0min
Epoch:[1/1](2000/79390), loss: 3.7282, logits_loss: 3.7282, aux_loss: 0.0000, lr: 0.00049930, epoch_time: 31.0min
Epoch:[1/1](2020/79390), loss: 3.8883, logits_loss: 3.8883, aux_loss: 0.0000, lr: 0.00049928, epoch_time: 34.0min
Epoch:[1/1](2040/79390), loss: 3.4986, logits_loss: 3.4986, aux_loss: 0.0000, lr: 0.00049927, epoch_time: 34.0min
Epoch:[1/1](2060/79390), loss: 4.0019, logits_loss: 4.0019, aux_loss: 0.0000, lr: 0.00049925, epoch_time: 34.0min
Epoch:[1/1](2080/79390), loss: 3.7289, logits_loss: 3.7289, aux_loss: 0.0000, lr: 0.00049924, epoch_time: 34.0min
Epoch:[1/1](2100/79390), loss: 3.8568, logits_loss: 3.8568, aux_loss: 0.0000, lr: 0.00049922, epoch_time: 34.0min
Epoch:[1/1](2120/79390), loss: 3.7924, logits_loss: 3.7924, aux_loss: 0.0000, lr: 0.00049921, epoch_time: 34.0min
Epoch:[1/1](2140/79390), loss: 3.7666, logits_loss: 3.7666, aux_loss: 0.0000, lr: 0.00049919, epoch_time: 34.0min
Epoch:[1/1](2160/79390), loss: 4.0297, logits_loss: 4.0297, aux_loss: 0.0000, lr: 0.00049918, epoch_time: 34.0min
Epoch:[1/1](2180/79390), loss: 3.9004, logits_loss: 3.9004, aux_loss: 0.0000, lr: 0.00049916, epoch_time: 34.0min
Epoch:[1/1](2200/79390), loss: 3.7814, logits_loss: 3.7814, aux_loss: 0.0000, lr: 0.00049915, epoch_time: 34.0min
Epoch:[1/1](2220/79390), loss: 3.5957, logits_loss: 3.5957, aux_loss: 0.0000, lr: 0.00049913, epoch_time: 33.0min
Epoch:[1/1](2240/79390), loss: 3.6527, logits_loss: 3.6527, aux_loss: 0.0000, lr: 0.00049912, epoch_time: 33.0min
Epoch:[1/1](2260/79390), loss: 3.5852, logits_loss: 3.5852, aux_loss: 0.0000, lr: 0.00049910, epoch_time: 33.0min
Epoch:[1/1](2280/79390), loss: 3.6518, logits_loss: 3.6518, aux_loss: 0.0000, lr: 0.00049908, epoch_time: 33.0min
Epoch:[1/1](2300/79390), loss: 3.6881, logits_loss: 3.6881, aux_loss: 0.0000, lr: 0.00049907, epoch_time: 33.0min
Epoch:[1/1](2320/79390), loss: 3.7761, logits_loss: 3.7761, aux_loss: 0.0000, lr: 0.00049905, epoch_time: 33.0min
Epoch:[1/1](2340/79390), loss: 3.5256, logits_loss: 3.5256, aux_loss: 0.0000, lr: 0.00049904, epoch_time: 33.0min
Epoch:[1/1](2360/79390), loss: 3.6091, logits_loss: 3.6091, aux_loss: 0.0000, lr: 0.00049902, epoch_time: 33.0min
Epoch:[1/1](2380/79390), loss: 3.5543, logits_loss: 3.5543, aux_loss: 0.0000, lr: 0.00049900, epoch_time: 33.0min
Epoch:[1/1](2400/79390), loss: 3.3639, logits_loss: 3.3639, aux_loss: 0.0000, lr: 0.00049899, epoch_time: 33.0min
Epoch:[1/1](2420/79390), loss: 3.8805, logits_loss: 3.8805, aux_loss: 0.0000, lr: 0.00049897, epoch_time: 33.0min
Epoch:[1/1](2440/79390), loss: 3.6054, logits_loss: 3.6054, aux_loss: 0.0000, lr: 0.00049895, epoch_time: 33.0min
Epoch:[1/1](2460/79390), loss: 3.7679, logits_loss: 3.7679, aux_loss: 0.0000, lr: 0.00049893, epoch_time: 33.0min
Epoch:[1/1](2480/79390), loss: 3.8172, logits_loss: 3.8172, aux_loss: 0.0000, lr: 0.00049892, epoch_time: 33.0min
Epoch:[1/1](2500/79390), loss: 3.2223, logits_loss: 3.2223, aux_loss: 0.0000, lr: 0.00049890, epoch_time: 33.0min
Epoch:[1/1](2520/79390), loss: 3.6282, logits_loss: 3.6282, aux_loss: 0.0000, lr: 0.00049888, epoch_time: 33.0min
Epoch:[1/1](2540/79390), loss: 3.1927, logits_loss: 3.1927, aux_loss: 0.0000, lr: 0.00049886, epoch_time: 33.0min
Epoch:[1/1](2560/79390), loss: 3.3438, logits_loss: 3.3438, aux_loss: 0.0000, lr: 0.00049885, epoch_time: 33.0min
Epoch:[1/1](2580/79390), loss: 3.2026, logits_loss: 3.2026, aux_loss: 0.0000, lr: 0.00049883, epoch_time: 33.0min
Epoch:[1/1](2600/79390), loss: 3.5592, logits_loss: 3.5592, aux_loss: 0.0000, lr: 0.00049881, epoch_time: 33.0min
Epoch:[1/1](2620/79390), loss: 3.5436, logits_loss: 3.5436, aux_loss: 0.0000, lr: 0.00049879, epoch_time: 32.0min
Epoch:[1/1](2640/79390), loss: 3.2057, logits_loss: 3.2057, aux_loss: 0.0000, lr: 0.00049877, epoch_time: 32.0min
Epoch:[1/1](2660/79390), loss: 3.4488, logits_loss: 3.4488, aux_loss: 0.0000, lr: 0.00049875, epoch_time: 32.0min
Epoch:[1/1](2680/79390), loss: 3.4666, logits_loss: 3.4666, aux_loss: 0.0000, lr: 0.00049874, epoch_time: 32.0min
Epoch:[1/1](2700/79390), loss: 3.2402, logits_loss: 3.2402, aux_loss: 0.0000, lr: 0.00049872, epoch_time: 32.0min
Epoch:[1/1](2720/79390), loss: 3.4743, logits_loss: 3.4743, aux_loss: 0.0000, lr: 0.00049870, epoch_time: 32.0min
Epoch:[1/1](2740/79390), loss: 3.2183, logits_loss: 3.2183, aux_loss: 0.0000, lr: 0.00049868, epoch_time: 32.0min
Epoch:[1/1](2760/79390), loss: 3.2128, logits_loss: 3.2128, aux_loss: 0.0000, lr: 0.00049866, epoch_time: 32.0min
Epoch:[1/1](2780/79390), loss: 3.3832, logits_loss: 3.3832, aux_loss: 0.0000, lr: 0.00049864, epoch_time: 32.0min
Epoch:[1/1](2800/79390), loss: 3.6074, logits_loss: 3.6074, aux_loss: 0.0000, lr: 0.00049862, epoch_time: 32.0min
Epoch:[1/1](2820/79390), loss: 3.6252, logits_loss: 3.6252, aux_loss: 0.0000, lr: 0.00049860, epoch_time: 32.0min
Epoch:[1/1](2840/79390), loss: 3.4369, logits_loss: 3.4369, aux_loss: 0.0000, lr: 0.00049858, epoch_time: 32.0min
Epoch:[1/1](2860/79390), loss: 3.1856, logits_loss: 3.1856, aux_loss: 0.0000, lr: 0.00049856, epoch_time: 32.0min
Epoch:[1/1](2880/79390), loss: 3.1852, logits_loss: 3.1852, aux_loss: 0.0000, lr: 0.00049854, epoch_time: 32.0min
Epoch:[1/1](2900/79390), loss: 3.3335, logits_loss: 3.3335, aux_loss: 0.0000, lr: 0.00049852, epoch_time: 32.0min
Epoch:[1/1](2920/79390), loss: 3.4250, logits_loss: 3.4250, aux_loss: 0.0000, lr: 0.00049850, epoch_time: 32.0min
Epoch:[1/1](2940/79390), loss: 3.4711, logits_loss: 3.4711, aux_loss: 0.0000, lr: 0.00049848, epoch_time: 32.0min
Epoch:[1/1](2960/79390), loss: 3.4653, logits_loss: 3.4653, aux_loss: 0.0000, lr: 0.00049846, epoch_time: 32.0min
Epoch:[1/1](2980/79390), loss: 3.2782, logits_loss: 3.2782, aux_loss: 0.0000, lr: 0.00049844, epoch_time: 32.0min
Epoch:[1/1](3000/79390), loss: 3.0147, logits_loss: 3.0147, aux_loss: 0.0000, lr: 0.00049842, epoch_time: 32.0min
Epoch:[1/1](3020/79390), loss: 3.2527, logits_loss: 3.2527, aux_loss: 0.0000, lr: 0.00049840, epoch_time: 34.0min
Epoch:[1/1](3040/79390), loss: 3.7819, logits_loss: 3.7819, aux_loss: 0.0000, lr: 0.00049837, epoch_time: 34.0min
Epoch:[1/1](3060/79390), loss: 3.5317, logits_loss: 3.5317, aux_loss: 0.0000, lr: 0.00049835, epoch_time: 34.0min
Epoch:[1/1](3080/79390), loss: 3.2991, logits_loss: 3.2991, aux_loss: 0.0000, lr: 0.00049833, epoch_time: 34.0min
Epoch:[1/1](3100/79390), loss: 3.0688, logits_loss: 3.0688, aux_loss: 0.0000, lr: 0.00049831, epoch_time: 34.0min
Epoch:[1/1](3120/79390), loss: 3.1892, logits_loss: 3.1892, aux_loss: 0.0000, lr: 0.00049829, epoch_time: 34.0min
Epoch:[1/1](3140/79390), loss: 3.3066, logits_loss: 3.3066, aux_loss: 0.0000, lr: 0.00049827, epoch_time: 34.0min
Epoch:[1/1](3160/79390), loss: 3.1070, logits_loss: 3.1070, aux_loss: 0.0000, lr: 0.00049824, epoch_time: 34.0min
Epoch:[1/1](3180/79390), loss: 3.3842, logits_loss: 3.3842, aux_loss: 0.0000, lr: 0.00049822, epoch_time: 34.0min
Epoch:[1/1](3200/79390), loss: 3.2758, logits_loss: 3.2758, aux_loss: 0.0000, lr: 0.00049820, epoch_time: 34.0min
Epoch:[1/1](3220/79390), loss: 3.3609, logits_loss: 3.3609, aux_loss: 0.0000, lr: 0.00049818, epoch_time: 34.0min
Epoch:[1/1](3240/79390), loss: 3.0999, logits_loss: 3.0999, aux_loss: 0.0000, lr: 0.00049815, epoch_time: 34.0min
Epoch:[1/1](3260/79390), loss: 2.8141, logits_loss: 2.8141, aux_loss: 0.0000, lr: 0.00049813, epoch_time: 34.0min
Epoch:[1/1](3280/79390), loss: 3.3764, logits_loss: 3.3764, aux_loss: 0.0000, lr: 0.00049811, epoch_time: 34.0min
Epoch:[1/1](3300/79390), loss: 3.4538, logits_loss: 3.4538, aux_loss: 0.0000, lr: 0.00049808, epoch_time: 34.0min
Epoch:[1/1](3320/79390), loss: 3.2441, logits_loss: 3.2441, aux_loss: 0.0000, lr: 0.00049806, epoch_time: 34.0min
Epoch:[1/1](3340/79390), loss: 3.1963, logits_loss: 3.1963, aux_loss: 0.0000, lr: 0.00049804, epoch_time: 34.0min
Epoch:[1/1](3360/79390), loss: 3.0475, logits_loss: 3.0475, aux_loss: 0.0000, lr: 0.00049801, epoch_time: 33.0min
Epoch:[1/1](3380/79390), loss: 3.0759, logits_loss: 3.0759, aux_loss: 0.0000, lr: 0.00049799, epoch_time: 33.0min
Epoch:[1/1](3400/79390), loss: 3.0988, logits_loss: 3.0988, aux_loss: 0.0000, lr: 0.00049797, epoch_time: 33.0min
Epoch:[1/1](3420/79390), loss: 2.8206, logits_loss: 2.8206, aux_loss: 0.0000, lr: 0.00049794, epoch_time: 33.0min
Epoch:[1/1](3440/79390), loss: 3.1262, logits_loss: 3.1262, aux_loss: 0.0000, lr: 0.00049792, epoch_time: 33.0min
Epoch:[1/1](3460/79390), loss: 3.2742, logits_loss: 3.2742, aux_loss: 0.0000, lr: 0.00049789, epoch_time: 33.0min
Epoch:[1/1](3480/79390), loss: 3.5437, logits_loss: 3.5437, aux_loss: 0.0000, lr: 0.00049787, epoch_time: 33.0min
Epoch:[1/1](3500/79390), loss: 3.0058, logits_loss: 3.0058, aux_loss: 0.0000, lr: 0.00049785, epoch_time: 33.0min
Epoch:[1/1](3520/79390), loss: 3.2762, logits_loss: 3.2762, aux_loss: 0.0000, lr: 0.00049782, epoch_time: 33.0min
Epoch:[1/1](3540/79390), loss: 3.4119, logits_loss: 3.4119, aux_loss: 0.0000, lr: 0.00049780, epoch_time: 33.0min
Epoch:[1/1](3560/79390), loss: 2.8797, logits_loss: 2.8797, aux_loss: 0.0000, lr: 0.00049777, epoch_time: 33.0min
Epoch:[1/1](3580/79390), loss: 3.3070, logits_loss: 3.3070, aux_loss: 0.0000, lr: 0.00049775, epoch_time: 33.0min
Epoch:[1/1](3600/79390), loss: 3.2096, logits_loss: 3.2096, aux_loss: 0.0000, lr: 0.00049772, epoch_time: 33.0min
Epoch:[1/1](3620/79390), loss: 3.1722, logits_loss: 3.1722, aux_loss: 0.0000, lr: 0.00049770, epoch_time: 33.0min
Epoch:[1/1](3640/79390), loss: 3.2003, logits_loss: 3.2003, aux_loss: 0.0000, lr: 0.00049767, epoch_time: 33.0min
Epoch:[1/1](3660/79390), loss: 3.3029, logits_loss: 3.3029, aux_loss: 0.0000, lr: 0.00049764, epoch_time: 33.0min
Epoch:[1/1](3680/79390), loss: 3.2381, logits_loss: 3.2381, aux_loss: 0.0000, lr: 0.00049762, epoch_time: 33.0min
Epoch:[1/1](3700/79390), loss: 3.3865, logits_loss: 3.3865, aux_loss: 0.0000, lr: 0.00049759, epoch_time: 33.0min
Epoch:[1/1](3720/79390), loss: 2.9009, logits_loss: 2.9009, aux_loss: 0.0000, lr: 0.00049757, epoch_time: 33.0min
Epoch:[1/1](3740/79390), loss: 3.5122, logits_loss: 3.5122, aux_loss: 0.0000, lr: 0.00049754, epoch_time: 33.0min
Epoch:[1/1](3760/79390), loss: 3.1213, logits_loss: 3.1213, aux_loss: 0.0000, lr: 0.00049751, epoch_time: 33.0min
Epoch:[1/1](3780/79390), loss: 3.1851, logits_loss: 3.1851, aux_loss: 0.0000, lr: 0.00049749, epoch_time: 33.0min
Epoch:[1/1](3800/79390), loss: 3.0542, logits_loss: 3.0542, aux_loss: 0.0000, lr: 0.00049746, epoch_time: 33.0min
Epoch:[1/1](3820/79390), loss: 2.9934, logits_loss: 2.9934, aux_loss: 0.0000, lr: 0.00049743, epoch_time: 33.0min
Epoch:[1/1](3840/79390), loss: 3.0452, logits_loss: 3.0452, aux_loss: 0.0000, lr: 0.00049741, epoch_time: 33.0min
Epoch:[1/1](3860/79390), loss: 3.2705, logits_loss: 3.2705, aux_loss: 0.0000, lr: 0.00049738, epoch_time: 33.0min
Epoch:[1/1](3880/79390), loss: 3.0849, logits_loss: 3.0849, aux_loss: 0.0000, lr: 0.00049735, epoch_time: 33.0min
Epoch:[1/1](3900/79390), loss: 3.2519, logits_loss: 3.2519, aux_loss: 0.0000, lr: 0.00049733, epoch_time: 33.0min
Epoch:[1/1](3920/79390), loss: 3.0346, logits_loss: 3.0346, aux_loss: 0.0000, lr: 0.00049730, epoch_time: 33.0min
Epoch:[1/1](3940/79390), loss: 2.8855, logits_loss: 2.8855, aux_loss: 0.0000, lr: 0.00049727, epoch_time: 33.0min
Epoch:[1/1](3960/79390), loss: 3.0194, logits_loss: 3.0194, aux_loss: 0.0000, lr: 0.00049724, epoch_time: 33.0min
Epoch:[1/1](3980/79390), loss: 3.1201, logits_loss: 3.1201, aux_loss: 0.0000, lr: 0.00049722, epoch_time: 33.0min
Epoch:[1/1](4000/79390), loss: 2.9508, logits_loss: 2.9508, aux_loss: 0.0000, lr: 0.00049719, epoch_time: 33.0min
Epoch:[1/1](4020/79390), loss: 2.8454, logits_loss: 2.8454, aux_loss: 0.0000, lr: 0.00049716, epoch_time: 34.0min
Epoch:[1/1](4040/79390), loss: 3.0922, logits_loss: 3.0922, aux_loss: 0.0000, lr: 0.00049713, epoch_time: 34.0min
Epoch:[1/1](4060/79390), loss: 3.1234, logits_loss: 3.1234, aux_loss: 0.0000, lr: 0.00049710, epoch_time: 34.0min
Epoch:[1/1](4080/79390), loss: 2.9531, logits_loss: 2.9531, aux_loss: 0.0000, lr: 0.00049707, epoch_time: 34.0min
Epoch:[1/1](4100/79390), loss: 2.8338, logits_loss: 2.8338, aux_loss: 0.0000, lr: 0.00049705, epoch_time: 34.0min
Epoch:[1/1](4120/79390), loss: 3.2348, logits_loss: 3.2348, aux_loss: 0.0000, lr: 0.00049702, epoch_time: 34.0min
Epoch:[1/1](4140/79390), loss: 3.0956, logits_loss: 3.0956, aux_loss: 0.0000, lr: 0.00049699, epoch_time: 34.0min
Epoch:[1/1](4160/79390), loss: 3.1643, logits_loss: 3.1643, aux_loss: 0.0000, lr: 0.00049696, epoch_time: 34.0min
Epoch:[1/1](4180/79390), loss: 2.9643, logits_loss: 2.9643, aux_loss: 0.0000, lr: 0.00049693, epoch_time: 34.0min
Epoch:[1/1](4200/79390), loss: 3.0760, logits_loss: 3.0760, aux_loss: 0.0000, lr: 0.00049690, epoch_time: 34.0min
Epoch:[1/1](4220/79390), loss: 3.1355, logits_loss: 3.1355, aux_loss: 0.0000, lr: 0.00049687, epoch_time: 34.0min
Epoch:[1/1](4240/79390), loss: 2.8474, logits_loss: 2.8474, aux_loss: 0.0000, lr: 0.00049684, epoch_time: 34.0min
Epoch:[1/1](4260/79390), loss: 3.2718, logits_loss: 3.2718, aux_loss: 0.0000, lr: 0.00049681, epoch_time: 34.0min
Epoch:[1/1](4280/79390), loss: 2.7568, logits_loss: 2.7568, aux_loss: 0.0000, lr: 0.00049678, epoch_time: 34.0min
Epoch:[1/1](4300/79390), loss: 2.8840, logits_loss: 2.8840, aux_loss: 0.0000, lr: 0.00049675, epoch_time: 34.0min
Epoch:[1/1](4320/79390), loss: 3.3952, logits_loss: 3.3952, aux_loss: 0.0000, lr: 0.00049672, epoch_time: 34.0min
Epoch:[1/1](4340/79390), loss: 2.8801, logits_loss: 2.8801, aux_loss: 0.0000, lr: 0.00049669, epoch_time: 34.0min
Epoch:[1/1](4360/79390), loss: 3.0997, logits_loss: 3.0997, aux_loss: 0.0000, lr: 0.00049666, epoch_time: 34.0min
Epoch:[1/1](4380/79390), loss: 2.8470, logits_loss: 2.8470, aux_loss: 0.0000, lr: 0.00049663, epoch_time: 34.0min
Epoch:[1/1](4400/79390), loss: 3.2335, logits_loss: 3.2335, aux_loss: 0.0000, lr: 0.00049660, epoch_time: 34.0min
Epoch:[1/1](4420/79390), loss: 3.1331, logits_loss: 3.1331, aux_loss: 0.0000, lr: 0.00049657, epoch_time: 34.0min
Epoch:[1/1](4440/79390), loss: 3.0553, logits_loss: 3.0553, aux_loss: 0.0000, lr: 0.00049654, epoch_time: 34.0min
Epoch:[1/1](4460/79390), loss: 3.0377, logits_loss: 3.0377, aux_loss: 0.0000, lr: 0.00049650, epoch_time: 34.0min
Epoch:[1/1](4480/79390), loss: 3.2453, logits_loss: 3.2453, aux_loss: 0.0000, lr: 0.00049647, epoch_time: 34.0min
Epoch:[1/1](4500/79390), loss: 3.0310, logits_loss: 3.0310, aux_loss: 0.0000, lr: 0.00049644, epoch_time: 34.0min
Epoch:[1/1](4520/79390), loss: 2.9222, logits_loss: 2.9222, aux_loss: 0.0000, lr: 0.00049641, epoch_time: 34.0min
Epoch:[1/1](4540/79390), loss: 2.9133, logits_loss: 2.9133, aux_loss: 0.0000, lr: 0.00049638, epoch_time: 33.0min
Epoch:[1/1](4560/79390), loss: 2.8125, logits_loss: 2.8125, aux_loss: 0.0000, lr: 0.00049635, epoch_time: 33.0min
Epoch:[1/1](4580/79390), loss: 2.9064, logits_loss: 2.9064, aux_loss: 0.0000, lr: 0.00049631, epoch_time: 33.0min
Epoch:[1/1](4600/79390), loss: 3.0635, logits_loss: 3.0635, aux_loss: 0.0000, lr: 0.00049628, epoch_time: 33.0min
Epoch:[1/1](4620/79390), loss: 3.0659, logits_loss: 3.0659, aux_loss: 0.0000, lr: 0.00049625, epoch_time: 33.0min
Epoch:[1/1](4640/79390), loss: 3.1484, logits_loss: 3.1484, aux_loss: 0.0000, lr: 0.00049622, epoch_time: 33.0min
Epoch:[1/1](4660/79390), loss: 2.8383, logits_loss: 2.8383, aux_loss: 0.0000, lr: 0.00049619, epoch_time: 33.0min
Epoch:[1/1](4680/79390), loss: 3.0215, logits_loss: 3.0215, aux_loss: 0.0000, lr: 0.00049615, epoch_time: 33.0min
Epoch:[1/1](4700/79390), loss: 3.0422, logits_loss: 3.0422, aux_loss: 0.0000, lr: 0.00049612, epoch_time: 33.0min
Epoch:[1/1](4720/79390), loss: 3.1465, logits_loss: 3.1465, aux_loss: 0.0000, lr: 0.00049609, epoch_time: 33.0min
Epoch:[1/1](4740/79390), loss: 3.1459, logits_loss: 3.1459, aux_loss: 0.0000, lr: 0.00049605, epoch_time: 33.0min
Epoch:[1/1](4760/79390), loss: 3.1618, logits_loss: 3.1618, aux_loss: 0.0000, lr: 0.00049602, epoch_time: 33.0min
Epoch:[1/1](4780/79390), loss: 2.8945, logits_loss: 2.8945, aux_loss: 0.0000, lr: 0.00049599, epoch_time: 33.0min
Epoch:[1/1](4800/79390), loss: 2.7936, logits_loss: 2.7936, aux_loss: 0.0000, lr: 0.00049595, epoch_time: 33.0min
Epoch:[1/1](4820/79390), loss: 2.8443, logits_loss: 2.8443, aux_loss: 0.0000, lr: 0.00049592, epoch_time: 33.0min
Epoch:[1/1](4840/79390), loss: 2.9284, logits_loss: 2.9284, aux_loss: 0.0000, lr: 0.00049589, epoch_time: 33.0min
Epoch:[1/1](4860/79390), loss: 3.0047, logits_loss: 3.0047, aux_loss: 0.0000, lr: 0.00049585, epoch_time: 33.0min
Epoch:[1/1](4880/79390), loss: 3.1442, logits_loss: 3.1442, aux_loss: 0.0000, lr: 0.00049582, epoch_time: 33.0min
Epoch:[1/1](4900/79390), loss: 2.9572, logits_loss: 2.9572, aux_loss: 0.0000, lr: 0.00049578, epoch_time: 33.0min
Epoch:[1/1](4920/79390), loss: 3.0168, logits_loss: 3.0168, aux_loss: 0.0000, lr: 0.00049575, epoch_time: 33.0min
Epoch:[1/1](4940/79390), loss: 2.8658, logits_loss: 2.8658, aux_loss: 0.0000, lr: 0.00049571, epoch_time: 33.0min
Epoch:[1/1](4960/79390), loss: 2.9059, logits_loss: 2.9059, aux_loss: 0.0000, lr: 0.00049568, epoch_time: 33.0min
Epoch:[1/1](4980/79390), loss: 2.8714, logits_loss: 2.8714, aux_loss: 0.0000, lr: 0.00049565, epoch_time: 33.0min
Epoch:[1/1](5000/79390), loss: 3.3394, logits_loss: 3.3394, aux_loss: 0.0000, lr: 0.00049561, epoch_time: 33.0min
Epoch:[1/1](5020/79390), loss: 3.0362, logits_loss: 3.0362, aux_loss: 0.0000, lr: 0.00049558, epoch_time: 34.0min
Epoch:[1/1](5040/79390), loss: 2.9684, logits_loss: 2.9684, aux_loss: 0.0000, lr: 0.00049554, epoch_time: 34.0min
Epoch:[1/1](5060/79390), loss: 3.0554, logits_loss: 3.0554, aux_loss: 0.0000, lr: 0.00049550, epoch_time: 34.0min
Epoch:[1/1](5080/79390), loss: 2.9042, logits_loss: 2.9042, aux_loss: 0.0000, lr: 0.00049547, epoch_time: 33.0min
Epoch:[1/1](5100/79390), loss: 2.8914, logits_loss: 2.8914, aux_loss: 0.0000, lr: 0.00049543, epoch_time: 33.0min
Epoch:[1/1](5120/79390), loss: 3.0534, logits_loss: 3.0534, aux_loss: 0.0000, lr: 0.00049540, epoch_time: 33.0min
Epoch:[1/1](5140/79390), loss: 2.8375, logits_loss: 2.8375, aux_loss: 0.0000, lr: 0.00049536, epoch_time: 33.0min
Epoch:[1/1](5160/79390), loss: 3.1392, logits_loss: 3.1392, aux_loss: 0.0000, lr: 0.00049533, epoch_time: 33.0min
Epoch:[1/1](5180/79390), loss: 2.4873, logits_loss: 2.4873, aux_loss: 0.0000, lr: 0.00049529, epoch_time: 33.0min
Epoch:[1/1](5200/79390), loss: 3.0531, logits_loss: 3.0531, aux_loss: 0.0000, lr: 0.00049525, epoch_time: 33.0min
Epoch:[1/1](5220/79390), loss: 2.8579, logits_loss: 2.8579, aux_loss: 0.0000, lr: 0.00049522, epoch_time: 33.0min
Epoch:[1/1](5240/79390), loss: 3.1639, logits_loss: 3.1639, aux_loss: 0.0000, lr: 0.00049518, epoch_time: 33.0min
Epoch:[1/1](5260/79390), loss: 2.8281, logits_loss: 2.8281, aux_loss: 0.0000, lr: 0.00049514, epoch_time: 33.0min
Epoch:[1/1](5280/79390), loss: 2.7885, logits_loss: 2.7885, aux_loss: 0.0000, lr: 0.00049511, epoch_time: 33.0min
Epoch:[1/1](5300/79390), loss: 2.8411, logits_loss: 2.8411, aux_loss: 0.0000, lr: 0.00049507, epoch_time: 33.0min
Epoch:[1/1](5320/79390), loss: 2.8899, logits_loss: 2.8899, aux_loss: 0.0000, lr: 0.00049503, epoch_time: 33.0min
Epoch:[1/1](5340/79390), loss: 3.0308, logits_loss: 3.0308, aux_loss: 0.0000, lr: 0.00049500, epoch_time: 33.0min
Epoch:[1/1](5360/79390), loss: 2.9241, logits_loss: 2.9241, aux_loss: 0.0000, lr: 0.00049496, epoch_time: 33.0min
Epoch:[1/1](5380/79390), loss: 2.9578, logits_loss: 2.9578, aux_loss: 0.0000, lr: 0.00049492, epoch_time: 33.0min
Epoch:[1/1](5400/79390), loss: 3.0478, logits_loss: 3.0478, aux_loss: 0.0000, lr: 0.00049488, epoch_time: 33.0min
Epoch:[1/1](5420/79390), loss: 2.9311, logits_loss: 2.9311, aux_loss: 0.0000, lr: 0.00049484, epoch_time: 33.0min
Epoch:[1/1](5440/79390), loss: 2.8855, logits_loss: 2.8855, aux_loss: 0.0000, lr: 0.00049481, epoch_time: 33.0min
Epoch:[1/1](5460/79390), loss: 2.9358, logits_loss: 2.9358, aux_loss: 0.0000, lr: 0.00049477, epoch_time: 33.0min
Epoch:[1/1](5480/79390), loss: 3.0355, logits_loss: 3.0355, aux_loss: 0.0000, lr: 0.00049473, epoch_time: 33.0min
Epoch:[1/1](5500/79390), loss: 2.9006, logits_loss: 2.9006, aux_loss: 0.0000, lr: 0.00049469, epoch_time: 33.0min
Epoch:[1/1](5520/79390), loss: 2.8876, logits_loss: 2.8876, aux_loss: 0.0000, lr: 0.00049465, epoch_time: 33.0min
Epoch:[1/1](5540/79390), loss: 3.1865, logits_loss: 3.1865, aux_loss: 0.0000, lr: 0.00049461, epoch_time: 33.0min
Epoch:[1/1](5560/79390), loss: 2.7369, logits_loss: 2.7369, aux_loss: 0.0000, lr: 0.00049458, epoch_time: 33.0min
Epoch:[1/1](5580/79390), loss: 3.1764, logits_loss: 3.1764, aux_loss: 0.0000, lr: 0.00049454, epoch_time: 33.0min
Epoch:[1/1](5600/79390), loss: 2.7552, logits_loss: 2.7552, aux_loss: 0.0000, lr: 0.00049450, epoch_time: 33.0min
Epoch:[1/1](5620/79390), loss: 3.0982, logits_loss: 3.0982, aux_loss: 0.0000, lr: 0.00049446, epoch_time: 33.0min
Epoch:[1/1](5640/79390), loss: 2.7206, logits_loss: 2.7206, aux_loss: 0.0000, lr: 0.00049442, epoch_time: 33.0min
Epoch:[1/1](5660/79390), loss: 2.7934, logits_loss: 2.7934, aux_loss: 0.0000, lr: 0.00049438, epoch_time: 33.0min
Epoch:[1/1](5680/79390), loss: 2.5936, logits_loss: 2.5936, aux_loss: 0.0000, lr: 0.00049434, epoch_time: 33.0min
Epoch:[1/1](5700/79390), loss: 2.8745, logits_loss: 2.8745, aux_loss: 0.0000, lr: 0.00049430, epoch_time: 33.0min
Epoch:[1/1](5720/79390), loss: 2.9316, logits_loss: 2.9316, aux_loss: 0.0000, lr: 0.00049426, epoch_time: 33.0min
Epoch:[1/1](5740/79390), loss: 2.7883, logits_loss: 2.7883, aux_loss: 0.0000, lr: 0.00049422, epoch_time: 33.0min
Epoch:[1/1](5760/79390), loss: 2.6841, logits_loss: 2.6841, aux_loss: 0.0000, lr: 0.00049418, epoch_time: 32.0min
Epoch:[1/1](5780/79390), loss: 2.9104, logits_loss: 2.9104, aux_loss: 0.0000, lr: 0.00049414, epoch_time: 32.0min
Epoch:[1/1](5800/79390), loss: 3.2655, logits_loss: 3.2655, aux_loss: 0.0000, lr: 0.00049410, epoch_time: 32.0min
Epoch:[1/1](5820/79390), loss: 3.0968, logits_loss: 3.0968, aux_loss: 0.0000, lr: 0.00049406, epoch_time: 32.0min
Epoch:[1/1](5840/79390), loss: 2.8455, logits_loss: 2.8455, aux_loss: 0.0000, lr: 0.00049402, epoch_time: 32.0min
Epoch:[1/1](5860/79390), loss: 2.7600, logits_loss: 2.7600, aux_loss: 0.0000, lr: 0.00049398, epoch_time: 32.0min
Epoch:[1/1](5880/79390), loss: 2.9583, logits_loss: 2.9583, aux_loss: 0.0000, lr: 0.00049394, epoch_time: 32.0min
Epoch:[1/1](5900/79390), loss: 2.7098, logits_loss: 2.7098, aux_loss: 0.0000, lr: 0.00049390, epoch_time: 32.0min
Epoch:[1/1](5920/79390), loss: 2.8906, logits_loss: 2.8906, aux_loss: 0.0000, lr: 0.00049385, epoch_time: 32.0min
Epoch:[1/1](5940/79390), loss: 3.0718, logits_loss: 3.0718, aux_loss: 0.0000, lr: 0.00049381, epoch_time: 32.0min
Epoch:[1/1](5960/79390), loss: 2.9674, logits_loss: 2.9674, aux_loss: 0.0000, lr: 0.00049377, epoch_time: 32.0min
Epoch:[1/1](5980/79390), loss: 2.7523, logits_loss: 2.7523, aux_loss: 0.0000, lr: 0.00049373, epoch_time: 32.0min
Epoch:[1/1](6000/79390), loss: 2.8397, logits_loss: 2.8397, aux_loss: 0.0000, lr: 0.00049369, epoch_time: 32.0min
Epoch:[1/1](6020/79390), loss: 2.6613, logits_loss: 2.6613, aux_loss: 0.0000, lr: 0.00049365, epoch_time: 33.0min
Epoch:[1/1](6040/79390), loss: 2.9908, logits_loss: 2.9908, aux_loss: 0.0000, lr: 0.00049360, epoch_time: 33.0min
Epoch:[1/1](6060/79390), loss: 3.0197, logits_loss: 3.0197, aux_loss: 0.0000, lr: 0.00049356, epoch_time: 33.0min
Epoch:[1/1](6080/79390), loss: 3.0831, logits_loss: 3.0831, aux_loss: 0.0000, lr: 0.00049352, epoch_time: 33.0min
Epoch:[1/1](6100/79390), loss: 3.0827, logits_loss: 3.0827, aux_loss: 0.0000, lr: 0.00049348, epoch_time: 33.0min
Epoch:[1/1](6120/79390), loss: 2.9516, logits_loss: 2.9516, aux_loss: 0.0000, lr: 0.00049343, epoch_time: 33.0min
Epoch:[1/1](6140/79390), loss: 2.8121, logits_loss: 2.8121, aux_loss: 0.0000, lr: 0.00049339, epoch_time: 33.0min
Epoch:[1/1](6160/79390), loss: 2.6612, logits_loss: 2.6612, aux_loss: 0.0000, lr: 0.00049335, epoch_time: 33.0min
Epoch:[1/1](6180/79390), loss: 2.6811, logits_loss: 2.6811, aux_loss: 0.0000, lr: 0.00049331, epoch_time: 33.0min
Epoch:[1/1](6200/79390), loss: 2.4909, logits_loss: 2.4909, aux_loss: 0.0000, lr: 0.00049326, epoch_time: 33.0min
Epoch:[1/1](6220/79390), loss: 2.8337, logits_loss: 2.8337, aux_loss: 0.0000, lr: 0.00049322, epoch_time: 33.0min
Epoch:[1/1](6240/79390), loss: 2.8745, logits_loss: 2.8745, aux_loss: 0.0000, lr: 0.00049318, epoch_time: 33.0min
Epoch:[1/1](6260/79390), loss: 2.5561, logits_loss: 2.5561, aux_loss: 0.0000, lr: 0.00049313, epoch_time: 33.0min
Epoch:[1/1](6280/79390), loss: 2.7371, logits_loss: 2.7371, aux_loss: 0.0000, lr: 0.00049309, epoch_time: 33.0min
Epoch:[1/1](6300/79390), loss: 3.2067, logits_loss: 3.2067, aux_loss: 0.0000, lr: 0.00049304, epoch_time: 33.0min
Epoch:[1/1](6320/79390), loss: 2.8702, logits_loss: 2.8702, aux_loss: 0.0000, lr: 0.00049300, epoch_time: 33.0min
Epoch:[1/1](6340/79390), loss: 3.0581, logits_loss: 3.0581, aux_loss: 0.0000, lr: 0.00049296, epoch_time: 33.0min
Epoch:[1/1](6360/79390), loss: 2.7860, logits_loss: 2.7860, aux_loss: 0.0000, lr: 0.00049291, epoch_time: 33.0min
Epoch:[1/1](6380/79390), loss: 2.9876, logits_loss: 2.9876, aux_loss: 0.0000, lr: 0.00049287, epoch_time: 33.0min
Epoch:[1/1](6400/79390), loss: 3.0334, logits_loss: 3.0334, aux_loss: 0.0000, lr: 0.00049282, epoch_time: 33.0min
Epoch:[1/1](6420/79390), loss: 2.6163, logits_loss: 2.6163, aux_loss: 0.0000, lr: 0.00049278, epoch_time: 33.0min
Epoch:[1/1](6440/79390), loss: 2.7145, logits_loss: 2.7145, aux_loss: 0.0000, lr: 0.00049273, epoch_time: 33.0min
Epoch:[1/1](6460/79390), loss: 2.8784, logits_loss: 2.8784, aux_loss: 0.0000, lr: 0.00049269, epoch_time: 33.0min
Epoch:[1/1](6480/79390), loss: 3.1687, logits_loss: 3.1687, aux_loss: 0.0000, lr: 0.00049264, epoch_time: 33.0min
Epoch:[1/1](6500/79390), loss: 2.7384, logits_loss: 2.7384, aux_loss: 0.0000, lr: 0.00049260, epoch_time: 33.0min
Epoch:[1/1](6520/79390), loss: 2.9821, logits_loss: 2.9821, aux_loss: 0.0000, lr: 0.00049255, epoch_time: 32.0min
Epoch:[1/1](6540/79390), loss: 2.8664, logits_loss: 2.8664, aux_loss: 0.0000, lr: 0.00049251, epoch_time: 32.0min
Epoch:[1/1](6560/79390), loss: 2.6141, logits_loss: 2.6141, aux_loss: 0.0000, lr: 0.00049246, epoch_time: 32.0min
Epoch:[1/1](6580/79390), loss: 2.8211, logits_loss: 2.8211, aux_loss: 0.0000, lr: 0.00049242, epoch_time: 32.0min
Epoch:[1/1](6600/79390), loss: 2.6609, logits_loss: 2.6609, aux_loss: 0.0000, lr: 0.00049237, epoch_time: 32.0min
Epoch:[1/1](6620/79390), loss: 3.0567, logits_loss: 3.0567, aux_loss: 0.0000, lr: 0.00049232, epoch_time: 32.0min
Epoch:[1/1](6640/79390), loss: 2.9452, logits_loss: 2.9452, aux_loss: 0.0000, lr: 0.00049228, epoch_time: 32.0min
Epoch:[1/1](6660/79390), loss: 2.8206, logits_loss: 2.8206, aux_loss: 0.0000, lr: 0.00049223, epoch_time: 32.0min
Epoch:[1/1](6680/79390), loss: 2.9635, logits_loss: 2.9635, aux_loss: 0.0000, lr: 0.00049218, epoch_time: 32.0min
Epoch:[1/1](6700/79390), loss: 2.5413, logits_loss: 2.5413, aux_loss: 0.0000, lr: 0.00049214, epoch_time: 32.0min
Epoch:[1/1](6720/79390), loss: 2.7475, logits_loss: 2.7475, aux_loss: 0.0000, lr: 0.00049209, epoch_time: 32.0min
Epoch:[1/1](6740/79390), loss: 2.6718, logits_loss: 2.6718, aux_loss: 0.0000, lr: 0.00049204, epoch_time: 32.0min
Epoch:[1/1](6760/79390), loss: 2.9366, logits_loss: 2.9366, aux_loss: 0.0000, lr: 0.00049200, epoch_time: 32.0min
Epoch:[1/1](6780/79390), loss: 2.4565, logits_loss: 2.4565, aux_loss: 0.0000, lr: 0.00049195, epoch_time: 32.0min
Epoch:[1/1](6800/79390), loss: 2.6730, logits_loss: 2.6730, aux_loss: 0.0000, lr: 0.00049190, epoch_time: 32.0min
Epoch:[1/1](6820/79390), loss: 2.7387, logits_loss: 2.7387, aux_loss: 0.0000, lr: 0.00049186, epoch_time: 32.0min
Epoch:[1/1](6840/79390), loss: 2.9282, logits_loss: 2.9282, aux_loss: 0.0000, lr: 0.00049181, epoch_time: 32.0min
Epoch:[1/1](6860/79390), loss: 2.8565, logits_loss: 2.8565, aux_loss: 0.0000, lr: 0.00049176, epoch_time: 32.0min
Epoch:[1/1](6880/79390), loss: 2.7891, logits_loss: 2.7891, aux_loss: 0.0000, lr: 0.00049171, epoch_time: 32.0min
Epoch:[1/1](6900/79390), loss: 2.8048, logits_loss: 2.8048, aux_loss: 0.0000, lr: 0.00049166, epoch_time: 32.0min
Epoch:[1/1](6920/79390), loss: 2.5770, logits_loss: 2.5770, aux_loss: 0.0000, lr: 0.00049162, epoch_time: 32.0min
Epoch:[1/1](6940/79390), loss: 2.8097, logits_loss: 2.8097, aux_loss: 0.0000, lr: 0.00049157, epoch_time: 32.0min
Epoch:[1/1](6960/79390), loss: 2.8494, logits_loss: 2.8494, aux_loss: 0.0000, lr: 0.00049152, epoch_time: 32.0min
Epoch:[1/1](6980/79390), loss: 2.8400, logits_loss: 2.8400, aux_loss: 0.0000, lr: 0.00049147, epoch_time: 32.0min
Epoch:[1/1](7000/79390), loss: 2.7426, logits_loss: 2.7426, aux_loss: 0.0000, lr: 0.00049142, epoch_time: 32.0min
Epoch:[1/1](7020/79390), loss: 2.9185, logits_loss: 2.9185, aux_loss: 0.0000, lr: 0.00049137, epoch_time: 33.0min
Epoch:[1/1](7040/79390), loss: 2.7983, logits_loss: 2.7983, aux_loss: 0.0000, lr: 0.00049133, epoch_time: 33.0min
Epoch:[1/1](7060/79390), loss: 2.5328, logits_loss: 2.5328, aux_loss: 0.0000, lr: 0.00049128, epoch_time: 32.0min
Epoch:[1/1](7080/79390), loss: 2.7972, logits_loss: 2.7972, aux_loss: 0.0000, lr: 0.00049123, epoch_time: 32.0min
Epoch:[1/1](7100/79390), loss: 2.5359, logits_loss: 2.5359, aux_loss: 0.0000, lr: 0.00049118, epoch_time: 32.0min
Epoch:[1/1](7120/79390), loss: 2.9465, logits_loss: 2.9465, aux_loss: 0.0000, lr: 0.00049113, epoch_time: 32.0min
Epoch:[1/1](7140/79390), loss: 2.7677, logits_loss: 2.7677, aux_loss: 0.0000, lr: 0.00049108, epoch_time: 32.0min
Epoch:[1/1](7160/79390), loss: 2.7071, logits_loss: 2.7071, aux_loss: 0.0000, lr: 0.00049103, epoch_time: 32.0min
Epoch:[1/1](7180/79390), loss: 2.7069, logits_loss: 2.7069, aux_loss: 0.0000, lr: 0.00049098, epoch_time: 32.0min
Epoch:[1/1](7200/79390), loss: 2.7430, logits_loss: 2.7430, aux_loss: 0.0000, lr: 0.00049093, epoch_time: 32.0min
Epoch:[1/1](7220/79390), loss: 2.6682, logits_loss: 2.6682, aux_loss: 0.0000, lr: 0.00049088, epoch_time: 32.0min
Epoch:[1/1](7240/79390), loss: 2.5054, logits_loss: 2.5054, aux_loss: 0.0000, lr: 0.00049083, epoch_time: 32.0min
Epoch:[1/1](7260/79390), loss: 2.5879, logits_loss: 2.5879, aux_loss: 0.0000, lr: 0.00049078, epoch_time: 32.0min
Epoch:[1/1](7280/79390), loss: 2.8359, logits_loss: 2.8359, aux_loss: 0.0000, lr: 0.00049073, epoch_time: 32.0min
Epoch:[1/1](7300/79390), loss: 2.6505, logits_loss: 2.6505, aux_loss: 0.0000, lr: 0.00049068, epoch_time: 32.0min
Epoch:[1/1](7320/79390), loss: 2.8302, logits_loss: 2.8302, aux_loss: 0.0000, lr: 0.00049063, epoch_time: 32.0min
Epoch:[1/1](7340/79390), loss: 2.6305, logits_loss: 2.6305, aux_loss: 0.0000, lr: 0.00049058, epoch_time: 32.0min
Epoch:[1/1](7360/79390), loss: 2.6224, logits_loss: 2.6224, aux_loss: 0.0000, lr: 0.00049052, epoch_time: 32.0min
Epoch:[1/1](7380/79390), loss: 3.0223, logits_loss: 3.0223, aux_loss: 0.0000, lr: 0.00049047, epoch_time: 32.0min
Epoch:[1/1](7400/79390), loss: 2.6514, logits_loss: 2.6514, aux_loss: 0.0000, lr: 0.00049042, epoch_time: 32.0min
Epoch:[1/1](7420/79390), loss: 3.0378, logits_loss: 3.0378, aux_loss: 0.0000, lr: 0.00049037, epoch_time: 32.0min
Epoch:[1/1](7440/79390), loss: 2.9617, logits_loss: 2.9617, aux_loss: 0.0000, lr: 0.00049032, epoch_time: 32.0min
Epoch:[1/1](7460/79390), loss: 2.9772, logits_loss: 2.9772, aux_loss: 0.0000, lr: 0.00049027, epoch_time: 32.0min
Epoch:[1/1](7480/79390), loss: 2.9955, logits_loss: 2.9955, aux_loss: 0.0000, lr: 0.00049022, epoch_time: 32.0min
Epoch:[1/1](7500/79390), loss: 2.5815, logits_loss: 2.5815, aux_loss: 0.0000, lr: 0.00049016, epoch_time: 32.0min
Epoch:[1/1](7520/79390), loss: 2.9449, logits_loss: 2.9449, aux_loss: 0.0000, lr: 0.00049011, epoch_time: 32.0min
Epoch:[1/1](7540/79390), loss: 2.8656, logits_loss: 2.8656, aux_loss: 0.0000, lr: 0.00049006, epoch_time: 32.0min
Epoch:[1/1](7560/79390), loss: 2.9129, logits_loss: 2.9129, aux_loss: 0.0000, lr: 0.00049001, epoch_time: 32.0min
Epoch:[1/1](7580/79390), loss: 2.8128, logits_loss: 2.8128, aux_loss: 0.0000, lr: 0.00048995, epoch_time: 32.0min
Epoch:[1/1](7600/79390), loss: 2.6138, logits_loss: 2.6138, aux_loss: 0.0000, lr: 0.00048990, epoch_time: 32.0min
Epoch:[1/1](7620/79390), loss: 2.9009, logits_loss: 2.9009, aux_loss: 0.0000, lr: 0.00048985, epoch_time: 32.0min
Epoch:[1/1](7640/79390), loss: 2.4475, logits_loss: 2.4475, aux_loss: 0.0000, lr: 0.00048980, epoch_time: 32.0min
Epoch:[1/1](7660/79390), loss: 3.0855, logits_loss: 3.0855, aux_loss: 0.0000, lr: 0.00048974, epoch_time: 32.0min
Epoch:[1/1](7680/79390), loss: 2.4595, logits_loss: 2.4595, aux_loss: 0.0000, lr: 0.00048969, epoch_time: 32.0min
Epoch:[1/1](7700/79390), loss: 2.8065, logits_loss: 2.8065, aux_loss: 0.0000, lr: 0.00048964, epoch_time: 32.0min
Epoch:[1/1](7720/79390), loss: 2.6981, logits_loss: 2.6981, aux_loss: 0.0000, lr: 0.00048958, epoch_time: 32.0min
Epoch:[1/1](7740/79390), loss: 2.5301, logits_loss: 2.5301, aux_loss: 0.0000, lr: 0.00048953, epoch_time: 32.0min
Epoch:[1/1](7760/79390), loss: 2.8886, logits_loss: 2.8886, aux_loss: 0.0000, lr: 0.00048947, epoch_time: 32.0min
Epoch:[1/1](7780/79390), loss: 2.7962, logits_loss: 2.7962, aux_loss: 0.0000, lr: 0.00048942, epoch_time: 32.0min
Epoch:[1/1](7800/79390), loss: 2.8023, logits_loss: 2.8023, aux_loss: 0.0000, lr: 0.00048937, epoch_time: 32.0min
Epoch:[1/1](7820/79390), loss: 2.6854, logits_loss: 2.6854, aux_loss: 0.0000, lr: 0.00048931, epoch_time: 32.0min
Epoch:[1/1](7840/79390), loss: 2.7832, logits_loss: 2.7832, aux_loss: 0.0000, lr: 0.00048926, epoch_time: 32.0min
Epoch:[1/1](7860/79390), loss: 2.6526, logits_loss: 2.6526, aux_loss: 0.0000, lr: 0.00048920, epoch_time: 32.0min
Epoch:[1/1](7880/79390), loss: 2.8355, logits_loss: 2.8355, aux_loss: 0.0000, lr: 0.00048915, epoch_time: 31.0min
Epoch:[1/1](7900/79390), loss: 2.7365, logits_loss: 2.7365, aux_loss: 0.0000, lr: 0.00048909, epoch_time: 31.0min
Epoch:[1/1](7920/79390), loss: 2.7558, logits_loss: 2.7558, aux_loss: 0.0000, lr: 0.00048904, epoch_time: 31.0min
Epoch:[1/1](7940/79390), loss: 2.7026, logits_loss: 2.7026, aux_loss: 0.0000, lr: 0.00048898, epoch_time: 31.0min
Epoch:[1/1](7960/79390), loss: 2.7504, logits_loss: 2.7504, aux_loss: 0.0000, lr: 0.00048893, epoch_time: 31.0min
Epoch:[1/1](7980/79390), loss: 2.6757, logits_loss: 2.6757, aux_loss: 0.0000, lr: 0.00048887, epoch_time: 31.0min
Epoch:[1/1](8000/79390), loss: 2.5529, logits_loss: 2.5529, aux_loss: 0.0000, lr: 0.00048882, epoch_time: 31.0min
Epoch:[1/1](8020/79390), loss: 2.6101, logits_loss: 2.6101, aux_loss: 0.0000, lr: 0.00048876, epoch_time: 32.0min
Epoch:[1/1](8040/79390), loss: 2.5743, logits_loss: 2.5743, aux_loss: 0.0000, lr: 0.00048871, epoch_time: 32.0min
Epoch:[1/1](8060/79390), loss: 2.5615, logits_loss: 2.5615, aux_loss: 0.0000, lr: 0.00048865, epoch_time: 32.0min
Epoch:[1/1](8080/79390), loss: 2.7352, logits_loss: 2.7352, aux_loss: 0.0000, lr: 0.00048860, epoch_time: 32.0min
Epoch:[1/1](8100/79390), loss: 2.6798, logits_loss: 2.6798, aux_loss: 0.0000, lr: 0.00048854, epoch_time: 32.0min
Epoch:[1/1](8120/79390), loss: 2.6932, logits_loss: 2.6932, aux_loss: 0.0000, lr: 0.00048848, epoch_time: 32.0min
Epoch:[1/1](8140/79390), loss: 2.7687, logits_loss: 2.7687, aux_loss: 0.0000, lr: 0.00048843, epoch_time: 32.0min
Epoch:[1/1](8160/79390), loss: 2.9270, logits_loss: 2.9270, aux_loss: 0.0000, lr: 0.00048837, epoch_time: 32.0min
Epoch:[1/1](8180/79390), loss: 2.5755, logits_loss: 2.5755, aux_loss: 0.0000, lr: 0.00048831, epoch_time: 32.0min
Epoch:[1/1](8200/79390), loss: 2.5395, logits_loss: 2.5395, aux_loss: 0.0000, lr: 0.00048826, epoch_time: 32.0min
Epoch:[1/1](8220/79390), loss: 2.5958, logits_loss: 2.5958, aux_loss: 0.0000, lr: 0.00048820, epoch_time: 32.0min
Epoch:[1/1](8240/79390), loss: 2.7777, logits_loss: 2.7777, aux_loss: 0.0000, lr: 0.00048814, epoch_time: 32.0min
Epoch:[1/1](8260/79390), loss: 3.0722, logits_loss: 3.0722, aux_loss: 0.0000, lr: 0.00048809, epoch_time: 32.0min
Epoch:[1/1](8280/79390), loss: 2.8394, logits_loss: 2.8394, aux_loss: 0.0000, lr: 0.00048803, epoch_time: 32.0min
Epoch:[1/1](8300/79390), loss: 2.7675, logits_loss: 2.7675, aux_loss: 0.0000, lr: 0.00048797, epoch_time: 32.0min
Epoch:[1/1](8320/79390), loss: 2.9485, logits_loss: 2.9485, aux_loss: 0.0000, lr: 0.00048792, epoch_time: 32.0min
Epoch:[1/1](8340/79390), loss: 2.5531, logits_loss: 2.5531, aux_loss: 0.0000, lr: 0.00048786, epoch_time: 32.0min
Epoch:[1/1](8360/79390), loss: 2.6268, logits_loss: 2.6268, aux_loss: 0.0000, lr: 0.00048780, epoch_time: 32.0min
Epoch:[1/1](8380/79390), loss: 2.6105, logits_loss: 2.6105, aux_loss: 0.0000, lr: 0.00048774, epoch_time: 31.0min
Epoch:[1/1](8400/79390), loss: 2.5137, logits_loss: 2.5137, aux_loss: 0.0000, lr: 0.00048768, epoch_time: 31.0min
Epoch:[1/1](8420/79390), loss: 2.7755, logits_loss: 2.7755, aux_loss: 0.0000, lr: 0.00048763, epoch_time: 31.0min
Epoch:[1/1](8440/79390), loss: 2.5163, logits_loss: 2.5163, aux_loss: 0.0000, lr: 0.00048757, epoch_time: 31.0min
Epoch:[1/1](8460/79390), loss: 2.7991, logits_loss: 2.7991, aux_loss: 0.0000, lr: 0.00048751, epoch_time: 31.0min
Epoch:[1/1](8480/79390), loss: 2.6862, logits_loss: 2.6862, aux_loss: 0.0000, lr: 0.00048745, epoch_time: 31.0min
Epoch:[1/1](8500/79390), loss: 2.8549, logits_loss: 2.8549, aux_loss: 0.0000, lr: 0.00048739, epoch_time: 31.0min
Epoch:[1/1](8520/79390), loss: 2.5153, logits_loss: 2.5153, aux_loss: 0.0000, lr: 0.00048733, epoch_time: 31.0min
Epoch:[1/1](8540/79390), loss: 2.8070, logits_loss: 2.8070, aux_loss: 0.0000, lr: 0.00048727, epoch_time: 31.0min
Epoch:[1/1](8560/79390), loss: 2.9637, logits_loss: 2.9637, aux_loss: 0.0000, lr: 0.00048721, epoch_time: 31.0min
Epoch:[1/1](8580/79390), loss: 2.6998, logits_loss: 2.6998, aux_loss: 0.0000, lr: 0.00048716, epoch_time: 31.0min
Epoch:[1/1](8600/79390), loss: 2.7435, logits_loss: 2.7435, aux_loss: 0.0000, lr: 0.00048710, epoch_time: 31.0min
Epoch:[1/1](8620/79390), loss: 2.6528, logits_loss: 2.6528, aux_loss: 0.0000, lr: 0.00048704, epoch_time: 31.0min
Epoch:[1/1](8640/79390), loss: 2.6797, logits_loss: 2.6797, aux_loss: 0.0000, lr: 0.00048698, epoch_time: 31.0min
Epoch:[1/1](8660/79390), loss: 3.0122, logits_loss: 3.0122, aux_loss: 0.0000, lr: 0.00048692, epoch_time: 31.0min
Epoch:[1/1](8680/79390), loss: 2.8331, logits_loss: 2.8331, aux_loss: 0.0000, lr: 0.00048686, epoch_time: 31.0min
Epoch:[1/1](8700/79390), loss: 2.8797, logits_loss: 2.8797, aux_loss: 0.0000, lr: 0.00048680, epoch_time: 31.0min
Epoch:[1/1](8720/79390), loss: 2.7154, logits_loss: 2.7154, aux_loss: 0.0000, lr: 0.00048674, epoch_time: 31.0min
Epoch:[1/1](8740/79390), loss: 2.8659, logits_loss: 2.8659, aux_loss: 0.0000, lr: 0.00048668, epoch_time: 31.0min
Epoch:[1/1](8760/79390), loss: 2.6482, logits_loss: 2.6482, aux_loss: 0.0000, lr: 0.00048662, epoch_time: 31.0min
Epoch:[1/1](8780/79390), loss: 2.7882, logits_loss: 2.7882, aux_loss: 0.0000, lr: 0.00048656, epoch_time: 31.0min
Epoch:[1/1](8800/79390), loss: 2.7751, logits_loss: 2.7751, aux_loss: 0.0000, lr: 0.00048650, epoch_time: 31.0min
Epoch:[1/1](8820/79390), loss: 2.8667, logits_loss: 2.8667, aux_loss: 0.0000, lr: 0.00048643, epoch_time: 31.0min
Epoch:[1/1](8840/79390), loss: 2.9001, logits_loss: 2.9001, aux_loss: 0.0000, lr: 0.00048637, epoch_time: 31.0min
Epoch:[1/1](8860/79390), loss: 2.5649, logits_loss: 2.5649, aux_loss: 0.0000, lr: 0.00048631, epoch_time: 31.0min
Epoch:[1/1](8880/79390), loss: 2.5579, logits_loss: 2.5579, aux_loss: 0.0000, lr: 0.00048625, epoch_time: 31.0min
Epoch:[1/1](8900/79390), loss: 2.6071, logits_loss: 2.6071, aux_loss: 0.0000, lr: 0.00048619, epoch_time: 31.0min
Epoch:[1/1](8920/79390), loss: 2.6170, logits_loss: 2.6170, aux_loss: 0.0000, lr: 0.00048613, epoch_time: 31.0min
Epoch:[1/1](8940/79390), loss: 2.7562, logits_loss: 2.7562, aux_loss: 0.0000, lr: 0.00048607, epoch_time: 31.0min
Epoch:[1/1](8960/79390), loss: 2.5213, logits_loss: 2.5213, aux_loss: 0.0000, lr: 0.00048600, epoch_time: 31.0min
Epoch:[1/1](8980/79390), loss: 2.5520, logits_loss: 2.5520, aux_loss: 0.0000, lr: 0.00048594, epoch_time: 31.0min
Epoch:[1/1](9000/79390), loss: 2.9341, logits_loss: 2.9341, aux_loss: 0.0000, lr: 0.00048588, epoch_time: 31.0min
Epoch:[1/1](9020/79390), loss: 2.7424, logits_loss: 2.7424, aux_loss: 0.0000, lr: 0.00048582, epoch_time: 31.0min
Epoch:[1/1](9040/79390), loss: 3.2519, logits_loss: 3.2519, aux_loss: 0.0000, lr: 0.00048576, epoch_time: 31.0min
Epoch:[1/1](9060/79390), loss: 2.5417, logits_loss: 2.5417, aux_loss: 0.0000, lr: 0.00048569, epoch_time: 31.0min
Epoch:[1/1](9080/79390), loss: 2.6866, logits_loss: 2.6866, aux_loss: 0.0000, lr: 0.00048563, epoch_time: 31.0min
Epoch:[1/1](9100/79390), loss: 2.6023, logits_loss: 2.6023, aux_loss: 0.0000, lr: 0.00048557, epoch_time: 31.0min
Epoch:[1/1](9120/79390), loss: 2.6778, logits_loss: 2.6778, aux_loss: 0.0000, lr: 0.00048551, epoch_time: 31.0min
Epoch:[1/1](9140/79390), loss: 2.7092, logits_loss: 2.7092, aux_loss: 0.0000, lr: 0.00048544, epoch_time: 31.0min
Epoch:[1/1](9160/79390), loss: 2.8793, logits_loss: 2.8793, aux_loss: 0.0000, lr: 0.00048538, epoch_time: 31.0min
Epoch:[1/1](9180/79390), loss: 2.6125, logits_loss: 2.6125, aux_loss: 0.0000, lr: 0.00048532, epoch_time: 31.0min
Epoch:[1/1](9200/79390), loss: 2.9763, logits_loss: 2.9763, aux_loss: 0.0000, lr: 0.00048525, epoch_time: 31.0min
Epoch:[1/1](9220/79390), loss: 2.8083, logits_loss: 2.8083, aux_loss: 0.0000, lr: 0.00048519, epoch_time: 31.0min
Epoch:[1/1](9240/79390), loss: 2.6508, logits_loss: 2.6508, aux_loss: 0.0000, lr: 0.00048513, epoch_time: 31.0min
Epoch:[1/1](9260/79390), loss: 2.7054, logits_loss: 2.7054, aux_loss: 0.0000, lr: 0.00048506, epoch_time: 31.0min
Epoch:[1/1](9280/79390), loss: 2.5925, logits_loss: 2.5925, aux_loss: 0.0000, lr: 0.00048500, epoch_time: 31.0min
Epoch:[1/1](9300/79390), loss: 2.3071, logits_loss: 2.3071, aux_loss: 0.0000, lr: 0.00048493, epoch_time: 31.0min
Epoch:[1/1](9320/79390), loss: 2.5421, logits_loss: 2.5421, aux_loss: 0.0000, lr: 0.00048487, epoch_time: 31.0min
Epoch:[1/1](9340/79390), loss: 2.4360, logits_loss: 2.4360, aux_loss: 0.0000, lr: 0.00048481, epoch_time: 31.0min
Epoch:[1/1](9360/79390), loss: 2.8461, logits_loss: 2.8461, aux_loss: 0.0000, lr: 0.00048474, epoch_time: 31.0min
Epoch:[1/1](9380/79390), loss: 2.8644, logits_loss: 2.8644, aux_loss: 0.0000, lr: 0.00048468, epoch_time: 31.0min
Epoch:[1/1](9400/79390), loss: 2.5737, logits_loss: 2.5737, aux_loss: 0.0000, lr: 0.00048461, epoch_time: 31.0min
Epoch:[1/1](9420/79390), loss: 2.7481, logits_loss: 2.7481, aux_loss: 0.0000, lr: 0.00048455, epoch_time: 31.0min
Epoch:[1/1](9440/79390), loss: 2.8008, logits_loss: 2.8008, aux_loss: 0.0000, lr: 0.00048448, epoch_time: 31.0min
Epoch:[1/1](9460/79390), loss: 2.6559, logits_loss: 2.6559, aux_loss: 0.0000, lr: 0.00048442, epoch_time: 31.0min
Epoch:[1/1](9480/79390), loss: 2.3837, logits_loss: 2.3837, aux_loss: 0.0000, lr: 0.00048435, epoch_time: 31.0min
Epoch:[1/1](9500/79390), loss: 2.6798, logits_loss: 2.6798, aux_loss: 0.0000, lr: 0.00048429, epoch_time: 31.0min
Epoch:[1/1](9520/79390), loss: 2.5941, logits_loss: 2.5941, aux_loss: 0.0000, lr: 0.00048422, epoch_time: 31.0min
Epoch:[1/1](9540/79390), loss: 2.6155, logits_loss: 2.6155, aux_loss: 0.0000, lr: 0.00048416, epoch_time: 31.0min
Epoch:[1/1](9560/79390), loss: 2.4946, logits_loss: 2.4946, aux_loss: 0.0000, lr: 0.00048409, epoch_time: 31.0min
Epoch:[1/1](9580/79390), loss: 2.8803, logits_loss: 2.8803, aux_loss: 0.0000, lr: 0.00048402, epoch_time: 31.0min
Epoch:[1/1](9600/79390), loss: 2.9080, logits_loss: 2.9080, aux_loss: 0.0000, lr: 0.00048396, epoch_time: 31.0min
Epoch:[1/1](9620/79390), loss: 2.5459, logits_loss: 2.5459, aux_loss: 0.0000, lr: 0.00048389, epoch_time: 31.0min
Epoch:[1/1](9640/79390), loss: 2.3461, logits_loss: 2.3461, aux_loss: 0.0000, lr: 0.00048383, epoch_time: 31.0min
Epoch:[1/1](9660/79390), loss: 2.6896, logits_loss: 2.6896, aux_loss: 0.0000, lr: 0.00048376, epoch_time: 31.0min
Epoch:[1/1](9680/79390), loss: 2.7724, logits_loss: 2.7724, aux_loss: 0.0000, lr: 0.00048369, epoch_time: 31.0min
Epoch:[1/1](9700/79390), loss: 2.7530, logits_loss: 2.7530, aux_loss: 0.0000, lr: 0.00048363, epoch_time: 31.0min
Epoch:[1/1](9720/79390), loss: 2.5506, logits_loss: 2.5506, aux_loss: 0.0000, lr: 0.00048356, epoch_time: 31.0min
Epoch:[1/1](9740/79390), loss: 2.6074, logits_loss: 2.6074, aux_loss: 0.0000, lr: 0.00048349, epoch_time: 31.0min
Epoch:[1/1](9760/79390), loss: 2.6973, logits_loss: 2.6973, aux_loss: 0.0000, lr: 0.00048343, epoch_time: 31.0min
Epoch:[1/1](9780/79390), loss: 2.6048, logits_loss: 2.6048, aux_loss: 0.0000, lr: 0.00048336, epoch_time: 31.0min
Epoch:[1/1](9800/79390), loss: 3.0102, logits_loss: 3.0102, aux_loss: 0.0000, lr: 0.00048329, epoch_time: 31.0min
Epoch:[1/1](9820/79390), loss: 2.7831, logits_loss: 2.7831, aux_loss: 0.0000, lr: 0.00048322, epoch_time: 31.0min
Epoch:[1/1](9840/79390), loss: 2.7637, logits_loss: 2.7637, aux_loss: 0.0000, lr: 0.00048316, epoch_time: 31.0min
Epoch:[1/1](9860/79390), loss: 2.5837, logits_loss: 2.5837, aux_loss: 0.0000, lr: 0.00048309, epoch_time: 31.0min
Epoch:[1/1](9880/79390), loss: 2.4441, logits_loss: 2.4441, aux_loss: 0.0000, lr: 0.00048302, epoch_time: 31.0min
Epoch:[1/1](9900/79390), loss: 2.6027, logits_loss: 2.6027, aux_loss: 0.0000, lr: 0.00048295, epoch_time: 31.0min
Epoch:[1/1](9920/79390), loss: 2.7888, logits_loss: 2.7888, aux_loss: 0.0000, lr: 0.00048289, epoch_time: 30.0min
Epoch:[1/1](9940/79390), loss: 2.9320, logits_loss: 2.9320, aux_loss: 0.0000, lr: 0.00048282, epoch_time: 30.0min
Epoch:[1/1](9960/79390), loss: 2.3114, logits_loss: 2.3114, aux_loss: 0.0000, lr: 0.00048275, epoch_time: 30.0min
Epoch:[1/1](9980/79390), loss: 2.6257, logits_loss: 2.6257, aux_loss: 0.0000, lr: 0.00048268, epoch_time: 30.0min
Epoch:[1/1](10000/79390), loss: 2.6473, logits_loss: 2.6473, aux_loss: 0.0000, lr: 0.00048261, epoch_time: 30.0min
Epoch:[1/1](10020/79390), loss: 2.6821, logits_loss: 2.6821, aux_loss: 0.0000, lr: 0.00048254, epoch_time: 31.0min
Epoch:[1/1](10040/79390), loss: 2.6125, logits_loss: 2.6125, aux_loss: 0.0000, lr: 0.00048247, epoch_time: 31.0min
Epoch:[1/1](10060/79390), loss: 2.7113, logits_loss: 2.7113, aux_loss: 0.0000, lr: 0.00048241, epoch_time: 31.0min
Epoch:[1/1](10080/79390), loss: 2.6508, logits_loss: 2.6508, aux_loss: 0.0000, lr: 0.00048234, epoch_time: 31.0min
Epoch:[1/1](10100/79390), loss: 2.6006, logits_loss: 2.6006, aux_loss: 0.0000, lr: 0.00048227, epoch_time: 31.0min
Epoch:[1/1](10120/79390), loss: 2.8267, logits_loss: 2.8267, aux_loss: 0.0000, lr: 0.00048220, epoch_time: 31.0min
Epoch:[1/1](10140/79390), loss: 2.6052, logits_loss: 2.6052, aux_loss: 0.0000, lr: 0.00048213, epoch_time: 31.0min
Epoch:[1/1](10160/79390), loss: 2.5036, logits_loss: 2.5036, aux_loss: 0.0000, lr: 0.00048206, epoch_time: 31.0min
Epoch:[1/1](10180/79390), loss: 2.6264, logits_loss: 2.6264, aux_loss: 0.0000, lr: 0.00048199, epoch_time: 31.0min
Epoch:[1/1](10200/79390), loss: 2.7696, logits_loss: 2.7696, aux_loss: 0.0000, lr: 0.00048192, epoch_time: 31.0min
Epoch:[1/1](10220/79390), loss: 2.3529, logits_loss: 2.3529, aux_loss: 0.0000, lr: 0.00048185, epoch_time: 31.0min
Epoch:[1/1](10240/79390), loss: 2.6945, logits_loss: 2.6945, aux_loss: 0.0000, lr: 0.00048178, epoch_time: 31.0min
Epoch:[1/1](10260/79390), loss: 2.5322, logits_loss: 2.5322, aux_loss: 0.0000, lr: 0.00048171, epoch_time: 31.0min
Epoch:[1/1](10280/79390), loss: 2.6656, logits_loss: 2.6656, aux_loss: 0.0000, lr: 0.00048164, epoch_time: 31.0min
Epoch:[1/1](10300/79390), loss: 2.5157, logits_loss: 2.5157, aux_loss: 0.0000, lr: 0.00048157, epoch_time: 31.0min
Epoch:[1/1](10320/79390), loss: 2.3843, logits_loss: 2.3843, aux_loss: 0.0000, lr: 0.00048150, epoch_time: 31.0min
Epoch:[1/1](10340/79390), loss: 2.6574, logits_loss: 2.6574, aux_loss: 0.0000, lr: 0.00048143, epoch_time: 31.0min
Epoch:[1/1](10360/79390), loss: 2.7056, logits_loss: 2.7056, aux_loss: 0.0000, lr: 0.00048136, epoch_time: 31.0min
Epoch:[1/1](10380/79390), loss: 2.7295, logits_loss: 2.7295, aux_loss: 0.0000, lr: 0.00048128, epoch_time: 31.0min
Epoch:[1/1](10400/79390), loss: 2.5509, logits_loss: 2.5509, aux_loss: 0.0000, lr: 0.00048121, epoch_time: 31.0min
Epoch:[1/1](10420/79390), loss: 2.6888, logits_loss: 2.6888, aux_loss: 0.0000, lr: 0.00048114, epoch_time: 30.0min
Epoch:[1/1](10440/79390), loss: 2.7893, logits_loss: 2.7893, aux_loss: 0.0000, lr: 0.00048107, epoch_time: 30.0min
Epoch:[1/1](10460/79390), loss: 2.8672, logits_loss: 2.8672, aux_loss: 0.0000, lr: 0.00048100, epoch_time: 30.0min
Epoch:[1/1](10480/79390), loss: 2.6733, logits_loss: 2.6733, aux_loss: 0.0000, lr: 0.00048093, epoch_time: 30.0min
Epoch:[1/1](10500/79390), loss: 2.3264, logits_loss: 2.3264, aux_loss: 0.0000, lr: 0.00048086, epoch_time: 30.0min
Epoch:[1/1](10520/79390), loss: 2.5579, logits_loss: 2.5579, aux_loss: 0.0000, lr: 0.00048078, epoch_time: 30.0min
Epoch:[1/1](10540/79390), loss: 2.9036, logits_loss: 2.9036, aux_loss: 0.0000, lr: 0.00048071, epoch_time: 30.0min
Epoch:[1/1](10560/79390), loss: 2.4539, logits_loss: 2.4539, aux_loss: 0.0000, lr: 0.00048064, epoch_time: 30.0min
Epoch:[1/1](10580/79390), loss: 2.6089, logits_loss: 2.6089, aux_loss: 0.0000, lr: 0.00048057, epoch_time: 30.0min
Epoch:[1/1](10600/79390), loss: 2.4276, logits_loss: 2.4276, aux_loss: 0.0000, lr: 0.00048049, epoch_time: 30.0min
Epoch:[1/1](10620/79390), loss: 2.7832, logits_loss: 2.7832, aux_loss: 0.0000, lr: 0.00048042, epoch_time: 30.0min
Epoch:[1/1](10640/79390), loss: 2.3453, logits_loss: 2.3453, aux_loss: 0.0000, lr: 0.00048035, epoch_time: 30.0min
Epoch:[1/1](10660/79390), loss: 2.7877, logits_loss: 2.7877, aux_loss: 0.0000, lr: 0.00048028, epoch_time: 30.0min
Epoch:[1/1](10680/79390), loss: 2.6963, logits_loss: 2.6963, aux_loss: 0.0000, lr: 0.00048020, epoch_time: 30.0min
Epoch:[1/1](10700/79390), loss: 2.9237, logits_loss: 2.9237, aux_loss: 0.0000, lr: 0.00048013, epoch_time: 30.0min
Epoch:[1/1](10720/79390), loss: 2.6069, logits_loss: 2.6069, aux_loss: 0.0000, lr: 0.00048006, epoch_time: 30.0min
Epoch:[1/1](10740/79390), loss: 2.6701, logits_loss: 2.6701, aux_loss: 0.0000, lr: 0.00047998, epoch_time: 30.0min
Epoch:[1/1](10760/79390), loss: 2.5102, logits_loss: 2.5102, aux_loss: 0.0000, lr: 0.00047991, epoch_time: 30.0min
Epoch:[1/1](10780/79390), loss: 2.6632, logits_loss: 2.6632, aux_loss: 0.0000, lr: 0.00047984, epoch_time: 30.0min
Epoch:[1/1](10800/79390), loss: 2.5203, logits_loss: 2.5203, aux_loss: 0.0000, lr: 0.00047976, epoch_time: 30.0min
Epoch:[1/1](10820/79390), loss: 2.3178, logits_loss: 2.3178, aux_loss: 0.0000, lr: 0.00047969, epoch_time: 30.0min
Epoch:[1/1](10840/79390), loss: 2.5098, logits_loss: 2.5098, aux_loss: 0.0000, lr: 0.00047962, epoch_time: 30.0min
Epoch:[1/1](10860/79390), loss: 2.7058, logits_loss: 2.7058, aux_loss: 0.0000, lr: 0.00047954, epoch_time: 30.0min
Epoch:[1/1](10880/79390), loss: 2.7042, logits_loss: 2.7042, aux_loss: 0.0000, lr: 0.00047947, epoch_time: 30.0min
Epoch:[1/1](10900/79390), loss: 2.6479, logits_loss: 2.6479, aux_loss: 0.0000, lr: 0.00047939, epoch_time: 30.0min
Epoch:[1/1](10920/79390), loss: 2.5330, logits_loss: 2.5330, aux_loss: 0.0000, lr: 0.00047932, epoch_time: 30.0min
Epoch:[1/1](10940/79390), loss: 2.6113, logits_loss: 2.6113, aux_loss: 0.0000, lr: 0.00047924, epoch_time: 30.0min
Epoch:[1/1](10960/79390), loss: 2.3500, logits_loss: 2.3500, aux_loss: 0.0000, lr: 0.00047917, epoch_time: 30.0min
Epoch:[1/1](10980/79390), loss: 2.8375, logits_loss: 2.8375, aux_loss: 0.0000, lr: 0.00047909, epoch_time: 30.0min
Epoch:[1/1](11000/79390), loss: 3.0467, logits_loss: 3.0467, aux_loss: 0.0000, lr: 0.00047902, epoch_time: 30.0min
Epoch:[1/1](11020/79390), loss: 2.5193, logits_loss: 2.5193, aux_loss: 0.0000, lr: 0.00047894, epoch_time: 30.0min
Epoch:[1/1](11040/79390), loss: 2.5074, logits_loss: 2.5074, aux_loss: 0.0000, lr: 0.00047887, epoch_time: 30.0min
Epoch:[1/1](11060/79390), loss: 2.5933, logits_loss: 2.5933, aux_loss: 0.0000, lr: 0.00047879, epoch_time: 30.0min
Epoch:[1/1](11080/79390), loss: 2.3336, logits_loss: 2.3336, aux_loss: 0.0000, lr: 0.00047872, epoch_time: 30.0min
Epoch:[1/1](11100/79390), loss: 2.6617, logits_loss: 2.6617, aux_loss: 0.0000, lr: 0.00047864, epoch_time: 30.0min
Epoch:[1/1](11120/79390), loss: 2.6206, logits_loss: 2.6206, aux_loss: 0.0000, lr: 0.00047857, epoch_time: 30.0min
Epoch:[1/1](11140/79390), loss: 2.3700, logits_loss: 2.3700, aux_loss: 0.0000, lr: 0.00047849, epoch_time: 30.0min
Epoch:[1/1](11160/79390), loss: 2.5866, logits_loss: 2.5866, aux_loss: 0.0000, lr: 0.00047841, epoch_time: 30.0min
Epoch:[1/1](11180/79390), loss: 2.5732, logits_loss: 2.5732, aux_loss: 0.0000, lr: 0.00047834, epoch_time: 30.0min
Epoch:[1/1](11200/79390), loss: 2.5558, logits_loss: 2.5558, aux_loss: 0.0000, lr: 0.00047826, epoch_time: 30.0min
Epoch:[1/1](11220/79390), loss: 2.7379, logits_loss: 2.7379, aux_loss: 0.0000, lr: 0.00047818, epoch_time: 30.0min
Epoch:[1/1](11240/79390), loss: 2.7869, logits_loss: 2.7869, aux_loss: 0.0000, lr: 0.00047811, epoch_time: 30.0min
Epoch:[1/1](11260/79390), loss: 2.6134, logits_loss: 2.6134, aux_loss: 0.0000, lr: 0.00047803, epoch_time: 30.0min
Epoch:[1/1](11280/79390), loss: 2.7299, logits_loss: 2.7299, aux_loss: 0.0000, lr: 0.00047795, epoch_time: 30.0min
Epoch:[1/1](11300/79390), loss: 2.3802, logits_loss: 2.3802, aux_loss: 0.0000, lr: 0.00047788, epoch_time: 30.0min
Epoch:[1/1](11320/79390), loss: 2.6289, logits_loss: 2.6289, aux_loss: 0.0000, lr: 0.00047780, epoch_time: 30.0min
Epoch:[1/1](11340/79390), loss: 2.5055, logits_loss: 2.5055, aux_loss: 0.0000, lr: 0.00047772, epoch_time: 30.0min
Epoch:[1/1](11360/79390), loss: 2.7713, logits_loss: 2.7713, aux_loss: 0.0000, lr: 0.00047765, epoch_time: 30.0min
Epoch:[1/1](11380/79390), loss: 2.9324, logits_loss: 2.9324, aux_loss: 0.0000, lr: 0.00047757, epoch_time: 30.0min
Epoch:[1/1](11400/79390), loss: 2.5344, logits_loss: 2.5344, aux_loss: 0.0000, lr: 0.00047749, epoch_time: 30.0min
Epoch:[1/1](11420/79390), loss: 2.6317, logits_loss: 2.6317, aux_loss: 0.0000, lr: 0.00047741, epoch_time: 30.0min
Epoch:[1/1](11440/79390), loss: 2.2329, logits_loss: 2.2329, aux_loss: 0.0000, lr: 0.00047734, epoch_time: 30.0min
Epoch:[1/1](11460/79390), loss: 2.6338, logits_loss: 2.6338, aux_loss: 0.0000, lr: 0.00047726, epoch_time: 30.0min
Epoch:[1/1](11480/79390), loss: 2.4777, logits_loss: 2.4777, aux_loss: 0.0000, lr: 0.00047718, epoch_time: 30.0min
Epoch:[1/1](11500/79390), loss: 2.8271, logits_loss: 2.8271, aux_loss: 0.0000, lr: 0.00047710, epoch_time: 30.0min
Epoch:[1/1](11520/79390), loss: 2.7086, logits_loss: 2.7086, aux_loss: 0.0000, lr: 0.00047702, epoch_time: 30.0min
Epoch:[1/1](11540/79390), loss: 2.8643, logits_loss: 2.8643, aux_loss: 0.0000, lr: 0.00047694, epoch_time: 30.0min
Epoch:[1/1](11560/79390), loss: 2.6563, logits_loss: 2.6563, aux_loss: 0.0000, lr: 0.00047687, epoch_time: 30.0min
Epoch:[1/1](11580/79390), loss: 2.5309, logits_loss: 2.5309, aux_loss: 0.0000, lr: 0.00047679, epoch_time: 30.0min
Epoch:[1/1](11600/79390), loss: 2.7099, logits_loss: 2.7099, aux_loss: 0.0000, lr: 0.00047671, epoch_time: 30.0min
Epoch:[1/1](11620/79390), loss: 2.6091, logits_loss: 2.6091, aux_loss: 0.0000, lr: 0.00047663, epoch_time: 30.0min
Epoch:[1/1](11640/79390), loss: 2.5204, logits_loss: 2.5204, aux_loss: 0.0000, lr: 0.00047655, epoch_time: 30.0min
Epoch:[1/1](11660/79390), loss: 2.5448, logits_loss: 2.5448, aux_loss: 0.0000, lr: 0.00047647, epoch_time: 30.0min
Epoch:[1/1](11680/79390), loss: 2.6656, logits_loss: 2.6656, aux_loss: 0.0000, lr: 0.00047639, epoch_time: 30.0min
Epoch:[1/1](11700/79390), loss: 2.3997, logits_loss: 2.3997, aux_loss: 0.0000, lr: 0.00047631, epoch_time: 30.0min
Epoch:[1/1](11720/79390), loss: 2.6286, logits_loss: 2.6286, aux_loss: 0.0000, lr: 0.00047623, epoch_time: 30.0min
Epoch:[1/1](11740/79390), loss: 2.5002, logits_loss: 2.5002, aux_loss: 0.0000, lr: 0.00047615, epoch_time: 30.0min
Epoch:[1/1](11760/79390), loss: 2.7409, logits_loss: 2.7409, aux_loss: 0.0000, lr: 0.00047607, epoch_time: 30.0min
Epoch:[1/1](11780/79390), loss: 2.5039, logits_loss: 2.5039, aux_loss: 0.0000, lr: 0.00047599, epoch_time: 30.0min
Epoch:[1/1](11800/79390), loss: 2.8919, logits_loss: 2.8919, aux_loss: 0.0000, lr: 0.00047591, epoch_time: 30.0min
Epoch:[1/1](11820/79390), loss: 2.5344, logits_loss: 2.5344, aux_loss: 0.0000, lr: 0.00047583, epoch_time: 30.0min
Epoch:[1/1](11840/79390), loss: 2.4494, logits_loss: 2.4494, aux_loss: 0.0000, lr: 0.00047575, epoch_time: 30.0min
Epoch:[1/1](11860/79390), loss: 2.3391, logits_loss: 2.3391, aux_loss: 0.0000, lr: 0.00047567, epoch_time: 30.0min
Epoch:[1/1](11880/79390), loss: 2.3384, logits_loss: 2.3384, aux_loss: 0.0000, lr: 0.00047559, epoch_time: 30.0min
Epoch:[1/1](11900/79390), loss: 2.7080, logits_loss: 2.7080, aux_loss: 0.0000, lr: 0.00047551, epoch_time: 30.0min
Epoch:[1/1](11920/79390), loss: 2.7690, logits_loss: 2.7690, aux_loss: 0.0000, lr: 0.00047543, epoch_time: 30.0min
Epoch:[1/1](11940/79390), loss: 2.6263, logits_loss: 2.6263, aux_loss: 0.0000, lr: 0.00047535, epoch_time: 30.0min
Epoch:[1/1](11960/79390), loss: 2.7183, logits_loss: 2.7183, aux_loss: 0.0000, lr: 0.00047527, epoch_time: 29.0min
Epoch:[1/1](11980/79390), loss: 2.4233, logits_loss: 2.4233, aux_loss: 0.0000, lr: 0.00047519, epoch_time: 29.0min
Epoch:[1/1](12000/79390), loss: 2.7298, logits_loss: 2.7298, aux_loss: 0.0000, lr: 0.00047511, epoch_time: 29.0min
Epoch:[1/1](12020/79390), loss: 2.4838, logits_loss: 2.4838, aux_loss: 0.0000, lr: 0.00047502, epoch_time: 30.0min
Epoch:[1/1](12040/79390), loss: 2.8473, logits_loss: 2.8473, aux_loss: 0.0000, lr: 0.00047494, epoch_time: 30.0min
Epoch:[1/1](12060/79390), loss: 2.4843, logits_loss: 2.4843, aux_loss: 0.0000, lr: 0.00047486, epoch_time: 30.0min
Epoch:[1/1](12080/79390), loss: 2.4172, logits_loss: 2.4172, aux_loss: 0.0000, lr: 0.00047478, epoch_time: 30.0min
Epoch:[1/1](12100/79390), loss: 2.5516, logits_loss: 2.5516, aux_loss: 0.0000, lr: 0.00047470, epoch_time: 30.0min
Epoch:[1/1](12120/79390), loss: 2.7420, logits_loss: 2.7420, aux_loss: 0.0000, lr: 0.00047461, epoch_time: 30.0min
Epoch:[1/1](12140/79390), loss: 2.4918, logits_loss: 2.4918, aux_loss: 0.0000, lr: 0.00047453, epoch_time: 30.0min
Epoch:[1/1](12160/79390), loss: 2.7261, logits_loss: 2.7261, aux_loss: 0.0000, lr: 0.00047445, epoch_time: 30.0min
Epoch:[1/1](12180/79390), loss: 2.4905, logits_loss: 2.4905, aux_loss: 0.0000, lr: 0.00047437, epoch_time: 30.0min
Epoch:[1/1](12200/79390), loss: 2.4714, logits_loss: 2.4714, aux_loss: 0.0000, lr: 0.00047428, epoch_time: 30.0min
Epoch:[1/1](12220/79390), loss: 2.3877, logits_loss: 2.3877, aux_loss: 0.0000, lr: 0.00047420, epoch_time: 30.0min
Epoch:[1/1](12240/79390), loss: 2.5686, logits_loss: 2.5686, aux_loss: 0.0000, lr: 0.00047412, epoch_time: 30.0min
Epoch:[1/1](12260/79390), loss: 2.9502, logits_loss: 2.9502, aux_loss: 0.0000, lr: 0.00047404, epoch_time: 30.0min
Epoch:[1/1](12280/79390), loss: 2.7700, logits_loss: 2.7700, aux_loss: 0.0000, lr: 0.00047395, epoch_time: 30.0min
Epoch:[1/1](12300/79390), loss: 2.6079, logits_loss: 2.6079, aux_loss: 0.0000, lr: 0.00047387, epoch_time: 30.0min
Epoch:[1/1](12320/79390), loss: 2.6054, logits_loss: 2.6054, aux_loss: 0.0000, lr: 0.00047379, epoch_time: 30.0min
Epoch:[1/1](12340/79390), loss: 2.6003, logits_loss: 2.6003, aux_loss: 0.0000, lr: 0.00047370, epoch_time: 30.0min
Epoch:[1/1](12360/79390), loss: 2.5859, logits_loss: 2.5859, aux_loss: 0.0000, lr: 0.00047362, epoch_time: 30.0min
Epoch:[1/1](12380/79390), loss: 2.5294, logits_loss: 2.5294, aux_loss: 0.0000, lr: 0.00047354, epoch_time: 30.0min
Epoch:[1/1](12400/79390), loss: 2.6491, logits_loss: 2.6491, aux_loss: 0.0000, lr: 0.00047345, epoch_time: 30.0min
Epoch:[1/1](12420/79390), loss: 2.4119, logits_loss: 2.4119, aux_loss: 0.0000, lr: 0.00047337, epoch_time: 29.0min
Epoch:[1/1](12440/79390), loss: 2.8880, logits_loss: 2.8880, aux_loss: 0.0000, lr: 0.00047328, epoch_time: 29.0min
Epoch:[1/1](12460/79390), loss: 2.4087, logits_loss: 2.4087, aux_loss: 0.0000, lr: 0.00047320, epoch_time: 29.0min
Epoch:[1/1](12480/79390), loss: 2.7785, logits_loss: 2.7785, aux_loss: 0.0000, lr: 0.00047312, epoch_time: 29.0min
Epoch:[1/1](12500/79390), loss: 2.4866, logits_loss: 2.4866, aux_loss: 0.0000, lr: 0.00047303, epoch_time: 29.0min
Epoch:[1/1](12520/79390), loss: 2.5818, logits_loss: 2.5818, aux_loss: 0.0000, lr: 0.00047295, epoch_time: 29.0min
Epoch:[1/1](12540/79390), loss: 2.4784, logits_loss: 2.4784, aux_loss: 0.0000, lr: 0.00047286, epoch_time: 29.0min
Epoch:[1/1](12560/79390), loss: 2.5451, logits_loss: 2.5451, aux_loss: 0.0000, lr: 0.00047278, epoch_time: 29.0min
Epoch:[1/1](12580/79390), loss: 2.3246, logits_loss: 2.3246, aux_loss: 0.0000, lr: 0.00047269, epoch_time: 29.0min
Epoch:[1/1](12600/79390), loss: 2.3448, logits_loss: 2.3448, aux_loss: 0.0000, lr: 0.00047261, epoch_time: 29.0min
Epoch:[1/1](12620/79390), loss: 2.5899, logits_loss: 2.5899, aux_loss: 0.0000, lr: 0.00047252, epoch_time: 29.0min
Epoch:[1/1](12640/79390), loss: 2.4629, logits_loss: 2.4629, aux_loss: 0.0000, lr: 0.00047244, epoch_time: 29.0min
Epoch:[1/1](12660/79390), loss: 2.5741, logits_loss: 2.5741, aux_loss: 0.0000, lr: 0.00047235, epoch_time: 29.0min
Epoch:[1/1](12680/79390), loss: 2.7506, logits_loss: 2.7506, aux_loss: 0.0000, lr: 0.00047227, epoch_time: 29.0min
Epoch:[1/1](12700/79390), loss: 2.5050, logits_loss: 2.5050, aux_loss: 0.0000, lr: 0.00047218, epoch_time: 29.0min
Epoch:[1/1](12720/79390), loss: 2.6949, logits_loss: 2.6949, aux_loss: 0.0000, lr: 0.00047209, epoch_time: 29.0min
Epoch:[1/1](12740/79390), loss: 2.5060, logits_loss: 2.5060, aux_loss: 0.0000, lr: 0.00047201, epoch_time: 29.0min
Epoch:[1/1](12760/79390), loss: 2.5424, logits_loss: 2.5424, aux_loss: 0.0000, lr: 0.00047192, epoch_time: 29.0min
Epoch:[1/1](12780/79390), loss: 2.4048, logits_loss: 2.4048, aux_loss: 0.0000, lr: 0.00047184, epoch_time: 29.0min
Epoch:[1/1](12800/79390), loss: 2.3460, logits_loss: 2.3460, aux_loss: 0.0000, lr: 0.00047175, epoch_time: 29.0min
Epoch:[1/1](12820/79390), loss: 2.3441, logits_loss: 2.3441, aux_loss: 0.0000, lr: 0.00047166, epoch_time: 29.0min
Epoch:[1/1](12840/79390), loss: 2.3630, logits_loss: 2.3630, aux_loss: 0.0000, lr: 0.00047158, epoch_time: 29.0min
Epoch:[1/1](12860/79390), loss: 2.7043, logits_loss: 2.7043, aux_loss: 0.0000, lr: 0.00047149, epoch_time: 29.0min
Epoch:[1/1](12880/79390), loss: 2.4666, logits_loss: 2.4666, aux_loss: 0.0000, lr: 0.00047140, epoch_time: 29.0min
Epoch:[1/1](12900/79390), loss: 2.6222, logits_loss: 2.6222, aux_loss: 0.0000, lr: 0.00047132, epoch_time: 29.0min
Epoch:[1/1](12920/79390), loss: 2.5736, logits_loss: 2.5736, aux_loss: 0.0000, lr: 0.00047123, epoch_time: 29.0min
Epoch:[1/1](12940/79390), loss: 2.3697, logits_loss: 2.3697, aux_loss: 0.0000, lr: 0.00047114, epoch_time: 29.0min
Epoch:[1/1](12960/79390), loss: 2.5720, logits_loss: 2.5720, aux_loss: 0.0000, lr: 0.00047105, epoch_time: 29.0min
Epoch:[1/1](12980/79390), loss: 2.2802, logits_loss: 2.2802, aux_loss: 0.0000, lr: 0.00047097, epoch_time: 29.0min
Epoch:[1/1](13000/79390), loss: 2.4764, logits_loss: 2.4764, aux_loss: 0.0000, lr: 0.00047088, epoch_time: 29.0min
Epoch:[1/1](13020/79390), loss: 2.5337, logits_loss: 2.5337, aux_loss: 0.0000, lr: 0.00047079, epoch_time: 29.0min
Epoch:[1/1](13040/79390), loss: 2.7127, logits_loss: 2.7127, aux_loss: 0.0000, lr: 0.00047070, epoch_time: 29.0min
Epoch:[1/1](13060/79390), loss: 2.4627, logits_loss: 2.4627, aux_loss: 0.0000, lr: 0.00047062, epoch_time: 29.0min
Epoch:[1/1](13080/79390), loss: 2.5855, logits_loss: 2.5855, aux_loss: 0.0000, lr: 0.00047053, epoch_time: 29.0min
Epoch:[1/1](13100/79390), loss: 2.1987, logits_loss: 2.1987, aux_loss: 0.0000, lr: 0.00047044, epoch_time: 29.0min
Epoch:[1/1](13120/79390), loss: 2.5220, logits_loss: 2.5220, aux_loss: 0.0000, lr: 0.00047035, epoch_time: 29.0min
Epoch:[1/1](13140/79390), loss: 2.7114, logits_loss: 2.7114, aux_loss: 0.0000, lr: 0.00047026, epoch_time: 29.0min
Epoch:[1/1](13160/79390), loss: 2.4427, logits_loss: 2.4427, aux_loss: 0.0000, lr: 0.00047017, epoch_time: 29.0min
Epoch:[1/1](13180/79390), loss: 2.4059, logits_loss: 2.4059, aux_loss: 0.0000, lr: 0.00047009, epoch_time: 29.0min
Epoch:[1/1](13200/79390), loss: 2.5650, logits_loss: 2.5650, aux_loss: 0.0000, lr: 0.00047000, epoch_time: 29.0min
Epoch:[1/1](13220/79390), loss: 2.1945, logits_loss: 2.1945, aux_loss: 0.0000, lr: 0.00046991, epoch_time: 29.0min
Epoch:[1/1](13240/79390), loss: 2.6670, logits_loss: 2.6670, aux_loss: 0.0000, lr: 0.00046982, epoch_time: 29.0min
Epoch:[1/1](13260/79390), loss: 2.7089, logits_loss: 2.7089, aux_loss: 0.0000, lr: 0.00046973, epoch_time: 29.0min
Epoch:[1/1](13280/79390), loss: 2.5438, logits_loss: 2.5438, aux_loss: 0.0000, lr: 0.00046964, epoch_time: 29.0min
Epoch:[1/1](13300/79390), loss: 2.4890, logits_loss: 2.4890, aux_loss: 0.0000, lr: 0.00046955, epoch_time: 29.0min
Epoch:[1/1](13320/79390), loss: 2.5434, logits_loss: 2.5434, aux_loss: 0.0000, lr: 0.00046946, epoch_time: 29.0min
Epoch:[1/1](13340/79390), loss: 2.5799, logits_loss: 2.5799, aux_loss: 0.0000, lr: 0.00046937, epoch_time: 29.0min
Epoch:[1/1](13360/79390), loss: 2.4783, logits_loss: 2.4783, aux_loss: 0.0000, lr: 0.00046928, epoch_time: 29.0min
Epoch:[1/1](13380/79390), loss: 2.3419, logits_loss: 2.3419, aux_loss: 0.0000, lr: 0.00046919, epoch_time: 29.0min
Epoch:[1/1](13400/79390), loss: 2.5429, logits_loss: 2.5429, aux_loss: 0.0000, lr: 0.00046910, epoch_time: 29.0min
Epoch:[1/1](13420/79390), loss: 2.3656, logits_loss: 2.3656, aux_loss: 0.0000, lr: 0.00046901, epoch_time: 29.0min
Epoch:[1/1](13440/79390), loss: 2.4605, logits_loss: 2.4605, aux_loss: 0.0000, lr: 0.00046892, epoch_time: 29.0min
Epoch:[1/1](13460/79390), loss: 2.5051, logits_loss: 2.5051, aux_loss: 0.0000, lr: 0.00046883, epoch_time: 29.0min
Epoch:[1/1](13480/79390), loss: 2.6609, logits_loss: 2.6609, aux_loss: 0.0000, lr: 0.00046874, epoch_time: 29.0min
Epoch:[1/1](13500/79390), loss: 2.5734, logits_loss: 2.5734, aux_loss: 0.0000, lr: 0.00046865, epoch_time: 29.0min
Epoch:[1/1](13520/79390), loss: 2.4413, logits_loss: 2.4413, aux_loss: 0.0000, lr: 0.00046856, epoch_time: 29.0min
Epoch:[1/1](13540/79390), loss: 2.4272, logits_loss: 2.4272, aux_loss: 0.0000, lr: 0.00046847, epoch_time: 29.0min
Epoch:[1/1](13560/79390), loss: 2.5898, logits_loss: 2.5898, aux_loss: 0.0000, lr: 0.00046838, epoch_time: 29.0min
Epoch:[1/1](13580/79390), loss: 2.6172, logits_loss: 2.6172, aux_loss: 0.0000, lr: 0.00046829, epoch_time: 29.0min
Epoch:[1/1](13600/79390), loss: 2.4608, logits_loss: 2.4608, aux_loss: 0.0000, lr: 0.00046820, epoch_time: 29.0min
Epoch:[1/1](13620/79390), loss: 2.5455, logits_loss: 2.5455, aux_loss: 0.0000, lr: 0.00046810, epoch_time: 29.0min
Epoch:[1/1](13640/79390), loss: 2.3182, logits_loss: 2.3182, aux_loss: 0.0000, lr: 0.00046801, epoch_time: 29.0min
Epoch:[1/1](13660/79390), loss: 2.8191, logits_loss: 2.8191, aux_loss: 0.0000, lr: 0.00046792, epoch_time: 29.0min
Epoch:[1/1](13680/79390), loss: 2.4917, logits_loss: 2.4917, aux_loss: 0.0000, lr: 0.00046783, epoch_time: 29.0min
Epoch:[1/1](13700/79390), loss: 2.5533, logits_loss: 2.5533, aux_loss: 0.0000, lr: 0.00046774, epoch_time: 29.0min
Epoch:[1/1](13720/79390), loss: 2.6226, logits_loss: 2.6226, aux_loss: 0.0000, lr: 0.00046765, epoch_time: 29.0min
Epoch:[1/1](13740/79390), loss: 2.5805, logits_loss: 2.5805, aux_loss: 0.0000, lr: 0.00046755, epoch_time: 29.0min
Epoch:[1/1](13760/79390), loss: 2.4486, logits_loss: 2.4486, aux_loss: 0.0000, lr: 0.00046746, epoch_time: 29.0min
Epoch:[1/1](13780/79390), loss: 2.4061, logits_loss: 2.4061, aux_loss: 0.0000, lr: 0.00046737, epoch_time: 29.0min
Epoch:[1/1](13800/79390), loss: 2.3755, logits_loss: 2.3755, aux_loss: 0.0000, lr: 0.00046728, epoch_time: 29.0min
Epoch:[1/1](13820/79390), loss: 2.8025, logits_loss: 2.8025, aux_loss: 0.0000, lr: 0.00046718, epoch_time: 29.0min
Epoch:[1/1](13840/79390), loss: 2.6161, logits_loss: 2.6161, aux_loss: 0.0000, lr: 0.00046709, epoch_time: 29.0min
Epoch:[1/1](13860/79390), loss: 2.5271, logits_loss: 2.5271, aux_loss: 0.0000, lr: 0.00046700, epoch_time: 29.0min
Epoch:[1/1](13880/79390), loss: 2.4296, logits_loss: 2.4296, aux_loss: 0.0000, lr: 0.00046691, epoch_time: 29.0min
Epoch:[1/1](13900/79390), loss: 2.3131, logits_loss: 2.3131, aux_loss: 0.0000, lr: 0.00046681, epoch_time: 29.0min
Epoch:[1/1](13920/79390), loss: 2.2540, logits_loss: 2.2540, aux_loss: 0.0000, lr: 0.00046672, epoch_time: 29.0min
Epoch:[1/1](13940/79390), loss: 2.3012, logits_loss: 2.3012, aux_loss: 0.0000, lr: 0.00046663, epoch_time: 29.0min
Epoch:[1/1](13960/79390), loss: 2.5003, logits_loss: 2.5003, aux_loss: 0.0000, lr: 0.00046653, epoch_time: 29.0min
Epoch:[1/1](13980/79390), loss: 2.6322, logits_loss: 2.6322, aux_loss: 0.0000, lr: 0.00046644, epoch_time: 29.0min
Epoch:[1/1](14000/79390), loss: 2.6971, logits_loss: 2.6971, aux_loss: 0.0000, lr: 0.00046635, epoch_time: 29.0min
Epoch:[1/1](14020/79390), loss: 2.3339, logits_loss: 2.3339, aux_loss: 0.0000, lr: 0.00046625, epoch_time: 29.0min
Epoch:[1/1](14040/79390), loss: 2.4130, logits_loss: 2.4130, aux_loss: 0.0000, lr: 0.00046616, epoch_time: 29.0min
Epoch:[1/1](14060/79390), loss: 2.9890, logits_loss: 2.9890, aux_loss: 0.0000, lr: 0.00046606, epoch_time: 29.0min
Epoch:[1/1](14080/79390), loss: 2.3188, logits_loss: 2.3188, aux_loss: 0.0000, lr: 0.00046597, epoch_time: 29.0min
Epoch:[1/1](14100/79390), loss: 2.5885, logits_loss: 2.5885, aux_loss: 0.0000, lr: 0.00046588, epoch_time: 29.0min
Epoch:[1/1](14120/79390), loss: 2.7969, logits_loss: 2.7969, aux_loss: 0.0000, lr: 0.00046578, epoch_time: 29.0min
Epoch:[1/1](14140/79390), loss: 2.7136, logits_loss: 2.7136, aux_loss: 0.0000, lr: 0.00046569, epoch_time: 29.0min
Epoch:[1/1](14160/79390), loss: 2.4885, logits_loss: 2.4885, aux_loss: 0.0000, lr: 0.00046559, epoch_time: 29.0min
Epoch:[1/1](14180/79390), loss: 2.3690, logits_loss: 2.3690, aux_loss: 0.0000, lr: 0.00046550, epoch_time: 29.0min
Epoch:[1/1](14200/79390), loss: 2.6711, logits_loss: 2.6711, aux_loss: 0.0000, lr: 0.00046540, epoch_time: 29.0min
Epoch:[1/1](14220/79390), loss: 2.4683, logits_loss: 2.4683, aux_loss: 0.0000, lr: 0.00046531, epoch_time: 29.0min
Epoch:[1/1](14240/79390), loss: 2.7668, logits_loss: 2.7668, aux_loss: 0.0000, lr: 0.00046521, epoch_time: 29.0min
Epoch:[1/1](14260/79390), loss: 2.6486, logits_loss: 2.6486, aux_loss: 0.0000, lr: 0.00046512, epoch_time: 29.0min
Epoch:[1/1](14280/79390), loss: 2.8036, logits_loss: 2.8036, aux_loss: 0.0000, lr: 0.00046502, epoch_time: 29.0min
Epoch:[1/1](14300/79390), loss: 2.4706, logits_loss: 2.4706, aux_loss: 0.0000, lr: 0.00046493, epoch_time: 29.0min
Epoch:[1/1](14320/79390), loss: 2.4371, logits_loss: 2.4371, aux_loss: 0.0000, lr: 0.00046483, epoch_time: 29.0min
Epoch:[1/1](14340/79390), loss: 2.8434, logits_loss: 2.8434, aux_loss: 0.0000, lr: 0.00046474, epoch_time: 29.0min
Epoch:[1/1](14360/79390), loss: 2.3532, logits_loss: 2.3532, aux_loss: 0.0000, lr: 0.00046464, epoch_time: 29.0min
Epoch:[1/1](14380/79390), loss: 2.6320, logits_loss: 2.6320, aux_loss: 0.0000, lr: 0.00046454, epoch_time: 29.0min
Epoch:[1/1](14400/79390), loss: 2.3563, logits_loss: 2.3563, aux_loss: 0.0000, lr: 0.00046445, epoch_time: 29.0min
Epoch:[1/1](14420/79390), loss: 2.5831, logits_loss: 2.5831, aux_loss: 0.0000, lr: 0.00046435, epoch_time: 29.0min
Epoch:[1/1](14440/79390), loss: 2.5829, logits_loss: 2.5829, aux_loss: 0.0000, lr: 0.00046426, epoch_time: 29.0min
Epoch:[1/1](14460/79390), loss: 2.4843, logits_loss: 2.4843, aux_loss: 0.0000, lr: 0.00046416, epoch_time: 29.0min
Epoch:[1/1](14480/79390), loss: 2.5594, logits_loss: 2.5594, aux_loss: 0.0000, lr: 0.00046406, epoch_time: 29.0min
Epoch:[1/1](14500/79390), loss: 2.5165, logits_loss: 2.5165, aux_loss: 0.0000, lr: 0.00046397, epoch_time: 29.0min
Epoch:[1/1](14520/79390), loss: 2.6798, logits_loss: 2.6798, aux_loss: 0.0000, lr: 0.00046387, epoch_time: 29.0min
Epoch:[1/1](14540/79390), loss: 2.5244, logits_loss: 2.5244, aux_loss: 0.0000, lr: 0.00046377, epoch_time: 29.0min
Epoch:[1/1](14560/79390), loss: 2.4874, logits_loss: 2.4874, aux_loss: 0.0000, lr: 0.00046368, epoch_time: 29.0min
Epoch:[1/1](14580/79390), loss: 2.4791, logits_loss: 2.4791, aux_loss: 0.0000, lr: 0.00046358, epoch_time: 28.0min
Epoch:[1/1](14600/79390), loss: 2.4328, logits_loss: 2.4328, aux_loss: 0.0000, lr: 0.00046348, epoch_time: 28.0min
Epoch:[1/1](14620/79390), loss: 2.4428, logits_loss: 2.4428, aux_loss: 0.0000, lr: 0.00046338, epoch_time: 28.0min
Epoch:[1/1](14640/79390), loss: 2.6291, logits_loss: 2.6291, aux_loss: 0.0000, lr: 0.00046329, epoch_time: 28.0min
Epoch:[1/1](14660/79390), loss: 2.2358, logits_loss: 2.2358, aux_loss: 0.0000, lr: 0.00046319, epoch_time: 28.0min
Epoch:[1/1](14680/79390), loss: 2.5264, logits_loss: 2.5264, aux_loss: 0.0000, lr: 0.00046309, epoch_time: 28.0min
Epoch:[1/1](14700/79390), loss: 2.3935, logits_loss: 2.3935, aux_loss: 0.0000, lr: 0.00046299, epoch_time: 28.0min
Epoch:[1/1](14720/79390), loss: 2.6361, logits_loss: 2.6361, aux_loss: 0.0000, lr: 0.00046290, epoch_time: 28.0min
Epoch:[1/1](14740/79390), loss: 2.2814, logits_loss: 2.2814, aux_loss: 0.0000, lr: 0.00046280, epoch_time: 28.0min
Epoch:[1/1](14760/79390), loss: 2.5132, logits_loss: 2.5132, aux_loss: 0.0000, lr: 0.00046270, epoch_time: 28.0min
Epoch:[1/1](14780/79390), loss: 2.4178, logits_loss: 2.4178, aux_loss: 0.0000, lr: 0.00046260, epoch_time: 28.0min
Epoch:[1/1](14800/79390), loss: 2.4968, logits_loss: 2.4968, aux_loss: 0.0000, lr: 0.00046250, epoch_time: 28.0min
Epoch:[1/1](14820/79390), loss: 2.4370, logits_loss: 2.4370, aux_loss: 0.0000, lr: 0.00046240, epoch_time: 28.0min
Epoch:[1/1](14840/79390), loss: 2.5539, logits_loss: 2.5539, aux_loss: 0.0000, lr: 0.00046231, epoch_time: 28.0min
Epoch:[1/1](14860/79390), loss: 2.4310, logits_loss: 2.4310, aux_loss: 0.0000, lr: 0.00046221, epoch_time: 28.0min
Epoch:[1/1](14880/79390), loss: 2.5435, logits_loss: 2.5435, aux_loss: 0.0000, lr: 0.00046211, epoch_time: 28.0min
Epoch:[1/1](14900/79390), loss: 2.5167, logits_loss: 2.5167, aux_loss: 0.0000, lr: 0.00046201, epoch_time: 28.0min
Epoch:[1/1](14920/79390), loss: 2.5095, logits_loss: 2.5095, aux_loss: 0.0000, lr: 0.00046191, epoch_time: 28.0min
Epoch:[1/1](14940/79390), loss: 2.3564, logits_loss: 2.3564, aux_loss: 0.0000, lr: 0.00046181, epoch_time: 28.0min
Epoch:[1/1](14960/79390), loss: 2.6565, logits_loss: 2.6565, aux_loss: 0.0000, lr: 0.00046171, epoch_time: 28.0min
Epoch:[1/1](14980/79390), loss: 2.5616, logits_loss: 2.5616, aux_loss: 0.0000, lr: 0.00046161, epoch_time: 28.0min
Epoch:[1/1](15000/79390), loss: 2.6686, logits_loss: 2.6686, aux_loss: 0.0000, lr: 0.00046151, epoch_time: 28.0min
Epoch:[1/1](15020/79390), loss: 2.7318, logits_loss: 2.7318, aux_loss: 0.0000, lr: 0.00046141, epoch_time: 28.0min
Epoch:[1/1](15040/79390), loss: 2.4043, logits_loss: 2.4043, aux_loss: 0.0000, lr: 0.00046131, epoch_time: 28.0min
Epoch:[1/1](15060/79390), loss: 2.2629, logits_loss: 2.2629, aux_loss: 0.0000, lr: 0.00046121, epoch_time: 28.0min
Epoch:[1/1](15080/79390), loss: 2.2907, logits_loss: 2.2907, aux_loss: 0.0000, lr: 0.00046111, epoch_time: 28.0min
Epoch:[1/1](15100/79390), loss: 2.4321, logits_loss: 2.4321, aux_loss: 0.0000, lr: 0.00046101, epoch_time: 28.0min
Epoch:[1/1](15120/79390), loss: 2.3419, logits_loss: 2.3419, aux_loss: 0.0000, lr: 0.00046091, epoch_time: 28.0min
Epoch:[1/1](15140/79390), loss: 2.5168, logits_loss: 2.5168, aux_loss: 0.0000, lr: 0.00046081, epoch_time: 28.0min
Epoch:[1/1](15160/79390), loss: 2.3330, logits_loss: 2.3330, aux_loss: 0.0000, lr: 0.00046071, epoch_time: 28.0min
Epoch:[1/1](15180/79390), loss: 2.6819, logits_loss: 2.6819, aux_loss: 0.0000, lr: 0.00046061, epoch_time: 28.0min
Epoch:[1/1](15200/79390), loss: 2.4876, logits_loss: 2.4876, aux_loss: 0.0000, lr: 0.00046051, epoch_time: 28.0min
Epoch:[1/1](15220/79390), loss: 2.5280, logits_loss: 2.5280, aux_loss: 0.0000, lr: 0.00046041, epoch_time: 28.0min
Epoch:[1/1](15240/79390), loss: 2.4238, logits_loss: 2.4238, aux_loss: 0.0000, lr: 0.00046031, epoch_time: 28.0min
Epoch:[1/1](15260/79390), loss: 2.6315, logits_loss: 2.6315, aux_loss: 0.0000, lr: 0.00046021, epoch_time: 28.0min
Epoch:[1/1](15280/79390), loss: 2.4715, logits_loss: 2.4715, aux_loss: 0.0000, lr: 0.00046011, epoch_time: 28.0min
Epoch:[1/1](15300/79390), loss: 2.2735, logits_loss: 2.2735, aux_loss: 0.0000, lr: 0.00046001, epoch_time: 28.0min
Epoch:[1/1](15320/79390), loss: 2.4360, logits_loss: 2.4360, aux_loss: 0.0000, lr: 0.00045990, epoch_time: 28.0min
Epoch:[1/1](15340/79390), loss: 2.4628, logits_loss: 2.4628, aux_loss: 0.0000, lr: 0.00045980, epoch_time: 28.0min
Epoch:[1/1](15360/79390), loss: 2.3914, logits_loss: 2.3914, aux_loss: 0.0000, lr: 0.00045970, epoch_time: 28.0min
Epoch:[1/1](15380/79390), loss: 2.2220, logits_loss: 2.2220, aux_loss: 0.0000, lr: 0.00045960, epoch_time: 28.0min
Epoch:[1/1](15400/79390), loss: 2.5541, logits_loss: 2.5541, aux_loss: 0.0000, lr: 0.00045950, epoch_time: 28.0min
Epoch:[1/1](15420/79390), loss: 2.5546, logits_loss: 2.5546, aux_loss: 0.0000, lr: 0.00045940, epoch_time: 28.0min
Epoch:[1/1](15440/79390), loss: 2.3834, logits_loss: 2.3834, aux_loss: 0.0000, lr: 0.00045929, epoch_time: 28.0min
Epoch:[1/1](15460/79390), loss: 2.3617, logits_loss: 2.3617, aux_loss: 0.0000, lr: 0.00045919, epoch_time: 28.0min
Epoch:[1/1](15480/79390), loss: 2.4212, logits_loss: 2.4212, aux_loss: 0.0000, lr: 0.00045909, epoch_time: 28.0min
Epoch:[1/1](15500/79390), loss: 2.3095, logits_loss: 2.3095, aux_loss: 0.0000, lr: 0.00045899, epoch_time: 28.0min
Epoch:[1/1](15520/79390), loss: 2.7080, logits_loss: 2.7080, aux_loss: 0.0000, lr: 0.00045888, epoch_time: 28.0min
Epoch:[1/1](15540/79390), loss: 2.3744, logits_loss: 2.3744, aux_loss: 0.0000, lr: 0.00045878, epoch_time: 28.0min
Epoch:[1/1](15560/79390), loss: 2.3388, logits_loss: 2.3388, aux_loss: 0.0000, lr: 0.00045868, epoch_time: 28.0min
Epoch:[1/1](15580/79390), loss: 2.3517, logits_loss: 2.3517, aux_loss: 0.0000, lr: 0.00045858, epoch_time: 28.0min
Epoch:[1/1](15600/79390), loss: 2.5045, logits_loss: 2.5045, aux_loss: 0.0000, lr: 0.00045847, epoch_time: 28.0min
Epoch:[1/1](15620/79390), loss: 2.3846, logits_loss: 2.3846, aux_loss: 0.0000, lr: 0.00045837, epoch_time: 28.0min
Epoch:[1/1](15640/79390), loss: 2.2507, logits_loss: 2.2507, aux_loss: 0.0000, lr: 0.00045827, epoch_time: 28.0min
Epoch:[1/1](15660/79390), loss: 2.5939, logits_loss: 2.5939, aux_loss: 0.0000, lr: 0.00045816, epoch_time: 28.0min
Epoch:[1/1](15680/79390), loss: 2.5439, logits_loss: 2.5439, aux_loss: 0.0000, lr: 0.00045806, epoch_time: 28.0min
Epoch:[1/1](15700/79390), loss: 2.4589, logits_loss: 2.4589, aux_loss: 0.0000, lr: 0.00045796, epoch_time: 28.0min
Epoch:[1/1](15720/79390), loss: 2.5284, logits_loss: 2.5284, aux_loss: 0.0000, lr: 0.00045785, epoch_time: 28.0min
Epoch:[1/1](15740/79390), loss: 2.6034, logits_loss: 2.6034, aux_loss: 0.0000, lr: 0.00045775, epoch_time: 28.0min
Epoch:[1/1](15760/79390), loss: 2.6017, logits_loss: 2.6017, aux_loss: 0.0000, lr: 0.00045764, epoch_time: 28.0min
Epoch:[1/1](15780/79390), loss: 2.7488, logits_loss: 2.7488, aux_loss: 0.0000, lr: 0.00045754, epoch_time: 28.0min
Epoch:[1/1](15800/79390), loss: 2.6166, logits_loss: 2.6166, aux_loss: 0.0000, lr: 0.00045744, epoch_time: 28.0min
Epoch:[1/1](15820/79390), loss: 2.4744, logits_loss: 2.4744, aux_loss: 0.0000, lr: 0.00045733, epoch_time: 28.0min
Epoch:[1/1](15840/79390), loss: 2.5146, logits_loss: 2.5146, aux_loss: 0.0000, lr: 0.00045723, epoch_time: 28.0min
Epoch:[1/1](15860/79390), loss: 2.2552, logits_loss: 2.2552, aux_loss: 0.0000, lr: 0.00045712, epoch_time: 28.0min
Epoch:[1/1](15880/79390), loss: 2.6617, logits_loss: 2.6617, aux_loss: 0.0000, lr: 0.00045702, epoch_time: 28.0min
Epoch:[1/1](15900/79390), loss: 2.4101, logits_loss: 2.4101, aux_loss: 0.0000, lr: 0.00045691, epoch_time: 28.0min
Epoch:[1/1](15920/79390), loss: 2.6443, logits_loss: 2.6443, aux_loss: 0.0000, lr: 0.00045681, epoch_time: 28.0min
Epoch:[1/1](15940/79390), loss: 2.3496, logits_loss: 2.3496, aux_loss: 0.0000, lr: 0.00045670, epoch_time: 28.0min
Epoch:[1/1](15960/79390), loss: 2.6464, logits_loss: 2.6464, aux_loss: 0.0000, lr: 0.00045660, epoch_time: 28.0min
Epoch:[1/1](15980/79390), loss: 2.6616, logits_loss: 2.6616, aux_loss: 0.0000, lr: 0.00045649, epoch_time: 28.0min
Epoch:[1/1](16000/79390), loss: 2.4396, logits_loss: 2.4396, aux_loss: 0.0000, lr: 0.00045639, epoch_time: 28.0min
Epoch:[1/1](16020/79390), loss: 2.4104, logits_loss: 2.4104, aux_loss: 0.0000, lr: 0.00045628, epoch_time: 28.0min
Epoch:[1/1](16040/79390), loss: 2.2538, logits_loss: 2.2538, aux_loss: 0.0000, lr: 0.00045618, epoch_time: 28.0min
Epoch:[1/1](16060/79390), loss: 2.2850, logits_loss: 2.2850, aux_loss: 0.0000, lr: 0.00045607, epoch_time: 28.0min
Epoch:[1/1](16080/79390), loss: 2.4821, logits_loss: 2.4821, aux_loss: 0.0000, lr: 0.00045597, epoch_time: 28.0min
Epoch:[1/1](16100/79390), loss: 2.2972, logits_loss: 2.2972, aux_loss: 0.0000, lr: 0.00045586, epoch_time: 28.0min
Epoch:[1/1](16120/79390), loss: 2.3907, logits_loss: 2.3907, aux_loss: 0.0000, lr: 0.00045575, epoch_time: 28.0min
Epoch:[1/1](16140/79390), loss: 2.6060, logits_loss: 2.6060, aux_loss: 0.0000, lr: 0.00045565, epoch_time: 28.0min
Epoch:[1/1](16160/79390), loss: 2.4777, logits_loss: 2.4777, aux_loss: 0.0000, lr: 0.00045554, epoch_time: 28.0min
Epoch:[1/1](16180/79390), loss: 2.3155, logits_loss: 2.3155, aux_loss: 0.0000, lr: 0.00045544, epoch_time: 28.0min
Epoch:[1/1](16200/79390), loss: 2.5387, logits_loss: 2.5387, aux_loss: 0.0000, lr: 0.00045533, epoch_time: 28.0min
Epoch:[1/1](16220/79390), loss: 2.6153, logits_loss: 2.6153, aux_loss: 0.0000, lr: 0.00045522, epoch_time: 28.0min
Epoch:[1/1](16240/79390), loss: 2.4210, logits_loss: 2.4210, aux_loss: 0.0000, lr: 0.00045512, epoch_time: 28.0min
Epoch:[1/1](16260/79390), loss: 2.4759, logits_loss: 2.4759, aux_loss: 0.0000, lr: 0.00045501, epoch_time: 28.0min
Epoch:[1/1](16280/79390), loss: 2.5340, logits_loss: 2.5340, aux_loss: 0.0000, lr: 0.00045490, epoch_time: 28.0min
Epoch:[1/1](16300/79390), loss: 2.4936, logits_loss: 2.4936, aux_loss: 0.0000, lr: 0.00045480, epoch_time: 28.0min
Epoch:[1/1](16320/79390), loss: 2.4912, logits_loss: 2.4912, aux_loss: 0.0000, lr: 0.00045469, epoch_time: 28.0min
Epoch:[1/1](16340/79390), loss: 2.4029, logits_loss: 2.4029, aux_loss: 0.0000, lr: 0.00045458, epoch_time: 28.0min
Epoch:[1/1](16360/79390), loss: 2.6031, logits_loss: 2.6031, aux_loss: 0.0000, lr: 0.00045447, epoch_time: 28.0min
Epoch:[1/1](16380/79390), loss: 2.5570, logits_loss: 2.5570, aux_loss: 0.0000, lr: 0.00045437, epoch_time: 28.0min
Epoch:[1/1](16400/79390), loss: 2.6888, logits_loss: 2.6888, aux_loss: 0.0000, lr: 0.00045426, epoch_time: 28.0min
Epoch:[1/1](16420/79390), loss: 2.4939, logits_loss: 2.4939, aux_loss: 0.0000, lr: 0.00045415, epoch_time: 28.0min
Epoch:[1/1](16440/79390), loss: 2.4481, logits_loss: 2.4481, aux_loss: 0.0000, lr: 0.00045404, epoch_time: 28.0min
Epoch:[1/1](16460/79390), loss: 2.2760, logits_loss: 2.2760, aux_loss: 0.0000, lr: 0.00045393, epoch_time: 28.0min
Epoch:[1/1](16480/79390), loss: 2.4740, logits_loss: 2.4740, aux_loss: 0.0000, lr: 0.00045383, epoch_time: 28.0min
Epoch:[1/1](16500/79390), loss: 2.1731, logits_loss: 2.1731, aux_loss: 0.0000, lr: 0.00045372, epoch_time: 28.0min
Epoch:[1/1](16520/79390), loss: 2.4634, logits_loss: 2.4634, aux_loss: 0.0000, lr: 0.00045361, epoch_time: 28.0min
Epoch:[1/1](16540/79390), loss: 2.4559, logits_loss: 2.4559, aux_loss: 0.0000, lr: 0.00045350, epoch_time: 28.0min
Epoch:[1/1](16560/79390), loss: 2.4356, logits_loss: 2.4356, aux_loss: 0.0000, lr: 0.00045339, epoch_time: 28.0min
Epoch:[1/1](16580/79390), loss: 2.5524, logits_loss: 2.5524, aux_loss: 0.0000, lr: 0.00045329, epoch_time: 28.0min
Epoch:[1/1](16600/79390), loss: 2.2251, logits_loss: 2.2251, aux_loss: 0.0000, lr: 0.00045318, epoch_time: 28.0min
Epoch:[1/1](16620/79390), loss: 2.2645, logits_loss: 2.2645, aux_loss: 0.0000, lr: 0.00045307, epoch_time: 28.0min
Epoch:[1/1](16640/79390), loss: 2.6222, logits_loss: 2.6222, aux_loss: 0.0000, lr: 0.00045296, epoch_time: 28.0min
Epoch:[1/1](16660/79390), loss: 2.4168, logits_loss: 2.4168, aux_loss: 0.0000, lr: 0.00045285, epoch_time: 28.0min
Epoch:[1/1](16680/79390), loss: 2.3682, logits_loss: 2.3682, aux_loss: 0.0000, lr: 0.00045274, epoch_time: 28.0min
Epoch:[1/1](16700/79390), loss: 2.4492, logits_loss: 2.4492, aux_loss: 0.0000, lr: 0.00045263, epoch_time: 28.0min
Epoch:[1/1](16720/79390), loss: 2.5531, logits_loss: 2.5531, aux_loss: 0.0000, lr: 0.00045252, epoch_time: 28.0min
Epoch:[1/1](16740/79390), loss: 2.3955, logits_loss: 2.3955, aux_loss: 0.0000, lr: 0.00045241, epoch_time: 28.0min
Epoch:[1/1](16760/79390), loss: 2.4530, logits_loss: 2.4530, aux_loss: 0.0000, lr: 0.00045230, epoch_time: 28.0min
Epoch:[1/1](16780/79390), loss: 2.7396, logits_loss: 2.7396, aux_loss: 0.0000, lr: 0.00045219, epoch_time: 28.0min
Epoch:[1/1](16800/79390), loss: 2.5216, logits_loss: 2.5216, aux_loss: 0.0000, lr: 0.00045208, epoch_time: 28.0min
Epoch:[1/1](16820/79390), loss: 2.2010, logits_loss: 2.2010, aux_loss: 0.0000, lr: 0.00045197, epoch_time: 28.0min
Epoch:[1/1](16840/79390), loss: 2.5077, logits_loss: 2.5077, aux_loss: 0.0000, lr: 0.00045186, epoch_time: 28.0min
Epoch:[1/1](16860/79390), loss: 2.4165, logits_loss: 2.4165, aux_loss: 0.0000, lr: 0.00045175, epoch_time: 28.0min
Epoch:[1/1](16880/79390), loss: 2.5385, logits_loss: 2.5385, aux_loss: 0.0000, lr: 0.00045164, epoch_time: 28.0min
Epoch:[1/1](16900/79390), loss: 2.4278, logits_loss: 2.4278, aux_loss: 0.0000, lr: 0.00045153, epoch_time: 28.0min
Epoch:[1/1](16920/79390), loss: 2.4538, logits_loss: 2.4538, aux_loss: 0.0000, lr: 0.00045142, epoch_time: 28.0min
Epoch:[1/1](16940/79390), loss: 2.5362, logits_loss: 2.5362, aux_loss: 0.0000, lr: 0.00045131, epoch_time: 28.0min
Epoch:[1/1](16960/79390), loss: 2.6086, logits_loss: 2.6086, aux_loss: 0.0000, lr: 0.00045120, epoch_time: 28.0min
Epoch:[1/1](16980/79390), loss: 2.7021, logits_loss: 2.7021, aux_loss: 0.0000, lr: 0.00045109, epoch_time: 28.0min
Epoch:[1/1](17000/79390), loss: 2.6881, logits_loss: 2.6881, aux_loss: 0.0000, lr: 0.00045098, epoch_time: 28.0min
Epoch:[1/1](17020/79390), loss: 2.5695, logits_loss: 2.5695, aux_loss: 0.0000, lr: 0.00045087, epoch_time: 28.0min
Epoch:[1/1](17040/79390), loss: 2.5865, logits_loss: 2.5865, aux_loss: 0.0000, lr: 0.00045076, epoch_time: 28.0min
Epoch:[1/1](17060/79390), loss: 2.3743, logits_loss: 2.3743, aux_loss: 0.0000, lr: 0.00045065, epoch_time: 28.0min
Epoch:[1/1](17080/79390), loss: 2.4783, logits_loss: 2.4783, aux_loss: 0.0000, lr: 0.00045053, epoch_time: 28.0min
Epoch:[1/1](17100/79390), loss: 2.8035, logits_loss: 2.8035, aux_loss: 0.0000, lr: 0.00045042, epoch_time: 28.0min
Epoch:[1/1](17120/79390), loss: 2.7015, logits_loss: 2.7015, aux_loss: 0.0000, lr: 0.00045031, epoch_time: 28.0min
Epoch:[1/1](17140/79390), loss: 2.2543, logits_loss: 2.2543, aux_loss: 0.0000, lr: 0.00045020, epoch_time: 28.0min
Epoch:[1/1](17160/79390), loss: 2.4157, logits_loss: 2.4157, aux_loss: 0.0000, lr: 0.00045009, epoch_time: 28.0min
Epoch:[1/1](17180/79390), loss: 2.4465, logits_loss: 2.4465, aux_loss: 0.0000, lr: 0.00044998, epoch_time: 28.0min
Epoch:[1/1](17200/79390), loss: 2.3738, logits_loss: 2.3738, aux_loss: 0.0000, lr: 0.00044986, epoch_time: 28.0min
Epoch:[1/1](17220/79390), loss: 2.4774, logits_loss: 2.4774, aux_loss: 0.0000, lr: 0.00044975, epoch_time: 28.0min
Epoch:[1/1](17240/79390), loss: 2.5949, logits_loss: 2.5949, aux_loss: 0.0000, lr: 0.00044964, epoch_time: 28.0min
Epoch:[1/1](17260/79390), loss: 2.3019, logits_loss: 2.3019, aux_loss: 0.0000, lr: 0.00044953, epoch_time: 28.0min
Epoch:[1/1](17280/79390), loss: 2.4821, logits_loss: 2.4821, aux_loss: 0.0000, lr: 0.00044942, epoch_time: 28.0min
Epoch:[1/1](17300/79390), loss: 2.5846, logits_loss: 2.5846, aux_loss: 0.0000, lr: 0.00044930, epoch_time: 28.0min
Epoch:[1/1](17320/79390), loss: 2.3335, logits_loss: 2.3335, aux_loss: 0.0000, lr: 0.00044919, epoch_time: 28.0min
Epoch:[1/1](17340/79390), loss: 2.7890, logits_loss: 2.7890, aux_loss: 0.0000, lr: 0.00044908, epoch_time: 28.0min
Epoch:[1/1](17360/79390), loss: 2.3855, logits_loss: 2.3855, aux_loss: 0.0000, lr: 0.00044896, epoch_time: 28.0min
Epoch:[1/1](17380/79390), loss: 2.6653, logits_loss: 2.6653, aux_loss: 0.0000, lr: 0.00044885, epoch_time: 28.0min
Epoch:[1/1](17400/79390), loss: 2.8210, logits_loss: 2.8210, aux_loss: 0.0000, lr: 0.00044874, epoch_time: 28.0min
Epoch:[1/1](17420/79390), loss: 2.4329, logits_loss: 2.4329, aux_loss: 0.0000, lr: 0.00044863, epoch_time: 28.0min
Epoch:[1/1](17440/79390), loss: 2.5608, logits_loss: 2.5608, aux_loss: 0.0000, lr: 0.00044851, epoch_time: 28.0min
Epoch:[1/1](17460/79390), loss: 2.1838, logits_loss: 2.1838, aux_loss: 0.0000, lr: 0.00044840, epoch_time: 28.0min
Epoch:[1/1](17480/79390), loss: 2.6513, logits_loss: 2.6513, aux_loss: 0.0000, lr: 0.00044828, epoch_time: 28.0min
Epoch:[1/1](17500/79390), loss: 2.6974, logits_loss: 2.6974, aux_loss: 0.0000, lr: 0.00044817, epoch_time: 27.0min
Epoch:[1/1](17520/79390), loss: 2.5765, logits_loss: 2.5765, aux_loss: 0.0000, lr: 0.00044806, epoch_time: 27.0min
Epoch:[1/1](17540/79390), loss: 2.2913, logits_loss: 2.2913, aux_loss: 0.0000, lr: 0.00044794, epoch_time: 27.0min
Epoch:[1/1](17560/79390), loss: 2.4029, logits_loss: 2.4029, aux_loss: 0.0000, lr: 0.00044783, epoch_time: 27.0min
Epoch:[1/1](17580/79390), loss: 2.5007, logits_loss: 2.5007, aux_loss: 0.0000, lr: 0.00044772, epoch_time: 27.0min
Epoch:[1/1](17600/79390), loss: 2.3465, logits_loss: 2.3465, aux_loss: 0.0000, lr: 0.00044760, epoch_time: 27.0min
Epoch:[1/1](17620/79390), loss: 2.6978, logits_loss: 2.6978, aux_loss: 0.0000, lr: 0.00044749, epoch_time: 27.0min
Epoch:[1/1](17640/79390), loss: 2.4872, logits_loss: 2.4872, aux_loss: 0.0000, lr: 0.00044737, epoch_time: 27.0min
Epoch:[1/1](17660/79390), loss: 2.3220, logits_loss: 2.3220, aux_loss: 0.0000, lr: 0.00044726, epoch_time: 27.0min
Epoch:[1/1](17680/79390), loss: 2.4348, logits_loss: 2.4348, aux_loss: 0.0000, lr: 0.00044714, epoch_time: 27.0min
Epoch:[1/1](17700/79390), loss: 2.3393, logits_loss: 2.3393, aux_loss: 0.0000, lr: 0.00044703, epoch_time: 27.0min
Epoch:[1/1](17720/79390), loss: 2.3943, logits_loss: 2.3943, aux_loss: 0.0000, lr: 0.00044691, epoch_time: 27.0min
Epoch:[1/1](17740/79390), loss: 2.3099, logits_loss: 2.3099, aux_loss: 0.0000, lr: 0.00044680, epoch_time: 27.0min
Epoch:[1/1](17760/79390), loss: 2.4500, logits_loss: 2.4500, aux_loss: 0.0000, lr: 0.00044668, epoch_time: 27.0min
Epoch:[1/1](17780/79390), loss: 2.3278, logits_loss: 2.3278, aux_loss: 0.0000, lr: 0.00044657, epoch_time: 27.0min
Epoch:[1/1](17800/79390), loss: 2.4242, logits_loss: 2.4242, aux_loss: 0.0000, lr: 0.00044645, epoch_time: 27.0min
Epoch:[1/1](17820/79390), loss: 2.5449, logits_loss: 2.5449, aux_loss: 0.0000, lr: 0.00044634, epoch_time: 27.0min
Epoch:[1/1](17840/79390), loss: 2.5385, logits_loss: 2.5385, aux_loss: 0.0000, lr: 0.00044622, epoch_time: 27.0min
Epoch:[1/1](17860/79390), loss: 2.7036, logits_loss: 2.7036, aux_loss: 0.0000, lr: 0.00044611, epoch_time: 27.0min
Epoch:[1/1](17880/79390), loss: 2.4805, logits_loss: 2.4805, aux_loss: 0.0000, lr: 0.00044599, epoch_time: 27.0min
Epoch:[1/1](17900/79390), loss: 2.3638, logits_loss: 2.3638, aux_loss: 0.0000, lr: 0.00044588, epoch_time: 27.0min
Epoch:[1/1](17920/79390), loss: 2.2955, logits_loss: 2.2955, aux_loss: 0.0000, lr: 0.00044576, epoch_time: 27.0min
Epoch:[1/1](17940/79390), loss: 2.5908, logits_loss: 2.5908, aux_loss: 0.0000, lr: 0.00044564, epoch_time: 27.0min
Epoch:[1/1](17960/79390), loss: 2.4491, logits_loss: 2.4491, aux_loss: 0.0000, lr: 0.00044553, epoch_time: 27.0min
Epoch:[1/1](17980/79390), loss: 2.5009, logits_loss: 2.5009, aux_loss: 0.0000, lr: 0.00044541, epoch_time: 27.0min
Epoch:[1/1](18000/79390), loss: 2.7275, logits_loss: 2.7275, aux_loss: 0.0000, lr: 0.00044530, epoch_time: 27.0min
Epoch:[1/1](18020/79390), loss: 2.2924, logits_loss: 2.2924, aux_loss: 0.0000, lr: 0.00044518, epoch_time: 27.0min
Epoch:[1/1](18040/79390), loss: 2.6673, logits_loss: 2.6673, aux_loss: 0.0000, lr: 0.00044506, epoch_time: 27.0min
Epoch:[1/1](18060/79390), loss: 2.2354, logits_loss: 2.2354, aux_loss: 0.0000, lr: 0.00044495, epoch_time: 27.0min
Epoch:[1/1](18080/79390), loss: 2.5431, logits_loss: 2.5431, aux_loss: 0.0000, lr: 0.00044483, epoch_time: 27.0min
Epoch:[1/1](18100/79390), loss: 2.3404, logits_loss: 2.3404, aux_loss: 0.0000, lr: 0.00044471, epoch_time: 27.0min
Epoch:[1/1](18120/79390), loss: 2.3015, logits_loss: 2.3015, aux_loss: 0.0000, lr: 0.00044459, epoch_time: 27.0min
Epoch:[1/1](18140/79390), loss: 2.3682, logits_loss: 2.3682, aux_loss: 0.0000, lr: 0.00044448, epoch_time: 27.0min
Epoch:[1/1](18160/79390), loss: 2.4709, logits_loss: 2.4709, aux_loss: 0.0000, lr: 0.00044436, epoch_time: 27.0min
Epoch:[1/1](18180/79390), loss: 2.2762, logits_loss: 2.2762, aux_loss: 0.0000, lr: 0.00044424, epoch_time: 27.0min
Epoch:[1/1](18200/79390), loss: 2.5041, logits_loss: 2.5041, aux_loss: 0.0000, lr: 0.00044413, epoch_time: 27.0min
Epoch:[1/1](18220/79390), loss: 2.6958, logits_loss: 2.6958, aux_loss: 0.0000, lr: 0.00044401, epoch_time: 27.0min
Epoch:[1/1](18240/79390), loss: 2.5293, logits_loss: 2.5293, aux_loss: 0.0000, lr: 0.00044389, epoch_time: 27.0min
Epoch:[1/1](18260/79390), loss: 2.2568, logits_loss: 2.2568, aux_loss: 0.0000, lr: 0.00044377, epoch_time: 27.0min
Epoch:[1/1](18280/79390), loss: 2.4739, logits_loss: 2.4739, aux_loss: 0.0000, lr: 0.00044366, epoch_time: 27.0min
Epoch:[1/1](18300/79390), loss: 2.5451, logits_loss: 2.5451, aux_loss: 0.0000, lr: 0.00044354, epoch_time: 27.0min
Epoch:[1/1](18320/79390), loss: 2.4181, logits_loss: 2.4181, aux_loss: 0.0000, lr: 0.00044342, epoch_time: 27.0min
Epoch:[1/1](18340/79390), loss: 2.1964, logits_loss: 2.1964, aux_loss: 0.0000, lr: 0.00044330, epoch_time: 27.0min
Epoch:[1/1](18360/79390), loss: 2.4110, logits_loss: 2.4110, aux_loss: 0.0000, lr: 0.00044318, epoch_time: 27.0min
Epoch:[1/1](18380/79390), loss: 2.2824, logits_loss: 2.2824, aux_loss: 0.0000, lr: 0.00044306, epoch_time: 27.0min
Epoch:[1/1](18400/79390), loss: 2.7668, logits_loss: 2.7668, aux_loss: 0.0000, lr: 0.00044295, epoch_time: 27.0min
Epoch:[1/1](18420/79390), loss: 2.2997, logits_loss: 2.2997, aux_loss: 0.0000, lr: 0.00044283, epoch_time: 27.0min
Epoch:[1/1](18440/79390), loss: 2.5046, logits_loss: 2.5046, aux_loss: 0.0000, lr: 0.00044271, epoch_time: 27.0min
Epoch:[1/1](18460/79390), loss: 2.2654, logits_loss: 2.2654, aux_loss: 0.0000, lr: 0.00044259, epoch_time: 27.0min
Epoch:[1/1](18480/79390), loss: 2.0037, logits_loss: 2.0037, aux_loss: 0.0000, lr: 0.00044247, epoch_time: 27.0min
Epoch:[1/1](18500/79390), loss: 2.3109, logits_loss: 2.3109, aux_loss: 0.0000, lr: 0.00044235, epoch_time: 27.0min
Epoch:[1/1](18520/79390), loss: 2.5332, logits_loss: 2.5332, aux_loss: 0.0000, lr: 0.00044223, epoch_time: 27.0min
Epoch:[1/1](18540/79390), loss: 2.7735, logits_loss: 2.7735, aux_loss: 0.0000, lr: 0.00044211, epoch_time: 27.0min
Epoch:[1/1](18560/79390), loss: 2.5268, logits_loss: 2.5268, aux_loss: 0.0000, lr: 0.00044199, epoch_time: 27.0min
Epoch:[1/1](18580/79390), loss: 2.3249, logits_loss: 2.3249, aux_loss: 0.0000, lr: 0.00044188, epoch_time: 27.0min
Epoch:[1/1](18600/79390), loss: 2.3142, logits_loss: 2.3142, aux_loss: 0.0000, lr: 0.00044176, epoch_time: 27.0min
Epoch:[1/1](18620/79390), loss: 2.5442, logits_loss: 2.5442, aux_loss: 0.0000, lr: 0.00044164, epoch_time: 27.0min
Epoch:[1/1](18640/79390), loss: 2.5703, logits_loss: 2.5703, aux_loss: 0.0000, lr: 0.00044152, epoch_time: 27.0min
Epoch:[1/1](18660/79390), loss: 2.5043, logits_loss: 2.5043, aux_loss: 0.0000, lr: 0.00044140, epoch_time: 27.0min
Epoch:[1/1](18680/79390), loss: 2.6273, logits_loss: 2.6273, aux_loss: 0.0000, lr: 0.00044128, epoch_time: 27.0min
Epoch:[1/1](18700/79390), loss: 2.3288, logits_loss: 2.3288, aux_loss: 0.0000, lr: 0.00044116, epoch_time: 27.0min
Epoch:[1/1](18720/79390), loss: 2.5335, logits_loss: 2.5335, aux_loss: 0.0000, lr: 0.00044104, epoch_time: 27.0min
Epoch:[1/1](18740/79390), loss: 2.3270, logits_loss: 2.3270, aux_loss: 0.0000, lr: 0.00044092, epoch_time: 27.0min
Epoch:[1/1](18760/79390), loss: 2.4950, logits_loss: 2.4950, aux_loss: 0.0000, lr: 0.00044080, epoch_time: 27.0min
Epoch:[1/1](18780/79390), loss: 2.8756, logits_loss: 2.8756, aux_loss: 0.0000, lr: 0.00044068, epoch_time: 27.0min
Epoch:[1/1](18800/79390), loss: 2.5337, logits_loss: 2.5337, aux_loss: 0.0000, lr: 0.00044056, epoch_time: 27.0min
Epoch:[1/1](18820/79390), loss: 2.3421, logits_loss: 2.3421, aux_loss: 0.0000, lr: 0.00044043, epoch_time: 27.0min
Epoch:[1/1](18840/79390), loss: 2.4059, logits_loss: 2.4059, aux_loss: 0.0000, lr: 0.00044031, epoch_time: 27.0min
Epoch:[1/1](18860/79390), loss: 2.7616, logits_loss: 2.7616, aux_loss: 0.0000, lr: 0.00044019, epoch_time: 27.0min
Epoch:[1/1](18880/79390), loss: 2.4609, logits_loss: 2.4609, aux_loss: 0.0000, lr: 0.00044007, epoch_time: 27.0min
Epoch:[1/1](18900/79390), loss: 2.5510, logits_loss: 2.5510, aux_loss: 0.0000, lr: 0.00043995, epoch_time: 27.0min
Epoch:[1/1](18920/79390), loss: 2.4678, logits_loss: 2.4678, aux_loss: 0.0000, lr: 0.00043983, epoch_time: 27.0min
Epoch:[1/1](18940/79390), loss: 2.4777, logits_loss: 2.4777, aux_loss: 0.0000, lr: 0.00043971, epoch_time: 27.0min
Epoch:[1/1](18960/79390), loss: 2.3776, logits_loss: 2.3776, aux_loss: 0.0000, lr: 0.00043959, epoch_time: 27.0min
Epoch:[1/1](18980/79390), loss: 2.1053, logits_loss: 2.1053, aux_loss: 0.0000, lr: 0.00043947, epoch_time: 27.0min
Epoch:[1/1](19000/79390), loss: 2.3956, logits_loss: 2.3956, aux_loss: 0.0000, lr: 0.00043934, epoch_time: 27.0min
Epoch:[1/1](19020/79390), loss: 2.5399, logits_loss: 2.5399, aux_loss: 0.0000, lr: 0.00043922, epoch_time: 27.0min
Epoch:[1/1](19040/79390), loss: 2.6616, logits_loss: 2.6616, aux_loss: 0.0000, lr: 0.00043910, epoch_time: 27.0min
Epoch:[1/1](19060/79390), loss: 2.6127, logits_loss: 2.6127, aux_loss: 0.0000, lr: 0.00043898, epoch_time: 27.0min
Epoch:[1/1](19080/79390), loss: 2.5739, logits_loss: 2.5739, aux_loss: 0.0000, lr: 0.00043886, epoch_time: 27.0min
Epoch:[1/1](19100/79390), loss: 2.4331, logits_loss: 2.4331, aux_loss: 0.0000, lr: 0.00043873, epoch_time: 27.0min
Epoch:[1/1](19120/79390), loss: 2.7069, logits_loss: 2.7069, aux_loss: 0.0000, lr: 0.00043861, epoch_time: 27.0min
Epoch:[1/1](19140/79390), loss: 2.2024, logits_loss: 2.2024, aux_loss: 0.0000, lr: 0.00043849, epoch_time: 27.0min
Epoch:[1/1](19160/79390), loss: 2.3945, logits_loss: 2.3945, aux_loss: 0.0000, lr: 0.00043837, epoch_time: 27.0min
Epoch:[1/1](19180/79390), loss: 2.3478, logits_loss: 2.3478, aux_loss: 0.0000, lr: 0.00043825, epoch_time: 27.0min
Epoch:[1/1](19200/79390), loss: 2.3446, logits_loss: 2.3446, aux_loss: 0.0000, lr: 0.00043812, epoch_time: 27.0min
Epoch:[1/1](19220/79390), loss: 2.3913, logits_loss: 2.3913, aux_loss: 0.0000, lr: 0.00043800, epoch_time: 27.0min
Epoch:[1/1](19240/79390), loss: 2.2965, logits_loss: 2.2965, aux_loss: 0.0000, lr: 0.00043788, epoch_time: 27.0min
Epoch:[1/1](19260/79390), loss: 2.1750, logits_loss: 2.1750, aux_loss: 0.0000, lr: 0.00043775, epoch_time: 27.0min
Epoch:[1/1](19280/79390), loss: 2.4036, logits_loss: 2.4036, aux_loss: 0.0000, lr: 0.00043763, epoch_time: 27.0min
Epoch:[1/1](19300/79390), loss: 2.5877, logits_loss: 2.5877, aux_loss: 0.0000, lr: 0.00043751, epoch_time: 27.0min
Epoch:[1/1](19320/79390), loss: 2.2990, logits_loss: 2.2990, aux_loss: 0.0000, lr: 0.00043739, epoch_time: 27.0min
Epoch:[1/1](19340/79390), loss: 2.3715, logits_loss: 2.3715, aux_loss: 0.0000, lr: 0.00043726, epoch_time: 27.0min
Epoch:[1/1](19360/79390), loss: 2.3342, logits_loss: 2.3342, aux_loss: 0.0000, lr: 0.00043714, epoch_time: 27.0min
Epoch:[1/1](19380/79390), loss: 2.7461, logits_loss: 2.7461, aux_loss: 0.0000, lr: 0.00043701, epoch_time: 27.0min
Epoch:[1/1](19400/79390), loss: 2.8515, logits_loss: 2.8515, aux_loss: 0.0000, lr: 0.00043689, epoch_time: 27.0min
Epoch:[1/1](19420/79390), loss: 2.4510, logits_loss: 2.4510, aux_loss: 0.0000, lr: 0.00043677, epoch_time: 27.0min
Epoch:[1/1](19440/79390), loss: 2.4157, logits_loss: 2.4157, aux_loss: 0.0000, lr: 0.00043664, epoch_time: 27.0min
Epoch:[1/1](19460/79390), loss: 2.4786, logits_loss: 2.4786, aux_loss: 0.0000, lr: 0.00043652, epoch_time: 27.0min
Epoch:[1/1](19480/79390), loss: 2.5040, logits_loss: 2.5040, aux_loss: 0.0000, lr: 0.00043640, epoch_time: 27.0min
Epoch:[1/1](19500/79390), loss: 2.2050, logits_loss: 2.2050, aux_loss: 0.0000, lr: 0.00043627, epoch_time: 27.0min
Epoch:[1/1](19520/79390), loss: 2.3194, logits_loss: 2.3194, aux_loss: 0.0000, lr: 0.00043615, epoch_time: 27.0min
Epoch:[1/1](19540/79390), loss: 2.3601, logits_loss: 2.3601, aux_loss: 0.0000, lr: 0.00043602, epoch_time: 27.0min
Epoch:[1/1](19560/79390), loss: 2.4124, logits_loss: 2.4124, aux_loss: 0.0000, lr: 0.00043590, epoch_time: 27.0min
Epoch:[1/1](19580/79390), loss: 2.2471, logits_loss: 2.2471, aux_loss: 0.0000, lr: 0.00043577, epoch_time: 27.0min
Epoch:[1/1](19600/79390), loss: 2.4646, logits_loss: 2.4646, aux_loss: 0.0000, lr: 0.00043565, epoch_time: 27.0min
Epoch:[1/1](19620/79390), loss: 2.3768, logits_loss: 2.3768, aux_loss: 0.0000, lr: 0.00043552, epoch_time: 27.0min
Epoch:[1/1](19640/79390), loss: 2.3988, logits_loss: 2.3988, aux_loss: 0.0000, lr: 0.00043540, epoch_time: 26.0min
Epoch:[1/1](19660/79390), loss: 2.5714, logits_loss: 2.5714, aux_loss: 0.0000, lr: 0.00043528, epoch_time: 26.0min
Epoch:[1/1](19680/79390), loss: 2.5450, logits_loss: 2.5450, aux_loss: 0.0000, lr: 0.00043515, epoch_time: 26.0min
Epoch:[1/1](19700/79390), loss: 2.3199, logits_loss: 2.3199, aux_loss: 0.0000, lr: 0.00043502, epoch_time: 26.0min
Epoch:[1/1](19720/79390), loss: 2.5238, logits_loss: 2.5238, aux_loss: 0.0000, lr: 0.00043490, epoch_time: 26.0min
Epoch:[1/1](19740/79390), loss: 2.5033, logits_loss: 2.5033, aux_loss: 0.0000, lr: 0.00043477, epoch_time: 26.0min
Epoch:[1/1](19760/79390), loss: 2.3614, logits_loss: 2.3614, aux_loss: 0.0000, lr: 0.00043465, epoch_time: 26.0min
Epoch:[1/1](19780/79390), loss: 2.5418, logits_loss: 2.5418, aux_loss: 0.0000, lr: 0.00043452, epoch_time: 26.0min
Epoch:[1/1](19800/79390), loss: 2.2209, logits_loss: 2.2209, aux_loss: 0.0000, lr: 0.00043440, epoch_time: 26.0min
Epoch:[1/1](19820/79390), loss: 2.1646, logits_loss: 2.1646, aux_loss: 0.0000, lr: 0.00043427, epoch_time: 26.0min
Epoch:[1/1](19840/79390), loss: 2.2474, logits_loss: 2.2474, aux_loss: 0.0000, lr: 0.00043415, epoch_time: 26.0min
Epoch:[1/1](19860/79390), loss: 2.4408, logits_loss: 2.4408, aux_loss: 0.0000, lr: 0.00043402, epoch_time: 26.0min
Epoch:[1/1](19880/79390), loss: 2.4080, logits_loss: 2.4080, aux_loss: 0.0000, lr: 0.00043389, epoch_time: 26.0min
Epoch:[1/1](19900/79390), loss: 2.1003, logits_loss: 2.1003, aux_loss: 0.0000, lr: 0.00043377, epoch_time: 26.0min
Epoch:[1/1](19920/79390), loss: 2.3067, logits_loss: 2.3067, aux_loss: 0.0000, lr: 0.00043364, epoch_time: 26.0min
Epoch:[1/1](19940/79390), loss: 2.4746, logits_loss: 2.4746, aux_loss: 0.0000, lr: 0.00043352, epoch_time: 26.0min
Epoch:[1/1](19960/79390), loss: 2.3927, logits_loss: 2.3927, aux_loss: 0.0000, lr: 0.00043339, epoch_time: 26.0min
Epoch:[1/1](19980/79390), loss: 2.6002, logits_loss: 2.6002, aux_loss: 0.0000, lr: 0.00043326, epoch_time: 26.0min
Epoch:[1/1](20000/79390), loss: 2.2312, logits_loss: 2.2312, aux_loss: 0.0000, lr: 0.00043314, epoch_time: 26.0min
Epoch:[1/1](20020/79390), loss: 2.1839, logits_loss: 2.1839, aux_loss: 0.0000, lr: 0.00043301, epoch_time: 26.0min
Epoch:[1/1](20040/79390), loss: 2.2362, logits_loss: 2.2362, aux_loss: 0.0000, lr: 0.00043288, epoch_time: 26.0min
Epoch:[1/1](20060/79390), loss: 2.5207, logits_loss: 2.5207, aux_loss: 0.0000, lr: 0.00043276, epoch_time: 26.0min
Epoch:[1/1](20080/79390), loss: 2.3697, logits_loss: 2.3697, aux_loss: 0.0000, lr: 0.00043263, epoch_time: 26.0min
Epoch:[1/1](20100/79390), loss: 2.5475, logits_loss: 2.5475, aux_loss: 0.0000, lr: 0.00043250, epoch_time: 26.0min
Epoch:[1/1](20120/79390), loss: 2.3808, logits_loss: 2.3808, aux_loss: 0.0000, lr: 0.00043237, epoch_time: 26.0min
Epoch:[1/1](20140/79390), loss: 2.3178, logits_loss: 2.3178, aux_loss: 0.0000, lr: 0.00043225, epoch_time: 26.0min
Epoch:[1/1](20160/79390), loss: 2.2086, logits_loss: 2.2086, aux_loss: 0.0000, lr: 0.00043212, epoch_time: 26.0min
Epoch:[1/1](20180/79390), loss: 2.1718, logits_loss: 2.1718, aux_loss: 0.0000, lr: 0.00043199, epoch_time: 26.0min
Epoch:[1/1](20200/79390), loss: 2.5022, logits_loss: 2.5022, aux_loss: 0.0000, lr: 0.00043186, epoch_time: 26.0min
Epoch:[1/1](20220/79390), loss: 2.6814, logits_loss: 2.6814, aux_loss: 0.0000, lr: 0.00043174, epoch_time: 26.0min
Epoch:[1/1](20240/79390), loss: 2.5970, logits_loss: 2.5970, aux_loss: 0.0000, lr: 0.00043161, epoch_time: 26.0min
Epoch:[1/1](20260/79390), loss: 2.1309, logits_loss: 2.1309, aux_loss: 0.0000, lr: 0.00043148, epoch_time: 26.0min
Epoch:[1/1](20280/79390), loss: 2.3686, logits_loss: 2.3686, aux_loss: 0.0000, lr: 0.00043135, epoch_time: 26.0min
Epoch:[1/1](20300/79390), loss: 2.2769, logits_loss: 2.2769, aux_loss: 0.0000, lr: 0.00043122, epoch_time: 26.0min
Epoch:[1/1](20320/79390), loss: 2.3773, logits_loss: 2.3773, aux_loss: 0.0000, lr: 0.00043110, epoch_time: 26.0min
Epoch:[1/1](20340/79390), loss: 2.3721, logits_loss: 2.3721, aux_loss: 0.0000, lr: 0.00043097, epoch_time: 26.0min
Epoch:[1/1](20360/79390), loss: 2.4430, logits_loss: 2.4430, aux_loss: 0.0000, lr: 0.00043084, epoch_time: 26.0min
Epoch:[1/1](20380/79390), loss: 2.9167, logits_loss: 2.9167, aux_loss: 0.0000, lr: 0.00043071, epoch_time: 26.0min
Epoch:[1/1](20400/79390), loss: 2.3262, logits_loss: 2.3262, aux_loss: 0.0000, lr: 0.00043058, epoch_time: 26.0min
Epoch:[1/1](20420/79390), loss: 2.4012, logits_loss: 2.4012, aux_loss: 0.0000, lr: 0.00043045, epoch_time: 26.0min
Epoch:[1/1](20440/79390), loss: 2.1804, logits_loss: 2.1804, aux_loss: 0.0000, lr: 0.00043033, epoch_time: 26.0min
Epoch:[1/1](20460/79390), loss: 2.1983, logits_loss: 2.1983, aux_loss: 0.0000, lr: 0.00043020, epoch_time: 26.0min
Epoch:[1/1](20480/79390), loss: 2.3613, logits_loss: 2.3613, aux_loss: 0.0000, lr: 0.00043007, epoch_time: 26.0min
Epoch:[1/1](20500/79390), loss: 2.2097, logits_loss: 2.2097, aux_loss: 0.0000, lr: 0.00042994, epoch_time: 26.0min
Epoch:[1/1](20520/79390), loss: 2.3002, logits_loss: 2.3002, aux_loss: 0.0000, lr: 0.00042981, epoch_time: 26.0min
Epoch:[1/1](20540/79390), loss: 2.3978, logits_loss: 2.3978, aux_loss: 0.0000, lr: 0.00042968, epoch_time: 26.0min
Epoch:[1/1](20560/79390), loss: 2.3878, logits_loss: 2.3878, aux_loss: 0.0000, lr: 0.00042955, epoch_time: 26.0min
Epoch:[1/1](20580/79390), loss: 2.3721, logits_loss: 2.3721, aux_loss: 0.0000, lr: 0.00042942, epoch_time: 26.0min
Epoch:[1/1](20600/79390), loss: 2.6596, logits_loss: 2.6596, aux_loss: 0.0000, lr: 0.00042929, epoch_time: 26.0min
Epoch:[1/1](20620/79390), loss: 2.4049, logits_loss: 2.4049, aux_loss: 0.0000, lr: 0.00042916, epoch_time: 26.0min
Epoch:[1/1](20640/79390), loss: 2.5550, logits_loss: 2.5550, aux_loss: 0.0000, lr: 0.00042903, epoch_time: 26.0min
Epoch:[1/1](20660/79390), loss: 2.1031, logits_loss: 2.1031, aux_loss: 0.0000, lr: 0.00042890, epoch_time: 26.0min
Epoch:[1/1](20680/79390), loss: 2.3987, logits_loss: 2.3987, aux_loss: 0.0000, lr: 0.00042877, epoch_time: 26.0min
Epoch:[1/1](20700/79390), loss: 2.2118, logits_loss: 2.2118, aux_loss: 0.0000, lr: 0.00042864, epoch_time: 26.0min
Epoch:[1/1](20720/79390), loss: 2.6265, logits_loss: 2.6265, aux_loss: 0.0000, lr: 0.00042851, epoch_time: 26.0min
Epoch:[1/1](20740/79390), loss: 2.3415, logits_loss: 2.3415, aux_loss: 0.0000, lr: 0.00042838, epoch_time: 26.0min
Epoch:[1/1](20760/79390), loss: 2.3055, logits_loss: 2.3055, aux_loss: 0.0000, lr: 0.00042825, epoch_time: 26.0min
Epoch:[1/1](20780/79390), loss: 2.2397, logits_loss: 2.2397, aux_loss: 0.0000, lr: 0.00042812, epoch_time: 26.0min
Epoch:[1/1](20800/79390), loss: 2.3581, logits_loss: 2.3581, aux_loss: 0.0000, lr: 0.00042799, epoch_time: 26.0min
Epoch:[1/1](20820/79390), loss: 2.2863, logits_loss: 2.2863, aux_loss: 0.0000, lr: 0.00042786, epoch_time: 26.0min
Epoch:[1/1](20840/79390), loss: 2.2713, logits_loss: 2.2713, aux_loss: 0.0000, lr: 0.00042773, epoch_time: 26.0min
Epoch:[1/1](20860/79390), loss: 2.5020, logits_loss: 2.5020, aux_loss: 0.0000, lr: 0.00042760, epoch_time: 26.0min
Epoch:[1/1](20880/79390), loss: 2.3894, logits_loss: 2.3894, aux_loss: 0.0000, lr: 0.00042747, epoch_time: 26.0min
Epoch:[1/1](20900/79390), loss: 2.3423, logits_loss: 2.3423, aux_loss: 0.0000, lr: 0.00042734, epoch_time: 26.0min
Epoch:[1/1](20920/79390), loss: 2.4652, logits_loss: 2.4652, aux_loss: 0.0000, lr: 0.00042721, epoch_time: 26.0min
Epoch:[1/1](20940/79390), loss: 2.4134, logits_loss: 2.4134, aux_loss: 0.0000, lr: 0.00042707, epoch_time: 26.0min
Epoch:[1/1](20960/79390), loss: 2.5957, logits_loss: 2.5957, aux_loss: 0.0000, lr: 0.00042694, epoch_time: 26.0min
Epoch:[1/1](20980/79390), loss: 2.2790, logits_loss: 2.2790, aux_loss: 0.0000, lr: 0.00042681, epoch_time: 26.0min
Epoch:[1/1](21000/79390), loss: 2.3139, logits_loss: 2.3139, aux_loss: 0.0000, lr: 0.00042668, epoch_time: 26.0min
Epoch:[1/1](21020/79390), loss: 2.3781, logits_loss: 2.3781, aux_loss: 0.0000, lr: 0.00042655, epoch_time: 26.0min
Epoch:[1/1](21040/79390), loss: 2.4058, logits_loss: 2.4058, aux_loss: 0.0000, lr: 0.00042642, epoch_time: 26.0min
Epoch:[1/1](21060/79390), loss: 2.6715, logits_loss: 2.6715, aux_loss: 0.0000, lr: 0.00042629, epoch_time: 26.0min
Epoch:[1/1](21080/79390), loss: 2.2310, logits_loss: 2.2310, aux_loss: 0.0000, lr: 0.00042615, epoch_time: 26.0min
Epoch:[1/1](21100/79390), loss: 2.3456, logits_loss: 2.3456, aux_loss: 0.0000, lr: 0.00042602, epoch_time: 26.0min
Epoch:[1/1](21120/79390), loss: 2.4642, logits_loss: 2.4642, aux_loss: 0.0000, lr: 0.00042589, epoch_time: 26.0min
Epoch:[1/1](21140/79390), loss: 2.1275, logits_loss: 2.1275, aux_loss: 0.0000, lr: 0.00042576, epoch_time: 26.0min
Epoch:[1/1](21160/79390), loss: 2.1251, logits_loss: 2.1251, aux_loss: 0.0000, lr: 0.00042562, epoch_time: 26.0min
Epoch:[1/1](21180/79390), loss: 2.3595, logits_loss: 2.3595, aux_loss: 0.0000, lr: 0.00042549, epoch_time: 26.0min
Epoch:[1/1](21200/79390), loss: 2.4869, logits_loss: 2.4869, aux_loss: 0.0000, lr: 0.00042536, epoch_time: 26.0min
Epoch:[1/1](21220/79390), loss: 2.1911, logits_loss: 2.1911, aux_loss: 0.0000, lr: 0.00042523, epoch_time: 26.0min
Epoch:[1/1](21240/79390), loss: 2.2264, logits_loss: 2.2264, aux_loss: 0.0000, lr: 0.00042510, epoch_time: 26.0min
Epoch:[1/1](21260/79390), loss: 2.4197, logits_loss: 2.4197, aux_loss: 0.0000, lr: 0.00042496, epoch_time: 26.0min
Epoch:[1/1](21280/79390), loss: 2.2948, logits_loss: 2.2948, aux_loss: 0.0000, lr: 0.00042483, epoch_time: 26.0min
Epoch:[1/1](21300/79390), loss: 2.5672, logits_loss: 2.5672, aux_loss: 0.0000, lr: 0.00042470, epoch_time: 26.0min
Epoch:[1/1](21320/79390), loss: 2.2508, logits_loss: 2.2508, aux_loss: 0.0000, lr: 0.00042456, epoch_time: 26.0min
Epoch:[1/1](21340/79390), loss: 2.1573, logits_loss: 2.1573, aux_loss: 0.0000, lr: 0.00042443, epoch_time: 26.0min
Epoch:[1/1](21360/79390), loss: 2.5182, logits_loss: 2.5182, aux_loss: 0.0000, lr: 0.00042430, epoch_time: 26.0min
Epoch:[1/1](21380/79390), loss: 2.4991, logits_loss: 2.4991, aux_loss: 0.0000, lr: 0.00042416, epoch_time: 26.0min
Epoch:[1/1](21400/79390), loss: 2.1571, logits_loss: 2.1571, aux_loss: 0.0000, lr: 0.00042403, epoch_time: 26.0min
Epoch:[1/1](21420/79390), loss: 2.4008, logits_loss: 2.4008, aux_loss: 0.0000, lr: 0.00042390, epoch_time: 26.0min
Epoch:[1/1](21440/79390), loss: 2.4260, logits_loss: 2.4260, aux_loss: 0.0000, lr: 0.00042376, epoch_time: 26.0min
Epoch:[1/1](21460/79390), loss: 2.3783, logits_loss: 2.3783, aux_loss: 0.0000, lr: 0.00042363, epoch_time: 26.0min
Epoch:[1/1](21480/79390), loss: 2.0977, logits_loss: 2.0977, aux_loss: 0.0000, lr: 0.00042350, epoch_time: 26.0min
Epoch:[1/1](21500/79390), loss: 2.3934, logits_loss: 2.3934, aux_loss: 0.0000, lr: 0.00042336, epoch_time: 26.0min
Epoch:[1/1](21520/79390), loss: 2.3669, logits_loss: 2.3669, aux_loss: 0.0000, lr: 0.00042323, epoch_time: 26.0min
Epoch:[1/1](21540/79390), loss: 2.2977, logits_loss: 2.2977, aux_loss: 0.0000, lr: 0.00042309, epoch_time: 26.0min
Epoch:[1/1](21560/79390), loss: 2.5416, logits_loss: 2.5416, aux_loss: 0.0000, lr: 0.00042296, epoch_time: 26.0min
Epoch:[1/1](21580/79390), loss: 2.1717, logits_loss: 2.1717, aux_loss: 0.0000, lr: 0.00042283, epoch_time: 26.0min
Epoch:[1/1](21600/79390), loss: 2.5756, logits_loss: 2.5756, aux_loss: 0.0000, lr: 0.00042269, epoch_time: 26.0min
Epoch:[1/1](21620/79390), loss: 2.3105, logits_loss: 2.3105, aux_loss: 0.0000, lr: 0.00042256, epoch_time: 26.0min
Epoch:[1/1](21640/79390), loss: 2.3554, logits_loss: 2.3554, aux_loss: 0.0000, lr: 0.00042242, epoch_time: 26.0min
Epoch:[1/1](21660/79390), loss: 2.3719, logits_loss: 2.3719, aux_loss: 0.0000, lr: 0.00042229, epoch_time: 26.0min
Epoch:[1/1](21680/79390), loss: 2.4097, logits_loss: 2.4097, aux_loss: 0.0000, lr: 0.00042215, epoch_time: 26.0min
Epoch:[1/1](21700/79390), loss: 2.3049, logits_loss: 2.3049, aux_loss: 0.0000, lr: 0.00042202, epoch_time: 26.0min
Epoch:[1/1](21720/79390), loss: 2.5421, logits_loss: 2.5421, aux_loss: 0.0000, lr: 0.00042188, epoch_time: 26.0min
Epoch:[1/1](21740/79390), loss: 2.2782, logits_loss: 2.2782, aux_loss: 0.0000, lr: 0.00042175, epoch_time: 26.0min
Epoch:[1/1](21760/79390), loss: 2.5346, logits_loss: 2.5346, aux_loss: 0.0000, lr: 0.00042161, epoch_time: 26.0min
Epoch:[1/1](21780/79390), loss: 2.3798, logits_loss: 2.3798, aux_loss: 0.0000, lr: 0.00042148, epoch_time: 26.0min
Epoch:[1/1](21800/79390), loss: 2.3651, logits_loss: 2.3651, aux_loss: 0.0000, lr: 0.00042134, epoch_time: 26.0min
Epoch:[1/1](21820/79390), loss: 2.4184, logits_loss: 2.4184, aux_loss: 0.0000, lr: 0.00042121, epoch_time: 26.0min
Epoch:[1/1](21840/79390), loss: 2.4899, logits_loss: 2.4899, aux_loss: 0.0000, lr: 0.00042107, epoch_time: 26.0min
Epoch:[1/1](21860/79390), loss: 2.2983, logits_loss: 2.2983, aux_loss: 0.0000, lr: 0.00042094, epoch_time: 26.0min
Epoch:[1/1](21880/79390), loss: 2.3106, logits_loss: 2.3106, aux_loss: 0.0000, lr: 0.00042080, epoch_time: 26.0min
Epoch:[1/1](21900/79390), loss: 2.0281, logits_loss: 2.0281, aux_loss: 0.0000, lr: 0.00042067, epoch_time: 26.0min
Epoch:[1/1](21920/79390), loss: 2.2938, logits_loss: 2.2938, aux_loss: 0.0000, lr: 0.00042053, epoch_time: 26.0min
Epoch:[1/1](21940/79390), loss: 2.3045, logits_loss: 2.3045, aux_loss: 0.0000, lr: 0.00042039, epoch_time: 26.0min
Epoch:[1/1](21960/79390), loss: 1.9851, logits_loss: 1.9851, aux_loss: 0.0000, lr: 0.00042026, epoch_time: 26.0min
Epoch:[1/1](21980/79390), loss: 2.4586, logits_loss: 2.4586, aux_loss: 0.0000, lr: 0.00042012, epoch_time: 26.0min
Epoch:[1/1](22000/79390), loss: 2.0904, logits_loss: 2.0904, aux_loss: 0.0000, lr: 0.00041999, epoch_time: 26.0min
Epoch:[1/1](22020/79390), loss: 2.5365, logits_loss: 2.5365, aux_loss: 0.0000, lr: 0.00041985, epoch_time: 26.0min
Epoch:[1/1](22040/79390), loss: 2.5824, logits_loss: 2.5824, aux_loss: 0.0000, lr: 0.00041971, epoch_time: 26.0min
Epoch:[1/1](22060/79390), loss: 2.3333, logits_loss: 2.3333, aux_loss: 0.0000, lr: 0.00041958, epoch_time: 26.0min
Epoch:[1/1](22080/79390), loss: 2.4206, logits_loss: 2.4206, aux_loss: 0.0000, lr: 0.00041944, epoch_time: 26.0min
Epoch:[1/1](22100/79390), loss: 2.3002, logits_loss: 2.3002, aux_loss: 0.0000, lr: 0.00041930, epoch_time: 26.0min
Epoch:[1/1](22120/79390), loss: 2.3387, logits_loss: 2.3387, aux_loss: 0.0000, lr: 0.00041917, epoch_time: 26.0min
Epoch:[1/1](22140/79390), loss: 2.4829, logits_loss: 2.4829, aux_loss: 0.0000, lr: 0.00041903, epoch_time: 26.0min
Epoch:[1/1](22160/79390), loss: 2.2307, logits_loss: 2.2307, aux_loss: 0.0000, lr: 0.00041889, epoch_time: 26.0min
Epoch:[1/1](22180/79390), loss: 2.4033, logits_loss: 2.4033, aux_loss: 0.0000, lr: 0.00041876, epoch_time: 26.0min
Epoch:[1/1](22200/79390), loss: 2.4751, logits_loss: 2.4751, aux_loss: 0.0000, lr: 0.00041862, epoch_time: 26.0min
Epoch:[1/1](22220/79390), loss: 2.3811, logits_loss: 2.3811, aux_loss: 0.0000, lr: 0.00041848, epoch_time: 26.0min
Epoch:[1/1](22240/79390), loss: 2.4943, logits_loss: 2.4943, aux_loss: 0.0000, lr: 0.00041835, epoch_time: 26.0min
Epoch:[1/1](22260/79390), loss: 2.3536, logits_loss: 2.3536, aux_loss: 0.0000, lr: 0.00041821, epoch_time: 26.0min
Epoch:[1/1](22280/79390), loss: 2.3781, logits_loss: 2.3781, aux_loss: 0.0000, lr: 0.00041807, epoch_time: 26.0min
Epoch:[1/1](22300/79390), loss: 2.4105, logits_loss: 2.4105, aux_loss: 0.0000, lr: 0.00041793, epoch_time: 26.0min
Epoch:[1/1](22320/79390), loss: 2.3385, logits_loss: 2.3385, aux_loss: 0.0000, lr: 0.00041780, epoch_time: 26.0min
Epoch:[1/1](22340/79390), loss: 2.3928, logits_loss: 2.3928, aux_loss: 0.0000, lr: 0.00041766, epoch_time: 26.0min
Epoch:[1/1](22360/79390), loss: 2.1445, logits_loss: 2.1445, aux_loss: 0.0000, lr: 0.00041752, epoch_time: 25.0min
Epoch:[1/1](22380/79390), loss: 2.2480, logits_loss: 2.2480, aux_loss: 0.0000, lr: 0.00041738, epoch_time: 25.0min
Epoch:[1/1](22400/79390), loss: 2.5190, logits_loss: 2.5190, aux_loss: 0.0000, lr: 0.00041725, epoch_time: 25.0min
Epoch:[1/1](22420/79390), loss: 2.4350, logits_loss: 2.4350, aux_loss: 0.0000, lr: 0.00041711, epoch_time: 25.0min
Epoch:[1/1](22440/79390), loss: 2.4687, logits_loss: 2.4687, aux_loss: 0.0000, lr: 0.00041697, epoch_time: 25.0min
Epoch:[1/1](22460/79390), loss: 2.0774, logits_loss: 2.0774, aux_loss: 0.0000, lr: 0.00041683, epoch_time: 25.0min
Epoch:[1/1](22480/79390), loss: 2.6649, logits_loss: 2.6649, aux_loss: 0.0000, lr: 0.00041669, epoch_time: 25.0min
Epoch:[1/1](22500/79390), loss: 2.2617, logits_loss: 2.2617, aux_loss: 0.0000, lr: 0.00041655, epoch_time: 25.0min
Epoch:[1/1](22520/79390), loss: 2.5712, logits_loss: 2.5712, aux_loss: 0.0000, lr: 0.00041642, epoch_time: 25.0min
Epoch:[1/1](22540/79390), loss: 2.6119, logits_loss: 2.6119, aux_loss: 0.0000, lr: 0.00041628, epoch_time: 25.0min
Epoch:[1/1](22560/79390), loss: 2.4777, logits_loss: 2.4777, aux_loss: 0.0000, lr: 0.00041614, epoch_time: 25.0min
Epoch:[1/1](22580/79390), loss: 2.4229, logits_loss: 2.4229, aux_loss: 0.0000, lr: 0.00041600, epoch_time: 25.0min
Epoch:[1/1](22600/79390), loss: 2.4362, logits_loss: 2.4362, aux_loss: 0.0000, lr: 0.00041586, epoch_time: 25.0min
Epoch:[1/1](22620/79390), loss: 2.4201, logits_loss: 2.4201, aux_loss: 0.0000, lr: 0.00041572, epoch_time: 25.0min
Epoch:[1/1](22640/79390), loss: 2.1142, logits_loss: 2.1142, aux_loss: 0.0000, lr: 0.00041558, epoch_time: 25.0min
Epoch:[1/1](22660/79390), loss: 2.2689, logits_loss: 2.2689, aux_loss: 0.0000, lr: 0.00041544, epoch_time: 25.0min
Epoch:[1/1](22680/79390), loss: 2.3534, logits_loss: 2.3534, aux_loss: 0.0000, lr: 0.00041531, epoch_time: 25.0min
Epoch:[1/1](22700/79390), loss: 2.4044, logits_loss: 2.4044, aux_loss: 0.0000, lr: 0.00041517, epoch_time: 25.0min
Epoch:[1/1](22720/79390), loss: 2.5142, logits_loss: 2.5142, aux_loss: 0.0000, lr: 0.00041503, epoch_time: 25.0min
Epoch:[1/1](22740/79390), loss: 2.0519, logits_loss: 2.0519, aux_loss: 0.0000, lr: 0.00041489, epoch_time: 25.0min
Epoch:[1/1](22760/79390), loss: 2.5901, logits_loss: 2.5901, aux_loss: 0.0000, lr: 0.00041475, epoch_time: 25.0min
Epoch:[1/1](22780/79390), loss: 2.3220, logits_loss: 2.3220, aux_loss: 0.0000, lr: 0.00041461, epoch_time: 25.0min
Epoch:[1/1](22800/79390), loss: 2.3096, logits_loss: 2.3096, aux_loss: 0.0000, lr: 0.00041447, epoch_time: 25.0min
Epoch:[1/1](22820/79390), loss: 2.3894, logits_loss: 2.3894, aux_loss: 0.0000, lr: 0.00041433, epoch_time: 25.0min
Epoch:[1/1](22840/79390), loss: 2.2263, logits_loss: 2.2263, aux_loss: 0.0000, lr: 0.00041419, epoch_time: 25.0min
Epoch:[1/1](22860/79390), loss: 2.3805, logits_loss: 2.3805, aux_loss: 0.0000, lr: 0.00041405, epoch_time: 25.0min
Epoch:[1/1](22880/79390), loss: 2.1881, logits_loss: 2.1881, aux_loss: 0.0000, lr: 0.00041391, epoch_time: 25.0min
Epoch:[1/1](22900/79390), loss: 2.4010, logits_loss: 2.4010, aux_loss: 0.0000, lr: 0.00041377, epoch_time: 25.0min
Epoch:[1/1](22920/79390), loss: 2.2227, logits_loss: 2.2227, aux_loss: 0.0000, lr: 0.00041363, epoch_time: 25.0min
Epoch:[1/1](22940/79390), loss: 2.1920, logits_loss: 2.1920, aux_loss: 0.0000, lr: 0.00041349, epoch_time: 25.0min
Epoch:[1/1](22960/79390), loss: 2.0408, logits_loss: 2.0408, aux_loss: 0.0000, lr: 0.00041335, epoch_time: 25.0min
Epoch:[1/1](22980/79390), loss: 2.3068, logits_loss: 2.3068, aux_loss: 0.0000, lr: 0.00041321, epoch_time: 25.0min
Epoch:[1/1](23000/79390), loss: 2.0893, logits_loss: 2.0893, aux_loss: 0.0000, lr: 0.00041307, epoch_time: 25.0min
Epoch:[1/1](23020/79390), loss: 2.7605, logits_loss: 2.7605, aux_loss: 0.0000, lr: 0.00041293, epoch_time: 25.0min
Epoch:[1/1](23040/79390), loss: 2.4735, logits_loss: 2.4735, aux_loss: 0.0000, lr: 0.00041279, epoch_time: 25.0min
Epoch:[1/1](23060/79390), loss: 2.1894, logits_loss: 2.1894, aux_loss: 0.0000, lr: 0.00041264, epoch_time: 25.0min
Epoch:[1/1](23080/79390), loss: 2.4441, logits_loss: 2.4441, aux_loss: 0.0000, lr: 0.00041250, epoch_time: 25.0min
Epoch:[1/1](23100/79390), loss: 2.4203, logits_loss: 2.4203, aux_loss: 0.0000, lr: 0.00041236, epoch_time: 25.0min
Epoch:[1/1](23120/79390), loss: 2.5350, logits_loss: 2.5350, aux_loss: 0.0000, lr: 0.00041222, epoch_time: 25.0min
Epoch:[1/1](23140/79390), loss: 2.4604, logits_loss: 2.4604, aux_loss: 0.0000, lr: 0.00041208, epoch_time: 25.0min
Epoch:[1/1](23160/79390), loss: 2.3386, logits_loss: 2.3386, aux_loss: 0.0000, lr: 0.00041194, epoch_time: 25.0min
Epoch:[1/1](23180/79390), loss: 2.1686, logits_loss: 2.1686, aux_loss: 0.0000, lr: 0.00041180, epoch_time: 25.0min
Epoch:[1/1](23200/79390), loss: 2.4752, logits_loss: 2.4752, aux_loss: 0.0000, lr: 0.00041166, epoch_time: 25.0min
Epoch:[1/1](23220/79390), loss: 2.3962, logits_loss: 2.3962, aux_loss: 0.0000, lr: 0.00041151, epoch_time: 25.0min
Epoch:[1/1](23240/79390), loss: 2.3054, logits_loss: 2.3054, aux_loss: 0.0000, lr: 0.00041137, epoch_time: 25.0min
Epoch:[1/1](23260/79390), loss: 2.2959, logits_loss: 2.2959, aux_loss: 0.0000, lr: 0.00041123, epoch_time: 25.0min
Epoch:[1/1](23280/79390), loss: 2.5844, logits_loss: 2.5844, aux_loss: 0.0000, lr: 0.00041109, epoch_time: 25.0min
Epoch:[1/1](23300/79390), loss: 2.3232, logits_loss: 2.3232, aux_loss: 0.0000, lr: 0.00041095, epoch_time: 25.0min
Epoch:[1/1](23320/79390), loss: 2.3348, logits_loss: 2.3348, aux_loss: 0.0000, lr: 0.00041081, epoch_time: 25.0min
Epoch:[1/1](23340/79390), loss: 2.2872, logits_loss: 2.2872, aux_loss: 0.0000, lr: 0.00041066, epoch_time: 25.0min
Epoch:[1/1](23360/79390), loss: 2.4263, logits_loss: 2.4263, aux_loss: 0.0000, lr: 0.00041052, epoch_time: 25.0min
Epoch:[1/1](23380/79390), loss: 2.3273, logits_loss: 2.3273, aux_loss: 0.0000, lr: 0.00041038, epoch_time: 25.0min
Epoch:[1/1](23400/79390), loss: 2.6163, logits_loss: 2.6163, aux_loss: 0.0000, lr: 0.00041024, epoch_time: 25.0min
Epoch:[1/1](23420/79390), loss: 2.1130, logits_loss: 2.1130, aux_loss: 0.0000, lr: 0.00041009, epoch_time: 25.0min
Epoch:[1/1](23440/79390), loss: 2.3210, logits_loss: 2.3210, aux_loss: 0.0000, lr: 0.00040995, epoch_time: 25.0min
Epoch:[1/1](23460/79390), loss: 2.1827, logits_loss: 2.1827, aux_loss: 0.0000, lr: 0.00040981, epoch_time: 25.0min
Epoch:[1/1](23480/79390), loss: 2.4341, logits_loss: 2.4341, aux_loss: 0.0000, lr: 0.00040967, epoch_time: 25.0min
Epoch:[1/1](23500/79390), loss: 2.3971, logits_loss: 2.3971, aux_loss: 0.0000, lr: 0.00040952, epoch_time: 25.0min
Epoch:[1/1](23520/79390), loss: 2.4171, logits_loss: 2.4171, aux_loss: 0.0000, lr: 0.00040938, epoch_time: 25.0min
Epoch:[1/1](23540/79390), loss: 2.3063, logits_loss: 2.3063, aux_loss: 0.0000, lr: 0.00040924, epoch_time: 25.0min
Epoch:[1/1](23560/79390), loss: 2.1320, logits_loss: 2.1320, aux_loss: 0.0000, lr: 0.00040910, epoch_time: 25.0min
Epoch:[1/1](23580/79390), loss: 2.4314, logits_loss: 2.4314, aux_loss: 0.0000, lr: 0.00040895, epoch_time: 25.0min
Epoch:[1/1](23600/79390), loss: 2.2712, logits_loss: 2.2712, aux_loss: 0.0000, lr: 0.00040881, epoch_time: 25.0min
Epoch:[1/1](23620/79390), loss: 2.2802, logits_loss: 2.2802, aux_loss: 0.0000, lr: 0.00040867, epoch_time: 25.0min
Epoch:[1/1](23640/79390), loss: 2.2340, logits_loss: 2.2340, aux_loss: 0.0000, lr: 0.00040852, epoch_time: 25.0min
Epoch:[1/1](23660/79390), loss: 2.0450, logits_loss: 2.0450, aux_loss: 0.0000, lr: 0.00040838, epoch_time: 25.0min
Epoch:[1/1](23680/79390), loss: 2.3469, logits_loss: 2.3469, aux_loss: 0.0000, lr: 0.00040824, epoch_time: 25.0min
Epoch:[1/1](23700/79390), loss: 2.4441, logits_loss: 2.4441, aux_loss: 0.0000, lr: 0.00040809, epoch_time: 25.0min
Epoch:[1/1](23720/79390), loss: 2.4211, logits_loss: 2.4211, aux_loss: 0.0000, lr: 0.00040795, epoch_time: 25.0min
Epoch:[1/1](23740/79390), loss: 2.3533, logits_loss: 2.3533, aux_loss: 0.0000, lr: 0.00040781, epoch_time: 25.0min
Epoch:[1/1](23760/79390), loss: 2.2435, logits_loss: 2.2435, aux_loss: 0.0000, lr: 0.00040766, epoch_time: 25.0min
Epoch:[1/1](23780/79390), loss: 2.4364, logits_loss: 2.4364, aux_loss: 0.0000, lr: 0.00040752, epoch_time: 25.0min
Epoch:[1/1](23800/79390), loss: 2.5505, logits_loss: 2.5505, aux_loss: 0.0000, lr: 0.00040737, epoch_time: 25.0min
Epoch:[1/1](23820/79390), loss: 2.4240, logits_loss: 2.4240, aux_loss: 0.0000, lr: 0.00040723, epoch_time: 25.0min
Epoch:[1/1](23840/79390), loss: 2.1841, logits_loss: 2.1841, aux_loss: 0.0000, lr: 0.00040709, epoch_time: 25.0min
Epoch:[1/1](23860/79390), loss: 2.2567, logits_loss: 2.2567, aux_loss: 0.0000, lr: 0.00040694, epoch_time: 25.0min
Epoch:[1/1](23880/79390), loss: 2.3812, logits_loss: 2.3812, aux_loss: 0.0000, lr: 0.00040680, epoch_time: 25.0min
Epoch:[1/1](23900/79390), loss: 2.3701, logits_loss: 2.3701, aux_loss: 0.0000, lr: 0.00040665, epoch_time: 25.0min
Epoch:[1/1](23920/79390), loss: 2.0520, logits_loss: 2.0520, aux_loss: 0.0000, lr: 0.00040651, epoch_time: 25.0min
Epoch:[1/1](23940/79390), loss: 2.2774, logits_loss: 2.2774, aux_loss: 0.0000, lr: 0.00040636, epoch_time: 25.0min
Epoch:[1/1](23960/79390), loss: 2.2246, logits_loss: 2.2246, aux_loss: 0.0000, lr: 0.00040622, epoch_time: 25.0min
Epoch:[1/1](23980/79390), loss: 2.3411, logits_loss: 2.3411, aux_loss: 0.0000, lr: 0.00040607, epoch_time: 25.0min
Epoch:[1/1](24000/79390), loss: 2.2971, logits_loss: 2.2971, aux_loss: 0.0000, lr: 0.00040593, epoch_time: 25.0min
Epoch:[1/1](24020/79390), loss: 2.3777, logits_loss: 2.3777, aux_loss: 0.0000, lr: 0.00040579, epoch_time: 25.0min
Epoch:[1/1](24040/79390), loss: 2.2801, logits_loss: 2.2801, aux_loss: 0.0000, lr: 0.00040564, epoch_time: 25.0min
Epoch:[1/1](24060/79390), loss: 2.5201, logits_loss: 2.5201, aux_loss: 0.0000, lr: 0.00040550, epoch_time: 25.0min
Epoch:[1/1](24080/79390), loss: 2.4078, logits_loss: 2.4078, aux_loss: 0.0000, lr: 0.00040535, epoch_time: 25.0min
Epoch:[1/1](24100/79390), loss: 2.4954, logits_loss: 2.4954, aux_loss: 0.0000, lr: 0.00040520, epoch_time: 25.0min
Epoch:[1/1](24120/79390), loss: 2.3629, logits_loss: 2.3629, aux_loss: 0.0000, lr: 0.00040506, epoch_time: 25.0min
Epoch:[1/1](24140/79390), loss: 2.3948, logits_loss: 2.3948, aux_loss: 0.0000, lr: 0.00040491, epoch_time: 25.0min
Epoch:[1/1](24160/79390), loss: 2.1216, logits_loss: 2.1216, aux_loss: 0.0000, lr: 0.00040477, epoch_time: 25.0min
Epoch:[1/1](24180/79390), loss: 1.9434, logits_loss: 1.9434, aux_loss: 0.0000, lr: 0.00040462, epoch_time: 25.0min
Epoch:[1/1](24200/79390), loss: 2.4956, logits_loss: 2.4956, aux_loss: 0.0000, lr: 0.00040448, epoch_time: 25.0min
Epoch:[1/1](24220/79390), loss: 2.2132, logits_loss: 2.2132, aux_loss: 0.0000, lr: 0.00040433, epoch_time: 25.0min
Epoch:[1/1](24240/79390), loss: 2.5977, logits_loss: 2.5977, aux_loss: 0.0000, lr: 0.00040419, epoch_time: 25.0min
Epoch:[1/1](24260/79390), loss: 2.5334, logits_loss: 2.5334, aux_loss: 0.0000, lr: 0.00040404, epoch_time: 25.0min
Epoch:[1/1](24280/79390), loss: 2.7275, logits_loss: 2.7275, aux_loss: 0.0000, lr: 0.00040389, epoch_time: 25.0min
Epoch:[1/1](24300/79390), loss: 2.3768, logits_loss: 2.3768, aux_loss: 0.0000, lr: 0.00040375, epoch_time: 25.0min
Epoch:[1/1](24320/79390), loss: 2.5640, logits_loss: 2.5640, aux_loss: 0.0000, lr: 0.00040360, epoch_time: 25.0min
Epoch:[1/1](24340/79390), loss: 2.6998, logits_loss: 2.6998, aux_loss: 0.0000, lr: 0.00040346, epoch_time: 25.0min
Epoch:[1/1](24360/79390), loss: 2.2481, logits_loss: 2.2481, aux_loss: 0.0000, lr: 0.00040331, epoch_time: 25.0min
Epoch:[1/1](24380/79390), loss: 2.4692, logits_loss: 2.4692, aux_loss: 0.0000, lr: 0.00040316, epoch_time: 25.0min
Epoch:[1/1](24400/79390), loss: 2.4268, logits_loss: 2.4268, aux_loss: 0.0000, lr: 0.00040302, epoch_time: 25.0min
Epoch:[1/1](24420/79390), loss: 2.3209, logits_loss: 2.3209, aux_loss: 0.0000, lr: 0.00040287, epoch_time: 25.0min
Epoch:[1/1](24440/79390), loss: 2.4174, logits_loss: 2.4174, aux_loss: 0.0000, lr: 0.00040272, epoch_time: 25.0min
Epoch:[1/1](24460/79390), loss: 2.3673, logits_loss: 2.3673, aux_loss: 0.0000, lr: 0.00040258, epoch_time: 25.0min
Epoch:[1/1](24480/79390), loss: 2.0976, logits_loss: 2.0976, aux_loss: 0.0000, lr: 0.00040243, epoch_time: 25.0min
Epoch:[1/1](24500/79390), loss: 2.4025, logits_loss: 2.4025, aux_loss: 0.0000, lr: 0.00040228, epoch_time: 25.0min
Epoch:[1/1](24520/79390), loss: 2.0510, logits_loss: 2.0510, aux_loss: 0.0000, lr: 0.00040214, epoch_time: 25.0min
Epoch:[1/1](24540/79390), loss: 2.1646, logits_loss: 2.1646, aux_loss: 0.0000, lr: 0.00040199, epoch_time: 25.0min
Epoch:[1/1](24560/79390), loss: 2.5680, logits_loss: 2.5680, aux_loss: 0.0000, lr: 0.00040184, epoch_time: 24.0min
Epoch:[1/1](24580/79390), loss: 2.6871, logits_loss: 2.6871, aux_loss: 0.0000, lr: 0.00040170, epoch_time: 24.0min
Epoch:[1/1](24600/79390), loss: 2.4388, logits_loss: 2.4388, aux_loss: 0.0000, lr: 0.00040155, epoch_time: 24.0min
Epoch:[1/1](24620/79390), loss: 2.5525, logits_loss: 2.5525, aux_loss: 0.0000, lr: 0.00040140, epoch_time: 24.0min
Epoch:[1/1](24640/79390), loss: 2.5439, logits_loss: 2.5439, aux_loss: 0.0000, lr: 0.00040125, epoch_time: 24.0min
Epoch:[1/1](24660/79390), loss: 2.4796, logits_loss: 2.4796, aux_loss: 0.0000, lr: 0.00040111, epoch_time: 24.0min
Epoch:[1/1](24680/79390), loss: 2.3825, logits_loss: 2.3825, aux_loss: 0.0000, lr: 0.00040096, epoch_time: 24.0min
Epoch:[1/1](24700/79390), loss: 2.2892, logits_loss: 2.2892, aux_loss: 0.0000, lr: 0.00040081, epoch_time: 24.0min
Epoch:[1/1](24720/79390), loss: 2.1876, logits_loss: 2.1876, aux_loss: 0.0000, lr: 0.00040066, epoch_time: 24.0min
Epoch:[1/1](24740/79390), loss: 2.2010, logits_loss: 2.2010, aux_loss: 0.0000, lr: 0.00040052, epoch_time: 24.0min
Epoch:[1/1](24760/79390), loss: 2.2244, logits_loss: 2.2244, aux_loss: 0.0000, lr: 0.00040037, epoch_time: 24.0min
Epoch:[1/1](24780/79390), loss: 2.4757, logits_loss: 2.4757, aux_loss: 0.0000, lr: 0.00040022, epoch_time: 24.0min
Epoch:[1/1](24800/79390), loss: 2.2288, logits_loss: 2.2288, aux_loss: 0.0000, lr: 0.00040007, epoch_time: 24.0min
Epoch:[1/1](24820/79390), loss: 2.3085, logits_loss: 2.3085, aux_loss: 0.0000, lr: 0.00039992, epoch_time: 24.0min
Epoch:[1/1](24840/79390), loss: 2.3105, logits_loss: 2.3105, aux_loss: 0.0000, lr: 0.00039978, epoch_time: 24.0min
Epoch:[1/1](24860/79390), loss: 1.9398, logits_loss: 1.9398, aux_loss: 0.0000, lr: 0.00039963, epoch_time: 24.0min
Epoch:[1/1](24880/79390), loss: 2.2383, logits_loss: 2.2383, aux_loss: 0.0000, lr: 0.00039948, epoch_time: 24.0min
Epoch:[1/1](24900/79390), loss: 2.5239, logits_loss: 2.5239, aux_loss: 0.0000, lr: 0.00039933, epoch_time: 24.0min
Epoch:[1/1](24920/79390), loss: 2.2785, logits_loss: 2.2785, aux_loss: 0.0000, lr: 0.00039918, epoch_time: 24.0min
Epoch:[1/1](24940/79390), loss: 2.4581, logits_loss: 2.4581, aux_loss: 0.0000, lr: 0.00039903, epoch_time: 24.0min
Epoch:[1/1](24960/79390), loss: 2.2630, logits_loss: 2.2630, aux_loss: 0.0000, lr: 0.00039889, epoch_time: 24.0min
Epoch:[1/1](24980/79390), loss: 2.3941, logits_loss: 2.3941, aux_loss: 0.0000, lr: 0.00039874, epoch_time: 24.0min
Epoch:[1/1](25000/79390), loss: 2.7190, logits_loss: 2.7190, aux_loss: 0.0000, lr: 0.00039859, epoch_time: 24.0min
Epoch:[1/1](25020/79390), loss: 2.2343, logits_loss: 2.2343, aux_loss: 0.0000, lr: 0.00039844, epoch_time: 24.0min
Epoch:[1/1](25040/79390), loss: 2.5140, logits_loss: 2.5140, aux_loss: 0.0000, lr: 0.00039829, epoch_time: 24.0min
Epoch:[1/1](25060/79390), loss: 2.3249, logits_loss: 2.3249, aux_loss: 0.0000, lr: 0.00039814, epoch_time: 24.0min
Epoch:[1/1](25080/79390), loss: 2.3740, logits_loss: 2.3740, aux_loss: 0.0000, lr: 0.00039799, epoch_time: 24.0min
Epoch:[1/1](25100/79390), loss: 2.3003, logits_loss: 2.3003, aux_loss: 0.0000, lr: 0.00039784, epoch_time: 24.0min
Epoch:[1/1](25120/79390), loss: 2.2951, logits_loss: 2.2951, aux_loss: 0.0000, lr: 0.00039769, epoch_time: 24.0min
Epoch:[1/1](25140/79390), loss: 2.1685, logits_loss: 2.1685, aux_loss: 0.0000, lr: 0.00039755, epoch_time: 24.0min
Epoch:[1/1](25160/79390), loss: 2.4419, logits_loss: 2.4419, aux_loss: 0.0000, lr: 0.00039740, epoch_time: 24.0min
Epoch:[1/1](25180/79390), loss: 2.2214, logits_loss: 2.2214, aux_loss: 0.0000, lr: 0.00039725, epoch_time: 24.0min
Epoch:[1/1](25200/79390), loss: 2.2946, logits_loss: 2.2946, aux_loss: 0.0000, lr: 0.00039710, epoch_time: 24.0min
Epoch:[1/1](25220/79390), loss: 2.2886, logits_loss: 2.2886, aux_loss: 0.0000, lr: 0.00039695, epoch_time: 24.0min
Epoch:[1/1](25240/79390), loss: 2.7335, logits_loss: 2.7335, aux_loss: 0.0000, lr: 0.00039680, epoch_time: 24.0min
Epoch:[1/1](25260/79390), loss: 2.1884, logits_loss: 2.1884, aux_loss: 0.0000, lr: 0.00039665, epoch_time: 24.0min
Epoch:[1/1](25280/79390), loss: 2.5197, logits_loss: 2.5197, aux_loss: 0.0000, lr: 0.00039650, epoch_time: 24.0min
Epoch:[1/1](25300/79390), loss: 2.2521, logits_loss: 2.2521, aux_loss: 0.0000, lr: 0.00039635, epoch_time: 24.0min
Epoch:[1/1](25320/79390), loss: 2.6106, logits_loss: 2.6106, aux_loss: 0.0000, lr: 0.00039620, epoch_time: 24.0min
Epoch:[1/1](25340/79390), loss: 2.5213, logits_loss: 2.5213, aux_loss: 0.0000, lr: 0.00039605, epoch_time: 24.0min
Epoch:[1/1](25360/79390), loss: 2.5015, logits_loss: 2.5015, aux_loss: 0.0000, lr: 0.00039590, epoch_time: 24.0min
Epoch:[1/1](25380/79390), loss: 2.0200, logits_loss: 2.0200, aux_loss: 0.0000, lr: 0.00039575, epoch_time: 24.0min
Epoch:[1/1](25400/79390), loss: 2.2391, logits_loss: 2.2391, aux_loss: 0.0000, lr: 0.00039560, epoch_time: 24.0min
Epoch:[1/1](25420/79390), loss: 2.2552, logits_loss: 2.2552, aux_loss: 0.0000, lr: 0.00039545, epoch_time: 24.0min
Epoch:[1/1](25440/79390), loss: 2.4749, logits_loss: 2.4749, aux_loss: 0.0000, lr: 0.00039530, epoch_time: 24.0min
Epoch:[1/1](25460/79390), loss: 2.1513, logits_loss: 2.1513, aux_loss: 0.0000, lr: 0.00039515, epoch_time: 24.0min
Epoch:[1/1](25480/79390), loss: 2.2663, logits_loss: 2.2663, aux_loss: 0.0000, lr: 0.00039500, epoch_time: 24.0min
Epoch:[1/1](25500/79390), loss: 2.3497, logits_loss: 2.3497, aux_loss: 0.0000, lr: 0.00039484, epoch_time: 24.0min
Epoch:[1/1](25520/79390), loss: 2.3269, logits_loss: 2.3269, aux_loss: 0.0000, lr: 0.00039469, epoch_time: 24.0min
Epoch:[1/1](25540/79390), loss: 2.2436, logits_loss: 2.2436, aux_loss: 0.0000, lr: 0.00039454, epoch_time: 24.0min
Epoch:[1/1](25560/79390), loss: 2.6397, logits_loss: 2.6397, aux_loss: 0.0000, lr: 0.00039439, epoch_time: 24.0min
Epoch:[1/1](25580/79390), loss: 2.0885, logits_loss: 2.0885, aux_loss: 0.0000, lr: 0.00039424, epoch_time: 24.0min
Epoch:[1/1](25600/79390), loss: 2.3889, logits_loss: 2.3889, aux_loss: 0.0000, lr: 0.00039409, epoch_time: 24.0min
Epoch:[1/1](25620/79390), loss: 2.3075, logits_loss: 2.3075, aux_loss: 0.0000, lr: 0.00039394, epoch_time: 24.0min
Epoch:[1/1](25640/79390), loss: 2.2605, logits_loss: 2.2605, aux_loss: 0.0000, lr: 0.00039379, epoch_time: 24.0min
Epoch:[1/1](25660/79390), loss: 2.4851, logits_loss: 2.4851, aux_loss: 0.0000, lr: 0.00039364, epoch_time: 24.0min
Epoch:[1/1](25680/79390), loss: 2.5741, logits_loss: 2.5741, aux_loss: 0.0000, lr: 0.00039349, epoch_time: 24.0min
Epoch:[1/1](25700/79390), loss: 2.5711, logits_loss: 2.5711, aux_loss: 0.0000, lr: 0.00039333, epoch_time: 24.0min
Epoch:[1/1](25720/79390), loss: 2.4460, logits_loss: 2.4460, aux_loss: 0.0000, lr: 0.00039318, epoch_time: 24.0min
Epoch:[1/1](25740/79390), loss: 2.2578, logits_loss: 2.2578, aux_loss: 0.0000, lr: 0.00039303, epoch_time: 24.0min
Epoch:[1/1](25760/79390), loss: 2.0337, logits_loss: 2.0337, aux_loss: 0.0000, lr: 0.00039288, epoch_time: 24.0min
Epoch:[1/1](25780/79390), loss: 2.2639, logits_loss: 2.2639, aux_loss: 0.0000, lr: 0.00039273, epoch_time: 24.0min
Epoch:[1/1](25800/79390), loss: 2.5105, logits_loss: 2.5105, aux_loss: 0.0000, lr: 0.00039258, epoch_time: 24.0min
Epoch:[1/1](25820/79390), loss: 2.1421, logits_loss: 2.1421, aux_loss: 0.0000, lr: 0.00039242, epoch_time: 24.0min
Epoch:[1/1](25840/79390), loss: 2.1691, logits_loss: 2.1691, aux_loss: 0.0000, lr: 0.00039227, epoch_time: 24.0min
Epoch:[1/1](25860/79390), loss: 2.2349, logits_loss: 2.2349, aux_loss: 0.0000, lr: 0.00039212, epoch_time: 24.0min
Epoch:[1/1](25880/79390), loss: 2.6193, logits_loss: 2.6193, aux_loss: 0.0000, lr: 0.00039197, epoch_time: 24.0min
Epoch:[1/1](25900/79390), loss: 2.2462, logits_loss: 2.2462, aux_loss: 0.0000, lr: 0.00039182, epoch_time: 24.0min
Epoch:[1/1](25920/79390), loss: 2.3772, logits_loss: 2.3772, aux_loss: 0.0000, lr: 0.00039166, epoch_time: 24.0min
Epoch:[1/1](25940/79390), loss: 2.3153, logits_loss: 2.3153, aux_loss: 0.0000, lr: 0.00039151, epoch_time: 24.0min
Epoch:[1/1](25960/79390), loss: 2.5028, logits_loss: 2.5028, aux_loss: 0.0000, lr: 0.00039136, epoch_time: 24.0min
Epoch:[1/1](25980/79390), loss: 2.1392, logits_loss: 2.1392, aux_loss: 0.0000, lr: 0.00039121, epoch_time: 24.0min
Epoch:[1/1](26000/79390), loss: 2.3527, logits_loss: 2.3527, aux_loss: 0.0000, lr: 0.00039105, epoch_time: 24.0min
Epoch:[1/1](26020/79390), loss: 2.0818, logits_loss: 2.0818, aux_loss: 0.0000, lr: 0.00039090, epoch_time: 24.0min
Epoch:[1/1](26040/79390), loss: 2.4270, logits_loss: 2.4270, aux_loss: 0.0000, lr: 0.00039075, epoch_time: 24.0min
Epoch:[1/1](26060/79390), loss: 2.1857, logits_loss: 2.1857, aux_loss: 0.0000, lr: 0.00039060, epoch_time: 24.0min
Epoch:[1/1](26080/79390), loss: 2.4375, logits_loss: 2.4375, aux_loss: 0.0000, lr: 0.00039044, epoch_time: 24.0min
Epoch:[1/1](26100/79390), loss: 2.4854, logits_loss: 2.4854, aux_loss: 0.0000, lr: 0.00039029, epoch_time: 24.0min
Epoch:[1/1](26120/79390), loss: 2.0941, logits_loss: 2.0941, aux_loss: 0.0000, lr: 0.00039014, epoch_time: 24.0min
Epoch:[1/1](26140/79390), loss: 2.4634, logits_loss: 2.4634, aux_loss: 0.0000, lr: 0.00038998, epoch_time: 24.0min
Epoch:[1/1](26160/79390), loss: 2.3158, logits_loss: 2.3158, aux_loss: 0.0000, lr: 0.00038983, epoch_time: 24.0min
Epoch:[1/1](26180/79390), loss: 2.0953, logits_loss: 2.0953, aux_loss: 0.0000, lr: 0.00038968, epoch_time: 24.0min
Epoch:[1/1](26200/79390), loss: 2.2232, logits_loss: 2.2232, aux_loss: 0.0000, lr: 0.00038952, epoch_time: 24.0min
Epoch:[1/1](26220/79390), loss: 2.0312, logits_loss: 2.0312, aux_loss: 0.0000, lr: 0.00038937, epoch_time: 24.0min
Epoch:[1/1](26240/79390), loss: 2.4459, logits_loss: 2.4459, aux_loss: 0.0000, lr: 0.00038922, epoch_time: 24.0min
Epoch:[1/1](26260/79390), loss: 2.2944, logits_loss: 2.2944, aux_loss: 0.0000, lr: 0.00038906, epoch_time: 24.0min
Epoch:[1/1](26280/79390), loss: 2.5711, logits_loss: 2.5711, aux_loss: 0.0000, lr: 0.00038891, epoch_time: 24.0min
Epoch:[1/1](26300/79390), loss: 2.3780, logits_loss: 2.3780, aux_loss: 0.0000, lr: 0.00038876, epoch_time: 24.0min
Epoch:[1/1](26320/79390), loss: 2.5058, logits_loss: 2.5058, aux_loss: 0.0000, lr: 0.00038860, epoch_time: 24.0min
Epoch:[1/1](26340/79390), loss: 2.4939, logits_loss: 2.4939, aux_loss: 0.0000, lr: 0.00038845, epoch_time: 24.0min
Epoch:[1/1](26360/79390), loss: 1.9448, logits_loss: 1.9448, aux_loss: 0.0000, lr: 0.00038830, epoch_time: 24.0min
Epoch:[1/1](26380/79390), loss: 2.5147, logits_loss: 2.5147, aux_loss: 0.0000, lr: 0.00038814, epoch_time: 24.0min
Epoch:[1/1](26400/79390), loss: 2.2558, logits_loss: 2.2558, aux_loss: 0.0000, lr: 0.00038799, epoch_time: 24.0min
Epoch:[1/1](26420/79390), loss: 2.0269, logits_loss: 2.0269, aux_loss: 0.0000, lr: 0.00038783, epoch_time: 24.0min
Epoch:[1/1](26440/79390), loss: 2.2572, logits_loss: 2.2572, aux_loss: 0.0000, lr: 0.00038768, epoch_time: 24.0min
Epoch:[1/1](26460/79390), loss: 2.0324, logits_loss: 2.0324, aux_loss: 0.0000, lr: 0.00038753, epoch_time: 24.0min
Epoch:[1/1](26480/79390), loss: 2.2725, logits_loss: 2.2725, aux_loss: 0.0000, lr: 0.00038737, epoch_time: 24.0min
Epoch:[1/1](26500/79390), loss: 2.1770, logits_loss: 2.1770, aux_loss: 0.0000, lr: 0.00038722, epoch_time: 24.0min
Epoch:[1/1](26520/79390), loss: 2.5770, logits_loss: 2.5770, aux_loss: 0.0000, lr: 0.00038706, epoch_time: 24.0min
Epoch:[1/1](26540/79390), loss: 2.2668, logits_loss: 2.2668, aux_loss: 0.0000, lr: 0.00038691, epoch_time: 24.0min
Epoch:[1/1](26560/79390), loss: 2.3307, logits_loss: 2.3307, aux_loss: 0.0000, lr: 0.00038675, epoch_time: 24.0min
Epoch:[1/1](26580/79390), loss: 1.9546, logits_loss: 1.9546, aux_loss: 0.0000, lr: 0.00038660, epoch_time: 24.0min
Epoch:[1/1](26600/79390), loss: 2.4033, logits_loss: 2.4033, aux_loss: 0.0000, lr: 0.00038644, epoch_time: 24.0min
Epoch:[1/1](26620/79390), loss: 2.3539, logits_loss: 2.3539, aux_loss: 0.0000, lr: 0.00038629, epoch_time: 24.0min
Epoch:[1/1](26640/79390), loss: 2.4561, logits_loss: 2.4561, aux_loss: 0.0000, lr: 0.00038614, epoch_time: 24.0min
Epoch:[1/1](26660/79390), loss: 2.3540, logits_loss: 2.3540, aux_loss: 0.0000, lr: 0.00038598, epoch_time: 24.0min
Epoch:[1/1](26680/79390), loss: 2.0849, logits_loss: 2.0849, aux_loss: 0.0000, lr: 0.00038583, epoch_time: 23.0min
Epoch:[1/1](26700/79390), loss: 2.1879, logits_loss: 2.1879, aux_loss: 0.0000, lr: 0.00038567, epoch_time: 23.0min
Epoch:[1/1](26720/79390), loss: 2.3022, logits_loss: 2.3022, aux_loss: 0.0000, lr: 0.00038552, epoch_time: 23.0min
Epoch:[1/1](26740/79390), loss: 2.5876, logits_loss: 2.5876, aux_loss: 0.0000, lr: 0.00038536, epoch_time: 23.0min
Epoch:[1/1](26760/79390), loss: 2.1683, logits_loss: 2.1683, aux_loss: 0.0000, lr: 0.00038520, epoch_time: 23.0min
Epoch:[1/1](26780/79390), loss: 2.0953, logits_loss: 2.0953, aux_loss: 0.0000, lr: 0.00038505, epoch_time: 23.0min
Epoch:[1/1](26800/79390), loss: 2.4711, logits_loss: 2.4711, aux_loss: 0.0000, lr: 0.00038489, epoch_time: 23.0min
Epoch:[1/1](26820/79390), loss: 2.6936, logits_loss: 2.6936, aux_loss: 0.0000, lr: 0.00038474, epoch_time: 23.0min
Epoch:[1/1](26840/79390), loss: 2.6653, logits_loss: 2.6653, aux_loss: 0.0000, lr: 0.00038458, epoch_time: 23.0min
Epoch:[1/1](26860/79390), loss: 2.4092, logits_loss: 2.4092, aux_loss: 0.0000, lr: 0.00038443, epoch_time: 23.0min
Epoch:[1/1](26880/79390), loss: 2.1855, logits_loss: 2.1855, aux_loss: 0.0000, lr: 0.00038427, epoch_time: 23.0min
Epoch:[1/1](26900/79390), loss: 1.9564, logits_loss: 1.9564, aux_loss: 0.0000, lr: 0.00038412, epoch_time: 23.0min
Epoch:[1/1](26920/79390), loss: 2.4637, logits_loss: 2.4637, aux_loss: 0.0000, lr: 0.00038396, epoch_time: 23.0min
Epoch:[1/1](26940/79390), loss: 2.2851, logits_loss: 2.2851, aux_loss: 0.0000, lr: 0.00038380, epoch_time: 23.0min
Epoch:[1/1](26960/79390), loss: 2.5893, logits_loss: 2.5893, aux_loss: 0.0000, lr: 0.00038365, epoch_time: 23.0min
Epoch:[1/1](26980/79390), loss: 2.5918, logits_loss: 2.5918, aux_loss: 0.0000, lr: 0.00038349, epoch_time: 23.0min
Epoch:[1/1](27000/79390), loss: 2.6549, logits_loss: 2.6549, aux_loss: 0.0000, lr: 0.00038334, epoch_time: 23.0min
Epoch:[1/1](27020/79390), loss: 2.1736, logits_loss: 2.1736, aux_loss: 0.0000, lr: 0.00038318, epoch_time: 23.0min
Epoch:[1/1](27040/79390), loss: 2.5307, logits_loss: 2.5307, aux_loss: 0.0000, lr: 0.00038302, epoch_time: 23.0min
Epoch:[1/1](27060/79390), loss: 2.7394, logits_loss: 2.7394, aux_loss: 0.0000, lr: 0.00038287, epoch_time: 23.0min
Epoch:[1/1](27080/79390), loss: 2.3249, logits_loss: 2.3249, aux_loss: 0.0000, lr: 0.00038271, epoch_time: 23.0min
Epoch:[1/1](27100/79390), loss: 2.1315, logits_loss: 2.1315, aux_loss: 0.0000, lr: 0.00038256, epoch_time: 23.0min
Epoch:[1/1](27120/79390), loss: 2.0635, logits_loss: 2.0635, aux_loss: 0.0000, lr: 0.00038240, epoch_time: 23.0min
Epoch:[1/1](27140/79390), loss: 2.5726, logits_loss: 2.5726, aux_loss: 0.0000, lr: 0.00038224, epoch_time: 23.0min
Epoch:[1/1](27160/79390), loss: 2.3857, logits_loss: 2.3857, aux_loss: 0.0000, lr: 0.00038209, epoch_time: 23.0min
Epoch:[1/1](27180/79390), loss: 2.2783, logits_loss: 2.2783, aux_loss: 0.0000, lr: 0.00038193, epoch_time: 23.0min
Epoch:[1/1](27200/79390), loss: 2.4465, logits_loss: 2.4465, aux_loss: 0.0000, lr: 0.00038177, epoch_time: 23.0min
Epoch:[1/1](27220/79390), loss: 2.2926, logits_loss: 2.2926, aux_loss: 0.0000, lr: 0.00038162, epoch_time: 23.0min
Epoch:[1/1](27240/79390), loss: 2.2004, logits_loss: 2.2004, aux_loss: 0.0000, lr: 0.00038146, epoch_time: 23.0min
Epoch:[1/1](27260/79390), loss: 2.2001, logits_loss: 2.2001, aux_loss: 0.0000, lr: 0.00038130, epoch_time: 23.0min
Epoch:[1/1](27280/79390), loss: 2.2013, logits_loss: 2.2013, aux_loss: 0.0000, lr: 0.00038115, epoch_time: 23.0min
Epoch:[1/1](27300/79390), loss: 2.5000, logits_loss: 2.5000, aux_loss: 0.0000, lr: 0.00038099, epoch_time: 23.0min
Epoch:[1/1](27320/79390), loss: 2.1338, logits_loss: 2.1338, aux_loss: 0.0000, lr: 0.00038083, epoch_time: 23.0min
Epoch:[1/1](27340/79390), loss: 2.2031, logits_loss: 2.2031, aux_loss: 0.0000, lr: 0.00038067, epoch_time: 23.0min
Epoch:[1/1](27360/79390), loss: 2.6313, logits_loss: 2.6313, aux_loss: 0.0000, lr: 0.00038052, epoch_time: 23.0min
Epoch:[1/1](27380/79390), loss: 2.3600, logits_loss: 2.3600, aux_loss: 0.0000, lr: 0.00038036, epoch_time: 23.0min
Epoch:[1/1](27400/79390), loss: 2.5051, logits_loss: 2.5051, aux_loss: 0.0000, lr: 0.00038020, epoch_time: 23.0min
Epoch:[1/1](27420/79390), loss: 2.2291, logits_loss: 2.2291, aux_loss: 0.0000, lr: 0.00038004, epoch_time: 23.0min
Epoch:[1/1](27440/79390), loss: 2.5149, logits_loss: 2.5149, aux_loss: 0.0000, lr: 0.00037989, epoch_time: 23.0min
Epoch:[1/1](27460/79390), loss: 2.6201, logits_loss: 2.6201, aux_loss: 0.0000, lr: 0.00037973, epoch_time: 23.0min
Epoch:[1/1](27480/79390), loss: 2.2391, logits_loss: 2.2391, aux_loss: 0.0000, lr: 0.00037957, epoch_time: 23.0min
Epoch:[1/1](27500/79390), loss: 2.2149, logits_loss: 2.2149, aux_loss: 0.0000, lr: 0.00037941, epoch_time: 23.0min
Epoch:[1/1](27520/79390), loss: 2.5356, logits_loss: 2.5356, aux_loss: 0.0000, lr: 0.00037926, epoch_time: 23.0min
Epoch:[1/1](27540/79390), loss: 2.4412, logits_loss: 2.4412, aux_loss: 0.0000, lr: 0.00037910, epoch_time: 23.0min
Epoch:[1/1](27560/79390), loss: 2.6081, logits_loss: 2.6081, aux_loss: 0.0000, lr: 0.00037894, epoch_time: 23.0min
Epoch:[1/1](27580/79390), loss: 2.2721, logits_loss: 2.2721, aux_loss: 0.0000, lr: 0.00037878, epoch_time: 23.0min
Epoch:[1/1](27600/79390), loss: 2.1748, logits_loss: 2.1748, aux_loss: 0.0000, lr: 0.00037862, epoch_time: 23.0min
Epoch:[1/1](27620/79390), loss: 2.3058, logits_loss: 2.3058, aux_loss: 0.0000, lr: 0.00037847, epoch_time: 23.0min
Epoch:[1/1](27640/79390), loss: 2.2546, logits_loss: 2.2546, aux_loss: 0.0000, lr: 0.00037831, epoch_time: 23.0min
Epoch:[1/1](27660/79390), loss: 1.8818, logits_loss: 1.8818, aux_loss: 0.0000, lr: 0.00037815, epoch_time: 23.0min
Epoch:[1/1](27680/79390), loss: 2.1948, logits_loss: 2.1948, aux_loss: 0.0000, lr: 0.00037799, epoch_time: 23.0min
Epoch:[1/1](27700/79390), loss: 2.1856, logits_loss: 2.1856, aux_loss: 0.0000, lr: 0.00037783, epoch_time: 23.0min
Epoch:[1/1](27720/79390), loss: 2.0438, logits_loss: 2.0438, aux_loss: 0.0000, lr: 0.00037768, epoch_time: 23.0min
Epoch:[1/1](27740/79390), loss: 2.3165, logits_loss: 2.3165, aux_loss: 0.0000, lr: 0.00037752, epoch_time: 23.0min
Epoch:[1/1](27760/79390), loss: 2.0798, logits_loss: 2.0798, aux_loss: 0.0000, lr: 0.00037736, epoch_time: 23.0min
Epoch:[1/1](27780/79390), loss: 2.2672, logits_loss: 2.2672, aux_loss: 0.0000, lr: 0.00037720, epoch_time: 23.0min
Epoch:[1/1](27800/79390), loss: 2.2195, logits_loss: 2.2195, aux_loss: 0.0000, lr: 0.00037704, epoch_time: 23.0min
Epoch:[1/1](27820/79390), loss: 2.3509, logits_loss: 2.3509, aux_loss: 0.0000, lr: 0.00037688, epoch_time: 23.0min
Epoch:[1/1](27840/79390), loss: 2.3220, logits_loss: 2.3220, aux_loss: 0.0000, lr: 0.00037672, epoch_time: 23.0min
Epoch:[1/1](27860/79390), loss: 2.1972, logits_loss: 2.1972, aux_loss: 0.0000, lr: 0.00037656, epoch_time: 23.0min
Epoch:[1/1](27880/79390), loss: 2.2810, logits_loss: 2.2810, aux_loss: 0.0000, lr: 0.00037641, epoch_time: 23.0min
Epoch:[1/1](27900/79390), loss: 2.5596, logits_loss: 2.5596, aux_loss: 0.0000, lr: 0.00037625, epoch_time: 23.0min
Epoch:[1/1](27920/79390), loss: 2.0531, logits_loss: 2.0531, aux_loss: 0.0000, lr: 0.00037609, epoch_time: 23.0min
Epoch:[1/1](27940/79390), loss: 2.2163, logits_loss: 2.2163, aux_loss: 0.0000, lr: 0.00037593, epoch_time: 23.0min
Epoch:[1/1](27960/79390), loss: 2.1307, logits_loss: 2.1307, aux_loss: 0.0000, lr: 0.00037577, epoch_time: 23.0min
Epoch:[1/1](27980/79390), loss: 2.2941, logits_loss: 2.2941, aux_loss: 0.0000, lr: 0.00037561, epoch_time: 23.0min
Epoch:[1/1](28000/79390), loss: 2.3702, logits_loss: 2.3702, aux_loss: 0.0000, lr: 0.00037545, epoch_time: 23.0min
Epoch:[1/1](28020/79390), loss: 2.2997, logits_loss: 2.2997, aux_loss: 0.0000, lr: 0.00037529, epoch_time: 23.0min
Epoch:[1/1](28040/79390), loss: 2.0930, logits_loss: 2.0930, aux_loss: 0.0000, lr: 0.00037513, epoch_time: 23.0min
Epoch:[1/1](28060/79390), loss: 2.5859, logits_loss: 2.5859, aux_loss: 0.0000, lr: 0.00037497, epoch_time: 23.0min
Epoch:[1/1](28080/79390), loss: 2.5401, logits_loss: 2.5401, aux_loss: 0.0000, lr: 0.00037481, epoch_time: 23.0min
Epoch:[1/1](28100/79390), loss: 2.4623, logits_loss: 2.4623, aux_loss: 0.0000, lr: 0.00037465, epoch_time: 23.0min
Epoch:[1/1](28120/79390), loss: 2.6667, logits_loss: 2.6667, aux_loss: 0.0000, lr: 0.00037449, epoch_time: 23.0min
Epoch:[1/1](28140/79390), loss: 2.2539, logits_loss: 2.2539, aux_loss: 0.0000, lr: 0.00037433, epoch_time: 23.0min
Epoch:[1/1](28160/79390), loss: 2.2800, logits_loss: 2.2800, aux_loss: 0.0000, lr: 0.00037417, epoch_time: 23.0min
Epoch:[1/1](28180/79390), loss: 2.2413, logits_loss: 2.2413, aux_loss: 0.0000, lr: 0.00037401, epoch_time: 23.0min
Epoch:[1/1](28200/79390), loss: 2.2383, logits_loss: 2.2383, aux_loss: 0.0000, lr: 0.00037385, epoch_time: 23.0min
Epoch:[1/1](28220/79390), loss: 2.0743, logits_loss: 2.0743, aux_loss: 0.0000, lr: 0.00037369, epoch_time: 23.0min
Epoch:[1/1](28240/79390), loss: 2.3604, logits_loss: 2.3604, aux_loss: 0.0000, lr: 0.00037353, epoch_time: 23.0min
Epoch:[1/1](28260/79390), loss: 2.3737, logits_loss: 2.3737, aux_loss: 0.0000, lr: 0.00037337, epoch_time: 23.0min
Epoch:[1/1](28280/79390), loss: 2.2604, logits_loss: 2.2604, aux_loss: 0.0000, lr: 0.00037321, epoch_time: 23.0min
Epoch:[1/1](28300/79390), loss: 2.3289, logits_loss: 2.3289, aux_loss: 0.0000, lr: 0.00037305, epoch_time: 23.0min
Epoch:[1/1](28320/79390), loss: 2.0205, logits_loss: 2.0205, aux_loss: 0.0000, lr: 0.00037289, epoch_time: 23.0min
Epoch:[1/1](28340/79390), loss: 2.3891, logits_loss: 2.3891, aux_loss: 0.0000, lr: 0.00037273, epoch_time: 23.0min
Epoch:[1/1](28360/79390), loss: 2.2714, logits_loss: 2.2714, aux_loss: 0.0000, lr: 0.00037257, epoch_time: 23.0min
Epoch:[1/1](28380/79390), loss: 2.3196, logits_loss: 2.3196, aux_loss: 0.0000, lr: 0.00037241, epoch_time: 23.0min
Epoch:[1/1](28400/79390), loss: 2.2627, logits_loss: 2.2627, aux_loss: 0.0000, lr: 0.00037225, epoch_time: 23.0min
Epoch:[1/1](28420/79390), loss: 2.1821, logits_loss: 2.1821, aux_loss: 0.0000, lr: 0.00037209, epoch_time: 23.0min
Epoch:[1/1](28440/79390), loss: 2.4528, logits_loss: 2.4528, aux_loss: 0.0000, lr: 0.00037193, epoch_time: 23.0min
Epoch:[1/1](28460/79390), loss: 2.1764, logits_loss: 2.1764, aux_loss: 0.0000, lr: 0.00037177, epoch_time: 23.0min
Epoch:[1/1](28480/79390), loss: 2.2113, logits_loss: 2.2113, aux_loss: 0.0000, lr: 0.00037161, epoch_time: 23.0min
Epoch:[1/1](28500/79390), loss: 2.0428, logits_loss: 2.0428, aux_loss: 0.0000, lr: 0.00037145, epoch_time: 23.0min
Epoch:[1/1](28520/79390), loss: 2.6199, logits_loss: 2.6199, aux_loss: 0.0000, lr: 0.00037129, epoch_time: 23.0min
Epoch:[1/1](28540/79390), loss: 2.4473, logits_loss: 2.4473, aux_loss: 0.0000, lr: 0.00037113, epoch_time: 23.0min
Epoch:[1/1](28560/79390), loss: 2.4577, logits_loss: 2.4577, aux_loss: 0.0000, lr: 0.00037096, epoch_time: 23.0min
Epoch:[1/1](28580/79390), loss: 2.2231, logits_loss: 2.2231, aux_loss: 0.0000, lr: 0.00037080, epoch_time: 23.0min
Epoch:[1/1](28600/79390), loss: 2.2473, logits_loss: 2.2473, aux_loss: 0.0000, lr: 0.00037064, epoch_time: 23.0min
Epoch:[1/1](28620/79390), loss: 2.1822, logits_loss: 2.1822, aux_loss: 0.0000, lr: 0.00037048, epoch_time: 23.0min
Epoch:[1/1](28640/79390), loss: 2.0459, logits_loss: 2.0459, aux_loss: 0.0000, lr: 0.00037032, epoch_time: 23.0min
Epoch:[1/1](28660/79390), loss: 1.9755, logits_loss: 1.9755, aux_loss: 0.0000, lr: 0.00037016, epoch_time: 23.0min
Epoch:[1/1](28680/79390), loss: 2.2029, logits_loss: 2.2029, aux_loss: 0.0000, lr: 0.00037000, epoch_time: 23.0min
Epoch:[1/1](28700/79390), loss: 2.5599, logits_loss: 2.5599, aux_loss: 0.0000, lr: 0.00036984, epoch_time: 23.0min
Epoch:[1/1](28720/79390), loss: 2.2240, logits_loss: 2.2240, aux_loss: 0.0000, lr: 0.00036967, epoch_time: 23.0min
Epoch:[1/1](28740/79390), loss: 2.5673, logits_loss: 2.5673, aux_loss: 0.0000, lr: 0.00036951, epoch_time: 23.0min
Epoch:[1/1](28760/79390), loss: 2.3741, logits_loss: 2.3741, aux_loss: 0.0000, lr: 0.00036935, epoch_time: 23.0min
Epoch:[1/1](28780/79390), loss: 2.4480, logits_loss: 2.4480, aux_loss: 0.0000, lr: 0.00036919, epoch_time: 23.0min
Epoch:[1/1](28800/79390), loss: 2.3157, logits_loss: 2.3157, aux_loss: 0.0000, lr: 0.00036903, epoch_time: 23.0min
Epoch:[1/1](28820/79390), loss: 2.1327, logits_loss: 2.1327, aux_loss: 0.0000, lr: 0.00036887, epoch_time: 23.0min
Epoch:[1/1](28840/79390), loss: 2.2207, logits_loss: 2.2207, aux_loss: 0.0000, lr: 0.00036870, epoch_time: 23.0min
Epoch:[1/1](28860/79390), loss: 2.1044, logits_loss: 2.1044, aux_loss: 0.0000, lr: 0.00036854, epoch_time: 22.0min
Epoch:[1/1](28880/79390), loss: 2.1660, logits_loss: 2.1660, aux_loss: 0.0000, lr: 0.00036838, epoch_time: 22.0min
Epoch:[1/1](28900/79390), loss: 2.0017, logits_loss: 2.0017, aux_loss: 0.0000, lr: 0.00036822, epoch_time: 22.0min
Epoch:[1/1](28920/79390), loss: 2.2257, logits_loss: 2.2257, aux_loss: 0.0000, lr: 0.00036806, epoch_time: 22.0min
Epoch:[1/1](28940/79390), loss: 2.2486, logits_loss: 2.2486, aux_loss: 0.0000, lr: 0.00036789, epoch_time: 22.0min
Epoch:[1/1](28960/79390), loss: 2.3414, logits_loss: 2.3414, aux_loss: 0.0000, lr: 0.00036773, epoch_time: 22.0min
Epoch:[1/1](28980/79390), loss: 2.2892, logits_loss: 2.2892, aux_loss: 0.0000, lr: 0.00036757, epoch_time: 22.0min
Epoch:[1/1](29000/79390), loss: 2.3463, logits_loss: 2.3463, aux_loss: 0.0000, lr: 0.00036741, epoch_time: 22.0min
Epoch:[1/1](29020/79390), loss: 2.1299, logits_loss: 2.1299, aux_loss: 0.0000, lr: 0.00036724, epoch_time: 23.0min
Epoch:[1/1](29040/79390), loss: 2.2634, logits_loss: 2.2634, aux_loss: 0.0000, lr: 0.00036708, epoch_time: 23.0min
Epoch:[1/1](29060/79390), loss: 2.0035, logits_loss: 2.0035, aux_loss: 0.0000, lr: 0.00036692, epoch_time: 22.0min
Epoch:[1/1](29080/79390), loss: 2.3296, logits_loss: 2.3296, aux_loss: 0.0000, lr: 0.00036676, epoch_time: 22.0min
Epoch:[1/1](29100/79390), loss: 2.2703, logits_loss: 2.2703, aux_loss: 0.0000, lr: 0.00036659, epoch_time: 22.0min
Epoch:[1/1](29120/79390), loss: 2.0773, logits_loss: 2.0773, aux_loss: 0.0000, lr: 0.00036643, epoch_time: 22.0min
Epoch:[1/1](29140/79390), loss: 2.1594, logits_loss: 2.1594, aux_loss: 0.0000, lr: 0.00036627, epoch_time: 22.0min
Epoch:[1/1](29160/79390), loss: 2.4260, logits_loss: 2.4260, aux_loss: 0.0000, lr: 0.00036611, epoch_time: 22.0min
Epoch:[1/1](29180/79390), loss: 2.0405, logits_loss: 2.0405, aux_loss: 0.0000, lr: 0.00036594, epoch_time: 22.0min
Epoch:[1/1](29200/79390), loss: 2.4713, logits_loss: 2.4713, aux_loss: 0.0000, lr: 0.00036578, epoch_time: 22.0min
Epoch:[1/1](29220/79390), loss: 2.7220, logits_loss: 2.7220, aux_loss: 0.0000, lr: 0.00036562, epoch_time: 22.0min
Epoch:[1/1](29240/79390), loss: 2.3397, logits_loss: 2.3397, aux_loss: 0.0000, lr: 0.00036545, epoch_time: 22.0min
Epoch:[1/1](29260/79390), loss: 2.7276, logits_loss: 2.7276, aux_loss: 0.0000, lr: 0.00036529, epoch_time: 22.0min
Epoch:[1/1](29280/79390), loss: 2.3492, logits_loss: 2.3492, aux_loss: 0.0000, lr: 0.00036513, epoch_time: 22.0min
Epoch:[1/1](29300/79390), loss: 2.4107, logits_loss: 2.4107, aux_loss: 0.0000, lr: 0.00036497, epoch_time: 22.0min
Epoch:[1/1](29320/79390), loss: 2.2782, logits_loss: 2.2782, aux_loss: 0.0000, lr: 0.00036480, epoch_time: 22.0min
Epoch:[1/1](29340/79390), loss: 2.2562, logits_loss: 2.2562, aux_loss: 0.0000, lr: 0.00036464, epoch_time: 22.0min
Epoch:[1/1](29360/79390), loss: 2.0041, logits_loss: 2.0041, aux_loss: 0.0000, lr: 0.00036448, epoch_time: 22.0min
Epoch:[1/1](29380/79390), loss: 2.2553, logits_loss: 2.2553, aux_loss: 0.0000, lr: 0.00036431, epoch_time: 22.0min
Epoch:[1/1](29400/79390), loss: 2.3593, logits_loss: 2.3593, aux_loss: 0.0000, lr: 0.00036415, epoch_time: 22.0min
Epoch:[1/1](29420/79390), loss: 2.6614, logits_loss: 2.6614, aux_loss: 0.0000, lr: 0.00036398, epoch_time: 22.0min
Epoch:[1/1](29440/79390), loss: 2.0268, logits_loss: 2.0268, aux_loss: 0.0000, lr: 0.00036382, epoch_time: 22.0min
Epoch:[1/1](29460/79390), loss: 2.1724, logits_loss: 2.1724, aux_loss: 0.0000, lr: 0.00036366, epoch_time: 22.0min
Epoch:[1/1](29480/79390), loss: 2.4673, logits_loss: 2.4673, aux_loss: 0.0000, lr: 0.00036349, epoch_time: 22.0min
Epoch:[1/1](29500/79390), loss: 2.3158, logits_loss: 2.3158, aux_loss: 0.0000, lr: 0.00036333, epoch_time: 22.0min
Epoch:[1/1](29520/79390), loss: 2.3361, logits_loss: 2.3361, aux_loss: 0.0000, lr: 0.00036317, epoch_time: 22.0min
Epoch:[1/1](29540/79390), loss: 2.2867, logits_loss: 2.2867, aux_loss: 0.0000, lr: 0.00036300, epoch_time: 22.0min
Epoch:[1/1](29560/79390), loss: 2.3230, logits_loss: 2.3230, aux_loss: 0.0000, lr: 0.00036284, epoch_time: 22.0min
Epoch:[1/1](29580/79390), loss: 2.2666, logits_loss: 2.2666, aux_loss: 0.0000, lr: 0.00036267, epoch_time: 22.0min
Epoch:[1/1](29600/79390), loss: 2.1893, logits_loss: 2.1893, aux_loss: 0.0000, lr: 0.00036251, epoch_time: 22.0min
Epoch:[1/1](29620/79390), loss: 2.1753, logits_loss: 2.1753, aux_loss: 0.0000, lr: 0.00036235, epoch_time: 22.0min
Epoch:[1/1](29640/79390), loss: 2.1712, logits_loss: 2.1712, aux_loss: 0.0000, lr: 0.00036218, epoch_time: 22.0min
Epoch:[1/1](29660/79390), loss: 2.0733, logits_loss: 2.0733, aux_loss: 0.0000, lr: 0.00036202, epoch_time: 22.0min
Epoch:[1/1](29680/79390), loss: 2.4217, logits_loss: 2.4217, aux_loss: 0.0000, lr: 0.00036185, epoch_time: 22.0min
Epoch:[1/1](29700/79390), loss: 2.0796, logits_loss: 2.0796, aux_loss: 0.0000, lr: 0.00036169, epoch_time: 22.0min
Epoch:[1/1](29720/79390), loss: 2.3879, logits_loss: 2.3879, aux_loss: 0.0000, lr: 0.00036153, epoch_time: 22.0min
Epoch:[1/1](29740/79390), loss: 2.3776, logits_loss: 2.3776, aux_loss: 0.0000, lr: 0.00036136, epoch_time: 22.0min
Epoch:[1/1](29760/79390), loss: 2.4005, logits_loss: 2.4005, aux_loss: 0.0000, lr: 0.00036120, epoch_time: 22.0min
Epoch:[1/1](29780/79390), loss: 2.3832, logits_loss: 2.3832, aux_loss: 0.0000, lr: 0.00036103, epoch_time: 22.0min
Epoch:[1/1](29800/79390), loss: 2.2906, logits_loss: 2.2906, aux_loss: 0.0000, lr: 0.00036087, epoch_time: 22.0min
Epoch:[1/1](29820/79390), loss: 2.2337, logits_loss: 2.2337, aux_loss: 0.0000, lr: 0.00036070, epoch_time: 22.0min
Epoch:[1/1](29840/79390), loss: 2.3850, logits_loss: 2.3850, aux_loss: 0.0000, lr: 0.00036054, epoch_time: 22.0min
Epoch:[1/1](29860/79390), loss: 2.1654, logits_loss: 2.1654, aux_loss: 0.0000, lr: 0.00036037, epoch_time: 22.0min
Epoch:[1/1](29880/79390), loss: 2.2670, logits_loss: 2.2670, aux_loss: 0.0000, lr: 0.00036021, epoch_time: 22.0min
Epoch:[1/1](29900/79390), loss: 2.3352, logits_loss: 2.3352, aux_loss: 0.0000, lr: 0.00036004, epoch_time: 22.0min
Epoch:[1/1](29920/79390), loss: 2.4750, logits_loss: 2.4750, aux_loss: 0.0000, lr: 0.00035988, epoch_time: 22.0min
Epoch:[1/1](29940/79390), loss: 2.1700, logits_loss: 2.1700, aux_loss: 0.0000, lr: 0.00035971, epoch_time: 22.0min
Epoch:[1/1](29960/79390), loss: 2.5953, logits_loss: 2.5953, aux_loss: 0.0000, lr: 0.00035955, epoch_time: 22.0min
Epoch:[1/1](29980/79390), loss: 2.4398, logits_loss: 2.4398, aux_loss: 0.0000, lr: 0.00035938, epoch_time: 22.0min
Epoch:[1/1](30000/79390), loss: 2.4498, logits_loss: 2.4498, aux_loss: 0.0000, lr: 0.00035922, epoch_time: 22.0min
Epoch:[1/1](30020/79390), loss: 2.2257, logits_loss: 2.2257, aux_loss: 0.0000, lr: 0.00035905, epoch_time: 22.0min
Epoch:[1/1](30040/79390), loss: 2.2703, logits_loss: 2.2703, aux_loss: 0.0000, lr: 0.00035889, epoch_time: 22.0min
Epoch:[1/1](30060/79390), loss: 2.4545, logits_loss: 2.4545, aux_loss: 0.0000, lr: 0.00035872, epoch_time: 22.0min
Epoch:[1/1](30080/79390), loss: 2.2026, logits_loss: 2.2026, aux_loss: 0.0000, lr: 0.00035856, epoch_time: 22.0min
Epoch:[1/1](30100/79390), loss: 2.1811, logits_loss: 2.1811, aux_loss: 0.0000, lr: 0.00035839, epoch_time: 22.0min
Epoch:[1/1](30120/79390), loss: 2.2736, logits_loss: 2.2736, aux_loss: 0.0000, lr: 0.00035823, epoch_time: 22.0min
Epoch:[1/1](30140/79390), loss: 2.1430, logits_loss: 2.1430, aux_loss: 0.0000, lr: 0.00035806, epoch_time: 22.0min
Epoch:[1/1](30160/79390), loss: 2.4315, logits_loss: 2.4315, aux_loss: 0.0000, lr: 0.00035790, epoch_time: 22.0min
Epoch:[1/1](30180/79390), loss: 2.1727, logits_loss: 2.1727, aux_loss: 0.0000, lr: 0.00035773, epoch_time: 22.0min
Epoch:[1/1](30200/79390), loss: 2.2983, logits_loss: 2.2983, aux_loss: 0.0000, lr: 0.00035756, epoch_time: 22.0min
Epoch:[1/1](30220/79390), loss: 2.3120, logits_loss: 2.3120, aux_loss: 0.0000, lr: 0.00035740, epoch_time: 22.0min
Epoch:[1/1](30240/79390), loss: 2.3327, logits_loss: 2.3327, aux_loss: 0.0000, lr: 0.00035723, epoch_time: 22.0min
Epoch:[1/1](30260/79390), loss: 2.1964, logits_loss: 2.1964, aux_loss: 0.0000, lr: 0.00035707, epoch_time: 22.0min
Epoch:[1/1](30280/79390), loss: 2.0760, logits_loss: 2.0760, aux_loss: 0.0000, lr: 0.00035690, epoch_time: 22.0min
Epoch:[1/1](30300/79390), loss: 2.3512, logits_loss: 2.3512, aux_loss: 0.0000, lr: 0.00035674, epoch_time: 22.0min
Epoch:[1/1](30320/79390), loss: 2.1758, logits_loss: 2.1758, aux_loss: 0.0000, lr: 0.00035657, epoch_time: 22.0min
Epoch:[1/1](30340/79390), loss: 2.6257, logits_loss: 2.6257, aux_loss: 0.0000, lr: 0.00035640, epoch_time: 22.0min
Epoch:[1/1](30360/79390), loss: 2.1893, logits_loss: 2.1893, aux_loss: 0.0000, lr: 0.00035624, epoch_time: 22.0min
Epoch:[1/1](30380/79390), loss: 2.3389, logits_loss: 2.3389, aux_loss: 0.0000, lr: 0.00035607, epoch_time: 22.0min
Epoch:[1/1](30400/79390), loss: 2.5629, logits_loss: 2.5629, aux_loss: 0.0000, lr: 0.00035591, epoch_time: 22.0min
Epoch:[1/1](30420/79390), loss: 2.2182, logits_loss: 2.2182, aux_loss: 0.0000, lr: 0.00035574, epoch_time: 22.0min
Epoch:[1/1](30440/79390), loss: 2.2077, logits_loss: 2.2077, aux_loss: 0.0000, lr: 0.00035557, epoch_time: 22.0min
Epoch:[1/1](30460/79390), loss: 2.1541, logits_loss: 2.1541, aux_loss: 0.0000, lr: 0.00035541, epoch_time: 22.0min
Epoch:[1/1](30480/79390), loss: 2.1409, logits_loss: 2.1409, aux_loss: 0.0000, lr: 0.00035524, epoch_time: 22.0min
Epoch:[1/1](30500/79390), loss: 2.3027, logits_loss: 2.3027, aux_loss: 0.0000, lr: 0.00035507, epoch_time: 22.0min
Epoch:[1/1](30520/79390), loss: 2.5684, logits_loss: 2.5684, aux_loss: 0.0000, lr: 0.00035491, epoch_time: 22.0min
Epoch:[1/1](30540/79390), loss: 2.1157, logits_loss: 2.1157, aux_loss: 0.0000, lr: 0.00035474, epoch_time: 22.0min
Epoch:[1/1](30560/79390), loss: 2.0582, logits_loss: 2.0582, aux_loss: 0.0000, lr: 0.00035457, epoch_time: 22.0min
Epoch:[1/1](30580/79390), loss: 2.4655, logits_loss: 2.4655, aux_loss: 0.0000, lr: 0.00035441, epoch_time: 22.0min
Epoch:[1/1](30600/79390), loss: 2.3660, logits_loss: 2.3660, aux_loss: 0.0000, lr: 0.00035424, epoch_time: 22.0min
Epoch:[1/1](30620/79390), loss: 2.0387, logits_loss: 2.0387, aux_loss: 0.0000, lr: 0.00035407, epoch_time: 22.0min
Epoch:[1/1](30640/79390), loss: 2.1547, logits_loss: 2.1547, aux_loss: 0.0000, lr: 0.00035391, epoch_time: 22.0min
Epoch:[1/1](30660/79390), loss: 2.1366, logits_loss: 2.1366, aux_loss: 0.0000, lr: 0.00035374, epoch_time: 22.0min
Epoch:[1/1](30680/79390), loss: 2.3291, logits_loss: 2.3291, aux_loss: 0.0000, lr: 0.00035357, epoch_time: 22.0min
Epoch:[1/1](30700/79390), loss: 2.3742, logits_loss: 2.3742, aux_loss: 0.0000, lr: 0.00035341, epoch_time: 22.0min
Epoch:[1/1](30720/79390), loss: 2.4806, logits_loss: 2.4806, aux_loss: 0.0000, lr: 0.00035324, epoch_time: 22.0min
Epoch:[1/1](30740/79390), loss: 2.0777, logits_loss: 2.0777, aux_loss: 0.0000, lr: 0.00035307, epoch_time: 22.0min
Epoch:[1/1](30760/79390), loss: 2.0190, logits_loss: 2.0190, aux_loss: 0.0000, lr: 0.00035291, epoch_time: 22.0min
Epoch:[1/1](30780/79390), loss: 2.1042, logits_loss: 2.1042, aux_loss: 0.0000, lr: 0.00035274, epoch_time: 22.0min
Epoch:[1/1](30800/79390), loss: 2.2083, logits_loss: 2.2083, aux_loss: 0.0000, lr: 0.00035257, epoch_time: 22.0min
Epoch:[1/1](30820/79390), loss: 2.1162, logits_loss: 2.1162, aux_loss: 0.0000, lr: 0.00035241, epoch_time: 22.0min
Epoch:[1/1](30840/79390), loss: 2.2788, logits_loss: 2.2788, aux_loss: 0.0000, lr: 0.00035224, epoch_time: 22.0min
Epoch:[1/1](30860/79390), loss: 2.2059, logits_loss: 2.2059, aux_loss: 0.0000, lr: 0.00035207, epoch_time: 22.0min
Epoch:[1/1](30880/79390), loss: 2.0762, logits_loss: 2.0762, aux_loss: 0.0000, lr: 0.00035190, epoch_time: 22.0min
Epoch:[1/1](30900/79390), loss: 2.3896, logits_loss: 2.3896, aux_loss: 0.0000, lr: 0.00035174, epoch_time: 22.0min
Epoch:[1/1](30920/79390), loss: 2.3669, logits_loss: 2.3669, aux_loss: 0.0000, lr: 0.00035157, epoch_time: 22.0min
Epoch:[1/1](30940/79390), loss: 2.4280, logits_loss: 2.4280, aux_loss: 0.0000, lr: 0.00035140, epoch_time: 22.0min
Epoch:[1/1](30960/79390), loss: 2.3249, logits_loss: 2.3249, aux_loss: 0.0000, lr: 0.00035123, epoch_time: 21.0min
Epoch:[1/1](30980/79390), loss: 2.3084, logits_loss: 2.3084, aux_loss: 0.0000, lr: 0.00035107, epoch_time: 21.0min
Epoch:[1/1](31000/79390), loss: 2.3487, logits_loss: 2.3487, aux_loss: 0.0000, lr: 0.00035090, epoch_time: 21.0min
Epoch:[1/1](31020/79390), loss: 2.3323, logits_loss: 2.3323, aux_loss: 0.0000, lr: 0.00035073, epoch_time: 22.0min
Epoch:[1/1](31040/79390), loss: 2.2023, logits_loss: 2.2023, aux_loss: 0.0000, lr: 0.00035056, epoch_time: 22.0min
Epoch:[1/1](31060/79390), loss: 2.2325, logits_loss: 2.2325, aux_loss: 0.0000, lr: 0.00035040, epoch_time: 22.0min
Epoch:[1/1](31080/79390), loss: 2.0740, logits_loss: 2.0740, aux_loss: 0.0000, lr: 0.00035023, epoch_time: 22.0min
Epoch:[1/1](31100/79390), loss: 2.2419, logits_loss: 2.2419, aux_loss: 0.0000, lr: 0.00035006, epoch_time: 22.0min
Epoch:[1/1](31120/79390), loss: 2.2787, logits_loss: 2.2787, aux_loss: 0.0000, lr: 0.00034989, epoch_time: 21.0min
Epoch:[1/1](31140/79390), loss: 2.3191, logits_loss: 2.3191, aux_loss: 0.0000, lr: 0.00034972, epoch_time: 21.0min
Epoch:[1/1](31160/79390), loss: 2.1816, logits_loss: 2.1816, aux_loss: 0.0000, lr: 0.00034956, epoch_time: 21.0min
Epoch:[1/1](31180/79390), loss: 2.3444, logits_loss: 2.3444, aux_loss: 0.0000, lr: 0.00034939, epoch_time: 21.0min
Epoch:[1/1](31200/79390), loss: 2.2474, logits_loss: 2.2474, aux_loss: 0.0000, lr: 0.00034922, epoch_time: 21.0min
Epoch:[1/1](31220/79390), loss: 2.2895, logits_loss: 2.2895, aux_loss: 0.0000, lr: 0.00034905, epoch_time: 21.0min
Epoch:[1/1](31240/79390), loss: 2.2648, logits_loss: 2.2648, aux_loss: 0.0000, lr: 0.00034888, epoch_time: 21.0min
Epoch:[1/1](31260/79390), loss: 2.1396, logits_loss: 2.1396, aux_loss: 0.0000, lr: 0.00034872, epoch_time: 21.0min
Epoch:[1/1](31280/79390), loss: 1.9802, logits_loss: 1.9802, aux_loss: 0.0000, lr: 0.00034855, epoch_time: 21.0min
Epoch:[1/1](31300/79390), loss: 1.9222, logits_loss: 1.9222, aux_loss: 0.0000, lr: 0.00034838, epoch_time: 21.0min
Epoch:[1/1](31320/79390), loss: 2.2642, logits_loss: 2.2642, aux_loss: 0.0000, lr: 0.00034821, epoch_time: 21.0min
Epoch:[1/1](31340/79390), loss: 1.9848, logits_loss: 1.9848, aux_loss: 0.0000, lr: 0.00034804, epoch_time: 21.0min
Epoch:[1/1](31360/79390), loss: 2.1436, logits_loss: 2.1436, aux_loss: 0.0000, lr: 0.00034787, epoch_time: 21.0min
Epoch:[1/1](31380/79390), loss: 2.6776, logits_loss: 2.6776, aux_loss: 0.0000, lr: 0.00034770, epoch_time: 21.0min
Epoch:[1/1](31400/79390), loss: 2.2489, logits_loss: 2.2489, aux_loss: 0.0000, lr: 0.00034754, epoch_time: 21.0min
Epoch:[1/1](31420/79390), loss: 2.4053, logits_loss: 2.4053, aux_loss: 0.0000, lr: 0.00034737, epoch_time: 21.0min
Epoch:[1/1](31440/79390), loss: 1.9015, logits_loss: 1.9015, aux_loss: 0.0000, lr: 0.00034720, epoch_time: 21.0min
Epoch:[1/1](31460/79390), loss: 2.0936, logits_loss: 2.0936, aux_loss: 0.0000, lr: 0.00034703, epoch_time: 21.0min
Epoch:[1/1](31480/79390), loss: 2.1367, logits_loss: 2.1367, aux_loss: 0.0000, lr: 0.00034686, epoch_time: 21.0min
Epoch:[1/1](31500/79390), loss: 2.6236, logits_loss: 2.6236, aux_loss: 0.0000, lr: 0.00034669, epoch_time: 21.0min
Epoch:[1/1](31520/79390), loss: 2.3722, logits_loss: 2.3722, aux_loss: 0.0000, lr: 0.00034652, epoch_time: 21.0min
Epoch:[1/1](31540/79390), loss: 2.1106, logits_loss: 2.1106, aux_loss: 0.0000, lr: 0.00034636, epoch_time: 21.0min
Epoch:[1/1](31560/79390), loss: 2.4959, logits_loss: 2.4959, aux_loss: 0.0000, lr: 0.00034619, epoch_time: 21.0min
Epoch:[1/1](31580/79390), loss: 2.1611, logits_loss: 2.1611, aux_loss: 0.0000, lr: 0.00034602, epoch_time: 21.0min
Epoch:[1/1](31600/79390), loss: 2.1789, logits_loss: 2.1789, aux_loss: 0.0000, lr: 0.00034585, epoch_time: 21.0min
Epoch:[1/1](31620/79390), loss: 2.1664, logits_loss: 2.1664, aux_loss: 0.0000, lr: 0.00034568, epoch_time: 21.0min
Epoch:[1/1](31640/79390), loss: 2.1615, logits_loss: 2.1615, aux_loss: 0.0000, lr: 0.00034551, epoch_time: 21.0min
Epoch:[1/1](31660/79390), loss: 2.0940, logits_loss: 2.0940, aux_loss: 0.0000, lr: 0.00034534, epoch_time: 21.0min
Epoch:[1/1](31680/79390), loss: 2.4116, logits_loss: 2.4116, aux_loss: 0.0000, lr: 0.00034517, epoch_time: 21.0min
Epoch:[1/1](31700/79390), loss: 2.1279, logits_loss: 2.1279, aux_loss: 0.0000, lr: 0.00034500, epoch_time: 21.0min
Epoch:[1/1](31720/79390), loss: 1.9006, logits_loss: 1.9006, aux_loss: 0.0000, lr: 0.00034483, epoch_time: 21.0min
Epoch:[1/1](31740/79390), loss: 2.3298, logits_loss: 2.3298, aux_loss: 0.0000, lr: 0.00034466, epoch_time: 21.0min
Epoch:[1/1](31760/79390), loss: 2.4123, logits_loss: 2.4123, aux_loss: 0.0000, lr: 0.00034449, epoch_time: 21.0min
Epoch:[1/1](31780/79390), loss: 2.3231, logits_loss: 2.3231, aux_loss: 0.0000, lr: 0.00034433, epoch_time: 21.0min
Epoch:[1/1](31800/79390), loss: 2.3772, logits_loss: 2.3772, aux_loss: 0.0000, lr: 0.00034416, epoch_time: 21.0min
Epoch:[1/1](31820/79390), loss: 2.1211, logits_loss: 2.1211, aux_loss: 0.0000, lr: 0.00034399, epoch_time: 21.0min
Epoch:[1/1](31840/79390), loss: 2.2146, logits_loss: 2.2146, aux_loss: 0.0000, lr: 0.00034382, epoch_time: 21.0min
Epoch:[1/1](31860/79390), loss: 2.2628, logits_loss: 2.2628, aux_loss: 0.0000, lr: 0.00034365, epoch_time: 21.0min
Epoch:[1/1](31880/79390), loss: 2.0323, logits_loss: 2.0323, aux_loss: 0.0000, lr: 0.00034348, epoch_time: 21.0min
Epoch:[1/1](31900/79390), loss: 2.0747, logits_loss: 2.0747, aux_loss: 0.0000, lr: 0.00034331, epoch_time: 21.0min
Epoch:[1/1](31920/79390), loss: 2.1913, logits_loss: 2.1913, aux_loss: 0.0000, lr: 0.00034314, epoch_time: 21.0min
Epoch:[1/1](31940/79390), loss: 2.1791, logits_loss: 2.1791, aux_loss: 0.0000, lr: 0.00034297, epoch_time: 21.0min
Epoch:[1/1](31960/79390), loss: 2.3000, logits_loss: 2.3000, aux_loss: 0.0000, lr: 0.00034280, epoch_time: 21.0min
Epoch:[1/1](31980/79390), loss: 2.1182, logits_loss: 2.1182, aux_loss: 0.0000, lr: 0.00034263, epoch_time: 21.0min
Epoch:[1/1](32000/79390), loss: 2.2509, logits_loss: 2.2509, aux_loss: 0.0000, lr: 0.00034246, epoch_time: 21.0min
Epoch:[1/1](32020/79390), loss: 2.2760, logits_loss: 2.2760, aux_loss: 0.0000, lr: 0.00034229, epoch_time: 21.0min
Epoch:[1/1](32040/79390), loss: 2.3578, logits_loss: 2.3578, aux_loss: 0.0000, lr: 0.00034212, epoch_time: 21.0min
Epoch:[1/1](32060/79390), loss: 2.2170, logits_loss: 2.2170, aux_loss: 0.0000, lr: 0.00034195, epoch_time: 21.0min
Epoch:[1/1](32080/79390), loss: 2.4402, logits_loss: 2.4402, aux_loss: 0.0000, lr: 0.00034178, epoch_time: 21.0min
Epoch:[1/1](32100/79390), loss: 2.1035, logits_loss: 2.1035, aux_loss: 0.0000, lr: 0.00034161, epoch_time: 21.0min
Epoch:[1/1](32120/79390), loss: 2.1465, logits_loss: 2.1465, aux_loss: 0.0000, lr: 0.00034144, epoch_time: 21.0min
Epoch:[1/1](32140/79390), loss: 2.6404, logits_loss: 2.6404, aux_loss: 0.0000, lr: 0.00034127, epoch_time: 21.0min
Epoch:[1/1](32160/79390), loss: 2.1171, logits_loss: 2.1171, aux_loss: 0.0000, lr: 0.00034110, epoch_time: 21.0min
Epoch:[1/1](32180/79390), loss: 2.2396, logits_loss: 2.2396, aux_loss: 0.0000, lr: 0.00034093, epoch_time: 21.0min
Epoch:[1/1](32200/79390), loss: 2.3700, logits_loss: 2.3700, aux_loss: 0.0000, lr: 0.00034076, epoch_time: 21.0min
Epoch:[1/1](32220/79390), loss: 1.8905, logits_loss: 1.8905, aux_loss: 0.0000, lr: 0.00034059, epoch_time: 21.0min
Epoch:[1/1](32240/79390), loss: 2.2536, logits_loss: 2.2536, aux_loss: 0.0000, lr: 0.00034042, epoch_time: 21.0min
Epoch:[1/1](32260/79390), loss: 2.7501, logits_loss: 2.7501, aux_loss: 0.0000, lr: 0.00034025, epoch_time: 21.0min
Epoch:[1/1](32280/79390), loss: 2.0557, logits_loss: 2.0557, aux_loss: 0.0000, lr: 0.00034008, epoch_time: 21.0min
Epoch:[1/1](32300/79390), loss: 2.3535, logits_loss: 2.3535, aux_loss: 0.0000, lr: 0.00033991, epoch_time: 21.0min
Epoch:[1/1](32320/79390), loss: 2.2562, logits_loss: 2.2562, aux_loss: 0.0000, lr: 0.00033974, epoch_time: 21.0min
Epoch:[1/1](32340/79390), loss: 2.1031, logits_loss: 2.1031, aux_loss: 0.0000, lr: 0.00033957, epoch_time: 21.0min
Epoch:[1/1](32360/79390), loss: 2.2858, logits_loss: 2.2858, aux_loss: 0.0000, lr: 0.00033939, epoch_time: 21.0min
Epoch:[1/1](32380/79390), loss: 2.4757, logits_loss: 2.4757, aux_loss: 0.0000, lr: 0.00033922, epoch_time: 21.0min
Epoch:[1/1](32400/79390), loss: 2.1692, logits_loss: 2.1692, aux_loss: 0.0000, lr: 0.00033905, epoch_time: 21.0min
Epoch:[1/1](32420/79390), loss: 2.1261, logits_loss: 2.1261, aux_loss: 0.0000, lr: 0.00033888, epoch_time: 21.0min
Epoch:[1/1](32440/79390), loss: 2.5546, logits_loss: 2.5546, aux_loss: 0.0000, lr: 0.00033871, epoch_time: 21.0min
Epoch:[1/1](32460/79390), loss: 2.2607, logits_loss: 2.2607, aux_loss: 0.0000, lr: 0.00033854, epoch_time: 21.0min
Epoch:[1/1](32480/79390), loss: 2.1328, logits_loss: 2.1328, aux_loss: 0.0000, lr: 0.00033837, epoch_time: 21.0min
Epoch:[1/1](32500/79390), loss: 2.1844, logits_loss: 2.1844, aux_loss: 0.0000, lr: 0.00033820, epoch_time: 21.0min
Epoch:[1/1](32520/79390), loss: 1.9653, logits_loss: 1.9653, aux_loss: 0.0000, lr: 0.00033803, epoch_time: 21.0min
Epoch:[1/1](32540/79390), loss: 2.3837, logits_loss: 2.3837, aux_loss: 0.0000, lr: 0.00033786, epoch_time: 21.0min
Epoch:[1/1](32560/79390), loss: 2.3917, logits_loss: 2.3917, aux_loss: 0.0000, lr: 0.00033769, epoch_time: 21.0min
Epoch:[1/1](32580/79390), loss: 2.0998, logits_loss: 2.0998, aux_loss: 0.0000, lr: 0.00033752, epoch_time: 21.0min
Epoch:[1/1](32600/79390), loss: 1.9816, logits_loss: 1.9816, aux_loss: 0.0000, lr: 0.00033734, epoch_time: 21.0min
Epoch:[1/1](32620/79390), loss: 1.9664, logits_loss: 1.9664, aux_loss: 0.0000, lr: 0.00033717, epoch_time: 21.0min
Epoch:[1/1](32640/79390), loss: 2.0618, logits_loss: 2.0618, aux_loss: 0.0000, lr: 0.00033700, epoch_time: 21.0min
Epoch:[1/1](32660/79390), loss: 2.0376, logits_loss: 2.0376, aux_loss: 0.0000, lr: 0.00033683, epoch_time: 21.0min
Epoch:[1/1](32680/79390), loss: 2.1998, logits_loss: 2.1998, aux_loss: 0.0000, lr: 0.00033666, epoch_time: 21.0min
Epoch:[1/1](32700/79390), loss: 2.3520, logits_loss: 2.3520, aux_loss: 0.0000, lr: 0.00033649, epoch_time: 21.0min
Epoch:[1/1](32720/79390), loss: 2.3499, logits_loss: 2.3499, aux_loss: 0.0000, lr: 0.00033632, epoch_time: 21.0min
Epoch:[1/1](32740/79390), loss: 2.0754, logits_loss: 2.0754, aux_loss: 0.0000, lr: 0.00033615, epoch_time: 21.0min
Epoch:[1/1](32760/79390), loss: 2.2182, logits_loss: 2.2182, aux_loss: 0.0000, lr: 0.00033597, epoch_time: 21.0min
Epoch:[1/1](32780/79390), loss: 2.1170, logits_loss: 2.1170, aux_loss: 0.0000, lr: 0.00033580, epoch_time: 21.0min
Epoch:[1/1](32800/79390), loss: 2.2703, logits_loss: 2.2703, aux_loss: 0.0000, lr: 0.00033563, epoch_time: 21.0min
Epoch:[1/1](32820/79390), loss: 2.3385, logits_loss: 2.3385, aux_loss: 0.0000, lr: 0.00033546, epoch_time: 21.0min
Epoch:[1/1](32840/79390), loss: 2.0947, logits_loss: 2.0947, aux_loss: 0.0000, lr: 0.00033529, epoch_time: 21.0min
Epoch:[1/1](32860/79390), loss: 2.2737, logits_loss: 2.2737, aux_loss: 0.0000, lr: 0.00033512, epoch_time: 21.0min
Epoch:[1/1](32880/79390), loss: 2.2733, logits_loss: 2.2733, aux_loss: 0.0000, lr: 0.00033495, epoch_time: 21.0min
Epoch:[1/1](32900/79390), loss: 2.2057, logits_loss: 2.2057, aux_loss: 0.0000, lr: 0.00033477, epoch_time: 21.0min
Epoch:[1/1](32920/79390), loss: 2.0887, logits_loss: 2.0887, aux_loss: 0.0000, lr: 0.00033460, epoch_time: 21.0min
Epoch:[1/1](32940/79390), loss: 2.2421, logits_loss: 2.2421, aux_loss: 0.0000, lr: 0.00033443, epoch_time: 21.0min
Epoch:[1/1](32960/79390), loss: 2.0303, logits_loss: 2.0303, aux_loss: 0.0000, lr: 0.00033426, epoch_time: 21.0min
Epoch:[1/1](32980/79390), loss: 2.7890, logits_loss: 2.7890, aux_loss: 0.0000, lr: 0.00033409, epoch_time: 21.0min
Epoch:[1/1](33000/79390), loss: 2.3474, logits_loss: 2.3474, aux_loss: 0.0000, lr: 0.00033391, epoch_time: 21.0min
Epoch:[1/1](33020/79390), loss: 2.1585, logits_loss: 2.1585, aux_loss: 0.0000, lr: 0.00033374, epoch_time: 21.0min
Epoch:[1/1](33040/79390), loss: 2.0366, logits_loss: 2.0366, aux_loss: 0.0000, lr: 0.00033357, epoch_time: 21.0min
Epoch:[1/1](33060/79390), loss: 2.1199, logits_loss: 2.1199, aux_loss: 0.0000, lr: 0.00033340, epoch_time: 21.0min
Epoch:[1/1](33080/79390), loss: 2.1250, logits_loss: 2.1250, aux_loss: 0.0000, lr: 0.00033323, epoch_time: 21.0min
Epoch:[1/1](33100/79390), loss: 2.0740, logits_loss: 2.0740, aux_loss: 0.0000, lr: 0.00033306, epoch_time: 21.0min
Epoch:[1/1](33120/79390), loss: 2.0823, logits_loss: 2.0823, aux_loss: 0.0000, lr: 0.00033288, epoch_time: 21.0min
Epoch:[1/1](33140/79390), loss: 2.2541, logits_loss: 2.2541, aux_loss: 0.0000, lr: 0.00033271, epoch_time: 21.0min
Epoch:[1/1](33160/79390), loss: 2.1557, logits_loss: 2.1557, aux_loss: 0.0000, lr: 0.00033254, epoch_time: 21.0min
Epoch:[1/1](33180/79390), loss: 2.2440, logits_loss: 2.2440, aux_loss: 0.0000, lr: 0.00033237, epoch_time: 21.0min
Epoch:[1/1](33200/79390), loss: 2.0096, logits_loss: 2.0096, aux_loss: 0.0000, lr: 0.00033219, epoch_time: 21.0min
Epoch:[1/1](33220/79390), loss: 2.0430, logits_loss: 2.0430, aux_loss: 0.0000, lr: 0.00033202, epoch_time: 21.0min
Epoch:[1/1](33240/79390), loss: 2.2735, logits_loss: 2.2735, aux_loss: 0.0000, lr: 0.00033185, epoch_time: 21.0min
Epoch:[1/1](33260/79390), loss: 2.3834, logits_loss: 2.3834, aux_loss: 0.0000, lr: 0.00033168, epoch_time: 21.0min
Epoch:[1/1](33280/79390), loss: 2.4037, logits_loss: 2.4037, aux_loss: 0.0000, lr: 0.00033151, epoch_time: 21.0min
Epoch:[1/1](33300/79390), loss: 2.2174, logits_loss: 2.2174, aux_loss: 0.0000, lr: 0.00033133, epoch_time: 21.0min
Epoch:[1/1](33320/79390), loss: 2.0974, logits_loss: 2.0974, aux_loss: 0.0000, lr: 0.00033116, epoch_time: 21.0min
Epoch:[1/1](33340/79390), loss: 2.2728, logits_loss: 2.2728, aux_loss: 0.0000, lr: 0.00033099, epoch_time: 20.0min
Epoch:[1/1](33360/79390), loss: 2.2497, logits_loss: 2.2497, aux_loss: 0.0000, lr: 0.00033082, epoch_time: 20.0min
Epoch:[1/1](33380/79390), loss: 2.4189, logits_loss: 2.4189, aux_loss: 0.0000, lr: 0.00033064, epoch_time: 20.0min
Epoch:[1/1](33400/79390), loss: 2.2727, logits_loss: 2.2727, aux_loss: 0.0000, lr: 0.00033047, epoch_time: 20.0min
Epoch:[1/1](33420/79390), loss: 2.3519, logits_loss: 2.3519, aux_loss: 0.0000, lr: 0.00033030, epoch_time: 20.0min
Epoch:[1/1](33440/79390), loss: 2.2412, logits_loss: 2.2412, aux_loss: 0.0000, lr: 0.00033013, epoch_time: 20.0min
Epoch:[1/1](33460/79390), loss: 2.1526, logits_loss: 2.1526, aux_loss: 0.0000, lr: 0.00032995, epoch_time: 20.0min
Epoch:[1/1](33480/79390), loss: 2.1735, logits_loss: 2.1735, aux_loss: 0.0000, lr: 0.00032978, epoch_time: 20.0min
Epoch:[1/1](33500/79390), loss: 2.1129, logits_loss: 2.1129, aux_loss: 0.0000, lr: 0.00032961, epoch_time: 20.0min
Epoch:[1/1](33520/79390), loss: 2.1174, logits_loss: 2.1174, aux_loss: 0.0000, lr: 0.00032943, epoch_time: 20.0min
Epoch:[1/1](33540/79390), loss: 2.1117, logits_loss: 2.1117, aux_loss: 0.0000, lr: 0.00032926, epoch_time: 20.0min
Epoch:[1/1](33560/79390), loss: 2.2605, logits_loss: 2.2605, aux_loss: 0.0000, lr: 0.00032909, epoch_time: 20.0min
Epoch:[1/1](33580/79390), loss: 2.0619, logits_loss: 2.0619, aux_loss: 0.0000, lr: 0.00032892, epoch_time: 20.0min
Epoch:[1/1](33600/79390), loss: 2.0728, logits_loss: 2.0728, aux_loss: 0.0000, lr: 0.00032874, epoch_time: 20.0min
Epoch:[1/1](33620/79390), loss: 2.2501, logits_loss: 2.2501, aux_loss: 0.0000, lr: 0.00032857, epoch_time: 20.0min
Epoch:[1/1](33640/79390), loss: 1.8697, logits_loss: 1.8697, aux_loss: 0.0000, lr: 0.00032840, epoch_time: 20.0min
Epoch:[1/1](33660/79390), loss: 2.0251, logits_loss: 2.0251, aux_loss: 0.0000, lr: 0.00032822, epoch_time: 20.0min
Epoch:[1/1](33680/79390), loss: 2.2072, logits_loss: 2.2072, aux_loss: 0.0000, lr: 0.00032805, epoch_time: 20.0min
Epoch:[1/1](33700/79390), loss: 2.0821, logits_loss: 2.0821, aux_loss: 0.0000, lr: 0.00032788, epoch_time: 20.0min
Epoch:[1/1](33720/79390), loss: 1.9339, logits_loss: 1.9339, aux_loss: 0.0000, lr: 0.00032770, epoch_time: 20.0min
Epoch:[1/1](33740/79390), loss: 2.3282, logits_loss: 2.3282, aux_loss: 0.0000, lr: 0.00032753, epoch_time: 20.0min
Epoch:[1/1](33760/79390), loss: 2.0117, logits_loss: 2.0117, aux_loss: 0.0000, lr: 0.00032736, epoch_time: 20.0min
Epoch:[1/1](33780/79390), loss: 2.1087, logits_loss: 2.1087, aux_loss: 0.0000, lr: 0.00032719, epoch_time: 20.0min
Epoch:[1/1](33800/79390), loss: 2.2463, logits_loss: 2.2463, aux_loss: 0.0000, lr: 0.00032701, epoch_time: 20.0min
Epoch:[1/1](33820/79390), loss: 2.3557, logits_loss: 2.3557, aux_loss: 0.0000, lr: 0.00032684, epoch_time: 20.0min
Epoch:[1/1](33840/79390), loss: 2.2525, logits_loss: 2.2525, aux_loss: 0.0000, lr: 0.00032667, epoch_time: 20.0min
Epoch:[1/1](33860/79390), loss: 2.2249, logits_loss: 2.2249, aux_loss: 0.0000, lr: 0.00032649, epoch_time: 20.0min
Epoch:[1/1](33880/79390), loss: 2.2290, logits_loss: 2.2290, aux_loss: 0.0000, lr: 0.00032632, epoch_time: 20.0min
Epoch:[1/1](33900/79390), loss: 2.2478, logits_loss: 2.2478, aux_loss: 0.0000, lr: 0.00032615, epoch_time: 20.0min
Epoch:[1/1](33920/79390), loss: 2.3669, logits_loss: 2.3669, aux_loss: 0.0000, lr: 0.00032597, epoch_time: 20.0min
Epoch:[1/1](33940/79390), loss: 2.5202, logits_loss: 2.5202, aux_loss: 0.0000, lr: 0.00032580, epoch_time: 20.0min
Epoch:[1/1](33960/79390), loss: 2.6153, logits_loss: 2.6153, aux_loss: 0.0000, lr: 0.00032563, epoch_time: 20.0min
Epoch:[1/1](33980/79390), loss: 2.5923, logits_loss: 2.5923, aux_loss: 0.0000, lr: 0.00032545, epoch_time: 20.0min
Epoch:[1/1](34000/79390), loss: 2.1929, logits_loss: 2.1929, aux_loss: 0.0000, lr: 0.00032528, epoch_time: 20.0min
Epoch:[1/1](34020/79390), loss: 2.0789, logits_loss: 2.0789, aux_loss: 0.0000, lr: 0.00032510, epoch_time: 20.0min
Epoch:[1/1](34040/79390), loss: 2.1123, logits_loss: 2.1123, aux_loss: 0.0000, lr: 0.00032493, epoch_time: 20.0min
Epoch:[1/1](34060/79390), loss: 2.2531, logits_loss: 2.2531, aux_loss: 0.0000, lr: 0.00032476, epoch_time: 20.0min
Epoch:[1/1](34080/79390), loss: 2.3551, logits_loss: 2.3551, aux_loss: 0.0000, lr: 0.00032458, epoch_time: 20.0min
Epoch:[1/1](34100/79390), loss: 2.3277, logits_loss: 2.3277, aux_loss: 0.0000, lr: 0.00032441, epoch_time: 20.0min
Epoch:[1/1](34120/79390), loss: 2.2451, logits_loss: 2.2451, aux_loss: 0.0000, lr: 0.00032424, epoch_time: 20.0min
Epoch:[1/1](34140/79390), loss: 2.2068, logits_loss: 2.2068, aux_loss: 0.0000, lr: 0.00032406, epoch_time: 20.0min
Epoch:[1/1](34160/79390), loss: 2.4163, logits_loss: 2.4163, aux_loss: 0.0000, lr: 0.00032389, epoch_time: 20.0min
Epoch:[1/1](34180/79390), loss: 2.4663, logits_loss: 2.4663, aux_loss: 0.0000, lr: 0.00032371, epoch_time: 20.0min
Epoch:[1/1](34200/79390), loss: 2.3178, logits_loss: 2.3178, aux_loss: 0.0000, lr: 0.00032354, epoch_time: 20.0min
Epoch:[1/1](34220/79390), loss: 2.0204, logits_loss: 2.0204, aux_loss: 0.0000, lr: 0.00032337, epoch_time: 20.0min
Epoch:[1/1](34240/79390), loss: 2.0564, logits_loss: 2.0564, aux_loss: 0.0000, lr: 0.00032319, epoch_time: 20.0min
Epoch:[1/1](34260/79390), loss: 2.1054, logits_loss: 2.1054, aux_loss: 0.0000, lr: 0.00032302, epoch_time: 20.0min
Epoch:[1/1](34280/79390), loss: 2.2346, logits_loss: 2.2346, aux_loss: 0.0000, lr: 0.00032284, epoch_time: 20.0min
Epoch:[1/1](34300/79390), loss: 2.3422, logits_loss: 2.3422, aux_loss: 0.0000, lr: 0.00032267, epoch_time: 20.0min
Epoch:[1/1](34320/79390), loss: 2.1707, logits_loss: 2.1707, aux_loss: 0.0000, lr: 0.00032250, epoch_time: 20.0min
Epoch:[1/1](34340/79390), loss: 2.3987, logits_loss: 2.3987, aux_loss: 0.0000, lr: 0.00032232, epoch_time: 20.0min
Epoch:[1/1](34360/79390), loss: 2.2390, logits_loss: 2.2390, aux_loss: 0.0000, lr: 0.00032215, epoch_time: 20.0min
Epoch:[1/1](34380/79390), loss: 2.2160, logits_loss: 2.2160, aux_loss: 0.0000, lr: 0.00032197, epoch_time: 20.0min
Epoch:[1/1](34400/79390), loss: 2.1951, logits_loss: 2.1951, aux_loss: 0.0000, lr: 0.00032180, epoch_time: 20.0min
Epoch:[1/1](34420/79390), loss: 2.1326, logits_loss: 2.1326, aux_loss: 0.0000, lr: 0.00032163, epoch_time: 20.0min
Epoch:[1/1](34440/79390), loss: 2.2972, logits_loss: 2.2972, aux_loss: 0.0000, lr: 0.00032145, epoch_time: 20.0min
Epoch:[1/1](34460/79390), loss: 2.0085, logits_loss: 2.0085, aux_loss: 0.0000, lr: 0.00032128, epoch_time: 20.0min
Epoch:[1/1](34480/79390), loss: 2.1061, logits_loss: 2.1061, aux_loss: 0.0000, lr: 0.00032110, epoch_time: 20.0min
Epoch:[1/1](34500/79390), loss: 2.1832, logits_loss: 2.1832, aux_loss: 0.0000, lr: 0.00032093, epoch_time: 20.0min
Epoch:[1/1](34520/79390), loss: 2.4187, logits_loss: 2.4187, aux_loss: 0.0000, lr: 0.00032075, epoch_time: 20.0min
Epoch:[1/1](34540/79390), loss: 2.2626, logits_loss: 2.2626, aux_loss: 0.0000, lr: 0.00032058, epoch_time: 20.0min
Epoch:[1/1](34560/79390), loss: 2.0897, logits_loss: 2.0897, aux_loss: 0.0000, lr: 0.00032041, epoch_time: 20.0min
Epoch:[1/1](34580/79390), loss: 1.8555, logits_loss: 1.8555, aux_loss: 0.0000, lr: 0.00032023, epoch_time: 20.0min
Epoch:[1/1](34600/79390), loss: 2.1631, logits_loss: 2.1631, aux_loss: 0.0000, lr: 0.00032006, epoch_time: 20.0min
Epoch:[1/1](34620/79390), loss: 1.9456, logits_loss: 1.9456, aux_loss: 0.0000, lr: 0.00031988, epoch_time: 20.0min
Epoch:[1/1](34640/79390), loss: 2.3537, logits_loss: 2.3537, aux_loss: 0.0000, lr: 0.00031971, epoch_time: 20.0min
Epoch:[1/1](34660/79390), loss: 2.2435, logits_loss: 2.2435, aux_loss: 0.0000, lr: 0.00031953, epoch_time: 20.0min
Epoch:[1/1](34680/79390), loss: 2.3058, logits_loss: 2.3058, aux_loss: 0.0000, lr: 0.00031936, epoch_time: 20.0min
Epoch:[1/1](34700/79390), loss: 2.2072, logits_loss: 2.2072, aux_loss: 0.0000, lr: 0.00031918, epoch_time: 20.0min
Epoch:[1/1](34720/79390), loss: 2.2067, logits_loss: 2.2067, aux_loss: 0.0000, lr: 0.00031901, epoch_time: 20.0min
Epoch:[1/1](34740/79390), loss: 2.2488, logits_loss: 2.2488, aux_loss: 0.0000, lr: 0.00031884, epoch_time: 20.0min
Epoch:[1/1](34760/79390), loss: 2.3977, logits_loss: 2.3977, aux_loss: 0.0000, lr: 0.00031866, epoch_time: 20.0min
Epoch:[1/1](34780/79390), loss: 2.1541, logits_loss: 2.1541, aux_loss: 0.0000, lr: 0.00031849, epoch_time: 20.0min
Epoch:[1/1](34800/79390), loss: 2.0791, logits_loss: 2.0791, aux_loss: 0.0000, lr: 0.00031831, epoch_time: 20.0min
Epoch:[1/1](34820/79390), loss: 2.4235, logits_loss: 2.4235, aux_loss: 0.0000, lr: 0.00031814, epoch_time: 20.0min
Epoch:[1/1](34840/79390), loss: 2.2862, logits_loss: 2.2862, aux_loss: 0.0000, lr: 0.00031796, epoch_time: 20.0min
Epoch:[1/1](34860/79390), loss: 2.1513, logits_loss: 2.1513, aux_loss: 0.0000, lr: 0.00031779, epoch_time: 20.0min
Epoch:[1/1](34880/79390), loss: 1.8996, logits_loss: 1.8996, aux_loss: 0.0000, lr: 0.00031761, epoch_time: 20.0min
Epoch:[1/1](34900/79390), loss: 2.1913, logits_loss: 2.1913, aux_loss: 0.0000, lr: 0.00031744, epoch_time: 20.0min
Epoch:[1/1](34920/79390), loss: 2.2336, logits_loss: 2.2336, aux_loss: 0.0000, lr: 0.00031726, epoch_time: 20.0min
Epoch:[1/1](34940/79390), loss: 1.9776, logits_loss: 1.9776, aux_loss: 0.0000, lr: 0.00031709, epoch_time: 20.0min
Epoch:[1/1](34960/79390), loss: 1.8815, logits_loss: 1.8815, aux_loss: 0.0000, lr: 0.00031691, epoch_time: 20.0min
Epoch:[1/1](34980/79390), loss: 2.0143, logits_loss: 2.0143, aux_loss: 0.0000, lr: 0.00031674, epoch_time: 20.0min
Epoch:[1/1](35000/79390), loss: 2.2465, logits_loss: 2.2465, aux_loss: 0.0000, lr: 0.00031656, epoch_time: 20.0min
Epoch:[1/1](35020/79390), loss: 2.3344, logits_loss: 2.3344, aux_loss: 0.0000, lr: 0.00031639, epoch_time: 20.0min
Epoch:[1/1](35040/79390), loss: 2.3394, logits_loss: 2.3394, aux_loss: 0.0000, lr: 0.00031621, epoch_time: 20.0min
Epoch:[1/1](35060/79390), loss: 2.1012, logits_loss: 2.1012, aux_loss: 0.0000, lr: 0.00031604, epoch_time: 20.0min
Epoch:[1/1](35080/79390), loss: 2.0858, logits_loss: 2.0858, aux_loss: 0.0000, lr: 0.00031586, epoch_time: 20.0min
Epoch:[1/1](35100/79390), loss: 2.0533, logits_loss: 2.0533, aux_loss: 0.0000, lr: 0.00031569, epoch_time: 20.0min
Epoch:[1/1](35120/79390), loss: 2.0939, logits_loss: 2.0939, aux_loss: 0.0000, lr: 0.00031551, epoch_time: 20.0min
Epoch:[1/1](35140/79390), loss: 2.1786, logits_loss: 2.1786, aux_loss: 0.0000, lr: 0.00031534, epoch_time: 20.0min
Epoch:[1/1](35160/79390), loss: 2.3417, logits_loss: 2.3417, aux_loss: 0.0000, lr: 0.00031516, epoch_time: 20.0min
Epoch:[1/1](35180/79390), loss: 2.5153, logits_loss: 2.5153, aux_loss: 0.0000, lr: 0.00031499, epoch_time: 20.0min
Epoch:[1/1](35200/79390), loss: 1.9824, logits_loss: 1.9824, aux_loss: 0.0000, lr: 0.00031481, epoch_time: 20.0min
Epoch:[1/1](35220/79390), loss: 2.1754, logits_loss: 2.1754, aux_loss: 0.0000, lr: 0.00031464, epoch_time: 20.0min
Epoch:[1/1](35240/79390), loss: 2.2983, logits_loss: 2.2983, aux_loss: 0.0000, lr: 0.00031446, epoch_time: 20.0min
Epoch:[1/1](35260/79390), loss: 2.2245, logits_loss: 2.2245, aux_loss: 0.0000, lr: 0.00031429, epoch_time: 20.0min
Epoch:[1/1](35280/79390), loss: 1.8952, logits_loss: 1.8952, aux_loss: 0.0000, lr: 0.00031411, epoch_time: 20.0min
Epoch:[1/1](35300/79390), loss: 2.2990, logits_loss: 2.2990, aux_loss: 0.0000, lr: 0.00031393, epoch_time: 20.0min
Epoch:[1/1](35320/79390), loss: 2.0416, logits_loss: 2.0416, aux_loss: 0.0000, lr: 0.00031376, epoch_time: 20.0min
Epoch:[1/1](35340/79390), loss: 2.2859, logits_loss: 2.2859, aux_loss: 0.0000, lr: 0.00031358, epoch_time: 20.0min
Epoch:[1/1](35360/79390), loss: 2.2322, logits_loss: 2.2322, aux_loss: 0.0000, lr: 0.00031341, epoch_time: 20.0min
Epoch:[1/1](35380/79390), loss: 2.4077, logits_loss: 2.4077, aux_loss: 0.0000, lr: 0.00031323, epoch_time: 20.0min
Epoch:[1/1](35400/79390), loss: 2.5062, logits_loss: 2.5062, aux_loss: 0.0000, lr: 0.00031306, epoch_time: 20.0min
Epoch:[1/1](35420/79390), loss: 1.9873, logits_loss: 1.9873, aux_loss: 0.0000, lr: 0.00031288, epoch_time: 20.0min
Epoch:[1/1](35440/79390), loss: 2.3478, logits_loss: 2.3478, aux_loss: 0.0000, lr: 0.00031271, epoch_time: 20.0min
Epoch:[1/1](35460/79390), loss: 2.1614, logits_loss: 2.1614, aux_loss: 0.0000, lr: 0.00031253, epoch_time: 20.0min
Epoch:[1/1](35480/79390), loss: 2.0137, logits_loss: 2.0137, aux_loss: 0.0000, lr: 0.00031235, epoch_time: 20.0min
Epoch:[1/1](35500/79390), loss: 2.0870, logits_loss: 2.0870, aux_loss: 0.0000, lr: 0.00031218, epoch_time: 20.0min
Epoch:[1/1](35520/79390), loss: 2.3673, logits_loss: 2.3673, aux_loss: 0.0000, lr: 0.00031200, epoch_time: 20.0min
Epoch:[1/1](35540/79390), loss: 2.1585, logits_loss: 2.1585, aux_loss: 0.0000, lr: 0.00031183, epoch_time: 20.0min
Epoch:[1/1](35560/79390), loss: 2.0988, logits_loss: 2.0988, aux_loss: 0.0000, lr: 0.00031165, epoch_time: 20.0min
Epoch:[1/1](35580/79390), loss: 2.2455, logits_loss: 2.2455, aux_loss: 0.0000, lr: 0.00031148, epoch_time: 20.0min
Epoch:[1/1](35600/79390), loss: 2.3756, logits_loss: 2.3756, aux_loss: 0.0000, lr: 0.00031130, epoch_time: 20.0min
Epoch:[1/1](35620/79390), loss: 2.1129, logits_loss: 2.1129, aux_loss: 0.0000, lr: 0.00031113, epoch_time: 20.0min
Epoch:[1/1](35640/79390), loss: 2.1274, logits_loss: 2.1274, aux_loss: 0.0000, lr: 0.00031095, epoch_time: 20.0min
Epoch:[1/1](35660/79390), loss: 1.8902, logits_loss: 1.8902, aux_loss: 0.0000, lr: 0.00031077, epoch_time: 19.0min
Epoch:[1/1](35680/79390), loss: 2.0736, logits_loss: 2.0736, aux_loss: 0.0000, lr: 0.00031060, epoch_time: 19.0min
Epoch:[1/1](35700/79390), loss: 1.9487, logits_loss: 1.9487, aux_loss: 0.0000, lr: 0.00031042, epoch_time: 19.0min
Epoch:[1/1](35720/79390), loss: 2.1618, logits_loss: 2.1618, aux_loss: 0.0000, lr: 0.00031025, epoch_time: 19.0min
Epoch:[1/1](35740/79390), loss: 2.3519, logits_loss: 2.3519, aux_loss: 0.0000, lr: 0.00031007, epoch_time: 19.0min
Epoch:[1/1](35760/79390), loss: 2.2500, logits_loss: 2.2500, aux_loss: 0.0000, lr: 0.00030989, epoch_time: 19.0min
Epoch:[1/1](35780/79390), loss: 2.2985, logits_loss: 2.2985, aux_loss: 0.0000, lr: 0.00030972, epoch_time: 19.0min
Epoch:[1/1](35800/79390), loss: 2.2817, logits_loss: 2.2817, aux_loss: 0.0000, lr: 0.00030954, epoch_time: 19.0min
Epoch:[1/1](35820/79390), loss: 2.3050, logits_loss: 2.3050, aux_loss: 0.0000, lr: 0.00030937, epoch_time: 19.0min
Epoch:[1/1](35840/79390), loss: 2.3262, logits_loss: 2.3262, aux_loss: 0.0000, lr: 0.00030919, epoch_time: 19.0min
Epoch:[1/1](35860/79390), loss: 2.1419, logits_loss: 2.1419, aux_loss: 0.0000, lr: 0.00030901, epoch_time: 19.0min
Epoch:[1/1](35880/79390), loss: 2.1230, logits_loss: 2.1230, aux_loss: 0.0000, lr: 0.00030884, epoch_time: 19.0min
Epoch:[1/1](35900/79390), loss: 2.2500, logits_loss: 2.2500, aux_loss: 0.0000, lr: 0.00030866, epoch_time: 19.0min
Epoch:[1/1](35920/79390), loss: 2.3406, logits_loss: 2.3406, aux_loss: 0.0000, lr: 0.00030849, epoch_time: 19.0min
Epoch:[1/1](35940/79390), loss: 2.1809, logits_loss: 2.1809, aux_loss: 0.0000, lr: 0.00030831, epoch_time: 19.0min
Epoch:[1/1](35960/79390), loss: 2.2813, logits_loss: 2.2813, aux_loss: 0.0000, lr: 0.00030813, epoch_time: 19.0min
Epoch:[1/1](35980/79390), loss: 2.1084, logits_loss: 2.1084, aux_loss: 0.0000, lr: 0.00030796, epoch_time: 19.0min
Epoch:[1/1](36000/79390), loss: 2.1744, logits_loss: 2.1744, aux_loss: 0.0000, lr: 0.00030778, epoch_time: 19.0min
Epoch:[1/1](36020/79390), loss: 2.0184, logits_loss: 2.0184, aux_loss: 0.0000, lr: 0.00030761, epoch_time: 19.0min
Epoch:[1/1](36040/79390), loss: 2.0571, logits_loss: 2.0571, aux_loss: 0.0000, lr: 0.00030743, epoch_time: 19.0min
Epoch:[1/1](36060/79390), loss: 2.2736, logits_loss: 2.2736, aux_loss: 0.0000, lr: 0.00030725, epoch_time: 19.0min
Epoch:[1/1](36080/79390), loss: 2.2809, logits_loss: 2.2809, aux_loss: 0.0000, lr: 0.00030708, epoch_time: 19.0min
Epoch:[1/1](36100/79390), loss: 1.9677, logits_loss: 1.9677, aux_loss: 0.0000, lr: 0.00030690, epoch_time: 19.0min
Epoch:[1/1](36120/79390), loss: 2.3891, logits_loss: 2.3891, aux_loss: 0.0000, lr: 0.00030672, epoch_time: 19.0min
Epoch:[1/1](36140/79390), loss: 2.1538, logits_loss: 2.1538, aux_loss: 0.0000, lr: 0.00030655, epoch_time: 19.0min
Epoch:[1/1](36160/79390), loss: 2.3843, logits_loss: 2.3843, aux_loss: 0.0000, lr: 0.00030637, epoch_time: 19.0min
Epoch:[1/1](36180/79390), loss: 2.0312, logits_loss: 2.0312, aux_loss: 0.0000, lr: 0.00030620, epoch_time: 19.0min
Epoch:[1/1](36200/79390), loss: 2.1032, logits_loss: 2.1032, aux_loss: 0.0000, lr: 0.00030602, epoch_time: 19.0min
Epoch:[1/1](36220/79390), loss: 2.2388, logits_loss: 2.2388, aux_loss: 0.0000, lr: 0.00030584, epoch_time: 19.0min
Epoch:[1/1](36240/79390), loss: 2.0915, logits_loss: 2.0915, aux_loss: 0.0000, lr: 0.00030567, epoch_time: 19.0min
Epoch:[1/1](36260/79390), loss: 2.1164, logits_loss: 2.1164, aux_loss: 0.0000, lr: 0.00030549, epoch_time: 19.0min
Epoch:[1/1](36280/79390), loss: 2.3249, logits_loss: 2.3249, aux_loss: 0.0000, lr: 0.00030531, epoch_time: 19.0min
Epoch:[1/1](36300/79390), loss: 2.2746, logits_loss: 2.2746, aux_loss: 0.0000, lr: 0.00030514, epoch_time: 19.0min
Epoch:[1/1](36320/79390), loss: 2.2182, logits_loss: 2.2182, aux_loss: 0.0000, lr: 0.00030496, epoch_time: 19.0min
Epoch:[1/1](36340/79390), loss: 2.2201, logits_loss: 2.2201, aux_loss: 0.0000, lr: 0.00030478, epoch_time: 19.0min
Epoch:[1/1](36360/79390), loss: 2.0457, logits_loss: 2.0457, aux_loss: 0.0000, lr: 0.00030461, epoch_time: 19.0min
Epoch:[1/1](36380/79390), loss: 2.3251, logits_loss: 2.3251, aux_loss: 0.0000, lr: 0.00030443, epoch_time: 19.0min
Epoch:[1/1](36400/79390), loss: 2.3106, logits_loss: 2.3106, aux_loss: 0.0000, lr: 0.00030425, epoch_time: 19.0min
Epoch:[1/1](36420/79390), loss: 2.0388, logits_loss: 2.0388, aux_loss: 0.0000, lr: 0.00030408, epoch_time: 19.0min
Epoch:[1/1](36440/79390), loss: 2.2582, logits_loss: 2.2582, aux_loss: 0.0000, lr: 0.00030390, epoch_time: 19.0min
Epoch:[1/1](36460/79390), loss: 2.3973, logits_loss: 2.3973, aux_loss: 0.0000, lr: 0.00030372, epoch_time: 19.0min
Epoch:[1/1](36480/79390), loss: 2.0890, logits_loss: 2.0890, aux_loss: 0.0000, lr: 0.00030355, epoch_time: 19.0min
Epoch:[1/1](36500/79390), loss: 1.9877, logits_loss: 1.9877, aux_loss: 0.0000, lr: 0.00030337, epoch_time: 19.0min
Epoch:[1/1](36520/79390), loss: 2.0577, logits_loss: 2.0577, aux_loss: 0.0000, lr: 0.00030319, epoch_time: 19.0min
Epoch:[1/1](36540/79390), loss: 2.3059, logits_loss: 2.3059, aux_loss: 0.0000, lr: 0.00030302, epoch_time: 19.0min
Epoch:[1/1](36560/79390), loss: 2.5196, logits_loss: 2.5196, aux_loss: 0.0000, lr: 0.00030284, epoch_time: 19.0min
Epoch:[1/1](36580/79390), loss: 2.0973, logits_loss: 2.0973, aux_loss: 0.0000, lr: 0.00030266, epoch_time: 19.0min
Epoch:[1/1](36600/79390), loss: 2.1070, logits_loss: 2.1070, aux_loss: 0.0000, lr: 0.00030249, epoch_time: 19.0min
Epoch:[1/1](36620/79390), loss: 2.1961, logits_loss: 2.1961, aux_loss: 0.0000, lr: 0.00030231, epoch_time: 19.0min
Epoch:[1/1](36640/79390), loss: 2.0232, logits_loss: 2.0232, aux_loss: 0.0000, lr: 0.00030213, epoch_time: 19.0min
Epoch:[1/1](36660/79390), loss: 2.0426, logits_loss: 2.0426, aux_loss: 0.0000, lr: 0.00030196, epoch_time: 19.0min
Epoch:[1/1](36680/79390), loss: 2.2297, logits_loss: 2.2297, aux_loss: 0.0000, lr: 0.00030178, epoch_time: 19.0min
Epoch:[1/1](36700/79390), loss: 2.2619, logits_loss: 2.2619, aux_loss: 0.0000, lr: 0.00030160, epoch_time: 19.0min
Epoch:[1/1](36720/79390), loss: 2.1663, logits_loss: 2.1663, aux_loss: 0.0000, lr: 0.00030143, epoch_time: 19.0min
Epoch:[1/1](36740/79390), loss: 2.1567, logits_loss: 2.1567, aux_loss: 0.0000, lr: 0.00030125, epoch_time: 19.0min
Epoch:[1/1](36760/79390), loss: 2.3154, logits_loss: 2.3154, aux_loss: 0.0000, lr: 0.00030107, epoch_time: 19.0min
Epoch:[1/1](36780/79390), loss: 2.0117, logits_loss: 2.0117, aux_loss: 0.0000, lr: 0.00030090, epoch_time: 19.0min
Epoch:[1/1](36800/79390), loss: 2.2169, logits_loss: 2.2169, aux_loss: 0.0000, lr: 0.00030072, epoch_time: 19.0min
Epoch:[1/1](36820/79390), loss: 2.3913, logits_loss: 2.3913, aux_loss: 0.0000, lr: 0.00030054, epoch_time: 19.0min
Epoch:[1/1](36840/79390), loss: 2.2220, logits_loss: 2.2220, aux_loss: 0.0000, lr: 0.00030037, epoch_time: 19.0min
Epoch:[1/1](36860/79390), loss: 2.3229, logits_loss: 2.3229, aux_loss: 0.0000, lr: 0.00030019, epoch_time: 19.0min
Epoch:[1/1](36880/79390), loss: 2.1405, logits_loss: 2.1405, aux_loss: 0.0000, lr: 0.00030001, epoch_time: 19.0min
Epoch:[1/1](36900/79390), loss: 2.4531, logits_loss: 2.4531, aux_loss: 0.0000, lr: 0.00029983, epoch_time: 19.0min
Epoch:[1/1](36920/79390), loss: 2.1850, logits_loss: 2.1850, aux_loss: 0.0000, lr: 0.00029966, epoch_time: 19.0min
Epoch:[1/1](36940/79390), loss: 2.1511, logits_loss: 2.1511, aux_loss: 0.0000, lr: 0.00029948, epoch_time: 19.0min
Epoch:[1/1](36960/79390), loss: 2.2489, logits_loss: 2.2489, aux_loss: 0.0000, lr: 0.00029930, epoch_time: 19.0min
Epoch:[1/1](36980/79390), loss: 2.2639, logits_loss: 2.2639, aux_loss: 0.0000, lr: 0.00029913, epoch_time: 19.0min
Epoch:[1/1](37000/79390), loss: 2.3029, logits_loss: 2.3029, aux_loss: 0.0000, lr: 0.00029895, epoch_time: 19.0min
Epoch:[1/1](37020/79390), loss: 2.1668, logits_loss: 2.1668, aux_loss: 0.0000, lr: 0.00029877, epoch_time: 19.0min
Epoch:[1/1](37040/79390), loss: 1.9461, logits_loss: 1.9461, aux_loss: 0.0000, lr: 0.00029860, epoch_time: 19.0min
Epoch:[1/1](37060/79390), loss: 2.2285, logits_loss: 2.2285, aux_loss: 0.0000, lr: 0.00029842, epoch_time: 19.0min
Epoch:[1/1](37080/79390), loss: 2.1822, logits_loss: 2.1822, aux_loss: 0.0000, lr: 0.00029824, epoch_time: 19.0min
Epoch:[1/1](37100/79390), loss: 2.1084, logits_loss: 2.1084, aux_loss: 0.0000, lr: 0.00029806, epoch_time: 19.0min
Epoch:[1/1](37120/79390), loss: 2.3043, logits_loss: 2.3043, aux_loss: 0.0000, lr: 0.00029789, epoch_time: 19.0min
Epoch:[1/1](37140/79390), loss: 2.0117, logits_loss: 2.0117, aux_loss: 0.0000, lr: 0.00029771, epoch_time: 19.0min
Epoch:[1/1](37160/79390), loss: 2.4359, logits_loss: 2.4359, aux_loss: 0.0000, lr: 0.00029753, epoch_time: 19.0min
Epoch:[1/1](37180/79390), loss: 2.3267, logits_loss: 2.3267, aux_loss: 0.0000, lr: 0.00029736, epoch_time: 19.0min
Epoch:[1/1](37200/79390), loss: 2.1805, logits_loss: 2.1805, aux_loss: 0.0000, lr: 0.00029718, epoch_time: 19.0min
Epoch:[1/1](37220/79390), loss: 1.9226, logits_loss: 1.9226, aux_loss: 0.0000, lr: 0.00029700, epoch_time: 19.0min
Epoch:[1/1](37240/79390), loss: 2.1799, logits_loss: 2.1799, aux_loss: 0.0000, lr: 0.00029682, epoch_time: 19.0min
Epoch:[1/1](37260/79390), loss: 2.0827, logits_loss: 2.0827, aux_loss: 0.0000, lr: 0.00029665, epoch_time: 19.0min
Epoch:[1/1](37280/79390), loss: 2.1549, logits_loss: 2.1549, aux_loss: 0.0000, lr: 0.00029647, epoch_time: 19.0min
Epoch:[1/1](37300/79390), loss: 1.9588, logits_loss: 1.9588, aux_loss: 0.0000, lr: 0.00029629, epoch_time: 19.0min
Epoch:[1/1](37320/79390), loss: 2.2971, logits_loss: 2.2971, aux_loss: 0.0000, lr: 0.00029611, epoch_time: 19.0min
Epoch:[1/1](37340/79390), loss: 2.1641, logits_loss: 2.1641, aux_loss: 0.0000, lr: 0.00029594, epoch_time: 19.0min
Epoch:[1/1](37360/79390), loss: 2.1129, logits_loss: 2.1129, aux_loss: 0.0000, lr: 0.00029576, epoch_time: 19.0min
Epoch:[1/1](37380/79390), loss: 2.5474, logits_loss: 2.5474, aux_loss: 0.0000, lr: 0.00029558, epoch_time: 19.0min
Epoch:[1/1](37400/79390), loss: 1.9603, logits_loss: 1.9603, aux_loss: 0.0000, lr: 0.00029541, epoch_time: 19.0min
Epoch:[1/1](37420/79390), loss: 2.2725, logits_loss: 2.2725, aux_loss: 0.0000, lr: 0.00029523, epoch_time: 19.0min
Epoch:[1/1](37440/79390), loss: 2.2757, logits_loss: 2.2757, aux_loss: 0.0000, lr: 0.00029505, epoch_time: 19.0min
Epoch:[1/1](37460/79390), loss: 2.1971, logits_loss: 2.1971, aux_loss: 0.0000, lr: 0.00029487, epoch_time: 19.0min
Epoch:[1/1](37480/79390), loss: 2.1568, logits_loss: 2.1568, aux_loss: 0.0000, lr: 0.00029470, epoch_time: 19.0min
Epoch:[1/1](37500/79390), loss: 2.1196, logits_loss: 2.1196, aux_loss: 0.0000, lr: 0.00029452, epoch_time: 19.0min
Epoch:[1/1](37520/79390), loss: 2.1245, logits_loss: 2.1245, aux_loss: 0.0000, lr: 0.00029434, epoch_time: 19.0min
Epoch:[1/1](37540/79390), loss: 2.1181, logits_loss: 2.1181, aux_loss: 0.0000, lr: 0.00029416, epoch_time: 19.0min
Epoch:[1/1](37560/79390), loss: 2.1235, logits_loss: 2.1235, aux_loss: 0.0000, lr: 0.00029399, epoch_time: 19.0min
Epoch:[1/1](37580/79390), loss: 2.0758, logits_loss: 2.0758, aux_loss: 0.0000, lr: 0.00029381, epoch_time: 19.0min
Epoch:[1/1](37600/79390), loss: 2.2099, logits_loss: 2.2099, aux_loss: 0.0000, lr: 0.00029363, epoch_time: 19.0min
Epoch:[1/1](37620/79390), loss: 2.1752, logits_loss: 2.1752, aux_loss: 0.0000, lr: 0.00029345, epoch_time: 19.0min
Epoch:[1/1](37640/79390), loss: 2.1256, logits_loss: 2.1256, aux_loss: 0.0000, lr: 0.00029328, epoch_time: 19.0min
Epoch:[1/1](37660/79390), loss: 2.2941, logits_loss: 2.2941, aux_loss: 0.0000, lr: 0.00029310, epoch_time: 19.0min
Epoch:[1/1](37680/79390), loss: 2.1333, logits_loss: 2.1333, aux_loss: 0.0000, lr: 0.00029292, epoch_time: 19.0min
Epoch:[1/1](37700/79390), loss: 2.0779, logits_loss: 2.0779, aux_loss: 0.0000, lr: 0.00029274, epoch_time: 19.0min
Epoch:[1/1](37720/79390), loss: 2.3502, logits_loss: 2.3502, aux_loss: 0.0000, lr: 0.00029257, epoch_time: 19.0min
Epoch:[1/1](37740/79390), loss: 2.0006, logits_loss: 2.0006, aux_loss: 0.0000, lr: 0.00029239, epoch_time: 19.0min
Epoch:[1/1](37760/79390), loss: 2.4626, logits_loss: 2.4626, aux_loss: 0.0000, lr: 0.00029221, epoch_time: 19.0min
Epoch:[1/1](37780/79390), loss: 2.0886, logits_loss: 2.0886, aux_loss: 0.0000, lr: 0.00029203, epoch_time: 19.0min
Epoch:[1/1](37800/79390), loss: 2.0498, logits_loss: 2.0498, aux_loss: 0.0000, lr: 0.00029186, epoch_time: 19.0min
Epoch:[1/1](37820/79390), loss: 2.1474, logits_loss: 2.1474, aux_loss: 0.0000, lr: 0.00029168, epoch_time: 19.0min
Epoch:[1/1](37840/79390), loss: 2.2667, logits_loss: 2.2667, aux_loss: 0.0000, lr: 0.00029150, epoch_time: 18.0min
Epoch:[1/1](37860/79390), loss: 2.0786, logits_loss: 2.0786, aux_loss: 0.0000, lr: 0.00029132, epoch_time: 18.0min
Epoch:[1/1](37880/79390), loss: 2.0892, logits_loss: 2.0892, aux_loss: 0.0000, lr: 0.00029115, epoch_time: 18.0min
Epoch:[1/1](37900/79390), loss: 2.0307, logits_loss: 2.0307, aux_loss: 0.0000, lr: 0.00029097, epoch_time: 18.0min
Epoch:[1/1](37920/79390), loss: 2.1280, logits_loss: 2.1280, aux_loss: 0.0000, lr: 0.00029079, epoch_time: 18.0min
Epoch:[1/1](37940/79390), loss: 2.0499, logits_loss: 2.0499, aux_loss: 0.0000, lr: 0.00029061, epoch_time: 18.0min
Epoch:[1/1](37960/79390), loss: 2.4140, logits_loss: 2.4140, aux_loss: 0.0000, lr: 0.00029044, epoch_time: 18.0min
Epoch:[1/1](37980/79390), loss: 2.1067, logits_loss: 2.1067, aux_loss: 0.0000, lr: 0.00029026, epoch_time: 18.0min
Epoch:[1/1](38000/79390), loss: 2.2189, logits_loss: 2.2189, aux_loss: 0.0000, lr: 0.00029008, epoch_time: 18.0min
Epoch:[1/1](38020/79390), loss: 2.1703, logits_loss: 2.1703, aux_loss: 0.0000, lr: 0.00028990, epoch_time: 18.0min
Epoch:[1/1](38040/79390), loss: 2.0057, logits_loss: 2.0057, aux_loss: 0.0000, lr: 0.00028972, epoch_time: 18.0min
Epoch:[1/1](38060/79390), loss: 2.1538, logits_loss: 2.1538, aux_loss: 0.0000, lr: 0.00028955, epoch_time: 18.0min
Epoch:[1/1](38080/79390), loss: 1.8451, logits_loss: 1.8451, aux_loss: 0.0000, lr: 0.00028937, epoch_time: 18.0min
Epoch:[1/1](38100/79390), loss: 2.0915, logits_loss: 2.0915, aux_loss: 0.0000, lr: 0.00028919, epoch_time: 18.0min
Epoch:[1/1](38120/79390), loss: 2.1750, logits_loss: 2.1750, aux_loss: 0.0000, lr: 0.00028901, epoch_time: 18.0min
Epoch:[1/1](38140/79390), loss: 2.3659, logits_loss: 2.3659, aux_loss: 0.0000, lr: 0.00028884, epoch_time: 18.0min
Epoch:[1/1](38160/79390), loss: 2.0346, logits_loss: 2.0346, aux_loss: 0.0000, lr: 0.00028866, epoch_time: 18.0min
Epoch:[1/1](38180/79390), loss: 2.1267, logits_loss: 2.1267, aux_loss: 0.0000, lr: 0.00028848, epoch_time: 18.0min
Epoch:[1/1](38200/79390), loss: 1.9797, logits_loss: 1.9797, aux_loss: 0.0000, lr: 0.00028830, epoch_time: 18.0min
Epoch:[1/1](38220/79390), loss: 2.1958, logits_loss: 2.1958, aux_loss: 0.0000, lr: 0.00028813, epoch_time: 18.0min
Epoch:[1/1](38240/79390), loss: 2.2176, logits_loss: 2.2176, aux_loss: 0.0000, lr: 0.00028795, epoch_time: 18.0min
Epoch:[1/1](38260/79390), loss: 2.2842, logits_loss: 2.2842, aux_loss: 0.0000, lr: 0.00028777, epoch_time: 18.0min
Epoch:[1/1](38280/79390), loss: 1.9855, logits_loss: 1.9855, aux_loss: 0.0000, lr: 0.00028759, epoch_time: 18.0min
Epoch:[1/1](38300/79390), loss: 2.2336, logits_loss: 2.2336, aux_loss: 0.0000, lr: 0.00028741, epoch_time: 18.0min
Epoch:[1/1](38320/79390), loss: 2.2015, logits_loss: 2.2015, aux_loss: 0.0000, lr: 0.00028724, epoch_time: 18.0min
Epoch:[1/1](38340/79390), loss: 2.1642, logits_loss: 2.1642, aux_loss: 0.0000, lr: 0.00028706, epoch_time: 18.0min
Epoch:[1/1](38360/79390), loss: 2.3782, logits_loss: 2.3782, aux_loss: 0.0000, lr: 0.00028688, epoch_time: 18.0min
Epoch:[1/1](38380/79390), loss: 2.3116, logits_loss: 2.3116, aux_loss: 0.0000, lr: 0.00028670, epoch_time: 18.0min
Epoch:[1/1](38400/79390), loss: 2.3389, logits_loss: 2.3389, aux_loss: 0.0000, lr: 0.00028653, epoch_time: 18.0min
Epoch:[1/1](38420/79390), loss: 2.1892, logits_loss: 2.1892, aux_loss: 0.0000, lr: 0.00028635, epoch_time: 18.0min
Epoch:[1/1](38440/79390), loss: 2.1329, logits_loss: 2.1329, aux_loss: 0.0000, lr: 0.00028617, epoch_time: 18.0min
Epoch:[1/1](38460/79390), loss: 2.2002, logits_loss: 2.2002, aux_loss: 0.0000, lr: 0.00028599, epoch_time: 18.0min
Epoch:[1/1](38480/79390), loss: 2.2632, logits_loss: 2.2632, aux_loss: 0.0000, lr: 0.00028581, epoch_time: 18.0min
Epoch:[1/1](38500/79390), loss: 2.0685, logits_loss: 2.0685, aux_loss: 0.0000, lr: 0.00028564, epoch_time: 18.0min
Epoch:[1/1](38520/79390), loss: 2.2945, logits_loss: 2.2945, aux_loss: 0.0000, lr: 0.00028546, epoch_time: 18.0min
Epoch:[1/1](38540/79390), loss: 2.2564, logits_loss: 2.2564, aux_loss: 0.0000, lr: 0.00028528, epoch_time: 18.0min
Epoch:[1/1](38560/79390), loss: 2.2212, logits_loss: 2.2212, aux_loss: 0.0000, lr: 0.00028510, epoch_time: 18.0min
Epoch:[1/1](38580/79390), loss: 2.2523, logits_loss: 2.2523, aux_loss: 0.0000, lr: 0.00028492, epoch_time: 18.0min
Epoch:[1/1](38600/79390), loss: 2.1637, logits_loss: 2.1637, aux_loss: 0.0000, lr: 0.00028475, epoch_time: 18.0min
Epoch:[1/1](38620/79390), loss: 2.5190, logits_loss: 2.5190, aux_loss: 0.0000, lr: 0.00028457, epoch_time: 18.0min
Epoch:[1/1](38640/79390), loss: 2.2804, logits_loss: 2.2804, aux_loss: 0.0000, lr: 0.00028439, epoch_time: 18.0min
Epoch:[1/1](38660/79390), loss: 2.0744, logits_loss: 2.0744, aux_loss: 0.0000, lr: 0.00028421, epoch_time: 18.0min
Epoch:[1/1](38680/79390), loss: 2.3365, logits_loss: 2.3365, aux_loss: 0.0000, lr: 0.00028403, epoch_time: 18.0min
Epoch:[1/1](38700/79390), loss: 2.6585, logits_loss: 2.6585, aux_loss: 0.0000, lr: 0.00028386, epoch_time: 18.0min
Epoch:[1/1](38720/79390), loss: 2.2373, logits_loss: 2.2373, aux_loss: 0.0000, lr: 0.00028368, epoch_time: 18.0min
Epoch:[1/1](38740/79390), loss: 2.2774, logits_loss: 2.2774, aux_loss: 0.0000, lr: 0.00028350, epoch_time: 18.0min
Epoch:[1/1](38760/79390), loss: 2.4915, logits_loss: 2.4915, aux_loss: 0.0000, lr: 0.00028332, epoch_time: 18.0min
Epoch:[1/1](38780/79390), loss: 2.1422, logits_loss: 2.1422, aux_loss: 0.0000, lr: 0.00028315, epoch_time: 18.0min
Epoch:[1/1](38800/79390), loss: 2.1179, logits_loss: 2.1179, aux_loss: 0.0000, lr: 0.00028297, epoch_time: 18.0min
Epoch:[1/1](38820/79390), loss: 2.0187, logits_loss: 2.0187, aux_loss: 0.0000, lr: 0.00028279, epoch_time: 18.0min
Epoch:[1/1](38840/79390), loss: 2.3165, logits_loss: 2.3165, aux_loss: 0.0000, lr: 0.00028261, epoch_time: 18.0min
Epoch:[1/1](38860/79390), loss: 2.2168, logits_loss: 2.2168, aux_loss: 0.0000, lr: 0.00028243, epoch_time: 18.0min
Epoch:[1/1](38880/79390), loss: 1.9616, logits_loss: 1.9616, aux_loss: 0.0000, lr: 0.00028226, epoch_time: 18.0min
Epoch:[1/1](38900/79390), loss: 2.0212, logits_loss: 2.0212, aux_loss: 0.0000, lr: 0.00028208, epoch_time: 18.0min
Epoch:[1/1](38920/79390), loss: 2.3711, logits_loss: 2.3711, aux_loss: 0.0000, lr: 0.00028190, epoch_time: 18.0min
Epoch:[1/1](38940/79390), loss: 2.1732, logits_loss: 2.1732, aux_loss: 0.0000, lr: 0.00028172, epoch_time: 18.0min
Epoch:[1/1](38960/79390), loss: 2.2722, logits_loss: 2.2722, aux_loss: 0.0000, lr: 0.00028154, epoch_time: 18.0min
Epoch:[1/1](38980/79390), loss: 2.2081, logits_loss: 2.2081, aux_loss: 0.0000, lr: 0.00028137, epoch_time: 18.0min
Epoch:[1/1](39000/79390), loss: 2.4278, logits_loss: 2.4278, aux_loss: 0.0000, lr: 0.00028119, epoch_time: 18.0min
Epoch:[1/1](39020/79390), loss: 2.2735, logits_loss: 2.2735, aux_loss: 0.0000, lr: 0.00028101, epoch_time: 18.0min
Epoch:[1/1](39040/79390), loss: 2.1612, logits_loss: 2.1612, aux_loss: 0.0000, lr: 0.00028083, epoch_time: 18.0min
Epoch:[1/1](39060/79390), loss: 2.0323, logits_loss: 2.0323, aux_loss: 0.0000, lr: 0.00028065, epoch_time: 18.0min
Epoch:[1/1](39080/79390), loss: 2.1254, logits_loss: 2.1254, aux_loss: 0.0000, lr: 0.00028048, epoch_time: 18.0min
Epoch:[1/1](39100/79390), loss: 1.9589, logits_loss: 1.9589, aux_loss: 0.0000, lr: 0.00028030, epoch_time: 18.0min
Epoch:[1/1](39120/79390), loss: 2.2129, logits_loss: 2.2129, aux_loss: 0.0000, lr: 0.00028012, epoch_time: 18.0min
Epoch:[1/1](39140/79390), loss: 2.1638, logits_loss: 2.1638, aux_loss: 0.0000, lr: 0.00027994, epoch_time: 18.0min
Epoch:[1/1](39160/79390), loss: 2.2254, logits_loss: 2.2254, aux_loss: 0.0000, lr: 0.00027976, epoch_time: 18.0min
Epoch:[1/1](39180/79390), loss: 2.3824, logits_loss: 2.3824, aux_loss: 0.0000, lr: 0.00027959, epoch_time: 18.0min
Epoch:[1/1](39200/79390), loss: 2.1546, logits_loss: 2.1546, aux_loss: 0.0000, lr: 0.00027941, epoch_time: 18.0min
Epoch:[1/1](39220/79390), loss: 2.1665, logits_loss: 2.1665, aux_loss: 0.0000, lr: 0.00027923, epoch_time: 18.0min
Epoch:[1/1](39240/79390), loss: 2.2003, logits_loss: 2.2003, aux_loss: 0.0000, lr: 0.00027905, epoch_time: 18.0min
Epoch:[1/1](39260/79390), loss: 2.0686, logits_loss: 2.0686, aux_loss: 0.0000, lr: 0.00027887, epoch_time: 18.0min
Epoch:[1/1](39280/79390), loss: 2.0180, logits_loss: 2.0180, aux_loss: 0.0000, lr: 0.00027869, epoch_time: 18.0min
Epoch:[1/1](39300/79390), loss: 2.1802, logits_loss: 2.1802, aux_loss: 0.0000, lr: 0.00027852, epoch_time: 18.0min
Epoch:[1/1](39320/79390), loss: 2.0079, logits_loss: 2.0079, aux_loss: 0.0000, lr: 0.00027834, epoch_time: 18.0min
Epoch:[1/1](39340/79390), loss: 2.6569, logits_loss: 2.6569, aux_loss: 0.0000, lr: 0.00027816, epoch_time: 18.0min
Epoch:[1/1](39360/79390), loss: 2.3043, logits_loss: 2.3043, aux_loss: 0.0000, lr: 0.00027798, epoch_time: 18.0min
Epoch:[1/1](39380/79390), loss: 2.0764, logits_loss: 2.0764, aux_loss: 0.0000, lr: 0.00027780, epoch_time: 18.0min
Epoch:[1/1](39400/79390), loss: 2.0163, logits_loss: 2.0163, aux_loss: 0.0000, lr: 0.00027763, epoch_time: 18.0min
Epoch:[1/1](39420/79390), loss: 2.0783, logits_loss: 2.0783, aux_loss: 0.0000, lr: 0.00027745, epoch_time: 18.0min
Epoch:[1/1](39440/79390), loss: 2.0639, logits_loss: 2.0639, aux_loss: 0.0000, lr: 0.00027727, epoch_time: 18.0min
Epoch:[1/1](39460/79390), loss: 1.9940, logits_loss: 1.9940, aux_loss: 0.0000, lr: 0.00027709, epoch_time: 18.0min
Epoch:[1/1](39480/79390), loss: 2.3319, logits_loss: 2.3319, aux_loss: 0.0000, lr: 0.00027691, epoch_time: 18.0min
Epoch:[1/1](39500/79390), loss: 2.2025, logits_loss: 2.2025, aux_loss: 0.0000, lr: 0.00027674, epoch_time: 18.0min
Epoch:[1/1](39520/79390), loss: 1.9950, logits_loss: 1.9950, aux_loss: 0.0000, lr: 0.00027656, epoch_time: 18.0min
Epoch:[1/1](39540/79390), loss: 1.9872, logits_loss: 1.9872, aux_loss: 0.0000, lr: 0.00027638, epoch_time: 18.0min
Epoch:[1/1](39560/79390), loss: 2.3433, logits_loss: 2.3433, aux_loss: 0.0000, lr: 0.00027620, epoch_time: 18.0min
Epoch:[1/1](39580/79390), loss: 2.1285, logits_loss: 2.1285, aux_loss: 0.0000, lr: 0.00027602, epoch_time: 18.0min
Epoch:[1/1](39600/79390), loss: 2.3448, logits_loss: 2.3448, aux_loss: 0.0000, lr: 0.00027585, epoch_time: 18.0min
Epoch:[1/1](39620/79390), loss: 2.4006, logits_loss: 2.4006, aux_loss: 0.0000, lr: 0.00027567, epoch_time: 18.0min
Epoch:[1/1](39640/79390), loss: 2.2212, logits_loss: 2.2212, aux_loss: 0.0000, lr: 0.00027549, epoch_time: 18.0min
Epoch:[1/1](39660/79390), loss: 2.1055, logits_loss: 2.1055, aux_loss: 0.0000, lr: 0.00027531, epoch_time: 18.0min
Epoch:[1/1](39680/79390), loss: 2.0205, logits_loss: 2.0205, aux_loss: 0.0000, lr: 0.00027513, epoch_time: 18.0min
Epoch:[1/1](39700/79390), loss: 2.1643, logits_loss: 2.1643, aux_loss: 0.0000, lr: 0.00027496, epoch_time: 18.0min
Epoch:[1/1](39720/79390), loss: 2.1146, logits_loss: 2.1146, aux_loss: 0.0000, lr: 0.00027478, epoch_time: 18.0min
Epoch:[1/1](39740/79390), loss: 2.1752, logits_loss: 2.1752, aux_loss: 0.0000, lr: 0.00027460, epoch_time: 18.0min
Epoch:[1/1](39760/79390), loss: 2.2373, logits_loss: 2.2373, aux_loss: 0.0000, lr: 0.00027442, epoch_time: 18.0min
Epoch:[1/1](39780/79390), loss: 2.1516, logits_loss: 2.1516, aux_loss: 0.0000, lr: 0.00027424, epoch_time: 18.0min
Epoch:[1/1](39800/79390), loss: 2.0902, logits_loss: 2.0902, aux_loss: 0.0000, lr: 0.00027407, epoch_time: 18.0min
Epoch:[1/1](39820/79390), loss: 2.1812, logits_loss: 2.1812, aux_loss: 0.0000, lr: 0.00027389, epoch_time: 18.0min
Epoch:[1/1](39840/79390), loss: 2.3249, logits_loss: 2.3249, aux_loss: 0.0000, lr: 0.00027371, epoch_time: 18.0min
Epoch:[1/1](39860/79390), loss: 2.0276, logits_loss: 2.0276, aux_loss: 0.0000, lr: 0.00027353, epoch_time: 18.0min
Epoch:[1/1](39880/79390), loss: 2.2645, logits_loss: 2.2645, aux_loss: 0.0000, lr: 0.00027335, epoch_time: 18.0min
Epoch:[1/1](39900/79390), loss: 2.2309, logits_loss: 2.2309, aux_loss: 0.0000, lr: 0.00027317, epoch_time: 18.0min
Epoch:[1/1](39920/79390), loss: 2.1903, logits_loss: 2.1903, aux_loss: 0.0000, lr: 0.00027300, epoch_time: 18.0min
Epoch:[1/1](39940/79390), loss: 2.1962, logits_loss: 2.1962, aux_loss: 0.0000, lr: 0.00027282, epoch_time: 18.0min
Epoch:[1/1](39960/79390), loss: 2.1089, logits_loss: 2.1089, aux_loss: 0.0000, lr: 0.00027264, epoch_time: 18.0min
Epoch:[1/1](39980/79390), loss: 2.1766, logits_loss: 2.1766, aux_loss: 0.0000, lr: 0.00027246, epoch_time: 18.0min
Epoch:[1/1](40000/79390), loss: 2.3321, logits_loss: 2.3321, aux_loss: 0.0000, lr: 0.00027228, epoch_time: 17.0min
Epoch:[1/1](40020/79390), loss: 2.3280, logits_loss: 2.3280, aux_loss: 0.0000, lr: 0.00027211, epoch_time: 18.0min
Epoch:[1/1](40040/79390), loss: 2.3687, logits_loss: 2.3687, aux_loss: 0.0000, lr: 0.00027193, epoch_time: 18.0min
Epoch:[1/1](40060/79390), loss: 2.1779, logits_loss: 2.1779, aux_loss: 0.0000, lr: 0.00027175, epoch_time: 18.0min
Epoch:[1/1](40080/79390), loss: 2.0628, logits_loss: 2.0628, aux_loss: 0.0000, lr: 0.00027157, epoch_time: 18.0min
Epoch:[1/1](40100/79390), loss: 2.2118, logits_loss: 2.2118, aux_loss: 0.0000, lr: 0.00027139, epoch_time: 18.0min
Epoch:[1/1](40120/79390), loss: 2.1305, logits_loss: 2.1305, aux_loss: 0.0000, lr: 0.00027122, epoch_time: 18.0min
Epoch:[1/1](40140/79390), loss: 1.9489, logits_loss: 1.9489, aux_loss: 0.0000, lr: 0.00027104, epoch_time: 18.0min
Epoch:[1/1](40160/79390), loss: 2.0336, logits_loss: 2.0336, aux_loss: 0.0000, lr: 0.00027086, epoch_time: 17.0min
Epoch:[1/1](40180/79390), loss: 2.0564, logits_loss: 2.0564, aux_loss: 0.0000, lr: 0.00027068, epoch_time: 17.0min
Epoch:[1/1](40200/79390), loss: 1.8997, logits_loss: 1.8997, aux_loss: 0.0000, lr: 0.00027050, epoch_time: 17.0min
Epoch:[1/1](40220/79390), loss: 2.2182, logits_loss: 2.2182, aux_loss: 0.0000, lr: 0.00027033, epoch_time: 17.0min
Epoch:[1/1](40240/79390), loss: 2.1982, logits_loss: 2.1982, aux_loss: 0.0000, lr: 0.00027015, epoch_time: 17.0min
Epoch:[1/1](40260/79390), loss: 2.3514, logits_loss: 2.3514, aux_loss: 0.0000, lr: 0.00026997, epoch_time: 17.0min
Epoch:[1/1](40280/79390), loss: 2.2819, logits_loss: 2.2819, aux_loss: 0.0000, lr: 0.00026979, epoch_time: 17.0min
Epoch:[1/1](40300/79390), loss: 2.1040, logits_loss: 2.1040, aux_loss: 0.0000, lr: 0.00026961, epoch_time: 17.0min
Epoch:[1/1](40320/79390), loss: 1.9787, logits_loss: 1.9787, aux_loss: 0.0000, lr: 0.00026944, epoch_time: 17.0min
Epoch:[1/1](40340/79390), loss: 2.2946, logits_loss: 2.2946, aux_loss: 0.0000, lr: 0.00026926, epoch_time: 17.0min
Epoch:[1/1](40360/79390), loss: 2.0726, logits_loss: 2.0726, aux_loss: 0.0000, lr: 0.00026908, epoch_time: 17.0min
Epoch:[1/1](40380/79390), loss: 2.0276, logits_loss: 2.0276, aux_loss: 0.0000, lr: 0.00026890, epoch_time: 17.0min
Epoch:[1/1](40400/79390), loss: 1.9008, logits_loss: 1.9008, aux_loss: 0.0000, lr: 0.00026872, epoch_time: 17.0min
Epoch:[1/1](40420/79390), loss: 2.2506, logits_loss: 2.2506, aux_loss: 0.0000, lr: 0.00026855, epoch_time: 17.0min
Epoch:[1/1](40440/79390), loss: 2.2570, logits_loss: 2.2570, aux_loss: 0.0000, lr: 0.00026837, epoch_time: 17.0min
Epoch:[1/1](40460/79390), loss: 2.1199, logits_loss: 2.1199, aux_loss: 0.0000, lr: 0.00026819, epoch_time: 17.0min
Epoch:[1/1](40480/79390), loss: 1.8897, logits_loss: 1.8897, aux_loss: 0.0000, lr: 0.00026801, epoch_time: 17.0min
Epoch:[1/1](40500/79390), loss: 2.2188, logits_loss: 2.2188, aux_loss: 0.0000, lr: 0.00026783, epoch_time: 17.0min
Epoch:[1/1](40520/79390), loss: 2.1923, logits_loss: 2.1923, aux_loss: 0.0000, lr: 0.00026766, epoch_time: 17.0min
Epoch:[1/1](40540/79390), loss: 2.2042, logits_loss: 2.2042, aux_loss: 0.0000, lr: 0.00026748, epoch_time: 17.0min
Epoch:[1/1](40560/79390), loss: 2.3206, logits_loss: 2.3206, aux_loss: 0.0000, lr: 0.00026730, epoch_time: 17.0min
Epoch:[1/1](40580/79390), loss: 2.7767, logits_loss: 2.7767, aux_loss: 0.0000, lr: 0.00026712, epoch_time: 17.0min
Epoch:[1/1](40600/79390), loss: 1.8540, logits_loss: 1.8540, aux_loss: 0.0000, lr: 0.00026694, epoch_time: 17.0min
Epoch:[1/1](40620/79390), loss: 1.7986, logits_loss: 1.7986, aux_loss: 0.0000, lr: 0.00026677, epoch_time: 17.0min
Epoch:[1/1](40640/79390), loss: 2.2519, logits_loss: 2.2519, aux_loss: 0.0000, lr: 0.00026659, epoch_time: 17.0min
Epoch:[1/1](40660/79390), loss: 2.1919, logits_loss: 2.1919, aux_loss: 0.0000, lr: 0.00026641, epoch_time: 17.0min
Epoch:[1/1](40680/79390), loss: 2.1453, logits_loss: 2.1453, aux_loss: 0.0000, lr: 0.00026623, epoch_time: 17.0min
Epoch:[1/1](40700/79390), loss: 2.1870, logits_loss: 2.1870, aux_loss: 0.0000, lr: 0.00026605, epoch_time: 17.0min
Epoch:[1/1](40720/79390), loss: 2.5567, logits_loss: 2.5567, aux_loss: 0.0000, lr: 0.00026588, epoch_time: 17.0min
Epoch:[1/1](40740/79390), loss: 2.1133, logits_loss: 2.1133, aux_loss: 0.0000, lr: 0.00026570, epoch_time: 17.0min
Epoch:[1/1](40760/79390), loss: 2.2501, logits_loss: 2.2501, aux_loss: 0.0000, lr: 0.00026552, epoch_time: 17.0min
Epoch:[1/1](40780/79390), loss: 1.9934, logits_loss: 1.9934, aux_loss: 0.0000, lr: 0.00026534, epoch_time: 17.0min
Epoch:[1/1](40800/79390), loss: 1.9126, logits_loss: 1.9126, aux_loss: 0.0000, lr: 0.00026516, epoch_time: 17.0min
Epoch:[1/1](40820/79390), loss: 2.0340, logits_loss: 2.0340, aux_loss: 0.0000, lr: 0.00026499, epoch_time: 17.0min
Epoch:[1/1](40840/79390), loss: 2.2098, logits_loss: 2.2098, aux_loss: 0.0000, lr: 0.00026481, epoch_time: 17.0min
Epoch:[1/1](40860/79390), loss: 2.2126, logits_loss: 2.2126, aux_loss: 0.0000, lr: 0.00026463, epoch_time: 17.0min
Epoch:[1/1](40880/79390), loss: 2.3801, logits_loss: 2.3801, aux_loss: 0.0000, lr: 0.00026445, epoch_time: 17.0min
Epoch:[1/1](40900/79390), loss: 2.2572, logits_loss: 2.2572, aux_loss: 0.0000, lr: 0.00026428, epoch_time: 17.0min
Epoch:[1/1](40920/79390), loss: 2.0660, logits_loss: 2.0660, aux_loss: 0.0000, lr: 0.00026410, epoch_time: 17.0min
Epoch:[1/1](40940/79390), loss: 2.1720, logits_loss: 2.1720, aux_loss: 0.0000, lr: 0.00026392, epoch_time: 17.0min
Epoch:[1/1](40960/79390), loss: 2.3021, logits_loss: 2.3021, aux_loss: 0.0000, lr: 0.00026374, epoch_time: 17.0min
Epoch:[1/1](40980/79390), loss: 2.1518, logits_loss: 2.1518, aux_loss: 0.0000, lr: 0.00026356, epoch_time: 17.0min
Epoch:[1/1](41000/79390), loss: 2.0532, logits_loss: 2.0532, aux_loss: 0.0000, lr: 0.00026339, epoch_time: 17.0min
Epoch:[1/1](41020/79390), loss: 2.3417, logits_loss: 2.3417, aux_loss: 0.0000, lr: 0.00026321, epoch_time: 17.0min
Epoch:[1/1](41040/79390), loss: 2.3030, logits_loss: 2.3030, aux_loss: 0.0000, lr: 0.00026303, epoch_time: 17.0min
Epoch:[1/1](41060/79390), loss: 2.1118, logits_loss: 2.1118, aux_loss: 0.0000, lr: 0.00026285, epoch_time: 17.0min
Epoch:[1/1](41080/79390), loss: 1.9346, logits_loss: 1.9346, aux_loss: 0.0000, lr: 0.00026267, epoch_time: 17.0min
Epoch:[1/1](41100/79390), loss: 2.2223, logits_loss: 2.2223, aux_loss: 0.0000, lr: 0.00026250, epoch_time: 17.0min
Epoch:[1/1](41120/79390), loss: 2.3297, logits_loss: 2.3297, aux_loss: 0.0000, lr: 0.00026232, epoch_time: 17.0min
Epoch:[1/1](41140/79390), loss: 2.0676, logits_loss: 2.0676, aux_loss: 0.0000, lr: 0.00026214, epoch_time: 17.0min
Epoch:[1/1](41160/79390), loss: 2.1953, logits_loss: 2.1953, aux_loss: 0.0000, lr: 0.00026196, epoch_time: 17.0min
Epoch:[1/1](41180/79390), loss: 2.3148, logits_loss: 2.3148, aux_loss: 0.0000, lr: 0.00026179, epoch_time: 17.0min
Epoch:[1/1](41200/79390), loss: 2.2367, logits_loss: 2.2367, aux_loss: 0.0000, lr: 0.00026161, epoch_time: 17.0min
Epoch:[1/1](41220/79390), loss: 2.1596, logits_loss: 2.1596, aux_loss: 0.0000, lr: 0.00026143, epoch_time: 17.0min
Epoch:[1/1](41240/79390), loss: 1.9964, logits_loss: 1.9964, aux_loss: 0.0000, lr: 0.00026125, epoch_time: 17.0min
Epoch:[1/1](41260/79390), loss: 2.0078, logits_loss: 2.0078, aux_loss: 0.0000, lr: 0.00026107, epoch_time: 17.0min
Epoch:[1/1](41280/79390), loss: 2.3047, logits_loss: 2.3047, aux_loss: 0.0000, lr: 0.00026090, epoch_time: 17.0min
Epoch:[1/1](41300/79390), loss: 2.1427, logits_loss: 2.1427, aux_loss: 0.0000, lr: 0.00026072, epoch_time: 17.0min
Epoch:[1/1](41320/79390), loss: 1.9212, logits_loss: 1.9212, aux_loss: 0.0000, lr: 0.00026054, epoch_time: 17.0min
Epoch:[1/1](41340/79390), loss: 2.3690, logits_loss: 2.3690, aux_loss: 0.0000, lr: 0.00026036, epoch_time: 17.0min
Epoch:[1/1](41360/79390), loss: 2.3585, logits_loss: 2.3585, aux_loss: 0.0000, lr: 0.00026019, epoch_time: 17.0min
Epoch:[1/1](41380/79390), loss: 2.3077, logits_loss: 2.3077, aux_loss: 0.0000, lr: 0.00026001, epoch_time: 17.0min
Epoch:[1/1](41400/79390), loss: 2.3839, logits_loss: 2.3839, aux_loss: 0.0000, lr: 0.00025983, epoch_time: 17.0min
Epoch:[1/1](41420/79390), loss: 1.7701, logits_loss: 1.7701, aux_loss: 0.0000, lr: 0.00025965, epoch_time: 17.0min
Epoch:[1/1](41440/79390), loss: 1.9134, logits_loss: 1.9134, aux_loss: 0.0000, lr: 0.00025948, epoch_time: 17.0min
Epoch:[1/1](41460/79390), loss: 2.1848, logits_loss: 2.1848, aux_loss: 0.0000, lr: 0.00025930, epoch_time: 17.0min
Epoch:[1/1](41480/79390), loss: 2.2932, logits_loss: 2.2932, aux_loss: 0.0000, lr: 0.00025912, epoch_time: 17.0min
Epoch:[1/1](41500/79390), loss: 2.0879, logits_loss: 2.0879, aux_loss: 0.0000, lr: 0.00025894, epoch_time: 17.0min
Epoch:[1/1](41520/79390), loss: 2.4503, logits_loss: 2.4503, aux_loss: 0.0000, lr: 0.00025877, epoch_time: 17.0min
Epoch:[1/1](41540/79390), loss: 2.2693, logits_loss: 2.2693, aux_loss: 0.0000, lr: 0.00025859, epoch_time: 17.0min
Epoch:[1/1](41560/79390), loss: 2.2503, logits_loss: 2.2503, aux_loss: 0.0000, lr: 0.00025841, epoch_time: 17.0min
Epoch:[1/1](41580/79390), loss: 2.2338, logits_loss: 2.2338, aux_loss: 0.0000, lr: 0.00025823, epoch_time: 17.0min
Epoch:[1/1](41600/79390), loss: 2.3231, logits_loss: 2.3231, aux_loss: 0.0000, lr: 0.00025805, epoch_time: 17.0min
Epoch:[1/1](41620/79390), loss: 2.1955, logits_loss: 2.1955, aux_loss: 0.0000, lr: 0.00025788, epoch_time: 17.0min
Epoch:[1/1](41640/79390), loss: 2.1501, logits_loss: 2.1501, aux_loss: 0.0000, lr: 0.00025770, epoch_time: 17.0min
Epoch:[1/1](41660/79390), loss: 2.1456, logits_loss: 2.1456, aux_loss: 0.0000, lr: 0.00025752, epoch_time: 17.0min
Epoch:[1/1](41680/79390), loss: 1.8867, logits_loss: 1.8867, aux_loss: 0.0000, lr: 0.00025734, epoch_time: 17.0min
Epoch:[1/1](41700/79390), loss: 1.8399, logits_loss: 1.8399, aux_loss: 0.0000, lr: 0.00025717, epoch_time: 17.0min
Epoch:[1/1](41720/79390), loss: 2.1038, logits_loss: 2.1038, aux_loss: 0.0000, lr: 0.00025699, epoch_time: 17.0min
Epoch:[1/1](41740/79390), loss: 2.3775, logits_loss: 2.3775, aux_loss: 0.0000, lr: 0.00025681, epoch_time: 17.0min
Epoch:[1/1](41760/79390), loss: 2.0879, logits_loss: 2.0879, aux_loss: 0.0000, lr: 0.00025663, epoch_time: 17.0min
Epoch:[1/1](41780/79390), loss: 2.1786, logits_loss: 2.1786, aux_loss: 0.0000, lr: 0.00025646, epoch_time: 17.0min
Epoch:[1/1](41800/79390), loss: 2.1546, logits_loss: 2.1546, aux_loss: 0.0000, lr: 0.00025628, epoch_time: 17.0min
Epoch:[1/1](41820/79390), loss: 2.2309, logits_loss: 2.2309, aux_loss: 0.0000, lr: 0.00025610, epoch_time: 17.0min
Epoch:[1/1](41840/79390), loss: 2.3093, logits_loss: 2.3093, aux_loss: 0.0000, lr: 0.00025592, epoch_time: 17.0min
Epoch:[1/1](41860/79390), loss: 2.4464, logits_loss: 2.4464, aux_loss: 0.0000, lr: 0.00025575, epoch_time: 17.0min
Epoch:[1/1](41880/79390), loss: 2.2648, logits_loss: 2.2648, aux_loss: 0.0000, lr: 0.00025557, epoch_time: 17.0min
Epoch:[1/1](41900/79390), loss: 2.0322, logits_loss: 2.0322, aux_loss: 0.0000, lr: 0.00025539, epoch_time: 17.0min
Epoch:[1/1](41920/79390), loss: 2.0169, logits_loss: 2.0169, aux_loss: 0.0000, lr: 0.00025522, epoch_time: 17.0min
Epoch:[1/1](41940/79390), loss: 2.1151, logits_loss: 2.1151, aux_loss: 0.0000, lr: 0.00025504, epoch_time: 17.0min
Epoch:[1/1](41960/79390), loss: 2.0445, logits_loss: 2.0445, aux_loss: 0.0000, lr: 0.00025486, epoch_time: 17.0min
Epoch:[1/1](41980/79390), loss: 2.2480, logits_loss: 2.2480, aux_loss: 0.0000, lr: 0.00025468, epoch_time: 17.0min
Epoch:[1/1](42000/79390), loss: 2.0394, logits_loss: 2.0394, aux_loss: 0.0000, lr: 0.00025451, epoch_time: 17.0min
Epoch:[1/1](42020/79390), loss: 2.2854, logits_loss: 2.2854, aux_loss: 0.0000, lr: 0.00025433, epoch_time: 17.0min
Epoch:[1/1](42040/79390), loss: 2.1994, logits_loss: 2.1994, aux_loss: 0.0000, lr: 0.00025415, epoch_time: 17.0min
Epoch:[1/1](42060/79390), loss: 2.2923, logits_loss: 2.2923, aux_loss: 0.0000, lr: 0.00025397, epoch_time: 17.0min
Epoch:[1/1](42080/79390), loss: 2.1885, logits_loss: 2.1885, aux_loss: 0.0000, lr: 0.00025380, epoch_time: 17.0min
Epoch:[1/1](42100/79390), loss: 2.0945, logits_loss: 2.0945, aux_loss: 0.0000, lr: 0.00025362, epoch_time: 17.0min
Epoch:[1/1](42120/79390), loss: 1.9654, logits_loss: 1.9654, aux_loss: 0.0000, lr: 0.00025344, epoch_time: 17.0min
Epoch:[1/1](42140/79390), loss: 1.8067, logits_loss: 1.8067, aux_loss: 0.0000, lr: 0.00025326, epoch_time: 17.0min
Epoch:[1/1](42160/79390), loss: 1.8734, logits_loss: 1.8734, aux_loss: 0.0000, lr: 0.00025309, epoch_time: 17.0min
Epoch:[1/1](42180/79390), loss: 2.0335, logits_loss: 2.0335, aux_loss: 0.0000, lr: 0.00025291, epoch_time: 17.0min
Epoch:[1/1](42200/79390), loss: 2.2270, logits_loss: 2.2270, aux_loss: 0.0000, lr: 0.00025273, epoch_time: 17.0min
Epoch:[1/1](42220/79390), loss: 1.9356, logits_loss: 1.9356, aux_loss: 0.0000, lr: 0.00025256, epoch_time: 17.0min
Epoch:[1/1](42240/79390), loss: 2.0627, logits_loss: 2.0627, aux_loss: 0.0000, lr: 0.00025238, epoch_time: 17.0min
Epoch:[1/1](42260/79390), loss: 2.3851, logits_loss: 2.3851, aux_loss: 0.0000, lr: 0.00025220, epoch_time: 17.0min
Epoch:[1/1](42280/79390), loss: 2.6624, logits_loss: 2.6624, aux_loss: 0.0000, lr: 0.00025202, epoch_time: 17.0min
Epoch:[1/1](42300/79390), loss: 2.3243, logits_loss: 2.3243, aux_loss: 0.0000, lr: 0.00025185, epoch_time: 17.0min
Epoch:[1/1](42320/79390), loss: 2.0392, logits_loss: 2.0392, aux_loss: 0.0000, lr: 0.00025167, epoch_time: 17.0min
Epoch:[1/1](42340/79390), loss: 2.4313, logits_loss: 2.4313, aux_loss: 0.0000, lr: 0.00025149, epoch_time: 17.0min
Epoch:[1/1](42360/79390), loss: 2.0740, logits_loss: 2.0740, aux_loss: 0.0000, lr: 0.00025132, epoch_time: 17.0min
Epoch:[1/1](42380/79390), loss: 2.4667, logits_loss: 2.4667, aux_loss: 0.0000, lr: 0.00025114, epoch_time: 17.0min
Epoch:[1/1](42400/79390), loss: 2.0991, logits_loss: 2.0991, aux_loss: 0.0000, lr: 0.00025096, epoch_time: 17.0min
Epoch:[1/1](42420/79390), loss: 2.1098, logits_loss: 2.1098, aux_loss: 0.0000, lr: 0.00025078, epoch_time: 17.0min
Epoch:[1/1](42440/79390), loss: 2.2320, logits_loss: 2.2320, aux_loss: 0.0000, lr: 0.00025061, epoch_time: 17.0min
Epoch:[1/1](42460/79390), loss: 2.2424, logits_loss: 2.2424, aux_loss: 0.0000, lr: 0.00025043, epoch_time: 17.0min
Epoch:[1/1](42480/79390), loss: 2.1335, logits_loss: 2.1335, aux_loss: 0.0000, lr: 0.00025025, epoch_time: 17.0min
Epoch:[1/1](42500/79390), loss: 2.0248, logits_loss: 2.0248, aux_loss: 0.0000, lr: 0.00025008, epoch_time: 16.0min
Epoch:[1/1](42520/79390), loss: 2.1003, logits_loss: 2.1003, aux_loss: 0.0000, lr: 0.00024990, epoch_time: 16.0min
Epoch:[1/1](42540/79390), loss: 2.1624, logits_loss: 2.1624, aux_loss: 0.0000, lr: 0.00024972, epoch_time: 16.0min
Epoch:[1/1](42560/79390), loss: 2.1785, logits_loss: 2.1785, aux_loss: 0.0000, lr: 0.00024955, epoch_time: 16.0min
Epoch:[1/1](42580/79390), loss: 2.0424, logits_loss: 2.0424, aux_loss: 0.0000, lr: 0.00024937, epoch_time: 16.0min
Epoch:[1/1](42600/79390), loss: 2.0731, logits_loss: 2.0731, aux_loss: 0.0000, lr: 0.00024919, epoch_time: 16.0min
Epoch:[1/1](42620/79390), loss: 2.1470, logits_loss: 2.1470, aux_loss: 0.0000, lr: 0.00024902, epoch_time: 16.0min
Epoch:[1/1](42640/79390), loss: 2.0316, logits_loss: 2.0316, aux_loss: 0.0000, lr: 0.00024884, epoch_time: 16.0min
Epoch:[1/1](42660/79390), loss: 2.1150, logits_loss: 2.1150, aux_loss: 0.0000, lr: 0.00024866, epoch_time: 16.0min
Epoch:[1/1](42680/79390), loss: 1.9304, logits_loss: 1.9304, aux_loss: 0.0000, lr: 0.00024848, epoch_time: 16.0min
Epoch:[1/1](42700/79390), loss: 2.1405, logits_loss: 2.1405, aux_loss: 0.0000, lr: 0.00024831, epoch_time: 16.0min
Epoch:[1/1](42720/79390), loss: 2.2048, logits_loss: 2.2048, aux_loss: 0.0000, lr: 0.00024813, epoch_time: 16.0min
Epoch:[1/1](42740/79390), loss: 2.1818, logits_loss: 2.1818, aux_loss: 0.0000, lr: 0.00024795, epoch_time: 16.0min
Epoch:[1/1](42760/79390), loss: 2.0839, logits_loss: 2.0839, aux_loss: 0.0000, lr: 0.00024778, epoch_time: 16.0min
Epoch:[1/1](42780/79390), loss: 2.1473, logits_loss: 2.1473, aux_loss: 0.0000, lr: 0.00024760, epoch_time: 16.0min
Epoch:[1/1](42800/79390), loss: 2.2817, logits_loss: 2.2817, aux_loss: 0.0000, lr: 0.00024742, epoch_time: 16.0min
Epoch:[1/1](42820/79390), loss: 2.1617, logits_loss: 2.1617, aux_loss: 0.0000, lr: 0.00024725, epoch_time: 16.0min
Epoch:[1/1](42840/79390), loss: 1.9259, logits_loss: 1.9259, aux_loss: 0.0000, lr: 0.00024707, epoch_time: 16.0min
Epoch:[1/1](42860/79390), loss: 1.9594, logits_loss: 1.9594, aux_loss: 0.0000, lr: 0.00024689, epoch_time: 16.0min
Epoch:[1/1](42880/79390), loss: 2.2648, logits_loss: 2.2648, aux_loss: 0.0000, lr: 0.00024672, epoch_time: 16.0min
Epoch:[1/1](42900/79390), loss: 2.3058, logits_loss: 2.3058, aux_loss: 0.0000, lr: 0.00024654, epoch_time: 16.0min
Epoch:[1/1](42920/79390), loss: 2.0708, logits_loss: 2.0708, aux_loss: 0.0000, lr: 0.00024636, epoch_time: 16.0min
Epoch:[1/1](42940/79390), loss: 2.1664, logits_loss: 2.1664, aux_loss: 0.0000, lr: 0.00024619, epoch_time: 16.0min
Epoch:[1/1](42960/79390), loss: 2.2656, logits_loss: 2.2656, aux_loss: 0.0000, lr: 0.00024601, epoch_time: 16.0min
Epoch:[1/1](42980/79390), loss: 2.1124, logits_loss: 2.1124, aux_loss: 0.0000, lr: 0.00024583, epoch_time: 16.0min
Epoch:[1/1](43000/79390), loss: 2.1724, logits_loss: 2.1724, aux_loss: 0.0000, lr: 0.00024566, epoch_time: 16.0min
Epoch:[1/1](43020/79390), loss: 2.2497, logits_loss: 2.2497, aux_loss: 0.0000, lr: 0.00024548, epoch_time: 16.0min
Epoch:[1/1](43040/79390), loss: 2.2463, logits_loss: 2.2463, aux_loss: 0.0000, lr: 0.00024530, epoch_time: 16.0min
Epoch:[1/1](43060/79390), loss: 2.0772, logits_loss: 2.0772, aux_loss: 0.0000, lr: 0.00024513, epoch_time: 16.0min
Epoch:[1/1](43080/79390), loss: 2.2436, logits_loss: 2.2436, aux_loss: 0.0000, lr: 0.00024495, epoch_time: 16.0min
Epoch:[1/1](43100/79390), loss: 2.2605, logits_loss: 2.2605, aux_loss: 0.0000, lr: 0.00024477, epoch_time: 16.0min
Epoch:[1/1](43120/79390), loss: 1.8858, logits_loss: 1.8858, aux_loss: 0.0000, lr: 0.00024460, epoch_time: 16.0min
Epoch:[1/1](43140/79390), loss: 2.1564, logits_loss: 2.1564, aux_loss: 0.0000, lr: 0.00024442, epoch_time: 16.0min
Epoch:[1/1](43160/79390), loss: 2.4518, logits_loss: 2.4518, aux_loss: 0.0000, lr: 0.00024425, epoch_time: 16.0min
Epoch:[1/1](43180/79390), loss: 2.1948, logits_loss: 2.1948, aux_loss: 0.0000, lr: 0.00024407, epoch_time: 16.0min
Epoch:[1/1](43200/79390), loss: 2.2190, logits_loss: 2.2190, aux_loss: 0.0000, lr: 0.00024389, epoch_time: 16.0min
Epoch:[1/1](43220/79390), loss: 2.1861, logits_loss: 2.1861, aux_loss: 0.0000, lr: 0.00024372, epoch_time: 16.0min
Epoch:[1/1](43240/79390), loss: 2.1462, logits_loss: 2.1462, aux_loss: 0.0000, lr: 0.00024354, epoch_time: 16.0min
Epoch:[1/1](43260/79390), loss: 2.4810, logits_loss: 2.4810, aux_loss: 0.0000, lr: 0.00024336, epoch_time: 16.0min
Epoch:[1/1](43280/79390), loss: 2.0856, logits_loss: 2.0856, aux_loss: 0.0000, lr: 0.00024319, epoch_time: 16.0min
Epoch:[1/1](43300/79390), loss: 2.2676, logits_loss: 2.2676, aux_loss: 0.0000, lr: 0.00024301, epoch_time: 16.0min
Epoch:[1/1](43320/79390), loss: 1.9493, logits_loss: 1.9493, aux_loss: 0.0000, lr: 0.00024283, epoch_time: 16.0min
Epoch:[1/1](43340/79390), loss: 2.1144, logits_loss: 2.1144, aux_loss: 0.0000, lr: 0.00024266, epoch_time: 16.0min
Epoch:[1/1](43360/79390), loss: 2.1881, logits_loss: 2.1881, aux_loss: 0.0000, lr: 0.00024248, epoch_time: 16.0min
Epoch:[1/1](43380/79390), loss: 2.1601, logits_loss: 2.1601, aux_loss: 0.0000, lr: 0.00024231, epoch_time: 16.0min
Epoch:[1/1](43400/79390), loss: 2.0625, logits_loss: 2.0625, aux_loss: 0.0000, lr: 0.00024213, epoch_time: 16.0min
Epoch:[1/1](43420/79390), loss: 2.0223, logits_loss: 2.0223, aux_loss: 0.0000, lr: 0.00024195, epoch_time: 16.0min
Epoch:[1/1](43440/79390), loss: 2.0565, logits_loss: 2.0565, aux_loss: 0.0000, lr: 0.00024178, epoch_time: 16.0min
Epoch:[1/1](43460/79390), loss: 2.3817, logits_loss: 2.3817, aux_loss: 0.0000, lr: 0.00024160, epoch_time: 16.0min
Epoch:[1/1](43480/79390), loss: 2.2331, logits_loss: 2.2331, aux_loss: 0.0000, lr: 0.00024143, epoch_time: 16.0min
Epoch:[1/1](43500/79390), loss: 2.1859, logits_loss: 2.1859, aux_loss: 0.0000, lr: 0.00024125, epoch_time: 16.0min
Epoch:[1/1](43520/79390), loss: 1.9111, logits_loss: 1.9111, aux_loss: 0.0000, lr: 0.00024107, epoch_time: 16.0min
Epoch:[1/1](43540/79390), loss: 2.1186, logits_loss: 2.1186, aux_loss: 0.0000, lr: 0.00024090, epoch_time: 16.0min
Epoch:[1/1](43560/79390), loss: 2.1517, logits_loss: 2.1517, aux_loss: 0.0000, lr: 0.00024072, epoch_time: 16.0min
Epoch:[1/1](43580/79390), loss: 2.3130, logits_loss: 2.3130, aux_loss: 0.0000, lr: 0.00024055, epoch_time: 16.0min
Epoch:[1/1](43600/79390), loss: 1.9365, logits_loss: 1.9365, aux_loss: 0.0000, lr: 0.00024037, epoch_time: 16.0min
Epoch:[1/1](43620/79390), loss: 2.2337, logits_loss: 2.2337, aux_loss: 0.0000, lr: 0.00024019, epoch_time: 16.0min
Epoch:[1/1](43640/79390), loss: 2.2738, logits_loss: 2.2738, aux_loss: 0.0000, lr: 0.00024002, epoch_time: 16.0min
Epoch:[1/1](43660/79390), loss: 1.9612, logits_loss: 1.9612, aux_loss: 0.0000, lr: 0.00023984, epoch_time: 16.0min
Epoch:[1/1](43680/79390), loss: 2.0948, logits_loss: 2.0948, aux_loss: 0.0000, lr: 0.00023967, epoch_time: 16.0min
Epoch:[1/1](43700/79390), loss: 2.4295, logits_loss: 2.4295, aux_loss: 0.0000, lr: 0.00023949, epoch_time: 16.0min
Epoch:[1/1](43720/79390), loss: 1.8663, logits_loss: 1.8663, aux_loss: 0.0000, lr: 0.00023931, epoch_time: 16.0min
Epoch:[1/1](43740/79390), loss: 2.2710, logits_loss: 2.2710, aux_loss: 0.0000, lr: 0.00023914, epoch_time: 16.0min
Epoch:[1/1](43760/79390), loss: 2.1087, logits_loss: 2.1087, aux_loss: 0.0000, lr: 0.00023896, epoch_time: 16.0min
Epoch:[1/1](43780/79390), loss: 1.9487, logits_loss: 1.9487, aux_loss: 0.0000, lr: 0.00023879, epoch_time: 16.0min
Epoch:[1/1](43800/79390), loss: 2.0864, logits_loss: 2.0864, aux_loss: 0.0000, lr: 0.00023861, epoch_time: 16.0min
Epoch:[1/1](43820/79390), loss: 2.3387, logits_loss: 2.3387, aux_loss: 0.0000, lr: 0.00023844, epoch_time: 16.0min
Epoch:[1/1](43840/79390), loss: 2.0759, logits_loss: 2.0759, aux_loss: 0.0000, lr: 0.00023826, epoch_time: 16.0min
Epoch:[1/1](43860/79390), loss: 2.1246, logits_loss: 2.1246, aux_loss: 0.0000, lr: 0.00023808, epoch_time: 16.0min
Epoch:[1/1](43880/79390), loss: 2.0275, logits_loss: 2.0275, aux_loss: 0.0000, lr: 0.00023791, epoch_time: 16.0min
Epoch:[1/1](43900/79390), loss: 2.0888, logits_loss: 2.0888, aux_loss: 0.0000, lr: 0.00023773, epoch_time: 16.0min
Epoch:[1/1](43920/79390), loss: 2.3178, logits_loss: 2.3178, aux_loss: 0.0000, lr: 0.00023756, epoch_time: 16.0min
Epoch:[1/1](43940/79390), loss: 2.2893, logits_loss: 2.2893, aux_loss: 0.0000, lr: 0.00023738, epoch_time: 16.0min
Epoch:[1/1](43960/79390), loss: 2.1781, logits_loss: 2.1781, aux_loss: 0.0000, lr: 0.00023721, epoch_time: 16.0min
Epoch:[1/1](43980/79390), loss: 2.0897, logits_loss: 2.0897, aux_loss: 0.0000, lr: 0.00023703, epoch_time: 16.0min
Epoch:[1/1](44000/79390), loss: 2.0083, logits_loss: 2.0083, aux_loss: 0.0000, lr: 0.00023686, epoch_time: 16.0min
Epoch:[1/1](44020/79390), loss: 2.1664, logits_loss: 2.1664, aux_loss: 0.0000, lr: 0.00023668, epoch_time: 16.0min
Epoch:[1/1](44040/79390), loss: 2.1389, logits_loss: 2.1389, aux_loss: 0.0000, lr: 0.00023650, epoch_time: 16.0min
Epoch:[1/1](44060/79390), loss: 2.3486, logits_loss: 2.3486, aux_loss: 0.0000, lr: 0.00023633, epoch_time: 16.0min
Epoch:[1/1](44080/79390), loss: 2.0359, logits_loss: 2.0359, aux_loss: 0.0000, lr: 0.00023615, epoch_time: 16.0min
Epoch:[1/1](44100/79390), loss: 2.1345, logits_loss: 2.1345, aux_loss: 0.0000, lr: 0.00023598, epoch_time: 16.0min
Epoch:[1/1](44120/79390), loss: 2.0974, logits_loss: 2.0974, aux_loss: 0.0000, lr: 0.00023580, epoch_time: 16.0min
Epoch:[1/1](44140/79390), loss: 1.9676, logits_loss: 1.9676, aux_loss: 0.0000, lr: 0.00023563, epoch_time: 16.0min
Epoch:[1/1](44160/79390), loss: 1.9996, logits_loss: 1.9996, aux_loss: 0.0000, lr: 0.00023545, epoch_time: 16.0min
Epoch:[1/1](44180/79390), loss: 2.0726, logits_loss: 2.0726, aux_loss: 0.0000, lr: 0.00023528, epoch_time: 16.0min
Epoch:[1/1](44200/79390), loss: 2.4046, logits_loss: 2.4046, aux_loss: 0.0000, lr: 0.00023510, epoch_time: 16.0min
Epoch:[1/1](44220/79390), loss: 2.3101, logits_loss: 2.3101, aux_loss: 0.0000, lr: 0.00023493, epoch_time: 16.0min
Epoch:[1/1](44240/79390), loss: 2.1869, logits_loss: 2.1869, aux_loss: 0.0000, lr: 0.00023475, epoch_time: 16.0min
Epoch:[1/1](44260/79390), loss: 2.0979, logits_loss: 2.0979, aux_loss: 0.0000, lr: 0.00023458, epoch_time: 16.0min
Epoch:[1/1](44280/79390), loss: 2.0836, logits_loss: 2.0836, aux_loss: 0.0000, lr: 0.00023440, epoch_time: 16.0min
Epoch:[1/1](44300/79390), loss: 2.0870, logits_loss: 2.0870, aux_loss: 0.0000, lr: 0.00023423, epoch_time: 16.0min
Epoch:[1/1](44320/79390), loss: 1.9129, logits_loss: 1.9129, aux_loss: 0.0000, lr: 0.00023405, epoch_time: 16.0min
Epoch:[1/1](44340/79390), loss: 2.1352, logits_loss: 2.1352, aux_loss: 0.0000, lr: 0.00023388, epoch_time: 16.0min
Epoch:[1/1](44360/79390), loss: 1.9427, logits_loss: 1.9427, aux_loss: 0.0000, lr: 0.00023370, epoch_time: 16.0min
Epoch:[1/1](44380/79390), loss: 2.2808, logits_loss: 2.2808, aux_loss: 0.0000, lr: 0.00023353, epoch_time: 16.0min
Epoch:[1/1](44400/79390), loss: 2.6969, logits_loss: 2.6969, aux_loss: 0.0000, lr: 0.00023335, epoch_time: 16.0min
Epoch:[1/1](44420/79390), loss: 2.2880, logits_loss: 2.2880, aux_loss: 0.0000, lr: 0.00023318, epoch_time: 16.0min
Epoch:[1/1](44440/79390), loss: 2.3167, logits_loss: 2.3167, aux_loss: 0.0000, lr: 0.00023300, epoch_time: 16.0min
Epoch:[1/1](44460/79390), loss: 1.9381, logits_loss: 1.9381, aux_loss: 0.0000, lr: 0.00023283, epoch_time: 16.0min
Epoch:[1/1](44480/79390), loss: 2.1940, logits_loss: 2.1940, aux_loss: 0.0000, lr: 0.00023265, epoch_time: 16.0min
Epoch:[1/1](44500/79390), loss: 2.4946, logits_loss: 2.4946, aux_loss: 0.0000, lr: 0.00023248, epoch_time: 16.0min
Epoch:[1/1](44520/79390), loss: 2.2189, logits_loss: 2.2189, aux_loss: 0.0000, lr: 0.00023230, epoch_time: 16.0min
Epoch:[1/1](44540/79390), loss: 2.1350, logits_loss: 2.1350, aux_loss: 0.0000, lr: 0.00023213, epoch_time: 16.0min
Epoch:[1/1](44560/79390), loss: 2.1223, logits_loss: 2.1223, aux_loss: 0.0000, lr: 0.00023195, epoch_time: 16.0min
Epoch:[1/1](44580/79390), loss: 2.3667, logits_loss: 2.3667, aux_loss: 0.0000, lr: 0.00023178, epoch_time: 16.0min
Epoch:[1/1](44600/79390), loss: 2.0955, logits_loss: 2.0955, aux_loss: 0.0000, lr: 0.00023160, epoch_time: 16.0min
Epoch:[1/1](44620/79390), loss: 2.1922, logits_loss: 2.1922, aux_loss: 0.0000, lr: 0.00023143, epoch_time: 15.0min
Epoch:[1/1](44640/79390), loss: 1.9826, logits_loss: 1.9826, aux_loss: 0.0000, lr: 0.00023125, epoch_time: 15.0min
Epoch:[1/1](44660/79390), loss: 2.2310, logits_loss: 2.2310, aux_loss: 0.0000, lr: 0.00023108, epoch_time: 15.0min
Epoch:[1/1](44680/79390), loss: 2.1190, logits_loss: 2.1190, aux_loss: 0.0000, lr: 0.00023090, epoch_time: 15.0min
Epoch:[1/1](44700/79390), loss: 1.9480, logits_loss: 1.9480, aux_loss: 0.0000, lr: 0.00023073, epoch_time: 15.0min
Epoch:[1/1](44720/79390), loss: 1.9976, logits_loss: 1.9976, aux_loss: 0.0000, lr: 0.00023055, epoch_time: 15.0min
Epoch:[1/1](44740/79390), loss: 2.0772, logits_loss: 2.0772, aux_loss: 0.0000, lr: 0.00023038, epoch_time: 15.0min
Epoch:[1/1](44760/79390), loss: 2.2181, logits_loss: 2.2181, aux_loss: 0.0000, lr: 0.00023020, epoch_time: 15.0min
Epoch:[1/1](44780/79390), loss: 2.0781, logits_loss: 2.0781, aux_loss: 0.0000, lr: 0.00023003, epoch_time: 15.0min
Epoch:[1/1](44800/79390), loss: 1.8752, logits_loss: 1.8752, aux_loss: 0.0000, lr: 0.00022986, epoch_time: 15.0min
Epoch:[1/1](44820/79390), loss: 2.2498, logits_loss: 2.2498, aux_loss: 0.0000, lr: 0.00022968, epoch_time: 15.0min
Epoch:[1/1](44840/79390), loss: 2.0063, logits_loss: 2.0063, aux_loss: 0.0000, lr: 0.00022951, epoch_time: 15.0min
Epoch:[1/1](44860/79390), loss: 2.1174, logits_loss: 2.1174, aux_loss: 0.0000, lr: 0.00022933, epoch_time: 15.0min
Epoch:[1/1](44880/79390), loss: 1.9667, logits_loss: 1.9667, aux_loss: 0.0000, lr: 0.00022916, epoch_time: 15.0min
Epoch:[1/1](44900/79390), loss: 2.0425, logits_loss: 2.0425, aux_loss: 0.0000, lr: 0.00022898, epoch_time: 15.0min
Epoch:[1/1](44920/79390), loss: 2.3342, logits_loss: 2.3342, aux_loss: 0.0000, lr: 0.00022881, epoch_time: 15.0min
Epoch:[1/1](44940/79390), loss: 2.2054, logits_loss: 2.2054, aux_loss: 0.0000, lr: 0.00022864, epoch_time: 15.0min
Epoch:[1/1](44960/79390), loss: 2.1404, logits_loss: 2.1404, aux_loss: 0.0000, lr: 0.00022846, epoch_time: 15.0min
Epoch:[1/1](44980/79390), loss: 2.1508, logits_loss: 2.1508, aux_loss: 0.0000, lr: 0.00022829, epoch_time: 15.0min
Epoch:[1/1](45000/79390), loss: 2.1034, logits_loss: 2.1034, aux_loss: 0.0000, lr: 0.00022811, epoch_time: 15.0min
Epoch:[1/1](45020/79390), loss: 2.1089, logits_loss: 2.1089, aux_loss: 0.0000, lr: 0.00022794, epoch_time: 15.0min
Epoch:[1/1](45040/79390), loss: 2.3169, logits_loss: 2.3169, aux_loss: 0.0000, lr: 0.00022776, epoch_time: 15.0min
Epoch:[1/1](45060/79390), loss: 2.1387, logits_loss: 2.1387, aux_loss: 0.0000, lr: 0.00022759, epoch_time: 15.0min
Epoch:[1/1](45080/79390), loss: 2.2005, logits_loss: 2.2005, aux_loss: 0.0000, lr: 0.00022742, epoch_time: 15.0min
Epoch:[1/1](45100/79390), loss: 1.8327, logits_loss: 1.8327, aux_loss: 0.0000, lr: 0.00022724, epoch_time: 15.0min
Epoch:[1/1](45120/79390), loss: 2.0730, logits_loss: 2.0730, aux_loss: 0.0000, lr: 0.00022707, epoch_time: 15.0min
Epoch:[1/1](45140/79390), loss: 2.2868, logits_loss: 2.2868, aux_loss: 0.0000, lr: 0.00022689, epoch_time: 15.0min
Epoch:[1/1](45160/79390), loss: 2.3216, logits_loss: 2.3216, aux_loss: 0.0000, lr: 0.00022672, epoch_time: 15.0min
Epoch:[1/1](45180/79390), loss: 2.3656, logits_loss: 2.3656, aux_loss: 0.0000, lr: 0.00022655, epoch_time: 15.0min
Epoch:[1/1](45200/79390), loss: 2.3513, logits_loss: 2.3513, aux_loss: 0.0000, lr: 0.00022637, epoch_time: 15.0min
Epoch:[1/1](45220/79390), loss: 1.9643, logits_loss: 1.9643, aux_loss: 0.0000, lr: 0.00022620, epoch_time: 15.0min
Epoch:[1/1](45240/79390), loss: 2.0093, logits_loss: 2.0093, aux_loss: 0.0000, lr: 0.00022602, epoch_time: 15.0min
Epoch:[1/1](45260/79390), loss: 2.1282, logits_loss: 2.1282, aux_loss: 0.0000, lr: 0.00022585, epoch_time: 15.0min
Epoch:[1/1](45280/79390), loss: 2.3905, logits_loss: 2.3905, aux_loss: 0.0000, lr: 0.00022568, epoch_time: 15.0min
Epoch:[1/1](45300/79390), loss: 2.5198, logits_loss: 2.5198, aux_loss: 0.0000, lr: 0.00022550, epoch_time: 15.0min
Epoch:[1/1](45320/79390), loss: 1.7101, logits_loss: 1.7101, aux_loss: 0.0000, lr: 0.00022533, epoch_time: 15.0min
Epoch:[1/1](45340/79390), loss: 2.1105, logits_loss: 2.1105, aux_loss: 0.0000, lr: 0.00022516, epoch_time: 15.0min
Epoch:[1/1](45360/79390), loss: 2.0885, logits_loss: 2.0885, aux_loss: 0.0000, lr: 0.00022498, epoch_time: 15.0min
Epoch:[1/1](45380/79390), loss: 1.9518, logits_loss: 1.9518, aux_loss: 0.0000, lr: 0.00022481, epoch_time: 15.0min
Epoch:[1/1](45400/79390), loss: 2.0496, logits_loss: 2.0496, aux_loss: 0.0000, lr: 0.00022464, epoch_time: 15.0min
Epoch:[1/1](45420/79390), loss: 2.4904, logits_loss: 2.4904, aux_loss: 0.0000, lr: 0.00022446, epoch_time: 15.0min
Epoch:[1/1](45440/79390), loss: 1.9553, logits_loss: 1.9553, aux_loss: 0.0000, lr: 0.00022429, epoch_time: 15.0min
Epoch:[1/1](45460/79390), loss: 2.1668, logits_loss: 2.1668, aux_loss: 0.0000, lr: 0.00022411, epoch_time: 15.0min
Epoch:[1/1](45480/79390), loss: 1.8999, logits_loss: 1.8999, aux_loss: 0.0000, lr: 0.00022394, epoch_time: 15.0min
Epoch:[1/1](45500/79390), loss: 2.3228, logits_loss: 2.3228, aux_loss: 0.0000, lr: 0.00022377, epoch_time: 15.0min
Epoch:[1/1](45520/79390), loss: 2.3387, logits_loss: 2.3387, aux_loss: 0.0000, lr: 0.00022359, epoch_time: 15.0min
Epoch:[1/1](45540/79390), loss: 2.2470, logits_loss: 2.2470, aux_loss: 0.0000, lr: 0.00022342, epoch_time: 15.0min
Epoch:[1/1](45560/79390), loss: 2.1532, logits_loss: 2.1532, aux_loss: 0.0000, lr: 0.00022325, epoch_time: 15.0min
Epoch:[1/1](45580/79390), loss: 2.0606, logits_loss: 2.0606, aux_loss: 0.0000, lr: 0.00022307, epoch_time: 15.0min
Epoch:[1/1](45600/79390), loss: 2.0000, logits_loss: 2.0000, aux_loss: 0.0000, lr: 0.00022290, epoch_time: 15.0min
Epoch:[1/1](45620/79390), loss: 2.4865, logits_loss: 2.4865, aux_loss: 0.0000, lr: 0.00022273, epoch_time: 15.0min
Epoch:[1/1](45640/79390), loss: 1.9417, logits_loss: 1.9417, aux_loss: 0.0000, lr: 0.00022255, epoch_time: 15.0min
Epoch:[1/1](45660/79390), loss: 2.3163, logits_loss: 2.3163, aux_loss: 0.0000, lr: 0.00022238, epoch_time: 15.0min
Epoch:[1/1](45680/79390), loss: 2.0412, logits_loss: 2.0412, aux_loss: 0.0000, lr: 0.00022221, epoch_time: 15.0min
Epoch:[1/1](45700/79390), loss: 2.2317, logits_loss: 2.2317, aux_loss: 0.0000, lr: 0.00022204, epoch_time: 15.0min
Epoch:[1/1](45720/79390), loss: 2.6063, logits_loss: 2.6063, aux_loss: 0.0000, lr: 0.00022186, epoch_time: 15.0min
Epoch:[1/1](45740/79390), loss: 2.0542, logits_loss: 2.0542, aux_loss: 0.0000, lr: 0.00022169, epoch_time: 15.0min
Epoch:[1/1](45760/79390), loss: 2.1029, logits_loss: 2.1029, aux_loss: 0.0000, lr: 0.00022152, epoch_time: 15.0min
Epoch:[1/1](45780/79390), loss: 2.1331, logits_loss: 2.1331, aux_loss: 0.0000, lr: 0.00022134, epoch_time: 15.0min
Epoch:[1/1](45800/79390), loss: 2.2616, logits_loss: 2.2616, aux_loss: 0.0000, lr: 0.00022117, epoch_time: 15.0min
Epoch:[1/1](45820/79390), loss: 2.1145, logits_loss: 2.1145, aux_loss: 0.0000, lr: 0.00022100, epoch_time: 15.0min
Epoch:[1/1](45840/79390), loss: 1.9004, logits_loss: 1.9004, aux_loss: 0.0000, lr: 0.00022082, epoch_time: 15.0min
Epoch:[1/1](45860/79390), loss: 2.3348, logits_loss: 2.3348, aux_loss: 0.0000, lr: 0.00022065, epoch_time: 15.0min
Epoch:[1/1](45880/79390), loss: 2.6672, logits_loss: 2.6672, aux_loss: 0.0000, lr: 0.00022048, epoch_time: 15.0min
Epoch:[1/1](45900/79390), loss: 2.3944, logits_loss: 2.3944, aux_loss: 0.0000, lr: 0.00022031, epoch_time: 15.0min
Epoch:[1/1](45920/79390), loss: 2.0157, logits_loss: 2.0157, aux_loss: 0.0000, lr: 0.00022013, epoch_time: 15.0min
Epoch:[1/1](45940/79390), loss: 1.9417, logits_loss: 1.9417, aux_loss: 0.0000, lr: 0.00021996, epoch_time: 15.0min
Epoch:[1/1](45960/79390), loss: 2.0993, logits_loss: 2.0993, aux_loss: 0.0000, lr: 0.00021979, epoch_time: 15.0min
Epoch:[1/1](45980/79390), loss: 2.2809, logits_loss: 2.2809, aux_loss: 0.0000, lr: 0.00021962, epoch_time: 15.0min
Epoch:[1/1](46000/79390), loss: 2.2522, logits_loss: 2.2522, aux_loss: 0.0000, lr: 0.00021944, epoch_time: 15.0min
Epoch:[1/1](46020/79390), loss: 2.0024, logits_loss: 2.0024, aux_loss: 0.0000, lr: 0.00021927, epoch_time: 15.0min
Epoch:[1/1](46040/79390), loss: 2.3710, logits_loss: 2.3710, aux_loss: 0.0000, lr: 0.00021910, epoch_time: 15.0min
Epoch:[1/1](46060/79390), loss: 2.0756, logits_loss: 2.0756, aux_loss: 0.0000, lr: 0.00021893, epoch_time: 15.0min
Epoch:[1/1](46080/79390), loss: 2.0687, logits_loss: 2.0687, aux_loss: 0.0000, lr: 0.00021875, epoch_time: 15.0min
Epoch:[1/1](46100/79390), loss: 2.2014, logits_loss: 2.2014, aux_loss: 0.0000, lr: 0.00021858, epoch_time: 15.0min
Epoch:[1/1](46120/79390), loss: 1.7747, logits_loss: 1.7747, aux_loss: 0.0000, lr: 0.00021841, epoch_time: 15.0min
Epoch:[1/1](46140/79390), loss: 2.1441, logits_loss: 2.1441, aux_loss: 0.0000, lr: 0.00021824, epoch_time: 15.0min
Epoch:[1/1](46160/79390), loss: 1.9794, logits_loss: 1.9794, aux_loss: 0.0000, lr: 0.00021806, epoch_time: 15.0min
Epoch:[1/1](46180/79390), loss: 1.9889, logits_loss: 1.9889, aux_loss: 0.0000, lr: 0.00021789, epoch_time: 15.0min
Epoch:[1/1](46200/79390), loss: 2.1368, logits_loss: 2.1368, aux_loss: 0.0000, lr: 0.00021772, epoch_time: 15.0min
Epoch:[1/1](46220/79390), loss: 2.0089, logits_loss: 2.0089, aux_loss: 0.0000, lr: 0.00021755, epoch_time: 15.0min
Epoch:[1/1](46240/79390), loss: 2.3797, logits_loss: 2.3797, aux_loss: 0.0000, lr: 0.00021738, epoch_time: 15.0min
Epoch:[1/1](46260/79390), loss: 2.2139, logits_loss: 2.2139, aux_loss: 0.0000, lr: 0.00021720, epoch_time: 15.0min
Epoch:[1/1](46280/79390), loss: 2.1318, logits_loss: 2.1318, aux_loss: 0.0000, lr: 0.00021703, epoch_time: 15.0min
Epoch:[1/1](46300/79390), loss: 2.1946, logits_loss: 2.1946, aux_loss: 0.0000, lr: 0.00021686, epoch_time: 15.0min
Epoch:[1/1](46320/79390), loss: 1.9991, logits_loss: 1.9991, aux_loss: 0.0000, lr: 0.00021669, epoch_time: 15.0min
Epoch:[1/1](46340/79390), loss: 2.2237, logits_loss: 2.2237, aux_loss: 0.0000, lr: 0.00021651, epoch_time: 15.0min
Epoch:[1/1](46360/79390), loss: 2.0940, logits_loss: 2.0940, aux_loss: 0.0000, lr: 0.00021634, epoch_time: 15.0min
Epoch:[1/1](46380/79390), loss: 2.1232, logits_loss: 2.1232, aux_loss: 0.0000, lr: 0.00021617, epoch_time: 15.0min
Epoch:[1/1](46400/79390), loss: 2.2730, logits_loss: 2.2730, aux_loss: 0.0000, lr: 0.00021600, epoch_time: 15.0min
Epoch:[1/1](46420/79390), loss: 2.1621, logits_loss: 2.1621, aux_loss: 0.0000, lr: 0.00021583, epoch_time: 15.0min
Epoch:[1/1](46440/79390), loss: 2.0084, logits_loss: 2.0084, aux_loss: 0.0000, lr: 0.00021566, epoch_time: 15.0min
Epoch:[1/1](46460/79390), loss: 1.8989, logits_loss: 1.8989, aux_loss: 0.0000, lr: 0.00021548, epoch_time: 15.0min
Epoch:[1/1](46480/79390), loss: 2.0605, logits_loss: 2.0605, aux_loss: 0.0000, lr: 0.00021531, epoch_time: 15.0min
Epoch:[1/1](46500/79390), loss: 2.1130, logits_loss: 2.1130, aux_loss: 0.0000, lr: 0.00021514, epoch_time: 15.0min
Epoch:[1/1](46520/79390), loss: 1.9041, logits_loss: 1.9041, aux_loss: 0.0000, lr: 0.00021497, epoch_time: 15.0min
Epoch:[1/1](46540/79390), loss: 2.3202, logits_loss: 2.3202, aux_loss: 0.0000, lr: 0.00021480, epoch_time: 15.0min
Epoch:[1/1](46560/79390), loss: 1.9541, logits_loss: 1.9541, aux_loss: 0.0000, lr: 0.00021463, epoch_time: 15.0min
Epoch:[1/1](46580/79390), loss: 2.1857, logits_loss: 2.1857, aux_loss: 0.0000, lr: 0.00021445, epoch_time: 15.0min
Epoch:[1/1](46600/79390), loss: 2.2227, logits_loss: 2.2227, aux_loss: 0.0000, lr: 0.00021428, epoch_time: 15.0min
Epoch:[1/1](46620/79390), loss: 2.0985, logits_loss: 2.0985, aux_loss: 0.0000, lr: 0.00021411, epoch_time: 15.0min
Epoch:[1/1](46640/79390), loss: 1.9756, logits_loss: 1.9756, aux_loss: 0.0000, lr: 0.00021394, epoch_time: 15.0min
Epoch:[1/1](46660/79390), loss: 2.0474, logits_loss: 2.0474, aux_loss: 0.0000, lr: 0.00021377, epoch_time: 15.0min
Epoch:[1/1](46680/79390), loss: 2.2580, logits_loss: 2.2580, aux_loss: 0.0000, lr: 0.00021360, epoch_time: 15.0min
Epoch:[1/1](46700/79390), loss: 2.0676, logits_loss: 2.0676, aux_loss: 0.0000, lr: 0.00021343, epoch_time: 15.0min
Epoch:[1/1](46720/79390), loss: 2.5028, logits_loss: 2.5028, aux_loss: 0.0000, lr: 0.00021325, epoch_time: 15.0min
Epoch:[1/1](46740/79390), loss: 2.3088, logits_loss: 2.3088, aux_loss: 0.0000, lr: 0.00021308, epoch_time: 15.0min
Epoch:[1/1](46760/79390), loss: 2.1099, logits_loss: 2.1099, aux_loss: 0.0000, lr: 0.00021291, epoch_time: 15.0min
Epoch:[1/1](46780/79390), loss: 2.3103, logits_loss: 2.3103, aux_loss: 0.0000, lr: 0.00021274, epoch_time: 15.0min
Epoch:[1/1](46800/79390), loss: 2.2401, logits_loss: 2.2401, aux_loss: 0.0000, lr: 0.00021257, epoch_time: 15.0min
Epoch:[1/1](46820/79390), loss: 2.4341, logits_loss: 2.4341, aux_loss: 0.0000, lr: 0.00021240, epoch_time: 15.0min
Epoch:[1/1](46840/79390), loss: 2.1625, logits_loss: 2.1625, aux_loss: 0.0000, lr: 0.00021223, epoch_time: 15.0min
Epoch:[1/1](46860/79390), loss: 2.1804, logits_loss: 2.1804, aux_loss: 0.0000, lr: 0.00021206, epoch_time: 15.0min
Epoch:[1/1](46880/79390), loss: 2.0935, logits_loss: 2.0935, aux_loss: 0.0000, lr: 0.00021189, epoch_time: 15.0min
Epoch:[1/1](46900/79390), loss: 2.1841, logits_loss: 2.1841, aux_loss: 0.0000, lr: 0.00021172, epoch_time: 15.0min
Epoch:[1/1](46920/79390), loss: 2.4482, logits_loss: 2.4482, aux_loss: 0.0000, lr: 0.00021154, epoch_time: 15.0min
Epoch:[1/1](46940/79390), loss: 2.4728, logits_loss: 2.4728, aux_loss: 0.0000, lr: 0.00021137, epoch_time: 14.0min
Epoch:[1/1](46960/79390), loss: 2.1449, logits_loss: 2.1449, aux_loss: 0.0000, lr: 0.00021120, epoch_time: 14.0min
Epoch:[1/1](46980/79390), loss: 1.9733, logits_loss: 1.9733, aux_loss: 0.0000, lr: 0.00021103, epoch_time: 14.0min
Epoch:[1/1](47000/79390), loss: 2.0597, logits_loss: 2.0597, aux_loss: 0.0000, lr: 0.00021086, epoch_time: 14.0min
Epoch:[1/1](47020/79390), loss: 2.4353, logits_loss: 2.4353, aux_loss: 0.0000, lr: 0.00021069, epoch_time: 15.0min
Epoch:[1/1](47040/79390), loss: 2.0113, logits_loss: 2.0113, aux_loss: 0.0000, lr: 0.00021052, epoch_time: 15.0min
Epoch:[1/1](47060/79390), loss: 2.1589, logits_loss: 2.1589, aux_loss: 0.0000, lr: 0.00021035, epoch_time: 15.0min
Epoch:[1/1](47080/79390), loss: 2.0425, logits_loss: 2.0425, aux_loss: 0.0000, lr: 0.00021018, epoch_time: 15.0min
Epoch:[1/1](47100/79390), loss: 2.1182, logits_loss: 2.1182, aux_loss: 0.0000, lr: 0.00021001, epoch_time: 15.0min
Epoch:[1/1](47120/79390), loss: 2.2104, logits_loss: 2.2104, aux_loss: 0.0000, lr: 0.00020984, epoch_time: 15.0min
Epoch:[1/1](47140/79390), loss: 2.0524, logits_loss: 2.0524, aux_loss: 0.0000, lr: 0.00020967, epoch_time: 15.0min
Epoch:[1/1](47160/79390), loss: 1.9802, logits_loss: 1.9802, aux_loss: 0.0000, lr: 0.00020950, epoch_time: 15.0min
Epoch:[1/1](47180/79390), loss: 2.3181, logits_loss: 2.3181, aux_loss: 0.0000, lr: 0.00020933, epoch_time: 15.0min
Epoch:[1/1](47200/79390), loss: 2.1301, logits_loss: 2.1301, aux_loss: 0.0000, lr: 0.00020916, epoch_time: 15.0min
Epoch:[1/1](47220/79390), loss: 2.4459, logits_loss: 2.4459, aux_loss: 0.0000, lr: 0.00020899, epoch_time: 15.0min
Epoch:[1/1](47240/79390), loss: 1.9302, logits_loss: 1.9302, aux_loss: 0.0000, lr: 0.00020882, epoch_time: 15.0min
Epoch:[1/1](47260/79390), loss: 1.9659, logits_loss: 1.9659, aux_loss: 0.0000, lr: 0.00020865, epoch_time: 15.0min
Epoch:[1/1](47280/79390), loss: 2.0140, logits_loss: 2.0140, aux_loss: 0.0000, lr: 0.00020848, epoch_time: 14.0min
Epoch:[1/1](47300/79390), loss: 2.2077, logits_loss: 2.2077, aux_loss: 0.0000, lr: 0.00020831, epoch_time: 14.0min
Epoch:[1/1](47320/79390), loss: 2.3140, logits_loss: 2.3140, aux_loss: 0.0000, lr: 0.00020814, epoch_time: 14.0min
Epoch:[1/1](47340/79390), loss: 1.9315, logits_loss: 1.9315, aux_loss: 0.0000, lr: 0.00020797, epoch_time: 14.0min
Epoch:[1/1](47360/79390), loss: 2.1618, logits_loss: 2.1618, aux_loss: 0.0000, lr: 0.00020780, epoch_time: 14.0min
Epoch:[1/1](47380/79390), loss: 2.0525, logits_loss: 2.0525, aux_loss: 0.0000, lr: 0.00020763, epoch_time: 14.0min
Epoch:[1/1](47400/79390), loss: 2.1292, logits_loss: 2.1292, aux_loss: 0.0000, lr: 0.00020746, epoch_time: 14.0min
Epoch:[1/1](47420/79390), loss: 2.0284, logits_loss: 2.0284, aux_loss: 0.0000, lr: 0.00020729, epoch_time: 14.0min
Epoch:[1/1](47440/79390), loss: 1.8538, logits_loss: 1.8538, aux_loss: 0.0000, lr: 0.00020712, epoch_time: 14.0min
Epoch:[1/1](47460/79390), loss: 2.0060, logits_loss: 2.0060, aux_loss: 0.0000, lr: 0.00020695, epoch_time: 14.0min
Epoch:[1/1](47480/79390), loss: 2.0753, logits_loss: 2.0753, aux_loss: 0.0000, lr: 0.00020678, epoch_time: 14.0min
Epoch:[1/1](47500/79390), loss: 2.0927, logits_loss: 2.0927, aux_loss: 0.0000, lr: 0.00020661, epoch_time: 14.0min
Epoch:[1/1](47520/79390), loss: 2.1117, logits_loss: 2.1117, aux_loss: 0.0000, lr: 0.00020644, epoch_time: 14.0min
Epoch:[1/1](47540/79390), loss: 2.1176, logits_loss: 2.1176, aux_loss: 0.0000, lr: 0.00020627, epoch_time: 14.0min
Epoch:[1/1](47560/79390), loss: 2.0447, logits_loss: 2.0447, aux_loss: 0.0000, lr: 0.00020610, epoch_time: 14.0min
Epoch:[1/1](47580/79390), loss: 2.1789, logits_loss: 2.1789, aux_loss: 0.0000, lr: 0.00020593, epoch_time: 14.0min
Epoch:[1/1](47600/79390), loss: 2.2115, logits_loss: 2.2115, aux_loss: 0.0000, lr: 0.00020576, epoch_time: 14.0min
Epoch:[1/1](47620/79390), loss: 2.2145, logits_loss: 2.2145, aux_loss: 0.0000, lr: 0.00020559, epoch_time: 14.0min
Epoch:[1/1](47640/79390), loss: 2.3683, logits_loss: 2.3683, aux_loss: 0.0000, lr: 0.00020542, epoch_time: 14.0min
Epoch:[1/1](47660/79390), loss: 1.9790, logits_loss: 1.9790, aux_loss: 0.0000, lr: 0.00020525, epoch_time: 14.0min
Epoch:[1/1](47680/79390), loss: 2.1397, logits_loss: 2.1397, aux_loss: 0.0000, lr: 0.00020508, epoch_time: 14.0min
Epoch:[1/1](47700/79390), loss: 2.4884, logits_loss: 2.4884, aux_loss: 0.0000, lr: 0.00020491, epoch_time: 14.0min
Epoch:[1/1](47720/79390), loss: 2.3157, logits_loss: 2.3157, aux_loss: 0.0000, lr: 0.00020474, epoch_time: 14.0min
Epoch:[1/1](47740/79390), loss: 2.2611, logits_loss: 2.2611, aux_loss: 0.0000, lr: 0.00020457, epoch_time: 14.0min
Epoch:[1/1](47760/79390), loss: 2.0367, logits_loss: 2.0367, aux_loss: 0.0000, lr: 0.00020441, epoch_time: 14.0min
Epoch:[1/1](47780/79390), loss: 1.9616, logits_loss: 1.9616, aux_loss: 0.0000, lr: 0.00020424, epoch_time: 14.0min
Epoch:[1/1](47800/79390), loss: 2.2487, logits_loss: 2.2487, aux_loss: 0.0000, lr: 0.00020407, epoch_time: 14.0min
Epoch:[1/1](47820/79390), loss: 2.1510, logits_loss: 2.1510, aux_loss: 0.0000, lr: 0.00020390, epoch_time: 14.0min
Epoch:[1/1](47840/79390), loss: 2.0236, logits_loss: 2.0236, aux_loss: 0.0000, lr: 0.00020373, epoch_time: 14.0min
Epoch:[1/1](47860/79390), loss: 2.3194, logits_loss: 2.3194, aux_loss: 0.0000, lr: 0.00020356, epoch_time: 14.0min
Epoch:[1/1](47880/79390), loss: 2.2572, logits_loss: 2.2572, aux_loss: 0.0000, lr: 0.00020339, epoch_time: 14.0min
Epoch:[1/1](47900/79390), loss: 2.0330, logits_loss: 2.0330, aux_loss: 0.0000, lr: 0.00020322, epoch_time: 14.0min
Epoch:[1/1](47920/79390), loss: 2.2128, logits_loss: 2.2128, aux_loss: 0.0000, lr: 0.00020305, epoch_time: 14.0min
Epoch:[1/1](47940/79390), loss: 2.0692, logits_loss: 2.0692, aux_loss: 0.0000, lr: 0.00020289, epoch_time: 14.0min
Epoch:[1/1](47960/79390), loss: 2.1059, logits_loss: 2.1059, aux_loss: 0.0000, lr: 0.00020272, epoch_time: 14.0min
Epoch:[1/1](47980/79390), loss: 2.0736, logits_loss: 2.0736, aux_loss: 0.0000, lr: 0.00020255, epoch_time: 14.0min
Epoch:[1/1](48000/79390), loss: 2.0966, logits_loss: 2.0966, aux_loss: 0.0000, lr: 0.00020238, epoch_time: 14.0min
Epoch:[1/1](48020/79390), loss: 2.3351, logits_loss: 2.3351, aux_loss: 0.0000, lr: 0.00020221, epoch_time: 14.0min
Epoch:[1/1](48040/79390), loss: 2.0869, logits_loss: 2.0869, aux_loss: 0.0000, lr: 0.00020204, epoch_time: 14.0min
Epoch:[1/1](48060/79390), loss: 1.9055, logits_loss: 1.9055, aux_loss: 0.0000, lr: 0.00020187, epoch_time: 14.0min
Epoch:[1/1](48080/79390), loss: 2.2003, logits_loss: 2.2003, aux_loss: 0.0000, lr: 0.00020171, epoch_time: 14.0min
Epoch:[1/1](48100/79390), loss: 1.9412, logits_loss: 1.9412, aux_loss: 0.0000, lr: 0.00020154, epoch_time: 14.0min
Epoch:[1/1](48120/79390), loss: 2.0544, logits_loss: 2.0544, aux_loss: 0.0000, lr: 0.00020137, epoch_time: 14.0min
Epoch:[1/1](48140/79390), loss: 2.2446, logits_loss: 2.2446, aux_loss: 0.0000, lr: 0.00020120, epoch_time: 14.0min
Epoch:[1/1](48160/79390), loss: 2.3484, logits_loss: 2.3484, aux_loss: 0.0000, lr: 0.00020103, epoch_time: 14.0min
Epoch:[1/1](48180/79390), loss: 2.0753, logits_loss: 2.0753, aux_loss: 0.0000, lr: 0.00020086, epoch_time: 14.0min
Epoch:[1/1](48200/79390), loss: 2.2680, logits_loss: 2.2680, aux_loss: 0.0000, lr: 0.00020070, epoch_time: 14.0min
Epoch:[1/1](48220/79390), loss: 2.0090, logits_loss: 2.0090, aux_loss: 0.0000, lr: 0.00020053, epoch_time: 14.0min
Epoch:[1/1](48240/79390), loss: 2.2029, logits_loss: 2.2029, aux_loss: 0.0000, lr: 0.00020036, epoch_time: 14.0min
Epoch:[1/1](48260/79390), loss: 2.2120, logits_loss: 2.2120, aux_loss: 0.0000, lr: 0.00020019, epoch_time: 14.0min
Epoch:[1/1](48280/79390), loss: 1.8388, logits_loss: 1.8388, aux_loss: 0.0000, lr: 0.00020002, epoch_time: 14.0min
Epoch:[1/1](48300/79390), loss: 2.0953, logits_loss: 2.0953, aux_loss: 0.0000, lr: 0.00019986, epoch_time: 14.0min
Epoch:[1/1](48320/79390), loss: 2.0676, logits_loss: 2.0676, aux_loss: 0.0000, lr: 0.00019969, epoch_time: 14.0min
Epoch:[1/1](48340/79390), loss: 2.3261, logits_loss: 2.3261, aux_loss: 0.0000, lr: 0.00019952, epoch_time: 14.0min
Epoch:[1/1](48360/79390), loss: 2.2854, logits_loss: 2.2854, aux_loss: 0.0000, lr: 0.00019935, epoch_time: 14.0min
Epoch:[1/1](48380/79390), loss: 2.4956, logits_loss: 2.4956, aux_loss: 0.0000, lr: 0.00019919, epoch_time: 14.0min
Epoch:[1/1](48400/79390), loss: 2.2645, logits_loss: 2.2645, aux_loss: 0.0000, lr: 0.00019902, epoch_time: 14.0min
Epoch:[1/1](48420/79390), loss: 2.0176, logits_loss: 2.0176, aux_loss: 0.0000, lr: 0.00019885, epoch_time: 14.0min
Epoch:[1/1](48440/79390), loss: 2.2244, logits_loss: 2.2244, aux_loss: 0.0000, lr: 0.00019868, epoch_time: 14.0min
Epoch:[1/1](48460/79390), loss: 2.0907, logits_loss: 2.0907, aux_loss: 0.0000, lr: 0.00019852, epoch_time: 14.0min
Epoch:[1/1](48480/79390), loss: 2.1785, logits_loss: 2.1785, aux_loss: 0.0000, lr: 0.00019835, epoch_time: 14.0min
Epoch:[1/1](48500/79390), loss: 2.1236, logits_loss: 2.1236, aux_loss: 0.0000, lr: 0.00019818, epoch_time: 14.0min
Epoch:[1/1](48520/79390), loss: 2.2636, logits_loss: 2.2636, aux_loss: 0.0000, lr: 0.00019801, epoch_time: 14.0min
Epoch:[1/1](48540/79390), loss: 2.2593, logits_loss: 2.2593, aux_loss: 0.0000, lr: 0.00019785, epoch_time: 14.0min
Epoch:[1/1](48560/79390), loss: 1.9920, logits_loss: 1.9920, aux_loss: 0.0000, lr: 0.00019768, epoch_time: 14.0min
Epoch:[1/1](48580/79390), loss: 1.8486, logits_loss: 1.8486, aux_loss: 0.0000, lr: 0.00019751, epoch_time: 14.0min
Epoch:[1/1](48600/79390), loss: 2.2682, logits_loss: 2.2682, aux_loss: 0.0000, lr: 0.00019734, epoch_time: 14.0min
Epoch:[1/1](48620/79390), loss: 1.9178, logits_loss: 1.9178, aux_loss: 0.0000, lr: 0.00019718, epoch_time: 14.0min
Epoch:[1/1](48640/79390), loss: 1.9244, logits_loss: 1.9244, aux_loss: 0.0000, lr: 0.00019701, epoch_time: 14.0min
Epoch:[1/1](48660/79390), loss: 2.0287, logits_loss: 2.0287, aux_loss: 0.0000, lr: 0.00019684, epoch_time: 14.0min
Epoch:[1/1](48680/79390), loss: 1.8707, logits_loss: 1.8707, aux_loss: 0.0000, lr: 0.00019668, epoch_time: 14.0min
Epoch:[1/1](48700/79390), loss: 2.3909, logits_loss: 2.3909, aux_loss: 0.0000, lr: 0.00019651, epoch_time: 14.0min
Epoch:[1/1](48720/79390), loss: 2.3684, logits_loss: 2.3684, aux_loss: 0.0000, lr: 0.00019634, epoch_time: 14.0min
Epoch:[1/1](48740/79390), loss: 2.1007, logits_loss: 2.1007, aux_loss: 0.0000, lr: 0.00019618, epoch_time: 14.0min
Epoch:[1/1](48760/79390), loss: 2.2156, logits_loss: 2.2156, aux_loss: 0.0000, lr: 0.00019601, epoch_time: 14.0min
Epoch:[1/1](48780/79390), loss: 2.1814, logits_loss: 2.1814, aux_loss: 0.0000, lr: 0.00019584, epoch_time: 14.0min
Epoch:[1/1](48800/79390), loss: 2.2284, logits_loss: 2.2284, aux_loss: 0.0000, lr: 0.00019568, epoch_time: 14.0min
Epoch:[1/1](48820/79390), loss: 2.2353, logits_loss: 2.2353, aux_loss: 0.0000, lr: 0.00019551, epoch_time: 14.0min
Epoch:[1/1](48840/79390), loss: 2.0333, logits_loss: 2.0333, aux_loss: 0.0000, lr: 0.00019534, epoch_time: 14.0min
Epoch:[1/1](48860/79390), loss: 1.9021, logits_loss: 1.9021, aux_loss: 0.0000, lr: 0.00019518, epoch_time: 14.0min
Epoch:[1/1](48880/79390), loss: 2.1625, logits_loss: 2.1625, aux_loss: 0.0000, lr: 0.00019501, epoch_time: 14.0min
Epoch:[1/1](48900/79390), loss: 2.0800, logits_loss: 2.0800, aux_loss: 0.0000, lr: 0.00019484, epoch_time: 14.0min
Epoch:[1/1](48920/79390), loss: 2.0987, logits_loss: 2.0987, aux_loss: 0.0000, lr: 0.00019468, epoch_time: 14.0min
Epoch:[1/1](48940/79390), loss: 2.0382, logits_loss: 2.0382, aux_loss: 0.0000, lr: 0.00019451, epoch_time: 14.0min
Epoch:[1/1](48960/79390), loss: 2.4230, logits_loss: 2.4230, aux_loss: 0.0000, lr: 0.00019434, epoch_time: 14.0min
Epoch:[1/1](48980/79390), loss: 1.8732, logits_loss: 1.8732, aux_loss: 0.0000, lr: 0.00019418, epoch_time: 14.0min
Epoch:[1/1](49000/79390), loss: 2.0837, logits_loss: 2.0837, aux_loss: 0.0000, lr: 0.00019401, epoch_time: 14.0min
Epoch:[1/1](49020/79390), loss: 2.2185, logits_loss: 2.2185, aux_loss: 0.0000, lr: 0.00019385, epoch_time: 14.0min
Epoch:[1/1](49040/79390), loss: 2.3881, logits_loss: 2.3881, aux_loss: 0.0000, lr: 0.00019368, epoch_time: 14.0min
Epoch:[1/1](49060/79390), loss: 2.2097, logits_loss: 2.2097, aux_loss: 0.0000, lr: 0.00019351, epoch_time: 14.0min
Epoch:[1/1](49080/79390), loss: 2.0825, logits_loss: 2.0825, aux_loss: 0.0000, lr: 0.00019335, epoch_time: 14.0min
Epoch:[1/1](49100/79390), loss: 2.0744, logits_loss: 2.0744, aux_loss: 0.0000, lr: 0.00019318, epoch_time: 14.0min
Epoch:[1/1](49120/79390), loss: 2.1106, logits_loss: 2.1106, aux_loss: 0.0000, lr: 0.00019302, epoch_time: 14.0min
Epoch:[1/1](49140/79390), loss: 1.9702, logits_loss: 1.9702, aux_loss: 0.0000, lr: 0.00019285, epoch_time: 14.0min
Epoch:[1/1](49160/79390), loss: 2.0404, logits_loss: 2.0404, aux_loss: 0.0000, lr: 0.00019268, epoch_time: 14.0min
Epoch:[1/1](49180/79390), loss: 2.1482, logits_loss: 2.1482, aux_loss: 0.0000, lr: 0.00019252, epoch_time: 14.0min
Epoch:[1/1](49200/79390), loss: 1.8789, logits_loss: 1.8789, aux_loss: 0.0000, lr: 0.00019235, epoch_time: 14.0min
Epoch:[1/1](49220/79390), loss: 2.1358, logits_loss: 2.1358, aux_loss: 0.0000, lr: 0.00019219, epoch_time: 14.0min
Epoch:[1/1](49240/79390), loss: 1.9754, logits_loss: 1.9754, aux_loss: 0.0000, lr: 0.00019202, epoch_time: 14.0min
Epoch:[1/1](49260/79390), loss: 2.1746, logits_loss: 2.1746, aux_loss: 0.0000, lr: 0.00019186, epoch_time: 14.0min
Epoch:[1/1](49280/79390), loss: 2.0405, logits_loss: 2.0405, aux_loss: 0.0000, lr: 0.00019169, epoch_time: 14.0min
Epoch:[1/1](49300/79390), loss: 2.0942, logits_loss: 2.0942, aux_loss: 0.0000, lr: 0.00019153, epoch_time: 14.0min
Epoch:[1/1](49320/79390), loss: 2.1865, logits_loss: 2.1865, aux_loss: 0.0000, lr: 0.00019136, epoch_time: 14.0min
Epoch:[1/1](49340/79390), loss: 1.9723, logits_loss: 1.9723, aux_loss: 0.0000, lr: 0.00019119, epoch_time: 14.0min
Epoch:[1/1](49360/79390), loss: 2.1943, logits_loss: 2.1943, aux_loss: 0.0000, lr: 0.00019103, epoch_time: 14.0min
Epoch:[1/1](49380/79390), loss: 1.9766, logits_loss: 1.9766, aux_loss: 0.0000, lr: 0.00019086, epoch_time: 14.0min
Epoch:[1/1](49400/79390), loss: 1.8984, logits_loss: 1.8984, aux_loss: 0.0000, lr: 0.00019070, epoch_time: 14.0min
Epoch:[1/1](49420/79390), loss: 1.8407, logits_loss: 1.8407, aux_loss: 0.0000, lr: 0.00019053, epoch_time: 14.0min
Epoch:[1/1](49440/79390), loss: 1.7486, logits_loss: 1.7486, aux_loss: 0.0000, lr: 0.00019037, epoch_time: 13.0min
Epoch:[1/1](49460/79390), loss: 2.0932, logits_loss: 2.0932, aux_loss: 0.0000, lr: 0.00019020, epoch_time: 13.0min
Epoch:[1/1](49480/79390), loss: 2.1221, logits_loss: 2.1221, aux_loss: 0.0000, lr: 0.00019004, epoch_time: 13.0min
Epoch:[1/1](49500/79390), loss: 2.1727, logits_loss: 2.1727, aux_loss: 0.0000, lr: 0.00018987, epoch_time: 13.0min
Epoch:[1/1](49520/79390), loss: 2.5288, logits_loss: 2.5288, aux_loss: 0.0000, lr: 0.00018971, epoch_time: 13.0min
Epoch:[1/1](49540/79390), loss: 2.0739, logits_loss: 2.0739, aux_loss: 0.0000, lr: 0.00018954, epoch_time: 13.0min
Epoch:[1/1](49560/79390), loss: 2.1564, logits_loss: 2.1564, aux_loss: 0.0000, lr: 0.00018938, epoch_time: 13.0min
Epoch:[1/1](49580/79390), loss: 2.3133, logits_loss: 2.3133, aux_loss: 0.0000, lr: 0.00018922, epoch_time: 13.0min
Epoch:[1/1](49600/79390), loss: 2.3794, logits_loss: 2.3794, aux_loss: 0.0000, lr: 0.00018905, epoch_time: 13.0min
Epoch:[1/1](49620/79390), loss: 2.2404, logits_loss: 2.2404, aux_loss: 0.0000, lr: 0.00018889, epoch_time: 13.0min
Epoch:[1/1](49640/79390), loss: 1.9794, logits_loss: 1.9794, aux_loss: 0.0000, lr: 0.00018872, epoch_time: 13.0min
Epoch:[1/1](49660/79390), loss: 2.0966, logits_loss: 2.0966, aux_loss: 0.0000, lr: 0.00018856, epoch_time: 13.0min
Epoch:[1/1](49680/79390), loss: 1.9680, logits_loss: 1.9680, aux_loss: 0.0000, lr: 0.00018839, epoch_time: 13.0min
Epoch:[1/1](49700/79390), loss: 1.9664, logits_loss: 1.9664, aux_loss: 0.0000, lr: 0.00018823, epoch_time: 13.0min
Epoch:[1/1](49720/79390), loss: 2.1465, logits_loss: 2.1465, aux_loss: 0.0000, lr: 0.00018806, epoch_time: 13.0min
Epoch:[1/1](49740/79390), loss: 2.0051, logits_loss: 2.0051, aux_loss: 0.0000, lr: 0.00018790, epoch_time: 13.0min
Epoch:[1/1](49760/79390), loss: 1.9320, logits_loss: 1.9320, aux_loss: 0.0000, lr: 0.00018774, epoch_time: 13.0min
Epoch:[1/1](49780/79390), loss: 2.0981, logits_loss: 2.0981, aux_loss: 0.0000, lr: 0.00018757, epoch_time: 13.0min
Epoch:[1/1](49800/79390), loss: 1.9037, logits_loss: 1.9037, aux_loss: 0.0000, lr: 0.00018741, epoch_time: 13.0min
Epoch:[1/1](49820/79390), loss: 2.3544, logits_loss: 2.3544, aux_loss: 0.0000, lr: 0.00018724, epoch_time: 13.0min
Epoch:[1/1](49840/79390), loss: 2.0349, logits_loss: 2.0349, aux_loss: 0.0000, lr: 0.00018708, epoch_time: 13.0min
Epoch:[1/1](49860/79390), loss: 1.9676, logits_loss: 1.9676, aux_loss: 0.0000, lr: 0.00018692, epoch_time: 13.0min
Epoch:[1/1](49880/79390), loss: 1.9604, logits_loss: 1.9604, aux_loss: 0.0000, lr: 0.00018675, epoch_time: 13.0min
Epoch:[1/1](49900/79390), loss: 2.1551, logits_loss: 2.1551, aux_loss: 0.0000, lr: 0.00018659, epoch_time: 13.0min
Epoch:[1/1](49920/79390), loss: 2.3222, logits_loss: 2.3222, aux_loss: 0.0000, lr: 0.00018642, epoch_time: 13.0min
Epoch:[1/1](49940/79390), loss: 2.0537, logits_loss: 2.0537, aux_loss: 0.0000, lr: 0.00018626, epoch_time: 13.0min
Epoch:[1/1](49960/79390), loss: 1.9878, logits_loss: 1.9878, aux_loss: 0.0000, lr: 0.00018610, epoch_time: 13.0min
Epoch:[1/1](49980/79390), loss: 2.0534, logits_loss: 2.0534, aux_loss: 0.0000, lr: 0.00018593, epoch_time: 13.0min
Epoch:[1/1](50000/79390), loss: 2.1024, logits_loss: 2.1024, aux_loss: 0.0000, lr: 0.00018577, epoch_time: 13.0min
Epoch:[1/1](50020/79390), loss: 2.0647, logits_loss: 2.0647, aux_loss: 0.0000, lr: 0.00018561, epoch_time: 13.0min
Epoch:[1/1](50040/79390), loss: 2.1145, logits_loss: 2.1145, aux_loss: 0.0000, lr: 0.00018544, epoch_time: 13.0min
Epoch:[1/1](50060/79390), loss: 2.3974, logits_loss: 2.3974, aux_loss: 0.0000, lr: 0.00018528, epoch_time: 13.0min
Epoch:[1/1](50080/79390), loss: 2.3723, logits_loss: 2.3723, aux_loss: 0.0000, lr: 0.00018512, epoch_time: 13.0min
Epoch:[1/1](50100/79390), loss: 2.1716, logits_loss: 2.1716, aux_loss: 0.0000, lr: 0.00018495, epoch_time: 13.0min
Epoch:[1/1](50120/79390), loss: 2.1590, logits_loss: 2.1590, aux_loss: 0.0000, lr: 0.00018479, epoch_time: 13.0min
Epoch:[1/1](50140/79390), loss: 2.0702, logits_loss: 2.0702, aux_loss: 0.0000, lr: 0.00018463, epoch_time: 13.0min
Epoch:[1/1](50160/79390), loss: 2.2009, logits_loss: 2.2009, aux_loss: 0.0000, lr: 0.00018446, epoch_time: 13.0min
Epoch:[1/1](50180/79390), loss: 1.9178, logits_loss: 1.9178, aux_loss: 0.0000, lr: 0.00018430, epoch_time: 13.0min
Epoch:[1/1](50200/79390), loss: 2.0009, logits_loss: 2.0009, aux_loss: 0.0000, lr: 0.00018414, epoch_time: 13.0min
Epoch:[1/1](50220/79390), loss: 2.1779, logits_loss: 2.1779, aux_loss: 0.0000, lr: 0.00018398, epoch_time: 13.0min
Epoch:[1/1](50240/79390), loss: 2.0136, logits_loss: 2.0136, aux_loss: 0.0000, lr: 0.00018381, epoch_time: 13.0min
Epoch:[1/1](50260/79390), loss: 2.3124, logits_loss: 2.3124, aux_loss: 0.0000, lr: 0.00018365, epoch_time: 13.0min
Epoch:[1/1](50280/79390), loss: 2.0854, logits_loss: 2.0854, aux_loss: 0.0000, lr: 0.00018349, epoch_time: 13.0min
Epoch:[1/1](50300/79390), loss: 2.1247, logits_loss: 2.1247, aux_loss: 0.0000, lr: 0.00018332, epoch_time: 13.0min
Epoch:[1/1](50320/79390), loss: 2.2097, logits_loss: 2.2097, aux_loss: 0.0000, lr: 0.00018316, epoch_time: 13.0min
Epoch:[1/1](50340/79390), loss: 2.2418, logits_loss: 2.2418, aux_loss: 0.0000, lr: 0.00018300, epoch_time: 13.0min
Epoch:[1/1](50360/79390), loss: 2.2442, logits_loss: 2.2442, aux_loss: 0.0000, lr: 0.00018284, epoch_time: 13.0min
Epoch:[1/1](50380/79390), loss: 2.1788, logits_loss: 2.1788, aux_loss: 0.0000, lr: 0.00018267, epoch_time: 13.0min
Epoch:[1/1](50400/79390), loss: 2.2392, logits_loss: 2.2392, aux_loss: 0.0000, lr: 0.00018251, epoch_time: 13.0min
Epoch:[1/1](50420/79390), loss: 1.9607, logits_loss: 1.9607, aux_loss: 0.0000, lr: 0.00018235, epoch_time: 13.0min
Epoch:[1/1](50440/79390), loss: 2.1765, logits_loss: 2.1765, aux_loss: 0.0000, lr: 0.00018219, epoch_time: 13.0min
Epoch:[1/1](50460/79390), loss: 2.0956, logits_loss: 2.0956, aux_loss: 0.0000, lr: 0.00018203, epoch_time: 13.0min
Epoch:[1/1](50480/79390), loss: 2.0559, logits_loss: 2.0559, aux_loss: 0.0000, lr: 0.00018186, epoch_time: 13.0min
Epoch:[1/1](50500/79390), loss: 2.0888, logits_loss: 2.0888, aux_loss: 0.0000, lr: 0.00018170, epoch_time: 13.0min
Epoch:[1/1](50520/79390), loss: 1.9631, logits_loss: 1.9631, aux_loss: 0.0000, lr: 0.00018154, epoch_time: 13.0min
Epoch:[1/1](50540/79390), loss: 2.3093, logits_loss: 2.3093, aux_loss: 0.0000, lr: 0.00018138, epoch_time: 13.0min
Epoch:[1/1](50560/79390), loss: 2.1803, logits_loss: 2.1803, aux_loss: 0.0000, lr: 0.00018122, epoch_time: 13.0min
Epoch:[1/1](50580/79390), loss: 1.8827, logits_loss: 1.8827, aux_loss: 0.0000, lr: 0.00018105, epoch_time: 13.0min
Epoch:[1/1](50600/79390), loss: 2.0693, logits_loss: 2.0693, aux_loss: 0.0000, lr: 0.00018089, epoch_time: 13.0min
Epoch:[1/1](50620/79390), loss: 2.1419, logits_loss: 2.1419, aux_loss: 0.0000, lr: 0.00018073, epoch_time: 13.0min
Epoch:[1/1](50640/79390), loss: 2.0208, logits_loss: 2.0208, aux_loss: 0.0000, lr: 0.00018057, epoch_time: 13.0min
Epoch:[1/1](50660/79390), loss: 2.0089, logits_loss: 2.0089, aux_loss: 0.0000, lr: 0.00018041, epoch_time: 13.0min
Epoch:[1/1](50680/79390), loss: 2.2141, logits_loss: 2.2141, aux_loss: 0.0000, lr: 0.00018025, epoch_time: 13.0min
Epoch:[1/1](50700/79390), loss: 2.3329, logits_loss: 2.3329, aux_loss: 0.0000, lr: 0.00018008, epoch_time: 13.0min
Epoch:[1/1](50720/79390), loss: 2.0697, logits_loss: 2.0697, aux_loss: 0.0000, lr: 0.00017992, epoch_time: 13.0min
Epoch:[1/1](50740/79390), loss: 2.1003, logits_loss: 2.1003, aux_loss: 0.0000, lr: 0.00017976, epoch_time: 13.0min
Epoch:[1/1](50760/79390), loss: 2.2414, logits_loss: 2.2414, aux_loss: 0.0000, lr: 0.00017960, epoch_time: 13.0min
Epoch:[1/1](50780/79390), loss: 2.0665, logits_loss: 2.0665, aux_loss: 0.0000, lr: 0.00017944, epoch_time: 13.0min
Epoch:[1/1](50800/79390), loss: 2.2445, logits_loss: 2.2445, aux_loss: 0.0000, lr: 0.00017928, epoch_time: 13.0min
Epoch:[1/1](50820/79390), loss: 2.2302, logits_loss: 2.2302, aux_loss: 0.0000, lr: 0.00017912, epoch_time: 13.0min
Epoch:[1/1](50840/79390), loss: 2.2170, logits_loss: 2.2170, aux_loss: 0.0000, lr: 0.00017895, epoch_time: 13.0min
Epoch:[1/1](50860/79390), loss: 1.9020, logits_loss: 1.9020, aux_loss: 0.0000, lr: 0.00017879, epoch_time: 13.0min
Epoch:[1/1](50880/79390), loss: 2.1308, logits_loss: 2.1308, aux_loss: 0.0000, lr: 0.00017863, epoch_time: 13.0min
Epoch:[1/1](50900/79390), loss: 2.0329, logits_loss: 2.0329, aux_loss: 0.0000, lr: 0.00017847, epoch_time: 13.0min
Epoch:[1/1](50920/79390), loss: 2.1296, logits_loss: 2.1296, aux_loss: 0.0000, lr: 0.00017831, epoch_time: 13.0min
Epoch:[1/1](50940/79390), loss: 2.2884, logits_loss: 2.2884, aux_loss: 0.0000, lr: 0.00017815, epoch_time: 13.0min
Epoch:[1/1](50960/79390), loss: 2.0432, logits_loss: 2.0432, aux_loss: 0.0000, lr: 0.00017799, epoch_time: 13.0min
Epoch:[1/1](50980/79390), loss: 1.9384, logits_loss: 1.9384, aux_loss: 0.0000, lr: 0.00017783, epoch_time: 13.0min
Epoch:[1/1](51000/79390), loss: 2.1409, logits_loss: 2.1409, aux_loss: 0.0000, lr: 0.00017767, epoch_time: 13.0min
Epoch:[1/1](51020/79390), loss: 2.2475, logits_loss: 2.2475, aux_loss: 0.0000, lr: 0.00017751, epoch_time: 13.0min
Epoch:[1/1](51040/79390), loss: 1.9384, logits_loss: 1.9384, aux_loss: 0.0000, lr: 0.00017735, epoch_time: 13.0min
Epoch:[1/1](51060/79390), loss: 2.0748, logits_loss: 2.0748, aux_loss: 0.0000, lr: 0.00017719, epoch_time: 13.0min
Epoch:[1/1](51080/79390), loss: 1.8442, logits_loss: 1.8442, aux_loss: 0.0000, lr: 0.00017703, epoch_time: 13.0min
Epoch:[1/1](51100/79390), loss: 1.9324, logits_loss: 1.9324, aux_loss: 0.0000, lr: 0.00017687, epoch_time: 13.0min
Epoch:[1/1](51120/79390), loss: 2.0731, logits_loss: 2.0731, aux_loss: 0.0000, lr: 0.00017671, epoch_time: 13.0min
Epoch:[1/1](51140/79390), loss: 2.0155, logits_loss: 2.0155, aux_loss: 0.0000, lr: 0.00017655, epoch_time: 13.0min
Epoch:[1/1](51160/79390), loss: 2.2812, logits_loss: 2.2812, aux_loss: 0.0000, lr: 0.00017639, epoch_time: 13.0min
Epoch:[1/1](51180/79390), loss: 2.1090, logits_loss: 2.1090, aux_loss: 0.0000, lr: 0.00017623, epoch_time: 13.0min
Epoch:[1/1](51200/79390), loss: 2.2205, logits_loss: 2.2205, aux_loss: 0.0000, lr: 0.00017607, epoch_time: 13.0min
Epoch:[1/1](51220/79390), loss: 2.0199, logits_loss: 2.0199, aux_loss: 0.0000, lr: 0.00017591, epoch_time: 13.0min
Epoch:[1/1](51240/79390), loss: 1.7690, logits_loss: 1.7690, aux_loss: 0.0000, lr: 0.00017575, epoch_time: 13.0min
Epoch:[1/1](51260/79390), loss: 2.0437, logits_loss: 2.0437, aux_loss: 0.0000, lr: 0.00017559, epoch_time: 13.0min
Epoch:[1/1](51280/79390), loss: 2.1795, logits_loss: 2.1795, aux_loss: 0.0000, lr: 0.00017543, epoch_time: 13.0min
Epoch:[1/1](51300/79390), loss: 2.2533, logits_loss: 2.2533, aux_loss: 0.0000, lr: 0.00017527, epoch_time: 13.0min
Epoch:[1/1](51320/79390), loss: 1.8292, logits_loss: 1.8292, aux_loss: 0.0000, lr: 0.00017511, epoch_time: 13.0min
Epoch:[1/1](51340/79390), loss: 2.3675, logits_loss: 2.3675, aux_loss: 0.0000, lr: 0.00017495, epoch_time: 13.0min
Epoch:[1/1](51360/79390), loss: 1.9605, logits_loss: 1.9605, aux_loss: 0.0000, lr: 0.00017479, epoch_time: 13.0min
Epoch:[1/1](51380/79390), loss: 2.1036, logits_loss: 2.1036, aux_loss: 0.0000, lr: 0.00017463, epoch_time: 13.0min
Epoch:[1/1](51400/79390), loss: 2.2351, logits_loss: 2.2351, aux_loss: 0.0000, lr: 0.00017447, epoch_time: 13.0min
Epoch:[1/1](51420/79390), loss: 1.9819, logits_loss: 1.9819, aux_loss: 0.0000, lr: 0.00017431, epoch_time: 13.0min
Epoch:[1/1](51440/79390), loss: 2.0398, logits_loss: 2.0398, aux_loss: 0.0000, lr: 0.00017415, epoch_time: 13.0min
Epoch:[1/1](51460/79390), loss: 2.0598, logits_loss: 2.0598, aux_loss: 0.0000, lr: 0.00017399, epoch_time: 13.0min
Epoch:[1/1](51480/79390), loss: 2.0288, logits_loss: 2.0288, aux_loss: 0.0000, lr: 0.00017383, epoch_time: 13.0min
Epoch:[1/1](51500/79390), loss: 2.2127, logits_loss: 2.2127, aux_loss: 0.0000, lr: 0.00017367, epoch_time: 13.0min
Epoch:[1/1](51520/79390), loss: 2.0711, logits_loss: 2.0711, aux_loss: 0.0000, lr: 0.00017352, epoch_time: 13.0min
Epoch:[1/1](51540/79390), loss: 2.1271, logits_loss: 2.1271, aux_loss: 0.0000, lr: 0.00017336, epoch_time: 12.0min
Epoch:[1/1](51560/79390), loss: 2.1455, logits_loss: 2.1455, aux_loss: 0.0000, lr: 0.00017320, epoch_time: 12.0min
Epoch:[1/1](51580/79390), loss: 1.8935, logits_loss: 1.8935, aux_loss: 0.0000, lr: 0.00017304, epoch_time: 12.0min
Epoch:[1/1](51600/79390), loss: 1.9202, logits_loss: 1.9202, aux_loss: 0.0000, lr: 0.00017288, epoch_time: 12.0min
Epoch:[1/1](51620/79390), loss: 1.9163, logits_loss: 1.9163, aux_loss: 0.0000, lr: 0.00017272, epoch_time: 12.0min
Epoch:[1/1](51640/79390), loss: 1.7982, logits_loss: 1.7982, aux_loss: 0.0000, lr: 0.00017256, epoch_time: 12.0min
Epoch:[1/1](51660/79390), loss: 1.9302, logits_loss: 1.9302, aux_loss: 0.0000, lr: 0.00017240, epoch_time: 12.0min
Epoch:[1/1](51680/79390), loss: 1.9321, logits_loss: 1.9321, aux_loss: 0.0000, lr: 0.00017225, epoch_time: 12.0min
Epoch:[1/1](51700/79390), loss: 2.2728, logits_loss: 2.2728, aux_loss: 0.0000, lr: 0.00017209, epoch_time: 12.0min
Epoch:[1/1](51720/79390), loss: 2.1106, logits_loss: 2.1106, aux_loss: 0.0000, lr: 0.00017193, epoch_time: 12.0min
Epoch:[1/1](51740/79390), loss: 1.9553, logits_loss: 1.9553, aux_loss: 0.0000, lr: 0.00017177, epoch_time: 12.0min
Epoch:[1/1](51760/79390), loss: 2.1636, logits_loss: 2.1636, aux_loss: 0.0000, lr: 0.00017161, epoch_time: 12.0min
Epoch:[1/1](51780/79390), loss: 2.0552, logits_loss: 2.0552, aux_loss: 0.0000, lr: 0.00017145, epoch_time: 12.0min
Epoch:[1/1](51800/79390), loss: 1.9779, logits_loss: 1.9779, aux_loss: 0.0000, lr: 0.00017130, epoch_time: 12.0min
Epoch:[1/1](51820/79390), loss: 1.8591, logits_loss: 1.8591, aux_loss: 0.0000, lr: 0.00017114, epoch_time: 12.0min
Epoch:[1/1](51840/79390), loss: 2.2036, logits_loss: 2.2036, aux_loss: 0.0000, lr: 0.00017098, epoch_time: 12.0min
Epoch:[1/1](51860/79390), loss: 2.0661, logits_loss: 2.0661, aux_loss: 0.0000, lr: 0.00017082, epoch_time: 12.0min
Epoch:[1/1](51880/79390), loss: 1.9132, logits_loss: 1.9132, aux_loss: 0.0000, lr: 0.00017066, epoch_time: 12.0min
Epoch:[1/1](51900/79390), loss: 2.0185, logits_loss: 2.0185, aux_loss: 0.0000, lr: 0.00017051, epoch_time: 12.0min
Epoch:[1/1](51920/79390), loss: 2.1315, logits_loss: 2.1315, aux_loss: 0.0000, lr: 0.00017035, epoch_time: 12.0min
Epoch:[1/1](51940/79390), loss: 1.9505, logits_loss: 1.9505, aux_loss: 0.0000, lr: 0.00017019, epoch_time: 12.0min
Epoch:[1/1](51960/79390), loss: 2.1534, logits_loss: 2.1534, aux_loss: 0.0000, lr: 0.00017003, epoch_time: 12.0min
Epoch:[1/1](51980/79390), loss: 2.1655, logits_loss: 2.1655, aux_loss: 0.0000, lr: 0.00016988, epoch_time: 12.0min
Epoch:[1/1](52000/79390), loss: 2.0539, logits_loss: 2.0539, aux_loss: 0.0000, lr: 0.00016972, epoch_time: 12.0min
Epoch:[1/1](52020/79390), loss: 2.3186, logits_loss: 2.3186, aux_loss: 0.0000, lr: 0.00016956, epoch_time: 12.0min
Epoch:[1/1](52040/79390), loss: 2.0781, logits_loss: 2.0781, aux_loss: 0.0000, lr: 0.00016940, epoch_time: 12.0min
Epoch:[1/1](52060/79390), loss: 2.0571, logits_loss: 2.0571, aux_loss: 0.0000, lr: 0.00016925, epoch_time: 12.0min
Epoch:[1/1](52080/79390), loss: 2.0763, logits_loss: 2.0763, aux_loss: 0.0000, lr: 0.00016909, epoch_time: 12.0min
Epoch:[1/1](52100/79390), loss: 1.8729, logits_loss: 1.8729, aux_loss: 0.0000, lr: 0.00016893, epoch_time: 12.0min
Epoch:[1/1](52120/79390), loss: 2.4237, logits_loss: 2.4237, aux_loss: 0.0000, lr: 0.00016878, epoch_time: 12.0min
Epoch:[1/1](52140/79390), loss: 1.8902, logits_loss: 1.8902, aux_loss: 0.0000, lr: 0.00016862, epoch_time: 12.0min
Epoch:[1/1](52160/79390), loss: 2.0416, logits_loss: 2.0416, aux_loss: 0.0000, lr: 0.00016846, epoch_time: 12.0min
Epoch:[1/1](52180/79390), loss: 1.9928, logits_loss: 1.9928, aux_loss: 0.0000, lr: 0.00016831, epoch_time: 12.0min
Epoch:[1/1](52200/79390), loss: 2.0959, logits_loss: 2.0959, aux_loss: 0.0000, lr: 0.00016815, epoch_time: 12.0min
Epoch:[1/1](52220/79390), loss: 2.1251, logits_loss: 2.1251, aux_loss: 0.0000, lr: 0.00016799, epoch_time: 12.0min
Epoch:[1/1](52240/79390), loss: 1.8941, logits_loss: 1.8941, aux_loss: 0.0000, lr: 0.00016784, epoch_time: 12.0min
Epoch:[1/1](52260/79390), loss: 1.9507, logits_loss: 1.9507, aux_loss: 0.0000, lr: 0.00016768, epoch_time: 12.0min
Epoch:[1/1](52280/79390), loss: 2.3170, logits_loss: 2.3170, aux_loss: 0.0000, lr: 0.00016752, epoch_time: 12.0min
Epoch:[1/1](52300/79390), loss: 1.8115, logits_loss: 1.8115, aux_loss: 0.0000, lr: 0.00016737, epoch_time: 12.0min
Epoch:[1/1](52320/79390), loss: 2.1114, logits_loss: 2.1114, aux_loss: 0.0000, lr: 0.00016721, epoch_time: 12.0min
Epoch:[1/1](52340/79390), loss: 2.1765, logits_loss: 2.1765, aux_loss: 0.0000, lr: 0.00016705, epoch_time: 12.0min
Epoch:[1/1](52360/79390), loss: 2.1024, logits_loss: 2.1024, aux_loss: 0.0000, lr: 0.00016690, epoch_time: 12.0min
Epoch:[1/1](52380/79390), loss: 2.1356, logits_loss: 2.1356, aux_loss: 0.0000, lr: 0.00016674, epoch_time: 12.0min
Epoch:[1/1](52400/79390), loss: 2.1663, logits_loss: 2.1663, aux_loss: 0.0000, lr: 0.00016659, epoch_time: 12.0min
Epoch:[1/1](52420/79390), loss: 2.4212, logits_loss: 2.4212, aux_loss: 0.0000, lr: 0.00016643, epoch_time: 12.0min
Epoch:[1/1](52440/79390), loss: 2.5092, logits_loss: 2.5092, aux_loss: 0.0000, lr: 0.00016627, epoch_time: 12.0min
Epoch:[1/1](52460/79390), loss: 2.1116, logits_loss: 2.1116, aux_loss: 0.0000, lr: 0.00016612, epoch_time: 12.0min
Epoch:[1/1](52480/79390), loss: 2.3598, logits_loss: 2.3598, aux_loss: 0.0000, lr: 0.00016596, epoch_time: 12.0min
Epoch:[1/1](52500/79390), loss: 2.0277, logits_loss: 2.0277, aux_loss: 0.0000, lr: 0.00016581, epoch_time: 12.0min
Epoch:[1/1](52520/79390), loss: 2.0311, logits_loss: 2.0311, aux_loss: 0.0000, lr: 0.00016565, epoch_time: 12.0min
Epoch:[1/1](52540/79390), loss: 2.1287, logits_loss: 2.1287, aux_loss: 0.0000, lr: 0.00016549, epoch_time: 12.0min
Epoch:[1/1](52560/79390), loss: 1.8624, logits_loss: 1.8624, aux_loss: 0.0000, lr: 0.00016534, epoch_time: 12.0min
Epoch:[1/1](52580/79390), loss: 1.9014, logits_loss: 1.9014, aux_loss: 0.0000, lr: 0.00016518, epoch_time: 12.0min
Epoch:[1/1](52600/79390), loss: 2.1731, logits_loss: 2.1731, aux_loss: 0.0000, lr: 0.00016503, epoch_time: 12.0min
Epoch:[1/1](52620/79390), loss: 2.0028, logits_loss: 2.0028, aux_loss: 0.0000, lr: 0.00016487, epoch_time: 12.0min
Epoch:[1/1](52640/79390), loss: 2.0166, logits_loss: 2.0166, aux_loss: 0.0000, lr: 0.00016472, epoch_time: 12.0min
Epoch:[1/1](52660/79390), loss: 2.2942, logits_loss: 2.2942, aux_loss: 0.0000, lr: 0.00016456, epoch_time: 12.0min
Epoch:[1/1](52680/79390), loss: 2.0266, logits_loss: 2.0266, aux_loss: 0.0000, lr: 0.00016441, epoch_time: 12.0min
Epoch:[1/1](52700/79390), loss: 2.2884, logits_loss: 2.2884, aux_loss: 0.0000, lr: 0.00016425, epoch_time: 12.0min
Epoch:[1/1](52720/79390), loss: 2.2609, logits_loss: 2.2609, aux_loss: 0.0000, lr: 0.00016410, epoch_time: 12.0min
Epoch:[1/1](52740/79390), loss: 2.0456, logits_loss: 2.0456, aux_loss: 0.0000, lr: 0.00016394, epoch_time: 12.0min
Epoch:[1/1](52760/79390), loss: 1.8223, logits_loss: 1.8223, aux_loss: 0.0000, lr: 0.00016379, epoch_time: 12.0min
Epoch:[1/1](52780/79390), loss: 1.9874, logits_loss: 1.9874, aux_loss: 0.0000, lr: 0.00016363, epoch_time: 12.0min
Epoch:[1/1](52800/79390), loss: 2.0228, logits_loss: 2.0228, aux_loss: 0.0000, lr: 0.00016348, epoch_time: 12.0min
Epoch:[1/1](52820/79390), loss: 2.1670, logits_loss: 2.1670, aux_loss: 0.0000, lr: 0.00016332, epoch_time: 12.0min
Epoch:[1/1](52840/79390), loss: 2.1060, logits_loss: 2.1060, aux_loss: 0.0000, lr: 0.00016317, epoch_time: 12.0min
Epoch:[1/1](52860/79390), loss: 2.0158, logits_loss: 2.0158, aux_loss: 0.0000, lr: 0.00016301, epoch_time: 12.0min
Epoch:[1/1](52880/79390), loss: 2.1705, logits_loss: 2.1705, aux_loss: 0.0000, lr: 0.00016286, epoch_time: 12.0min
Epoch:[1/1](52900/79390), loss: 2.1351, logits_loss: 2.1351, aux_loss: 0.0000, lr: 0.00016271, epoch_time: 12.0min
Epoch:[1/1](52920/79390), loss: 2.1164, logits_loss: 2.1164, aux_loss: 0.0000, lr: 0.00016255, epoch_time: 12.0min
Epoch:[1/1](52940/79390), loss: 2.0563, logits_loss: 2.0563, aux_loss: 0.0000, lr: 0.00016240, epoch_time: 12.0min
Epoch:[1/1](52960/79390), loss: 2.0669, logits_loss: 2.0669, aux_loss: 0.0000, lr: 0.00016224, epoch_time: 12.0min
Epoch:[1/1](52980/79390), loss: 2.1211, logits_loss: 2.1211, aux_loss: 0.0000, lr: 0.00016209, epoch_time: 12.0min
Epoch:[1/1](53000/79390), loss: 2.1073, logits_loss: 2.1073, aux_loss: 0.0000, lr: 0.00016194, epoch_time: 12.0min
Epoch:[1/1](53020/79390), loss: 2.0288, logits_loss: 2.0288, aux_loss: 0.0000, lr: 0.00016178, epoch_time: 12.0min
Epoch:[1/1](53040/79390), loss: 1.9062, logits_loss: 1.9062, aux_loss: 0.0000, lr: 0.00016163, epoch_time: 12.0min
Epoch:[1/1](53060/79390), loss: 2.0281, logits_loss: 2.0281, aux_loss: 0.0000, lr: 0.00016147, epoch_time: 12.0min
Epoch:[1/1](53080/79390), loss: 2.0545, logits_loss: 2.0545, aux_loss: 0.0000, lr: 0.00016132, epoch_time: 12.0min
Epoch:[1/1](53100/79390), loss: 2.0057, logits_loss: 2.0057, aux_loss: 0.0000, lr: 0.00016117, epoch_time: 12.0min
Epoch:[1/1](53120/79390), loss: 2.1312, logits_loss: 2.1312, aux_loss: 0.0000, lr: 0.00016101, epoch_time: 12.0min
Epoch:[1/1](53140/79390), loss: 2.1733, logits_loss: 2.1733, aux_loss: 0.0000, lr: 0.00016086, epoch_time: 12.0min
Epoch:[1/1](53160/79390), loss: 1.9387, logits_loss: 1.9387, aux_loss: 0.0000, lr: 0.00016071, epoch_time: 12.0min
Epoch:[1/1](53180/79390), loss: 2.0217, logits_loss: 2.0217, aux_loss: 0.0000, lr: 0.00016055, epoch_time: 12.0min
Epoch:[1/1](53200/79390), loss: 2.0322, logits_loss: 2.0322, aux_loss: 0.0000, lr: 0.00016040, epoch_time: 12.0min
Epoch:[1/1](53220/79390), loss: 1.9431, logits_loss: 1.9431, aux_loss: 0.0000, lr: 0.00016025, epoch_time: 12.0min
Epoch:[1/1](53240/79390), loss: 2.1096, logits_loss: 2.1096, aux_loss: 0.0000, lr: 0.00016009, epoch_time: 12.0min
Epoch:[1/1](53260/79390), loss: 2.1617, logits_loss: 2.1617, aux_loss: 0.0000, lr: 0.00015994, epoch_time: 12.0min
Epoch:[1/1](53280/79390), loss: 1.9475, logits_loss: 1.9475, aux_loss: 0.0000, lr: 0.00015979, epoch_time: 12.0min
Epoch:[1/1](53300/79390), loss: 2.0802, logits_loss: 2.0802, aux_loss: 0.0000, lr: 0.00015963, epoch_time: 12.0min
Epoch:[1/1](53320/79390), loss: 2.1627, logits_loss: 2.1627, aux_loss: 0.0000, lr: 0.00015948, epoch_time: 12.0min
Epoch:[1/1](53340/79390), loss: 2.2794, logits_loss: 2.2794, aux_loss: 0.0000, lr: 0.00015933, epoch_time: 12.0min
Epoch:[1/1](53360/79390), loss: 2.1655, logits_loss: 2.1655, aux_loss: 0.0000, lr: 0.00015918, epoch_time: 12.0min
Epoch:[1/1](53380/79390), loss: 2.1633, logits_loss: 2.1633, aux_loss: 0.0000, lr: 0.00015902, epoch_time: 12.0min
Epoch:[1/1](53400/79390), loss: 2.1421, logits_loss: 2.1421, aux_loss: 0.0000, lr: 0.00015887, epoch_time: 12.0min
Epoch:[1/1](53420/79390), loss: 1.8578, logits_loss: 1.8578, aux_loss: 0.0000, lr: 0.00015872, epoch_time: 12.0min
Epoch:[1/1](53440/79390), loss: 2.2459, logits_loss: 2.2459, aux_loss: 0.0000, lr: 0.00015857, epoch_time: 12.0min
Epoch:[1/1](53460/79390), loss: 2.0617, logits_loss: 2.0617, aux_loss: 0.0000, lr: 0.00015841, epoch_time: 12.0min
Epoch:[1/1](53480/79390), loss: 1.9607, logits_loss: 1.9607, aux_loss: 0.0000, lr: 0.00015826, epoch_time: 12.0min
Epoch:[1/1](53500/79390), loss: 2.0324, logits_loss: 2.0324, aux_loss: 0.0000, lr: 0.00015811, epoch_time: 12.0min
Epoch:[1/1](53520/79390), loss: 2.2326, logits_loss: 2.2326, aux_loss: 0.0000, lr: 0.00015796, epoch_time: 12.0min
Epoch:[1/1](53540/79390), loss: 2.0263, logits_loss: 2.0263, aux_loss: 0.0000, lr: 0.00015780, epoch_time: 12.0min
Epoch:[1/1](53560/79390), loss: 2.3173, logits_loss: 2.3173, aux_loss: 0.0000, lr: 0.00015765, epoch_time: 12.0min
Epoch:[1/1](53580/79390), loss: 2.3526, logits_loss: 2.3526, aux_loss: 0.0000, lr: 0.00015750, epoch_time: 12.0min
Epoch:[1/1](53600/79390), loss: 2.0196, logits_loss: 2.0196, aux_loss: 0.0000, lr: 0.00015735, epoch_time: 12.0min
Epoch:[1/1](53620/79390), loss: 2.2376, logits_loss: 2.2376, aux_loss: 0.0000, lr: 0.00015720, epoch_time: 12.0min
Epoch:[1/1](53640/79390), loss: 1.7437, logits_loss: 1.7437, aux_loss: 0.0000, lr: 0.00015705, epoch_time: 12.0min
Epoch:[1/1](53660/79390), loss: 2.0889, logits_loss: 2.0889, aux_loss: 0.0000, lr: 0.00015689, epoch_time: 11.0min
Epoch:[1/1](53680/79390), loss: 1.9742, logits_loss: 1.9742, aux_loss: 0.0000, lr: 0.00015674, epoch_time: 11.0min
Epoch:[1/1](53700/79390), loss: 2.2936, logits_loss: 2.2936, aux_loss: 0.0000, lr: 0.00015659, epoch_time: 11.0min
Epoch:[1/1](53720/79390), loss: 2.1420, logits_loss: 2.1420, aux_loss: 0.0000, lr: 0.00015644, epoch_time: 11.0min
Epoch:[1/1](53740/79390), loss: 2.3711, logits_loss: 2.3711, aux_loss: 0.0000, lr: 0.00015629, epoch_time: 11.0min
Epoch:[1/1](53760/79390), loss: 2.2706, logits_loss: 2.2706, aux_loss: 0.0000, lr: 0.00015614, epoch_time: 11.0min
Epoch:[1/1](53780/79390), loss: 2.6196, logits_loss: 2.6196, aux_loss: 0.0000, lr: 0.00015599, epoch_time: 11.0min
Epoch:[1/1](53800/79390), loss: 2.0820, logits_loss: 2.0820, aux_loss: 0.0000, lr: 0.00015583, epoch_time: 11.0min
Epoch:[1/1](53820/79390), loss: 1.8920, logits_loss: 1.8920, aux_loss: 0.0000, lr: 0.00015568, epoch_time: 11.0min
Epoch:[1/1](53840/79390), loss: 2.1599, logits_loss: 2.1599, aux_loss: 0.0000, lr: 0.00015553, epoch_time: 11.0min
Epoch:[1/1](53860/79390), loss: 1.9610, logits_loss: 1.9610, aux_loss: 0.0000, lr: 0.00015538, epoch_time: 11.0min
Epoch:[1/1](53880/79390), loss: 1.8190, logits_loss: 1.8190, aux_loss: 0.0000, lr: 0.00015523, epoch_time: 11.0min
Epoch:[1/1](53900/79390), loss: 2.0845, logits_loss: 2.0845, aux_loss: 0.0000, lr: 0.00015508, epoch_time: 11.0min
Epoch:[1/1](53920/79390), loss: 2.0924, logits_loss: 2.0924, aux_loss: 0.0000, lr: 0.00015493, epoch_time: 11.0min
Epoch:[1/1](53940/79390), loss: 2.0894, logits_loss: 2.0894, aux_loss: 0.0000, lr: 0.00015478, epoch_time: 11.0min
Epoch:[1/1](53960/79390), loss: 2.2785, logits_loss: 2.2785, aux_loss: 0.0000, lr: 0.00015463, epoch_time: 11.0min
Epoch:[1/1](53980/79390), loss: 1.9247, logits_loss: 1.9247, aux_loss: 0.0000, lr: 0.00015448, epoch_time: 11.0min
Epoch:[1/1](54000/79390), loss: 1.9762, logits_loss: 1.9762, aux_loss: 0.0000, lr: 0.00015433, epoch_time: 11.0min
Epoch:[1/1](54020/79390), loss: 2.1685, logits_loss: 2.1685, aux_loss: 0.0000, lr: 0.00015418, epoch_time: 11.0min
Epoch:[1/1](54040/79390), loss: 2.0169, logits_loss: 2.0169, aux_loss: 0.0000, lr: 0.00015403, epoch_time: 11.0min
Epoch:[1/1](54060/79390), loss: 1.9050, logits_loss: 1.9050, aux_loss: 0.0000, lr: 0.00015388, epoch_time: 11.0min
Epoch:[1/1](54080/79390), loss: 1.7194, logits_loss: 1.7194, aux_loss: 0.0000, lr: 0.00015373, epoch_time: 11.0min
Epoch:[1/1](54100/79390), loss: 1.9830, logits_loss: 1.9830, aux_loss: 0.0000, lr: 0.00015358, epoch_time: 11.0min
Epoch:[1/1](54120/79390), loss: 2.0131, logits_loss: 2.0131, aux_loss: 0.0000, lr: 0.00015343, epoch_time: 11.0min
Epoch:[1/1](54140/79390), loss: 2.1019, logits_loss: 2.1019, aux_loss: 0.0000, lr: 0.00015328, epoch_time: 11.0min
Epoch:[1/1](54160/79390), loss: 1.9157, logits_loss: 1.9157, aux_loss: 0.0000, lr: 0.00015313, epoch_time: 11.0min
Epoch:[1/1](54180/79390), loss: 1.8646, logits_loss: 1.8646, aux_loss: 0.0000, lr: 0.00015298, epoch_time: 11.0min
Epoch:[1/1](54200/79390), loss: 2.1731, logits_loss: 2.1731, aux_loss: 0.0000, lr: 0.00015283, epoch_time: 11.0min
Epoch:[1/1](54220/79390), loss: 1.9553, logits_loss: 1.9553, aux_loss: 0.0000, lr: 0.00015268, epoch_time: 11.0min
Epoch:[1/1](54240/79390), loss: 1.9573, logits_loss: 1.9573, aux_loss: 0.0000, lr: 0.00015253, epoch_time: 11.0min
Epoch:[1/1](54260/79390), loss: 1.9428, logits_loss: 1.9428, aux_loss: 0.0000, lr: 0.00015238, epoch_time: 11.0min
Epoch:[1/1](54280/79390), loss: 1.8445, logits_loss: 1.8445, aux_loss: 0.0000, lr: 0.00015223, epoch_time: 11.0min
Epoch:[1/1](54300/79390), loss: 1.9199, logits_loss: 1.9199, aux_loss: 0.0000, lr: 0.00015208, epoch_time: 11.0min
Epoch:[1/1](54320/79390), loss: 1.9485, logits_loss: 1.9485, aux_loss: 0.0000, lr: 0.00015193, epoch_time: 11.0min
Epoch:[1/1](54340/79390), loss: 2.0615, logits_loss: 2.0615, aux_loss: 0.0000, lr: 0.00015178, epoch_time: 11.0min
Epoch:[1/1](54360/79390), loss: 1.9869, logits_loss: 1.9869, aux_loss: 0.0000, lr: 0.00015163, epoch_time: 11.0min
Epoch:[1/1](54380/79390), loss: 2.2746, logits_loss: 2.2746, aux_loss: 0.0000, lr: 0.00015149, epoch_time: 11.0min
Epoch:[1/1](54400/79390), loss: 2.2271, logits_loss: 2.2271, aux_loss: 0.0000, lr: 0.00015134, epoch_time: 11.0min
Epoch:[1/1](54420/79390), loss: 2.0224, logits_loss: 2.0224, aux_loss: 0.0000, lr: 0.00015119, epoch_time: 11.0min
Epoch:[1/1](54440/79390), loss: 2.0593, logits_loss: 2.0593, aux_loss: 0.0000, lr: 0.00015104, epoch_time: 11.0min
Epoch:[1/1](54460/79390), loss: 2.1544, logits_loss: 2.1544, aux_loss: 0.0000, lr: 0.00015089, epoch_time: 11.0min
Epoch:[1/1](54480/79390), loss: 1.9787, logits_loss: 1.9787, aux_loss: 0.0000, lr: 0.00015074, epoch_time: 11.0min
Epoch:[1/1](54500/79390), loss: 2.0540, logits_loss: 2.0540, aux_loss: 0.0000, lr: 0.00015059, epoch_time: 11.0min
Epoch:[1/1](54520/79390), loss: 2.2580, logits_loss: 2.2580, aux_loss: 0.0000, lr: 0.00015045, epoch_time: 11.0min
Epoch:[1/1](54540/79390), loss: 2.2261, logits_loss: 2.2261, aux_loss: 0.0000, lr: 0.00015030, epoch_time: 11.0min
Epoch:[1/1](54560/79390), loss: 2.3888, logits_loss: 2.3888, aux_loss: 0.0000, lr: 0.00015015, epoch_time: 11.0min
Epoch:[1/1](54580/79390), loss: 2.0400, logits_loss: 2.0400, aux_loss: 0.0000, lr: 0.00015000, epoch_time: 11.0min
Epoch:[1/1](54600/79390), loss: 1.9587, logits_loss: 1.9587, aux_loss: 0.0000, lr: 0.00014985, epoch_time: 11.0min
Epoch:[1/1](54620/79390), loss: 1.7843, logits_loss: 1.7843, aux_loss: 0.0000, lr: 0.00014971, epoch_time: 11.0min
Epoch:[1/1](54640/79390), loss: 2.1391, logits_loss: 2.1391, aux_loss: 0.0000, lr: 0.00014956, epoch_time: 11.0min
Epoch:[1/1](54660/79390), loss: 2.3065, logits_loss: 2.3065, aux_loss: 0.0000, lr: 0.00014941, epoch_time: 11.0min
Epoch:[1/1](54680/79390), loss: 1.8421, logits_loss: 1.8421, aux_loss: 0.0000, lr: 0.00014926, epoch_time: 11.0min
Epoch:[1/1](54700/79390), loss: 2.2237, logits_loss: 2.2237, aux_loss: 0.0000, lr: 0.00014911, epoch_time: 11.0min
Epoch:[1/1](54720/79390), loss: 1.9615, logits_loss: 1.9615, aux_loss: 0.0000, lr: 0.00014897, epoch_time: 11.0min
Epoch:[1/1](54740/79390), loss: 2.1188, logits_loss: 2.1188, aux_loss: 0.0000, lr: 0.00014882, epoch_time: 11.0min
Epoch:[1/1](54760/79390), loss: 2.2909, logits_loss: 2.2909, aux_loss: 0.0000, lr: 0.00014867, epoch_time: 11.0min
Epoch:[1/1](54780/79390), loss: 1.8467, logits_loss: 1.8467, aux_loss: 0.0000, lr: 0.00014852, epoch_time: 11.0min
Epoch:[1/1](54800/79390), loss: 2.1621, logits_loss: 2.1621, aux_loss: 0.0000, lr: 0.00014838, epoch_time: 11.0min
Epoch:[1/1](54820/79390), loss: 2.3004, logits_loss: 2.3004, aux_loss: 0.0000, lr: 0.00014823, epoch_time: 11.0min
Epoch:[1/1](54840/79390), loss: 2.1029, logits_loss: 2.1029, aux_loss: 0.0000, lr: 0.00014808, epoch_time: 11.0min
Epoch:[1/1](54860/79390), loss: 1.8313, logits_loss: 1.8313, aux_loss: 0.0000, lr: 0.00014794, epoch_time: 11.0min
Epoch:[1/1](54880/79390), loss: 2.0168, logits_loss: 2.0168, aux_loss: 0.0000, lr: 0.00014779, epoch_time: 11.0min
Epoch:[1/1](54900/79390), loss: 1.8431, logits_loss: 1.8431, aux_loss: 0.0000, lr: 0.00014764, epoch_time: 11.0min
Epoch:[1/1](54920/79390), loss: 1.8318, logits_loss: 1.8318, aux_loss: 0.0000, lr: 0.00014750, epoch_time: 11.0min
Epoch:[1/1](54940/79390), loss: 2.1361, logits_loss: 2.1361, aux_loss: 0.0000, lr: 0.00014735, epoch_time: 11.0min
Epoch:[1/1](54960/79390), loss: 2.0559, logits_loss: 2.0559, aux_loss: 0.0000, lr: 0.00014720, epoch_time: 11.0min
Epoch:[1/1](54980/79390), loss: 1.9744, logits_loss: 1.9744, aux_loss: 0.0000, lr: 0.00014706, epoch_time: 11.0min
Epoch:[1/1](55000/79390), loss: 1.9606, logits_loss: 1.9606, aux_loss: 0.0000, lr: 0.00014691, epoch_time: 11.0min
Epoch:[1/1](55020/79390), loss: 1.9614, logits_loss: 1.9614, aux_loss: 0.0000, lr: 0.00014676, epoch_time: 11.0min
Epoch:[1/1](55040/79390), loss: 2.0360, logits_loss: 2.0360, aux_loss: 0.0000, lr: 0.00014662, epoch_time: 11.0min
Epoch:[1/1](55060/79390), loss: 2.2746, logits_loss: 2.2746, aux_loss: 0.0000, lr: 0.00014647, epoch_time: 11.0min
Epoch:[1/1](55080/79390), loss: 2.3985, logits_loss: 2.3985, aux_loss: 0.0000, lr: 0.00014632, epoch_time: 11.0min
Epoch:[1/1](55100/79390), loss: 2.1869, logits_loss: 2.1869, aux_loss: 0.0000, lr: 0.00014618, epoch_time: 11.0min
Epoch:[1/1](55120/79390), loss: 2.0041, logits_loss: 2.0041, aux_loss: 0.0000, lr: 0.00014603, epoch_time: 11.0min
Epoch:[1/1](55140/79390), loss: 1.9048, logits_loss: 1.9048, aux_loss: 0.0000, lr: 0.00014589, epoch_time: 11.0min
Epoch:[1/1](55160/79390), loss: 2.2912, logits_loss: 2.2912, aux_loss: 0.0000, lr: 0.00014574, epoch_time: 11.0min
Epoch:[1/1](55180/79390), loss: 2.2358, logits_loss: 2.2358, aux_loss: 0.0000, lr: 0.00014560, epoch_time: 11.0min
Epoch:[1/1](55200/79390), loss: 2.1818, logits_loss: 2.1818, aux_loss: 0.0000, lr: 0.00014545, epoch_time: 11.0min
Epoch:[1/1](55220/79390), loss: 2.0567, logits_loss: 2.0567, aux_loss: 0.0000, lr: 0.00014530, epoch_time: 11.0min
Epoch:[1/1](55240/79390), loss: 2.1350, logits_loss: 2.1350, aux_loss: 0.0000, lr: 0.00014516, epoch_time: 11.0min
Epoch:[1/1](55260/79390), loss: 1.8817, logits_loss: 1.8817, aux_loss: 0.0000, lr: 0.00014501, epoch_time: 11.0min
Epoch:[1/1](55280/79390), loss: 2.1738, logits_loss: 2.1738, aux_loss: 0.0000, lr: 0.00014487, epoch_time: 11.0min
Epoch:[1/1](55300/79390), loss: 2.3224, logits_loss: 2.3224, aux_loss: 0.0000, lr: 0.00014472, epoch_time: 11.0min
Epoch:[1/1](55320/79390), loss: 2.1909, logits_loss: 2.1909, aux_loss: 0.0000, lr: 0.00014458, epoch_time: 11.0min
Epoch:[1/1](55340/79390), loss: 1.6893, logits_loss: 1.6893, aux_loss: 0.0000, lr: 0.00014443, epoch_time: 11.0min
Epoch:[1/1](55360/79390), loss: 2.4495, logits_loss: 2.4495, aux_loss: 0.0000, lr: 0.00014429, epoch_time: 11.0min
Epoch:[1/1](55380/79390), loss: 1.8417, logits_loss: 1.8417, aux_loss: 0.0000, lr: 0.00014414, epoch_time: 11.0min
Epoch:[1/1](55400/79390), loss: 1.9804, logits_loss: 1.9804, aux_loss: 0.0000, lr: 0.00014400, epoch_time: 11.0min
Epoch:[1/1](55420/79390), loss: 2.0249, logits_loss: 2.0249, aux_loss: 0.0000, lr: 0.00014385, epoch_time: 11.0min
Epoch:[1/1](55440/79390), loss: 1.9934, logits_loss: 1.9934, aux_loss: 0.0000, lr: 0.00014371, epoch_time: 11.0min
Epoch:[1/1](55460/79390), loss: 2.1561, logits_loss: 2.1561, aux_loss: 0.0000, lr: 0.00014356, epoch_time: 11.0min
Epoch:[1/1](55480/79390), loss: 2.1760, logits_loss: 2.1760, aux_loss: 0.0000, lr: 0.00014342, epoch_time: 11.0min
Epoch:[1/1](55500/79390), loss: 2.2769, logits_loss: 2.2769, aux_loss: 0.0000, lr: 0.00014327, epoch_time: 11.0min
Epoch:[1/1](55520/79390), loss: 2.2630, logits_loss: 2.2630, aux_loss: 0.0000, lr: 0.00014313, epoch_time: 11.0min
Epoch:[1/1](55540/79390), loss: 2.1155, logits_loss: 2.1155, aux_loss: 0.0000, lr: 0.00014299, epoch_time: 11.0min
Epoch:[1/1](55560/79390), loss: 1.8692, logits_loss: 1.8692, aux_loss: 0.0000, lr: 0.00014284, epoch_time: 11.0min
Epoch:[1/1](55580/79390), loss: 2.8786, logits_loss: 2.8786, aux_loss: 0.0000, lr: 0.00014270, epoch_time: 11.0min
Epoch:[1/1](55600/79390), loss: 1.9346, logits_loss: 1.9346, aux_loss: 0.0000, lr: 0.00014255, epoch_time: 11.0min
Epoch:[1/1](55620/79390), loss: 2.1048, logits_loss: 2.1048, aux_loss: 0.0000, lr: 0.00014241, epoch_time: 11.0min
Epoch:[1/1](55640/79390), loss: 2.0095, logits_loss: 2.0095, aux_loss: 0.0000, lr: 0.00014227, epoch_time: 11.0min
Epoch:[1/1](55660/79390), loss: 2.2116, logits_loss: 2.2116, aux_loss: 0.0000, lr: 0.00014212, epoch_time: 11.0min
Epoch:[1/1](55680/79390), loss: 2.0295, logits_loss: 2.0295, aux_loss: 0.0000, lr: 0.00014198, epoch_time: 11.0min
Epoch:[1/1](55700/79390), loss: 2.0382, logits_loss: 2.0382, aux_loss: 0.0000, lr: 0.00014184, epoch_time: 11.0min
Epoch:[1/1](55720/79390), loss: 2.2438, logits_loss: 2.2438, aux_loss: 0.0000, lr: 0.00014169, epoch_time: 11.0min
Epoch:[1/1](55740/79390), loss: 1.9185, logits_loss: 1.9185, aux_loss: 0.0000, lr: 0.00014155, epoch_time: 11.0min
Epoch:[1/1](55760/79390), loss: 1.9428, logits_loss: 1.9428, aux_loss: 0.0000, lr: 0.00014140, epoch_time: 11.0min
Epoch:[1/1](55780/79390), loss: 2.0417, logits_loss: 2.0417, aux_loss: 0.0000, lr: 0.00014126, epoch_time: 11.0min
Epoch:[1/1](55800/79390), loss: 2.0840, logits_loss: 2.0840, aux_loss: 0.0000, lr: 0.00014112, epoch_time: 11.0min
Epoch:[1/1](55820/79390), loss: 2.0165, logits_loss: 2.0165, aux_loss: 0.0000, lr: 0.00014098, epoch_time: 11.0min
Epoch:[1/1](55840/79390), loss: 2.0657, logits_loss: 2.0657, aux_loss: 0.0000, lr: 0.00014083, epoch_time: 11.0min
Epoch:[1/1](55860/79390), loss: 2.1219, logits_loss: 2.1219, aux_loss: 0.0000, lr: 0.00014069, epoch_time: 11.0min
Epoch:[1/1](55880/79390), loss: 2.0981, logits_loss: 2.0981, aux_loss: 0.0000, lr: 0.00014055, epoch_time: 10.0min
Epoch:[1/1](55900/79390), loss: 2.0674, logits_loss: 2.0674, aux_loss: 0.0000, lr: 0.00014040, epoch_time: 10.0min
Epoch:[1/1](55920/79390), loss: 2.0424, logits_loss: 2.0424, aux_loss: 0.0000, lr: 0.00014026, epoch_time: 10.0min
Epoch:[1/1](55940/79390), loss: 1.7215, logits_loss: 1.7215, aux_loss: 0.0000, lr: 0.00014012, epoch_time: 10.0min
Epoch:[1/1](55960/79390), loss: 2.1304, logits_loss: 2.1304, aux_loss: 0.0000, lr: 0.00013998, epoch_time: 10.0min
Epoch:[1/1](55980/79390), loss: 2.3097, logits_loss: 2.3097, aux_loss: 0.0000, lr: 0.00013983, epoch_time: 10.0min
Epoch:[1/1](56000/79390), loss: 1.8887, logits_loss: 1.8887, aux_loss: 0.0000, lr: 0.00013969, epoch_time: 10.0min
Epoch:[1/1](56020/79390), loss: 2.2006, logits_loss: 2.2006, aux_loss: 0.0000, lr: 0.00013955, epoch_time: 10.0min
Epoch:[1/1](56040/79390), loss: 1.9744, logits_loss: 1.9744, aux_loss: 0.0000, lr: 0.00013941, epoch_time: 10.0min
Epoch:[1/1](56060/79390), loss: 2.4722, logits_loss: 2.4722, aux_loss: 0.0000, lr: 0.00013927, epoch_time: 10.0min
Epoch:[1/1](56080/79390), loss: 2.1035, logits_loss: 2.1035, aux_loss: 0.0000, lr: 0.00013912, epoch_time: 10.0min
Epoch:[1/1](56100/79390), loss: 1.8372, logits_loss: 1.8372, aux_loss: 0.0000, lr: 0.00013898, epoch_time: 10.0min
Epoch:[1/1](56120/79390), loss: 1.9036, logits_loss: 1.9036, aux_loss: 0.0000, lr: 0.00013884, epoch_time: 10.0min
Epoch:[1/1](56140/79390), loss: 1.7606, logits_loss: 1.7606, aux_loss: 0.0000, lr: 0.00013870, epoch_time: 10.0min
Epoch:[1/1](56160/79390), loss: 2.1151, logits_loss: 2.1151, aux_loss: 0.0000, lr: 0.00013856, epoch_time: 10.0min
Epoch:[1/1](56180/79390), loss: 1.8555, logits_loss: 1.8555, aux_loss: 0.0000, lr: 0.00013841, epoch_time: 10.0min
Epoch:[1/1](56200/79390), loss: 2.1224, logits_loss: 2.1224, aux_loss: 0.0000, lr: 0.00013827, epoch_time: 10.0min
Epoch:[1/1](56220/79390), loss: 2.1615, logits_loss: 2.1615, aux_loss: 0.0000, lr: 0.00013813, epoch_time: 10.0min
Epoch:[1/1](56240/79390), loss: 2.0953, logits_loss: 2.0953, aux_loss: 0.0000, lr: 0.00013799, epoch_time: 10.0min
Epoch:[1/1](56260/79390), loss: 2.0080, logits_loss: 2.0080, aux_loss: 0.0000, lr: 0.00013785, epoch_time: 10.0min
Epoch:[1/1](56280/79390), loss: 2.0340, logits_loss: 2.0340, aux_loss: 0.0000, lr: 0.00013771, epoch_time: 10.0min
Epoch:[1/1](56300/79390), loss: 1.7253, logits_loss: 1.7253, aux_loss: 0.0000, lr: 0.00013757, epoch_time: 10.0min
Epoch:[1/1](56320/79390), loss: 2.0572, logits_loss: 2.0572, aux_loss: 0.0000, lr: 0.00013743, epoch_time: 10.0min
Epoch:[1/1](56340/79390), loss: 2.0986, logits_loss: 2.0986, aux_loss: 0.0000, lr: 0.00013729, epoch_time: 10.0min
Epoch:[1/1](56360/79390), loss: 1.9173, logits_loss: 1.9173, aux_loss: 0.0000, lr: 0.00013714, epoch_time: 10.0min
Epoch:[1/1](56380/79390), loss: 2.1667, logits_loss: 2.1667, aux_loss: 0.0000, lr: 0.00013700, epoch_time: 10.0min
Epoch:[1/1](56400/79390), loss: 2.2045, logits_loss: 2.2045, aux_loss: 0.0000, lr: 0.00013686, epoch_time: 10.0min
Epoch:[1/1](56420/79390), loss: 1.8439, logits_loss: 1.8439, aux_loss: 0.0000, lr: 0.00013672, epoch_time: 10.0min
Epoch:[1/1](56440/79390), loss: 2.3822, logits_loss: 2.3822, aux_loss: 0.0000, lr: 0.00013658, epoch_time: 10.0min
Epoch:[1/1](56460/79390), loss: 1.8838, logits_loss: 1.8838, aux_loss: 0.0000, lr: 0.00013644, epoch_time: 10.0min
Epoch:[1/1](56480/79390), loss: 2.1045, logits_loss: 2.1045, aux_loss: 0.0000, lr: 0.00013630, epoch_time: 10.0min
Epoch:[1/1](56500/79390), loss: 2.1604, logits_loss: 2.1604, aux_loss: 0.0000, lr: 0.00013616, epoch_time: 10.0min
Epoch:[1/1](56520/79390), loss: 2.1680, logits_loss: 2.1680, aux_loss: 0.0000, lr: 0.00013602, epoch_time: 10.0min
Epoch:[1/1](56540/79390), loss: 2.3549, logits_loss: 2.3549, aux_loss: 0.0000, lr: 0.00013588, epoch_time: 10.0min
Epoch:[1/1](56560/79390), loss: 2.1510, logits_loss: 2.1510, aux_loss: 0.0000, lr: 0.00013574, epoch_time: 10.0min
Epoch:[1/1](56580/79390), loss: 2.1534, logits_loss: 2.1534, aux_loss: 0.0000, lr: 0.00013560, epoch_time: 10.0min
Epoch:[1/1](56600/79390), loss: 2.0324, logits_loss: 2.0324, aux_loss: 0.0000, lr: 0.00013546, epoch_time: 10.0min
Epoch:[1/1](56620/79390), loss: 2.2882, logits_loss: 2.2882, aux_loss: 0.0000, lr: 0.00013532, epoch_time: 10.0min
Epoch:[1/1](56640/79390), loss: 2.0431, logits_loss: 2.0431, aux_loss: 0.0000, lr: 0.00013518, epoch_time: 10.0min
Epoch:[1/1](56660/79390), loss: 2.2078, logits_loss: 2.2078, aux_loss: 0.0000, lr: 0.00013504, epoch_time: 10.0min
Epoch:[1/1](56680/79390), loss: 1.9641, logits_loss: 1.9641, aux_loss: 0.0000, lr: 0.00013490, epoch_time: 10.0min
Epoch:[1/1](56700/79390), loss: 2.0864, logits_loss: 2.0864, aux_loss: 0.0000, lr: 0.00013476, epoch_time: 10.0min
Epoch:[1/1](56720/79390), loss: 2.1658, logits_loss: 2.1658, aux_loss: 0.0000, lr: 0.00013463, epoch_time: 10.0min
Epoch:[1/1](56740/79390), loss: 2.0579, logits_loss: 2.0579, aux_loss: 0.0000, lr: 0.00013449, epoch_time: 10.0min
Epoch:[1/1](56760/79390), loss: 2.0711, logits_loss: 2.0711, aux_loss: 0.0000, lr: 0.00013435, epoch_time: 10.0min
Epoch:[1/1](56780/79390), loss: 2.0545, logits_loss: 2.0545, aux_loss: 0.0000, lr: 0.00013421, epoch_time: 10.0min
Epoch:[1/1](56800/79390), loss: 2.3869, logits_loss: 2.3869, aux_loss: 0.0000, lr: 0.00013407, epoch_time: 10.0min
Epoch:[1/1](56820/79390), loss: 2.0330, logits_loss: 2.0330, aux_loss: 0.0000, lr: 0.00013393, epoch_time: 10.0min
Epoch:[1/1](56840/79390), loss: 2.1638, logits_loss: 2.1638, aux_loss: 0.0000, lr: 0.00013379, epoch_time: 10.0min
Epoch:[1/1](56860/79390), loss: 1.9492, logits_loss: 1.9492, aux_loss: 0.0000, lr: 0.00013365, epoch_time: 10.0min
Epoch:[1/1](56880/79390), loss: 2.3641, logits_loss: 2.3641, aux_loss: 0.0000, lr: 0.00013351, epoch_time: 10.0min
Epoch:[1/1](56900/79390), loss: 2.1506, logits_loss: 2.1506, aux_loss: 0.0000, lr: 0.00013338, epoch_time: 10.0min
Epoch:[1/1](56920/79390), loss: 2.0949, logits_loss: 2.0949, aux_loss: 0.0000, lr: 0.00013324, epoch_time: 10.0min
Epoch:[1/1](56940/79390), loss: 2.0957, logits_loss: 2.0957, aux_loss: 0.0000, lr: 0.00013310, epoch_time: 10.0min
Epoch:[1/1](56960/79390), loss: 2.2258, logits_loss: 2.2258, aux_loss: 0.0000, lr: 0.00013296, epoch_time: 10.0min
Epoch:[1/1](56980/79390), loss: 2.0350, logits_loss: 2.0350, aux_loss: 0.0000, lr: 0.00013282, epoch_time: 10.0min
Epoch:[1/1](57000/79390), loss: 2.0028, logits_loss: 2.0028, aux_loss: 0.0000, lr: 0.00013269, epoch_time: 10.0min
Epoch:[1/1](57020/79390), loss: 2.0206, logits_loss: 2.0206, aux_loss: 0.0000, lr: 0.00013255, epoch_time: 10.0min
Epoch:[1/1](57040/79390), loss: 2.0963, logits_loss: 2.0963, aux_loss: 0.0000, lr: 0.00013241, epoch_time: 10.0min
Epoch:[1/1](57060/79390), loss: 2.0240, logits_loss: 2.0240, aux_loss: 0.0000, lr: 0.00013227, epoch_time: 10.0min
Epoch:[1/1](57080/79390), loss: 2.0723, logits_loss: 2.0723, aux_loss: 0.0000, lr: 0.00013213, epoch_time: 10.0min
Epoch:[1/1](57100/79390), loss: 2.0983, logits_loss: 2.0983, aux_loss: 0.0000, lr: 0.00013200, epoch_time: 10.0min
Epoch:[1/1](57120/79390), loss: 1.9327, logits_loss: 1.9327, aux_loss: 0.0000, lr: 0.00013186, epoch_time: 10.0min
Epoch:[1/1](57140/79390), loss: 2.1217, logits_loss: 2.1217, aux_loss: 0.0000, lr: 0.00013172, epoch_time: 10.0min
Epoch:[1/1](57160/79390), loss: 2.1118, logits_loss: 2.1118, aux_loss: 0.0000, lr: 0.00013159, epoch_time: 10.0min
Epoch:[1/1](57180/79390), loss: 2.0910, logits_loss: 2.0910, aux_loss: 0.0000, lr: 0.00013145, epoch_time: 10.0min
Epoch:[1/1](57200/79390), loss: 2.1682, logits_loss: 2.1682, aux_loss: 0.0000, lr: 0.00013131, epoch_time: 10.0min
Epoch:[1/1](57220/79390), loss: 2.0550, logits_loss: 2.0550, aux_loss: 0.0000, lr: 0.00013117, epoch_time: 10.0min
Epoch:[1/1](57240/79390), loss: 1.8434, logits_loss: 1.8434, aux_loss: 0.0000, lr: 0.00013104, epoch_time: 10.0min
Epoch:[1/1](57260/79390), loss: 2.2746, logits_loss: 2.2746, aux_loss: 0.0000, lr: 0.00013090, epoch_time: 10.0min
Epoch:[1/1](57280/79390), loss: 1.9310, logits_loss: 1.9310, aux_loss: 0.0000, lr: 0.00013076, epoch_time: 10.0min
Epoch:[1/1](57300/79390), loss: 2.0831, logits_loss: 2.0831, aux_loss: 0.0000, lr: 0.00013063, epoch_time: 10.0min
Epoch:[1/1](57320/79390), loss: 1.8490, logits_loss: 1.8490, aux_loss: 0.0000, lr: 0.00013049, epoch_time: 10.0min
Epoch:[1/1](57340/79390), loss: 2.1601, logits_loss: 2.1601, aux_loss: 0.0000, lr: 0.00013035, epoch_time: 10.0min
Epoch:[1/1](57360/79390), loss: 2.0804, logits_loss: 2.0804, aux_loss: 0.0000, lr: 0.00013022, epoch_time: 10.0min
Epoch:[1/1](57380/79390), loss: 1.7407, logits_loss: 1.7407, aux_loss: 0.0000, lr: 0.00013008, epoch_time: 10.0min
Epoch:[1/1](57400/79390), loss: 2.0929, logits_loss: 2.0929, aux_loss: 0.0000, lr: 0.00012995, epoch_time: 10.0min
Epoch:[1/1](57420/79390), loss: 2.0117, logits_loss: 2.0117, aux_loss: 0.0000, lr: 0.00012981, epoch_time: 10.0min
Epoch:[1/1](57440/79390), loss: 2.2315, logits_loss: 2.2315, aux_loss: 0.0000, lr: 0.00012967, epoch_time: 10.0min
Epoch:[1/1](57460/79390), loss: 2.1060, logits_loss: 2.1060, aux_loss: 0.0000, lr: 0.00012954, epoch_time: 10.0min
Epoch:[1/1](57480/79390), loss: 1.9281, logits_loss: 1.9281, aux_loss: 0.0000, lr: 0.00012940, epoch_time: 10.0min
Epoch:[1/1](57500/79390), loss: 1.9388, logits_loss: 1.9388, aux_loss: 0.0000, lr: 0.00012927, epoch_time: 10.0min
Epoch:[1/1](57520/79390), loss: 2.2328, logits_loss: 2.2328, aux_loss: 0.0000, lr: 0.00012913, epoch_time: 10.0min
Epoch:[1/1](57540/79390), loss: 1.9143, logits_loss: 1.9143, aux_loss: 0.0000, lr: 0.00012899, epoch_time: 10.0min
Epoch:[1/1](57560/79390), loss: 2.1592, logits_loss: 2.1592, aux_loss: 0.0000, lr: 0.00012886, epoch_time: 10.0min
Epoch:[1/1](57580/79390), loss: 2.0179, logits_loss: 2.0179, aux_loss: 0.0000, lr: 0.00012872, epoch_time: 10.0min
Epoch:[1/1](57600/79390), loss: 2.0095, logits_loss: 2.0095, aux_loss: 0.0000, lr: 0.00012859, epoch_time: 10.0min
Epoch:[1/1](57620/79390), loss: 1.9986, logits_loss: 1.9986, aux_loss: 0.0000, lr: 0.00012845, epoch_time: 10.0min
Epoch:[1/1](57640/79390), loss: 1.9985, logits_loss: 1.9985, aux_loss: 0.0000, lr: 0.00012832, epoch_time: 10.0min
Epoch:[1/1](57660/79390), loss: 2.1075, logits_loss: 2.1075, aux_loss: 0.0000, lr: 0.00012818, epoch_time: 10.0min
Epoch:[1/1](57680/79390), loss: 1.9930, logits_loss: 1.9930, aux_loss: 0.0000, lr: 0.00012805, epoch_time: 10.0min
Epoch:[1/1](57700/79390), loss: 2.2780, logits_loss: 2.2780, aux_loss: 0.0000, lr: 0.00012791, epoch_time: 10.0min
Epoch:[1/1](57720/79390), loss: 2.0458, logits_loss: 2.0458, aux_loss: 0.0000, lr: 0.00012778, epoch_time: 10.0min
Epoch:[1/1](57740/79390), loss: 2.1782, logits_loss: 2.1782, aux_loss: 0.0000, lr: 0.00012764, epoch_time: 10.0min
Epoch:[1/1](57760/79390), loss: 2.0539, logits_loss: 2.0539, aux_loss: 0.0000, lr: 0.00012751, epoch_time: 10.0min
Epoch:[1/1](57780/79390), loss: 1.8038, logits_loss: 1.8038, aux_loss: 0.0000, lr: 0.00012738, epoch_time: 10.0min
Epoch:[1/1](57800/79390), loss: 2.0688, logits_loss: 2.0688, aux_loss: 0.0000, lr: 0.00012724, epoch_time: 10.0min
Epoch:[1/1](57820/79390), loss: 1.6090, logits_loss: 1.6090, aux_loss: 0.0000, lr: 0.00012711, epoch_time: 10.0min
Epoch:[1/1](57840/79390), loss: 1.9477, logits_loss: 1.9477, aux_loss: 0.0000, lr: 0.00012697, epoch_time: 10.0min
Epoch:[1/1](57860/79390), loss: 2.0520, logits_loss: 2.0520, aux_loss: 0.0000, lr: 0.00012684, epoch_time: 10.0min
Epoch:[1/1](57880/79390), loss: 2.3559, logits_loss: 2.3559, aux_loss: 0.0000, lr: 0.00012670, epoch_time: 10.0min
Epoch:[1/1](57900/79390), loss: 1.9296, logits_loss: 1.9296, aux_loss: 0.0000, lr: 0.00012657, epoch_time: 10.0min
Epoch:[1/1](57920/79390), loss: 2.0582, logits_loss: 2.0582, aux_loss: 0.0000, lr: 0.00012644, epoch_time: 10.0min
Epoch:[1/1](57940/79390), loss: 2.1363, logits_loss: 2.1363, aux_loss: 0.0000, lr: 0.00012630, epoch_time: 10.0min
Epoch:[1/1](57960/79390), loss: 2.0075, logits_loss: 2.0075, aux_loss: 0.0000, lr: 0.00012617, epoch_time: 10.0min
Epoch:[1/1](57980/79390), loss: 2.0187, logits_loss: 2.0187, aux_loss: 0.0000, lr: 0.00012604, epoch_time: 10.0min
Epoch:[1/1](58000/79390), loss: 2.1127, logits_loss: 2.1127, aux_loss: 0.0000, lr: 0.00012590, epoch_time: 10.0min
Epoch:[1/1](58020/79390), loss: 2.1227, logits_loss: 2.1227, aux_loss: 0.0000, lr: 0.00012577, epoch_time: 10.0min
Epoch:[1/1](58040/79390), loss: 2.0060, logits_loss: 2.0060, aux_loss: 0.0000, lr: 0.00012564, epoch_time: 10.0min
Epoch:[1/1](58060/79390), loss: 1.9468, logits_loss: 1.9468, aux_loss: 0.0000, lr: 0.00012550, epoch_time: 10.0min
Epoch:[1/1](58080/79390), loss: 1.7569, logits_loss: 1.7569, aux_loss: 0.0000, lr: 0.00012537, epoch_time: 10.0min
Epoch:[1/1](58100/79390), loss: 1.9961, logits_loss: 1.9961, aux_loss: 0.0000, lr: 0.00012524, epoch_time: 10.0min
Epoch:[1/1](58120/79390), loss: 2.0653, logits_loss: 2.0653, aux_loss: 0.0000, lr: 0.00012510, epoch_time: 9.0min
Epoch:[1/1](58140/79390), loss: 2.2787, logits_loss: 2.2787, aux_loss: 0.0000, lr: 0.00012497, epoch_time: 9.0min
Epoch:[1/1](58160/79390), loss: 2.2213, logits_loss: 2.2213, aux_loss: 0.0000, lr: 0.00012484, epoch_time: 9.0min
Epoch:[1/1](58180/79390), loss: 2.1082, logits_loss: 2.1082, aux_loss: 0.0000, lr: 0.00012471, epoch_time: 9.0min
Epoch:[1/1](58200/79390), loss: 2.3022, logits_loss: 2.3022, aux_loss: 0.0000, lr: 0.00012457, epoch_time: 9.0min
Epoch:[1/1](58220/79390), loss: 2.2139, logits_loss: 2.2139, aux_loss: 0.0000, lr: 0.00012444, epoch_time: 9.0min
Epoch:[1/1](58240/79390), loss: 2.0042, logits_loss: 2.0042, aux_loss: 0.0000, lr: 0.00012431, epoch_time: 9.0min
Epoch:[1/1](58260/79390), loss: 2.0240, logits_loss: 2.0240, aux_loss: 0.0000, lr: 0.00012418, epoch_time: 9.0min
Epoch:[1/1](58280/79390), loss: 1.9286, logits_loss: 1.9286, aux_loss: 0.0000, lr: 0.00012404, epoch_time: 9.0min
Epoch:[1/1](58300/79390), loss: 1.9450, logits_loss: 1.9450, aux_loss: 0.0000, lr: 0.00012391, epoch_time: 9.0min
Epoch:[1/1](58320/79390), loss: 2.1945, logits_loss: 2.1945, aux_loss: 0.0000, lr: 0.00012378, epoch_time: 9.0min
Epoch:[1/1](58340/79390), loss: 2.1043, logits_loss: 2.1043, aux_loss: 0.0000, lr: 0.00012365, epoch_time: 9.0min
Epoch:[1/1](58360/79390), loss: 2.0538, logits_loss: 2.0538, aux_loss: 0.0000, lr: 0.00012352, epoch_time: 9.0min
Epoch:[1/1](58380/79390), loss: 2.1465, logits_loss: 2.1465, aux_loss: 0.0000, lr: 0.00012339, epoch_time: 9.0min
Epoch:[1/1](58400/79390), loss: 1.9471, logits_loss: 1.9471, aux_loss: 0.0000, lr: 0.00012325, epoch_time: 9.0min
Epoch:[1/1](58420/79390), loss: 2.0384, logits_loss: 2.0384, aux_loss: 0.0000, lr: 0.00012312, epoch_time: 9.0min
Epoch:[1/1](58440/79390), loss: 2.0426, logits_loss: 2.0426, aux_loss: 0.0000, lr: 0.00012299, epoch_time: 9.0min
Epoch:[1/1](58460/79390), loss: 1.9681, logits_loss: 1.9681, aux_loss: 0.0000, lr: 0.00012286, epoch_time: 9.0min
Epoch:[1/1](58480/79390), loss: 2.0875, logits_loss: 2.0875, aux_loss: 0.0000, lr: 0.00012273, epoch_time: 9.0min
Epoch:[1/1](58500/79390), loss: 2.1270, logits_loss: 2.1270, aux_loss: 0.0000, lr: 0.00012260, epoch_time: 9.0min
Epoch:[1/1](58520/79390), loss: 1.8085, logits_loss: 1.8085, aux_loss: 0.0000, lr: 0.00012247, epoch_time: 9.0min
Epoch:[1/1](58540/79390), loss: 2.1227, logits_loss: 2.1227, aux_loss: 0.0000, lr: 0.00012234, epoch_time: 9.0min
Epoch:[1/1](58560/79390), loss: 1.8986, logits_loss: 1.8986, aux_loss: 0.0000, lr: 0.00012221, epoch_time: 9.0min
Epoch:[1/1](58580/79390), loss: 1.8043, logits_loss: 1.8043, aux_loss: 0.0000, lr: 0.00012207, epoch_time: 9.0min
Epoch:[1/1](58600/79390), loss: 2.1504, logits_loss: 2.1504, aux_loss: 0.0000, lr: 0.00012194, epoch_time: 9.0min
Epoch:[1/1](58620/79390), loss: 1.9722, logits_loss: 1.9722, aux_loss: 0.0000, lr: 0.00012181, epoch_time: 9.0min
Epoch:[1/1](58640/79390), loss: 1.9741, logits_loss: 1.9741, aux_loss: 0.0000, lr: 0.00012168, epoch_time: 9.0min
Epoch:[1/1](58660/79390), loss: 2.1906, logits_loss: 2.1906, aux_loss: 0.0000, lr: 0.00012155, epoch_time: 9.0min
Epoch:[1/1](58680/79390), loss: 2.2387, logits_loss: 2.2387, aux_loss: 0.0000, lr: 0.00012142, epoch_time: 9.0min
Epoch:[1/1](58700/79390), loss: 1.9875, logits_loss: 1.9875, aux_loss: 0.0000, lr: 0.00012129, epoch_time: 9.0min
Epoch:[1/1](58720/79390), loss: 1.8489, logits_loss: 1.8489, aux_loss: 0.0000, lr: 0.00012116, epoch_time: 9.0min
Epoch:[1/1](58740/79390), loss: 2.2868, logits_loss: 2.2868, aux_loss: 0.0000, lr: 0.00012103, epoch_time: 9.0min
Epoch:[1/1](58760/79390), loss: 1.9362, logits_loss: 1.9362, aux_loss: 0.0000, lr: 0.00012090, epoch_time: 9.0min
Epoch:[1/1](58780/79390), loss: 2.0057, logits_loss: 2.0057, aux_loss: 0.0000, lr: 0.00012077, epoch_time: 9.0min
Epoch:[1/1](58800/79390), loss: 1.9178, logits_loss: 1.9178, aux_loss: 0.0000, lr: 0.00012064, epoch_time: 9.0min
Epoch:[1/1](58820/79390), loss: 2.0756, logits_loss: 2.0756, aux_loss: 0.0000, lr: 0.00012051, epoch_time: 9.0min
Epoch:[1/1](58840/79390), loss: 2.2083, logits_loss: 2.2083, aux_loss: 0.0000, lr: 0.00012038, epoch_time: 9.0min
Epoch:[1/1](58860/79390), loss: 1.9973, logits_loss: 1.9973, aux_loss: 0.0000, lr: 0.00012026, epoch_time: 9.0min
Epoch:[1/1](58880/79390), loss: 1.7719, logits_loss: 1.7719, aux_loss: 0.0000, lr: 0.00012013, epoch_time: 9.0min
Epoch:[1/1](58900/79390), loss: 2.0432, logits_loss: 2.0432, aux_loss: 0.0000, lr: 0.00012000, epoch_time: 9.0min
Epoch:[1/1](58920/79390), loss: 2.3319, logits_loss: 2.3319, aux_loss: 0.0000, lr: 0.00011987, epoch_time: 9.0min
Epoch:[1/1](58940/79390), loss: 2.1152, logits_loss: 2.1152, aux_loss: 0.0000, lr: 0.00011974, epoch_time: 9.0min
Epoch:[1/1](58960/79390), loss: 1.8806, logits_loss: 1.8806, aux_loss: 0.0000, lr: 0.00011961, epoch_time: 9.0min
Epoch:[1/1](58980/79390), loss: 1.9316, logits_loss: 1.9316, aux_loss: 0.0000, lr: 0.00011948, epoch_time: 9.0min
Epoch:[1/1](59000/79390), loss: 2.0740, logits_loss: 2.0740, aux_loss: 0.0000, lr: 0.00011935, epoch_time: 9.0min
Epoch:[1/1](59020/79390), loss: 2.0902, logits_loss: 2.0902, aux_loss: 0.0000, lr: 0.00011922, epoch_time: 9.0min
Epoch:[1/1](59040/79390), loss: 1.9772, logits_loss: 1.9772, aux_loss: 0.0000, lr: 0.00011910, epoch_time: 9.0min
Epoch:[1/1](59060/79390), loss: 2.0979, logits_loss: 2.0979, aux_loss: 0.0000, lr: 0.00011897, epoch_time: 9.0min
Epoch:[1/1](59080/79390), loss: 1.8841, logits_loss: 1.8841, aux_loss: 0.0000, lr: 0.00011884, epoch_time: 9.0min
Epoch:[1/1](59100/79390), loss: 2.0728, logits_loss: 2.0728, aux_loss: 0.0000, lr: 0.00011871, epoch_time: 9.0min
Epoch:[1/1](59120/79390), loss: 2.0871, logits_loss: 2.0871, aux_loss: 0.0000, lr: 0.00011858, epoch_time: 9.0min
Epoch:[1/1](59140/79390), loss: 2.1637, logits_loss: 2.1637, aux_loss: 0.0000, lr: 0.00011846, epoch_time: 9.0min
Epoch:[1/1](59160/79390), loss: 1.8934, logits_loss: 1.8934, aux_loss: 0.0000, lr: 0.00011833, epoch_time: 9.0min
Epoch:[1/1](59180/79390), loss: 2.1012, logits_loss: 2.1012, aux_loss: 0.0000, lr: 0.00011820, epoch_time: 9.0min
Epoch:[1/1](59200/79390), loss: 2.0165, logits_loss: 2.0165, aux_loss: 0.0000, lr: 0.00011807, epoch_time: 9.0min
Epoch:[1/1](59220/79390), loss: 2.2322, logits_loss: 2.2322, aux_loss: 0.0000, lr: 0.00011794, epoch_time: 9.0min
Epoch:[1/1](59240/79390), loss: 1.8599, logits_loss: 1.8599, aux_loss: 0.0000, lr: 0.00011782, epoch_time: 9.0min
Epoch:[1/1](59260/79390), loss: 2.0294, logits_loss: 2.0294, aux_loss: 0.0000, lr: 0.00011769, epoch_time: 9.0min
Epoch:[1/1](59280/79390), loss: 2.0088, logits_loss: 2.0088, aux_loss: 0.0000, lr: 0.00011756, epoch_time: 9.0min
Epoch:[1/1](59300/79390), loss: 1.9825, logits_loss: 1.9825, aux_loss: 0.0000, lr: 0.00011744, epoch_time: 9.0min
Epoch:[1/1](59320/79390), loss: 1.7276, logits_loss: 1.7276, aux_loss: 0.0000, lr: 0.00011731, epoch_time: 9.0min
Epoch:[1/1](59340/79390), loss: 1.9609, logits_loss: 1.9609, aux_loss: 0.0000, lr: 0.00011718, epoch_time: 9.0min
Epoch:[1/1](59360/79390), loss: 1.6338, logits_loss: 1.6338, aux_loss: 0.0000, lr: 0.00011705, epoch_time: 9.0min
Epoch:[1/1](59380/79390), loss: 2.0429, logits_loss: 2.0429, aux_loss: 0.0000, lr: 0.00011693, epoch_time: 9.0min
Epoch:[1/1](59400/79390), loss: 1.9764, logits_loss: 1.9764, aux_loss: 0.0000, lr: 0.00011680, epoch_time: 9.0min
Epoch:[1/1](59420/79390), loss: 1.9369, logits_loss: 1.9369, aux_loss: 0.0000, lr: 0.00011667, epoch_time: 9.0min
Epoch:[1/1](59440/79390), loss: 1.9340, logits_loss: 1.9340, aux_loss: 0.0000, lr: 0.00011655, epoch_time: 9.0min
Epoch:[1/1](59460/79390), loss: 2.1113, logits_loss: 2.1113, aux_loss: 0.0000, lr: 0.00011642, epoch_time: 9.0min
Epoch:[1/1](59480/79390), loss: 2.1489, logits_loss: 2.1489, aux_loss: 0.0000, lr: 0.00011629, epoch_time: 9.0min
Epoch:[1/1](59500/79390), loss: 2.1319, logits_loss: 2.1319, aux_loss: 0.0000, lr: 0.00011617, epoch_time: 9.0min
Epoch:[1/1](59520/79390), loss: 2.1445, logits_loss: 2.1445, aux_loss: 0.0000, lr: 0.00011604, epoch_time: 9.0min
Epoch:[1/1](59540/79390), loss: 2.0311, logits_loss: 2.0311, aux_loss: 0.0000, lr: 0.00011592, epoch_time: 9.0min
Epoch:[1/1](59560/79390), loss: 1.9632, logits_loss: 1.9632, aux_loss: 0.0000, lr: 0.00011579, epoch_time: 9.0min
Epoch:[1/1](59580/79390), loss: 2.1555, logits_loss: 2.1555, aux_loss: 0.0000, lr: 0.00011567, epoch_time: 9.0min
Epoch:[1/1](59600/79390), loss: 2.0816, logits_loss: 2.0816, aux_loss: 0.0000, lr: 0.00011554, epoch_time: 9.0min
Epoch:[1/1](59620/79390), loss: 1.9162, logits_loss: 1.9162, aux_loss: 0.0000, lr: 0.00011541, epoch_time: 9.0min
Epoch:[1/1](59640/79390), loss: 2.0667, logits_loss: 2.0667, aux_loss: 0.0000, lr: 0.00011529, epoch_time: 9.0min
Epoch:[1/1](59660/79390), loss: 1.9047, logits_loss: 1.9047, aux_loss: 0.0000, lr: 0.00011516, epoch_time: 9.0min
Epoch:[1/1](59680/79390), loss: 1.9493, logits_loss: 1.9493, aux_loss: 0.0000, lr: 0.00011504, epoch_time: 9.0min
Epoch:[1/1](59700/79390), loss: 2.3842, logits_loss: 2.3842, aux_loss: 0.0000, lr: 0.00011491, epoch_time: 9.0min
Epoch:[1/1](59720/79390), loss: 2.0971, logits_loss: 2.0971, aux_loss: 0.0000, lr: 0.00011479, epoch_time: 9.0min
Epoch:[1/1](59740/79390), loss: 2.0079, logits_loss: 2.0079, aux_loss: 0.0000, lr: 0.00011466, epoch_time: 9.0min
Epoch:[1/1](59760/79390), loss: 1.8085, logits_loss: 1.8085, aux_loss: 0.0000, lr: 0.00011454, epoch_time: 9.0min
Epoch:[1/1](59780/79390), loss: 2.2454, logits_loss: 2.2454, aux_loss: 0.0000, lr: 0.00011441, epoch_time: 9.0min
Epoch:[1/1](59800/79390), loss: 2.0329, logits_loss: 2.0329, aux_loss: 0.0000, lr: 0.00011429, epoch_time: 9.0min
Epoch:[1/1](59820/79390), loss: 2.0620, logits_loss: 2.0620, aux_loss: 0.0000, lr: 0.00011416, epoch_time: 9.0min
Epoch:[1/1](59840/79390), loss: 2.3515, logits_loss: 2.3515, aux_loss: 0.0000, lr: 0.00011404, epoch_time: 9.0min
Epoch:[1/1](59860/79390), loss: 1.9901, logits_loss: 1.9901, aux_loss: 0.0000, lr: 0.00011391, epoch_time: 9.0min
Epoch:[1/1](59880/79390), loss: 2.0253, logits_loss: 2.0253, aux_loss: 0.0000, lr: 0.00011379, epoch_time: 9.0min
Epoch:[1/1](59900/79390), loss: 1.8232, logits_loss: 1.8232, aux_loss: 0.0000, lr: 0.00011367, epoch_time: 9.0min
Epoch:[1/1](59920/79390), loss: 2.0543, logits_loss: 2.0543, aux_loss: 0.0000, lr: 0.00011354, epoch_time: 9.0min
Epoch:[1/1](59940/79390), loss: 2.0338, logits_loss: 2.0338, aux_loss: 0.0000, lr: 0.00011342, epoch_time: 9.0min
Epoch:[1/1](59960/79390), loss: 2.0585, logits_loss: 2.0585, aux_loss: 0.0000, lr: 0.00011329, epoch_time: 9.0min
Epoch:[1/1](59980/79390), loss: 1.7824, logits_loss: 1.7824, aux_loss: 0.0000, lr: 0.00011317, epoch_time: 9.0min
Epoch:[1/1](60000/79390), loss: 1.8804, logits_loss: 1.8804, aux_loss: 0.0000, lr: 0.00011305, epoch_time: 9.0min
Epoch:[1/1](60020/79390), loss: 2.2448, logits_loss: 2.2448, aux_loss: 0.0000, lr: 0.00011292, epoch_time: 9.0min
Epoch:[1/1](60040/79390), loss: 2.1119, logits_loss: 2.1119, aux_loss: 0.0000, lr: 0.00011280, epoch_time: 9.0min
Epoch:[1/1](60060/79390), loss: 1.9567, logits_loss: 1.9567, aux_loss: 0.0000, lr: 0.00011268, epoch_time: 9.0min
Epoch:[1/1](60080/79390), loss: 2.1463, logits_loss: 2.1463, aux_loss: 0.0000, lr: 0.00011255, epoch_time: 9.0min
Epoch:[1/1](60100/79390), loss: 1.9474, logits_loss: 1.9474, aux_loss: 0.0000, lr: 0.00011243, epoch_time: 9.0min
Epoch:[1/1](60120/79390), loss: 2.1332, logits_loss: 2.1332, aux_loss: 0.0000, lr: 0.00011231, epoch_time: 9.0min
Epoch:[1/1](60140/79390), loss: 1.7432, logits_loss: 1.7432, aux_loss: 0.0000, lr: 0.00011218, epoch_time: 9.0min
Epoch:[1/1](60160/79390), loss: 2.1320, logits_loss: 2.1320, aux_loss: 0.0000, lr: 0.00011206, epoch_time: 9.0min
Epoch:[1/1](60180/79390), loss: 2.1305, logits_loss: 2.1305, aux_loss: 0.0000, lr: 0.00011194, epoch_time: 9.0min
Epoch:[1/1](60200/79390), loss: 1.8704, logits_loss: 1.8704, aux_loss: 0.0000, lr: 0.00011182, epoch_time: 9.0min
Epoch:[1/1](60220/79390), loss: 1.9292, logits_loss: 1.9292, aux_loss: 0.0000, lr: 0.00011169, epoch_time: 9.0min
Epoch:[1/1](60240/79390), loss: 2.0968, logits_loss: 2.0968, aux_loss: 0.0000, lr: 0.00011157, epoch_time: 9.0min
Epoch:[1/1](60260/79390), loss: 1.8724, logits_loss: 1.8724, aux_loss: 0.0000, lr: 0.00011145, epoch_time: 9.0min
Epoch:[1/1](60280/79390), loss: 1.8177, logits_loss: 1.8177, aux_loss: 0.0000, lr: 0.00011133, epoch_time: 9.0min
Epoch:[1/1](60300/79390), loss: 2.1334, logits_loss: 2.1334, aux_loss: 0.0000, lr: 0.00011120, epoch_time: 8.0min
Epoch:[1/1](60320/79390), loss: 2.4618, logits_loss: 2.4618, aux_loss: 0.0000, lr: 0.00011108, epoch_time: 8.0min
Epoch:[1/1](60340/79390), loss: 2.1428, logits_loss: 2.1428, aux_loss: 0.0000, lr: 0.00011096, epoch_time: 8.0min
Epoch:[1/1](60360/79390), loss: 2.1211, logits_loss: 2.1211, aux_loss: 0.0000, lr: 0.00011084, epoch_time: 8.0min
Epoch:[1/1](60380/79390), loss: 2.0865, logits_loss: 2.0865, aux_loss: 0.0000, lr: 0.00011072, epoch_time: 8.0min
Epoch:[1/1](60400/79390), loss: 1.9841, logits_loss: 1.9841, aux_loss: 0.0000, lr: 0.00011059, epoch_time: 8.0min
Epoch:[1/1](60420/79390), loss: 2.0705, logits_loss: 2.0705, aux_loss: 0.0000, lr: 0.00011047, epoch_time: 8.0min
Epoch:[1/1](60440/79390), loss: 2.0795, logits_loss: 2.0795, aux_loss: 0.0000, lr: 0.00011035, epoch_time: 8.0min
Epoch:[1/1](60460/79390), loss: 1.8024, logits_loss: 1.8024, aux_loss: 0.0000, lr: 0.00011023, epoch_time: 8.0min
Epoch:[1/1](60480/79390), loss: 1.8529, logits_loss: 1.8529, aux_loss: 0.0000, lr: 0.00011011, epoch_time: 8.0min
Epoch:[1/1](60500/79390), loss: 2.1929, logits_loss: 2.1929, aux_loss: 0.0000, lr: 0.00010999, epoch_time: 8.0min
Epoch:[1/1](60520/79390), loss: 2.1053, logits_loss: 2.1053, aux_loss: 0.0000, lr: 0.00010987, epoch_time: 8.0min
Epoch:[1/1](60540/79390), loss: 2.0821, logits_loss: 2.0821, aux_loss: 0.0000, lr: 0.00010975, epoch_time: 8.0min
Epoch:[1/1](60560/79390), loss: 2.2060, logits_loss: 2.2060, aux_loss: 0.0000, lr: 0.00010963, epoch_time: 8.0min
Epoch:[1/1](60580/79390), loss: 2.1292, logits_loss: 2.1292, aux_loss: 0.0000, lr: 0.00010950, epoch_time: 8.0min
Epoch:[1/1](60600/79390), loss: 2.1192, logits_loss: 2.1192, aux_loss: 0.0000, lr: 0.00010938, epoch_time: 8.0min
Epoch:[1/1](60620/79390), loss: 2.3638, logits_loss: 2.3638, aux_loss: 0.0000, lr: 0.00010926, epoch_time: 8.0min
Epoch:[1/1](60640/79390), loss: 2.1191, logits_loss: 2.1191, aux_loss: 0.0000, lr: 0.00010914, epoch_time: 8.0min
Epoch:[1/1](60660/79390), loss: 2.2236, logits_loss: 2.2236, aux_loss: 0.0000, lr: 0.00010902, epoch_time: 8.0min
Epoch:[1/1](60680/79390), loss: 1.9234, logits_loss: 1.9234, aux_loss: 0.0000, lr: 0.00010890, epoch_time: 8.0min
Epoch:[1/1](60700/79390), loss: 2.0685, logits_loss: 2.0685, aux_loss: 0.0000, lr: 0.00010878, epoch_time: 8.0min
Epoch:[1/1](60720/79390), loss: 1.9033, logits_loss: 1.9033, aux_loss: 0.0000, lr: 0.00010866, epoch_time: 8.0min
Epoch:[1/1](60740/79390), loss: 2.1578, logits_loss: 2.1578, aux_loss: 0.0000, lr: 0.00010854, epoch_time: 8.0min
Epoch:[1/1](60760/79390), loss: 2.2510, logits_loss: 2.2510, aux_loss: 0.0000, lr: 0.00010842, epoch_time: 8.0min
Epoch:[1/1](60780/79390), loss: 2.1892, logits_loss: 2.1892, aux_loss: 0.0000, lr: 0.00010830, epoch_time: 8.0min
Epoch:[1/1](60800/79390), loss: 1.9718, logits_loss: 1.9718, aux_loss: 0.0000, lr: 0.00010818, epoch_time: 8.0min
Epoch:[1/1](60820/79390), loss: 1.9774, logits_loss: 1.9774, aux_loss: 0.0000, lr: 0.00010806, epoch_time: 8.0min
Epoch:[1/1](60840/79390), loss: 2.3185, logits_loss: 2.3185, aux_loss: 0.0000, lr: 0.00010795, epoch_time: 8.0min
Epoch:[1/1](60860/79390), loss: 2.0608, logits_loss: 2.0608, aux_loss: 0.0000, lr: 0.00010783, epoch_time: 8.0min
Epoch:[1/1](60880/79390), loss: 1.9357, logits_loss: 1.9357, aux_loss: 0.0000, lr: 0.00010771, epoch_time: 8.0min
Epoch:[1/1](60900/79390), loss: 1.9949, logits_loss: 1.9949, aux_loss: 0.0000, lr: 0.00010759, epoch_time: 8.0min
Epoch:[1/1](60920/79390), loss: 2.0092, logits_loss: 2.0092, aux_loss: 0.0000, lr: 0.00010747, epoch_time: 8.0min
Epoch:[1/1](60940/79390), loss: 2.2314, logits_loss: 2.2314, aux_loss: 0.0000, lr: 0.00010735, epoch_time: 8.0min
Epoch:[1/1](60960/79390), loss: 1.8906, logits_loss: 1.8906, aux_loss: 0.0000, lr: 0.00010723, epoch_time: 8.0min
Epoch:[1/1](60980/79390), loss: 2.1083, logits_loss: 2.1083, aux_loss: 0.0000, lr: 0.00010711, epoch_time: 8.0min
Epoch:[1/1](61000/79390), loss: 1.8718, logits_loss: 1.8718, aux_loss: 0.0000, lr: 0.00010699, epoch_time: 8.0min
Epoch:[1/1](61020/79390), loss: 1.9216, logits_loss: 1.9216, aux_loss: 0.0000, lr: 0.00010688, epoch_time: 8.0min
Epoch:[1/1](61040/79390), loss: 2.6353, logits_loss: 2.6353, aux_loss: 0.0000, lr: 0.00010676, epoch_time: 8.0min
Epoch:[1/1](61060/79390), loss: 2.0602, logits_loss: 2.0602, aux_loss: 0.0000, lr: 0.00010664, epoch_time: 8.0min
Epoch:[1/1](61080/79390), loss: 1.7776, logits_loss: 1.7776, aux_loss: 0.0000, lr: 0.00010652, epoch_time: 8.0min
Epoch:[1/1](61100/79390), loss: 2.0461, logits_loss: 2.0461, aux_loss: 0.0000, lr: 0.00010640, epoch_time: 8.0min
Epoch:[1/1](61120/79390), loss: 1.9129, logits_loss: 1.9129, aux_loss: 0.0000, lr: 0.00010629, epoch_time: 8.0min
Epoch:[1/1](61140/79390), loss: 2.0563, logits_loss: 2.0563, aux_loss: 0.0000, lr: 0.00010617, epoch_time: 8.0min
Epoch:[1/1](61160/79390), loss: 2.2466, logits_loss: 2.2466, aux_loss: 0.0000, lr: 0.00010605, epoch_time: 8.0min
Epoch:[1/1](61180/79390), loss: 2.0668, logits_loss: 2.0668, aux_loss: 0.0000, lr: 0.00010593, epoch_time: 8.0min
Epoch:[1/1](61200/79390), loss: 1.9115, logits_loss: 1.9115, aux_loss: 0.0000, lr: 0.00010582, epoch_time: 8.0min
Epoch:[1/1](61220/79390), loss: 1.9134, logits_loss: 1.9134, aux_loss: 0.0000, lr: 0.00010570, epoch_time: 8.0min
Epoch:[1/1](61240/79390), loss: 2.1962, logits_loss: 2.1962, aux_loss: 0.0000, lr: 0.00010558, epoch_time: 8.0min
Epoch:[1/1](61260/79390), loss: 2.0591, logits_loss: 2.0591, aux_loss: 0.0000, lr: 0.00010546, epoch_time: 8.0min
Epoch:[1/1](61280/79390), loss: 2.0862, logits_loss: 2.0862, aux_loss: 0.0000, lr: 0.00010535, epoch_time: 8.0min
Epoch:[1/1](61300/79390), loss: 2.1261, logits_loss: 2.1261, aux_loss: 0.0000, lr: 0.00010523, epoch_time: 8.0min
Epoch:[1/1](61320/79390), loss: 2.1418, logits_loss: 2.1418, aux_loss: 0.0000, lr: 0.00010511, epoch_time: 8.0min
Epoch:[1/1](61340/79390), loss: 1.8732, logits_loss: 1.8732, aux_loss: 0.0000, lr: 0.00010500, epoch_time: 8.0min
Epoch:[1/1](61360/79390), loss: 2.2547, logits_loss: 2.2547, aux_loss: 0.0000, lr: 0.00010488, epoch_time: 8.0min
Epoch:[1/1](61380/79390), loss: 2.2952, logits_loss: 2.2952, aux_loss: 0.0000, lr: 0.00010476, epoch_time: 8.0min
Epoch:[1/1](61400/79390), loss: 1.9178, logits_loss: 1.9178, aux_loss: 0.0000, lr: 0.00010465, epoch_time: 8.0min
Epoch:[1/1](61420/79390), loss: 1.7782, logits_loss: 1.7782, aux_loss: 0.0000, lr: 0.00010453, epoch_time: 8.0min
Epoch:[1/1](61440/79390), loss: 1.7651, logits_loss: 1.7651, aux_loss: 0.0000, lr: 0.00010441, epoch_time: 8.0min
Epoch:[1/1](61460/79390), loss: 2.1198, logits_loss: 2.1198, aux_loss: 0.0000, lr: 0.00010430, epoch_time: 8.0min
Epoch:[1/1](61480/79390), loss: 1.9355, logits_loss: 1.9355, aux_loss: 0.0000, lr: 0.00010418, epoch_time: 8.0min
Epoch:[1/1](61500/79390), loss: 1.7362, logits_loss: 1.7362, aux_loss: 0.0000, lr: 0.00010407, epoch_time: 8.0min
Epoch:[1/1](61520/79390), loss: 2.1282, logits_loss: 2.1282, aux_loss: 0.0000, lr: 0.00010395, epoch_time: 8.0min
Epoch:[1/1](61540/79390), loss: 2.1511, logits_loss: 2.1511, aux_loss: 0.0000, lr: 0.00010383, epoch_time: 8.0min
Epoch:[1/1](61560/79390), loss: 2.0163, logits_loss: 2.0163, aux_loss: 0.0000, lr: 0.00010372, epoch_time: 8.0min
Epoch:[1/1](61580/79390), loss: 2.0406, logits_loss: 2.0406, aux_loss: 0.0000, lr: 0.00010360, epoch_time: 8.0min
Epoch:[1/1](61600/79390), loss: 1.9421, logits_loss: 1.9421, aux_loss: 0.0000, lr: 0.00010349, epoch_time: 8.0min
Epoch:[1/1](61620/79390), loss: 2.1337, logits_loss: 2.1337, aux_loss: 0.0000, lr: 0.00010337, epoch_time: 8.0min
Epoch:[1/1](61640/79390), loss: 1.8838, logits_loss: 1.8838, aux_loss: 0.0000, lr: 0.00010326, epoch_time: 8.0min
Epoch:[1/1](61660/79390), loss: 2.1357, logits_loss: 2.1357, aux_loss: 0.0000, lr: 0.00010314, epoch_time: 8.0min
Epoch:[1/1](61680/79390), loss: 1.9866, logits_loss: 1.9866, aux_loss: 0.0000, lr: 0.00010303, epoch_time: 8.0min
Epoch:[1/1](61700/79390), loss: 2.2650, logits_loss: 2.2650, aux_loss: 0.0000, lr: 0.00010291, epoch_time: 8.0min
Epoch:[1/1](61720/79390), loss: 1.9826, logits_loss: 1.9826, aux_loss: 0.0000, lr: 0.00010280, epoch_time: 8.0min
Epoch:[1/1](61740/79390), loss: 2.0069, logits_loss: 2.0069, aux_loss: 0.0000, lr: 0.00010268, epoch_time: 8.0min
Epoch:[1/1](61760/79390), loss: 1.8008, logits_loss: 1.8008, aux_loss: 0.0000, lr: 0.00010257, epoch_time: 8.0min
Epoch:[1/1](61780/79390), loss: 1.7907, logits_loss: 1.7907, aux_loss: 0.0000, lr: 0.00010246, epoch_time: 8.0min
Epoch:[1/1](61800/79390), loss: 2.0883, logits_loss: 2.0883, aux_loss: 0.0000, lr: 0.00010234, epoch_time: 8.0min
Epoch:[1/1](61820/79390), loss: 1.7946, logits_loss: 1.7946, aux_loss: 0.0000, lr: 0.00010223, epoch_time: 8.0min
Epoch:[1/1](61840/79390), loss: 1.9746, logits_loss: 1.9746, aux_loss: 0.0000, lr: 0.00010211, epoch_time: 8.0min
Epoch:[1/1](61860/79390), loss: 2.1001, logits_loss: 2.1001, aux_loss: 0.0000, lr: 0.00010200, epoch_time: 8.0min
Epoch:[1/1](61880/79390), loss: 1.9906, logits_loss: 1.9906, aux_loss: 0.0000, lr: 0.00010189, epoch_time: 8.0min
Epoch:[1/1](61900/79390), loss: 2.2047, logits_loss: 2.2047, aux_loss: 0.0000, lr: 0.00010177, epoch_time: 8.0min
Epoch:[1/1](61920/79390), loss: 2.0771, logits_loss: 2.0771, aux_loss: 0.0000, lr: 0.00010166, epoch_time: 8.0min
Epoch:[1/1](61940/79390), loss: 1.9919, logits_loss: 1.9919, aux_loss: 0.0000, lr: 0.00010154, epoch_time: 8.0min
Epoch:[1/1](61960/79390), loss: 2.3035, logits_loss: 2.3035, aux_loss: 0.0000, lr: 0.00010143, epoch_time: 8.0min
Epoch:[1/1](61980/79390), loss: 2.0784, logits_loss: 2.0784, aux_loss: 0.0000, lr: 0.00010132, epoch_time: 8.0min
Epoch:[1/1](62000/79390), loss: 2.0249, logits_loss: 2.0249, aux_loss: 0.0000, lr: 0.00010121, epoch_time: 8.0min
Epoch:[1/1](62020/79390), loss: 2.5097, logits_loss: 2.5097, aux_loss: 0.0000, lr: 0.00010109, epoch_time: 8.0min
Epoch:[1/1](62040/79390), loss: 1.9691, logits_loss: 1.9691, aux_loss: 0.0000, lr: 0.00010098, epoch_time: 8.0min
Epoch:[1/1](62060/79390), loss: 1.8798, logits_loss: 1.8798, aux_loss: 0.0000, lr: 0.00010087, epoch_time: 8.0min
Epoch:[1/1](62080/79390), loss: 2.0897, logits_loss: 2.0897, aux_loss: 0.0000, lr: 0.00010075, epoch_time: 8.0min
Epoch:[1/1](62100/79390), loss: 1.9704, logits_loss: 1.9704, aux_loss: 0.0000, lr: 0.00010064, epoch_time: 8.0min
Epoch:[1/1](62120/79390), loss: 1.9446, logits_loss: 1.9446, aux_loss: 0.0000, lr: 0.00010053, epoch_time: 8.0min
Epoch:[1/1](62140/79390), loss: 1.9984, logits_loss: 1.9984, aux_loss: 0.0000, lr: 0.00010042, epoch_time: 8.0min
Epoch:[1/1](62160/79390), loss: 2.0865, logits_loss: 2.0865, aux_loss: 0.0000, lr: 0.00010030, epoch_time: 8.0min
Epoch:[1/1](62180/79390), loss: 2.1948, logits_loss: 2.1948, aux_loss: 0.0000, lr: 0.00010019, epoch_time: 8.0min
Epoch:[1/1](62200/79390), loss: 1.9575, logits_loss: 1.9575, aux_loss: 0.0000, lr: 0.00010008, epoch_time: 8.0min
Epoch:[1/1](62220/79390), loss: 2.2603, logits_loss: 2.2603, aux_loss: 0.0000, lr: 0.00009997, epoch_time: 8.0min
Epoch:[1/1](62240/79390), loss: 2.2221, logits_loss: 2.2221, aux_loss: 0.0000, lr: 0.00009986, epoch_time: 8.0min
Epoch:[1/1](62260/79390), loss: 2.1236, logits_loss: 2.1236, aux_loss: 0.0000, lr: 0.00009974, epoch_time: 8.0min
Epoch:[1/1](62280/79390), loss: 1.7305, logits_loss: 1.7305, aux_loss: 0.0000, lr: 0.00009963, epoch_time: 8.0min
Epoch:[1/1](62300/79390), loss: 1.8310, logits_loss: 1.8310, aux_loss: 0.0000, lr: 0.00009952, epoch_time: 8.0min
Epoch:[1/1](62320/79390), loss: 1.8498, logits_loss: 1.8498, aux_loss: 0.0000, lr: 0.00009941, epoch_time: 8.0min
Epoch:[1/1](62340/79390), loss: 1.8918, logits_loss: 1.8918, aux_loss: 0.0000, lr: 0.00009930, epoch_time: 8.0min
Epoch:[1/1](62360/79390), loss: 1.9120, logits_loss: 1.9120, aux_loss: 0.0000, lr: 0.00009919, epoch_time: 8.0min
Epoch:[1/1](62380/79390), loss: 1.8597, logits_loss: 1.8597, aux_loss: 0.0000, lr: 0.00009908, epoch_time: 8.0min
Epoch:[1/1](62400/79390), loss: 1.9909, logits_loss: 1.9909, aux_loss: 0.0000, lr: 0.00009897, epoch_time: 8.0min
Epoch:[1/1](62420/79390), loss: 2.1122, logits_loss: 2.1122, aux_loss: 0.0000, lr: 0.00009885, epoch_time: 8.0min
Epoch:[1/1](62440/79390), loss: 2.3055, logits_loss: 2.3055, aux_loss: 0.0000, lr: 0.00009874, epoch_time: 7.0min
Epoch:[1/1](62460/79390), loss: 2.0088, logits_loss: 2.0088, aux_loss: 0.0000, lr: 0.00009863, epoch_time: 7.0min
Epoch:[1/1](62480/79390), loss: 2.1100, logits_loss: 2.1100, aux_loss: 0.0000, lr: 0.00009852, epoch_time: 7.0min
Epoch:[1/1](62500/79390), loss: 1.9949, logits_loss: 1.9949, aux_loss: 0.0000, lr: 0.00009841, epoch_time: 7.0min
Epoch:[1/1](62520/79390), loss: 1.8823, logits_loss: 1.8823, aux_loss: 0.0000, lr: 0.00009830, epoch_time: 7.0min
Epoch:[1/1](62540/79390), loss: 1.9138, logits_loss: 1.9138, aux_loss: 0.0000, lr: 0.00009819, epoch_time: 7.0min
Epoch:[1/1](62560/79390), loss: 1.9838, logits_loss: 1.9838, aux_loss: 0.0000, lr: 0.00009808, epoch_time: 7.0min
Epoch:[1/1](62580/79390), loss: 1.9832, logits_loss: 1.9832, aux_loss: 0.0000, lr: 0.00009797, epoch_time: 7.0min
Epoch:[1/1](62600/79390), loss: 2.0467, logits_loss: 2.0467, aux_loss: 0.0000, lr: 0.00009786, epoch_time: 7.0min
Epoch:[1/1](62620/79390), loss: 1.9492, logits_loss: 1.9492, aux_loss: 0.0000, lr: 0.00009775, epoch_time: 7.0min
Epoch:[1/1](62640/79390), loss: 2.1819, logits_loss: 2.1819, aux_loss: 0.0000, lr: 0.00009764, epoch_time: 7.0min
Epoch:[1/1](62660/79390), loss: 1.9128, logits_loss: 1.9128, aux_loss: 0.0000, lr: 0.00009753, epoch_time: 7.0min
Epoch:[1/1](62680/79390), loss: 1.9112, logits_loss: 1.9112, aux_loss: 0.0000, lr: 0.00009742, epoch_time: 7.0min
Epoch:[1/1](62700/79390), loss: 2.0900, logits_loss: 2.0900, aux_loss: 0.0000, lr: 0.00009731, epoch_time: 7.0min
Epoch:[1/1](62720/79390), loss: 2.3084, logits_loss: 2.3084, aux_loss: 0.0000, lr: 0.00009720, epoch_time: 7.0min
Epoch:[1/1](62740/79390), loss: 2.2354, logits_loss: 2.2354, aux_loss: 0.0000, lr: 0.00009710, epoch_time: 7.0min
Epoch:[1/1](62760/79390), loss: 2.2094, logits_loss: 2.2094, aux_loss: 0.0000, lr: 0.00009699, epoch_time: 7.0min
Epoch:[1/1](62780/79390), loss: 1.9929, logits_loss: 1.9929, aux_loss: 0.0000, lr: 0.00009688, epoch_time: 7.0min
Epoch:[1/1](62800/79390), loss: 1.9634, logits_loss: 1.9634, aux_loss: 0.0000, lr: 0.00009677, epoch_time: 7.0min
Epoch:[1/1](62820/79390), loss: 2.2328, logits_loss: 2.2328, aux_loss: 0.0000, lr: 0.00009666, epoch_time: 7.0min
Epoch:[1/1](62840/79390), loss: 1.8691, logits_loss: 1.8691, aux_loss: 0.0000, lr: 0.00009655, epoch_time: 7.0min
Epoch:[1/1](62860/79390), loss: 1.8051, logits_loss: 1.8051, aux_loss: 0.0000, lr: 0.00009644, epoch_time: 7.0min
Epoch:[1/1](62880/79390), loss: 2.1002, logits_loss: 2.1002, aux_loss: 0.0000, lr: 0.00009634, epoch_time: 7.0min
Epoch:[1/1](62900/79390), loss: 1.9797, logits_loss: 1.9797, aux_loss: 0.0000, lr: 0.00009623, epoch_time: 7.0min
Epoch:[1/1](62920/79390), loss: 2.2242, logits_loss: 2.2242, aux_loss: 0.0000, lr: 0.00009612, epoch_time: 7.0min
Epoch:[1/1](62940/79390), loss: 1.9961, logits_loss: 1.9961, aux_loss: 0.0000, lr: 0.00009601, epoch_time: 7.0min
Epoch:[1/1](62960/79390), loss: 2.0233, logits_loss: 2.0233, aux_loss: 0.0000, lr: 0.00009590, epoch_time: 7.0min
Epoch:[1/1](62980/79390), loss: 2.0413, logits_loss: 2.0413, aux_loss: 0.0000, lr: 0.00009580, epoch_time: 7.0min
Epoch:[1/1](63000/79390), loss: 2.1922, logits_loss: 2.1922, aux_loss: 0.0000, lr: 0.00009569, epoch_time: 7.0min
Epoch:[1/1](63020/79390), loss: 1.8820, logits_loss: 1.8820, aux_loss: 0.0000, lr: 0.00009558, epoch_time: 7.0min
Epoch:[1/1](63040/79390), loss: 2.2148, logits_loss: 2.2148, aux_loss: 0.0000, lr: 0.00009547, epoch_time: 7.0min
Epoch:[1/1](63060/79390), loss: 2.0171, logits_loss: 2.0171, aux_loss: 0.0000, lr: 0.00009537, epoch_time: 7.0min
Epoch:[1/1](63080/79390), loss: 2.0073, logits_loss: 2.0073, aux_loss: 0.0000, lr: 0.00009526, epoch_time: 7.0min
Epoch:[1/1](63100/79390), loss: 1.9225, logits_loss: 1.9225, aux_loss: 0.0000, lr: 0.00009515, epoch_time: 7.0min
Epoch:[1/1](63120/79390), loss: 1.9079, logits_loss: 1.9079, aux_loss: 0.0000, lr: 0.00009504, epoch_time: 7.0min
Epoch:[1/1](63140/79390), loss: 2.1510, logits_loss: 2.1510, aux_loss: 0.0000, lr: 0.00009494, epoch_time: 7.0min
Epoch:[1/1](63160/79390), loss: 2.0857, logits_loss: 2.0857, aux_loss: 0.0000, lr: 0.00009483, epoch_time: 7.0min
Epoch:[1/1](63180/79390), loss: 1.9937, logits_loss: 1.9937, aux_loss: 0.0000, lr: 0.00009472, epoch_time: 7.0min
Epoch:[1/1](63200/79390), loss: 2.2329, logits_loss: 2.2329, aux_loss: 0.0000, lr: 0.00009462, epoch_time: 7.0min
Epoch:[1/1](63220/79390), loss: 2.1613, logits_loss: 2.1613, aux_loss: 0.0000, lr: 0.00009451, epoch_time: 7.0min
Epoch:[1/1](63240/79390), loss: 2.2212, logits_loss: 2.2212, aux_loss: 0.0000, lr: 0.00009441, epoch_time: 7.0min
Epoch:[1/1](63260/79390), loss: 1.9788, logits_loss: 1.9788, aux_loss: 0.0000, lr: 0.00009430, epoch_time: 7.0min
Epoch:[1/1](63280/79390), loss: 2.1349, logits_loss: 2.1349, aux_loss: 0.0000, lr: 0.00009419, epoch_time: 7.0min
Epoch:[1/1](63300/79390), loss: 2.1081, logits_loss: 2.1081, aux_loss: 0.0000, lr: 0.00009409, epoch_time: 7.0min
Epoch:[1/1](63320/79390), loss: 1.8920, logits_loss: 1.8920, aux_loss: 0.0000, lr: 0.00009398, epoch_time: 7.0min
Epoch:[1/1](63340/79390), loss: 1.9949, logits_loss: 1.9949, aux_loss: 0.0000, lr: 0.00009388, epoch_time: 7.0min
Epoch:[1/1](63360/79390), loss: 1.9897, logits_loss: 1.9897, aux_loss: 0.0000, lr: 0.00009377, epoch_time: 7.0min
Epoch:[1/1](63380/79390), loss: 2.2332, logits_loss: 2.2332, aux_loss: 0.0000, lr: 0.00009366, epoch_time: 7.0min
Epoch:[1/1](63400/79390), loss: 1.8850, logits_loss: 1.8850, aux_loss: 0.0000, lr: 0.00009356, epoch_time: 7.0min
Epoch:[1/1](63420/79390), loss: 2.0223, logits_loss: 2.0223, aux_loss: 0.0000, lr: 0.00009345, epoch_time: 7.0min
Epoch:[1/1](63440/79390), loss: 2.1225, logits_loss: 2.1225, aux_loss: 0.0000, lr: 0.00009335, epoch_time: 7.0min
Epoch:[1/1](63460/79390), loss: 2.0271, logits_loss: 2.0271, aux_loss: 0.0000, lr: 0.00009324, epoch_time: 7.0min
Epoch:[1/1](63480/79390), loss: 2.1615, logits_loss: 2.1615, aux_loss: 0.0000, lr: 0.00009314, epoch_time: 7.0min
Epoch:[1/1](63500/79390), loss: 2.3658, logits_loss: 2.3658, aux_loss: 0.0000, lr: 0.00009303, epoch_time: 7.0min
Epoch:[1/1](63520/79390), loss: 1.9463, logits_loss: 1.9463, aux_loss: 0.0000, lr: 0.00009293, epoch_time: 7.0min
Epoch:[1/1](63540/79390), loss: 2.1638, logits_loss: 2.1638, aux_loss: 0.0000, lr: 0.00009282, epoch_time: 7.0min
Epoch:[1/1](63560/79390), loss: 2.0157, logits_loss: 2.0157, aux_loss: 0.0000, lr: 0.00009272, epoch_time: 7.0min
Epoch:[1/1](63580/79390), loss: 1.8811, logits_loss: 1.8811, aux_loss: 0.0000, lr: 0.00009262, epoch_time: 7.0min
Epoch:[1/1](63600/79390), loss: 2.0110, logits_loss: 2.0110, aux_loss: 0.0000, lr: 0.00009251, epoch_time: 7.0min
Epoch:[1/1](63620/79390), loss: 2.2029, logits_loss: 2.2029, aux_loss: 0.0000, lr: 0.00009241, epoch_time: 7.0min
Epoch:[1/1](63640/79390), loss: 1.9937, logits_loss: 1.9937, aux_loss: 0.0000, lr: 0.00009230, epoch_time: 7.0min
Epoch:[1/1](63660/79390), loss: 1.9682, logits_loss: 1.9682, aux_loss: 0.0000, lr: 0.00009220, epoch_time: 7.0min
Epoch:[1/1](63680/79390), loss: 1.8612, logits_loss: 1.8612, aux_loss: 0.0000, lr: 0.00009210, epoch_time: 7.0min
Epoch:[1/1](63700/79390), loss: 2.0884, logits_loss: 2.0884, aux_loss: 0.0000, lr: 0.00009199, epoch_time: 7.0min
Epoch:[1/1](63720/79390), loss: 2.0205, logits_loss: 2.0205, aux_loss: 0.0000, lr: 0.00009189, epoch_time: 7.0min
Epoch:[1/1](63740/79390), loss: 2.1954, logits_loss: 2.1954, aux_loss: 0.0000, lr: 0.00009179, epoch_time: 7.0min
Epoch:[1/1](63760/79390), loss: 1.9522, logits_loss: 1.9522, aux_loss: 0.0000, lr: 0.00009168, epoch_time: 7.0min
Epoch:[1/1](63780/79390), loss: 2.0403, logits_loss: 2.0403, aux_loss: 0.0000, lr: 0.00009158, epoch_time: 7.0min
Epoch:[1/1](63800/79390), loss: 2.1103, logits_loss: 2.1103, aux_loss: 0.0000, lr: 0.00009148, epoch_time: 7.0min
Epoch:[1/1](63820/79390), loss: 2.1199, logits_loss: 2.1199, aux_loss: 0.0000, lr: 0.00009137, epoch_time: 7.0min
Epoch:[1/1](63840/79390), loss: 2.3530, logits_loss: 2.3530, aux_loss: 0.0000, lr: 0.00009127, epoch_time: 7.0min
Epoch:[1/1](63860/79390), loss: 2.0322, logits_loss: 2.0322, aux_loss: 0.0000, lr: 0.00009117, epoch_time: 7.0min
Epoch:[1/1](63880/79390), loss: 1.9882, logits_loss: 1.9882, aux_loss: 0.0000, lr: 0.00009106, epoch_time: 7.0min
Epoch:[1/1](63900/79390), loss: 2.0490, logits_loss: 2.0490, aux_loss: 0.0000, lr: 0.00009096, epoch_time: 7.0min
Epoch:[1/1](63920/79390), loss: 2.2085, logits_loss: 2.2085, aux_loss: 0.0000, lr: 0.00009086, epoch_time: 7.0min
Epoch:[1/1](63940/79390), loss: 1.9750, logits_loss: 1.9750, aux_loss: 0.0000, lr: 0.00009076, epoch_time: 7.0min
Epoch:[1/1](63960/79390), loss: 2.3555, logits_loss: 2.3555, aux_loss: 0.0000, lr: 0.00009066, epoch_time: 7.0min
Epoch:[1/1](63980/79390), loss: 1.9908, logits_loss: 1.9908, aux_loss: 0.0000, lr: 0.00009055, epoch_time: 7.0min
Epoch:[1/1](64000/79390), loss: 1.7971, logits_loss: 1.7971, aux_loss: 0.0000, lr: 0.00009045, epoch_time: 7.0min
Epoch:[1/1](64020/79390), loss: 1.9415, logits_loss: 1.9415, aux_loss: 0.0000, lr: 0.00009035, epoch_time: 7.0min
Epoch:[1/1](64040/79390), loss: 2.1475, logits_loss: 2.1475, aux_loss: 0.0000, lr: 0.00009025, epoch_time: 7.0min
Epoch:[1/1](64060/79390), loss: 1.9082, logits_loss: 1.9082, aux_loss: 0.0000, lr: 0.00009015, epoch_time: 7.0min
Epoch:[1/1](64080/79390), loss: 1.9453, logits_loss: 1.9453, aux_loss: 0.0000, lr: 0.00009004, epoch_time: 7.0min
Epoch:[1/1](64100/79390), loss: 1.8164, logits_loss: 1.8164, aux_loss: 0.0000, lr: 0.00008994, epoch_time: 7.0min
Epoch:[1/1](64120/79390), loss: 2.0919, logits_loss: 2.0919, aux_loss: 0.0000, lr: 0.00008984, epoch_time: 7.0min
Epoch:[1/1](64140/79390), loss: 1.9722, logits_loss: 1.9722, aux_loss: 0.0000, lr: 0.00008974, epoch_time: 7.0min
Epoch:[1/1](64160/79390), loss: 1.9152, logits_loss: 1.9152, aux_loss: 0.0000, lr: 0.00008964, epoch_time: 7.0min
Epoch:[1/1](64180/79390), loss: 1.9207, logits_loss: 1.9207, aux_loss: 0.0000, lr: 0.00008954, epoch_time: 7.0min
Epoch:[1/1](64200/79390), loss: 1.9237, logits_loss: 1.9237, aux_loss: 0.0000, lr: 0.00008944, epoch_time: 7.0min
Epoch:[1/1](64220/79390), loss: 1.9645, logits_loss: 1.9645, aux_loss: 0.0000, lr: 0.00008934, epoch_time: 7.0min
Epoch:[1/1](64240/79390), loss: 1.8265, logits_loss: 1.8265, aux_loss: 0.0000, lr: 0.00008924, epoch_time: 7.0min
Epoch:[1/1](64260/79390), loss: 2.4225, logits_loss: 2.4225, aux_loss: 0.0000, lr: 0.00008914, epoch_time: 7.0min
Epoch:[1/1](64280/79390), loss: 2.1167, logits_loss: 2.1167, aux_loss: 0.0000, lr: 0.00008904, epoch_time: 7.0min
Epoch:[1/1](64300/79390), loss: 1.9622, logits_loss: 1.9622, aux_loss: 0.0000, lr: 0.00008894, epoch_time: 7.0min
Epoch:[1/1](64320/79390), loss: 2.2017, logits_loss: 2.2017, aux_loss: 0.0000, lr: 0.00008884, epoch_time: 7.0min
Epoch:[1/1](64340/79390), loss: 1.8779, logits_loss: 1.8779, aux_loss: 0.0000, lr: 0.00008874, epoch_time: 7.0min
Epoch:[1/1](64360/79390), loss: 2.0078, logits_loss: 2.0078, aux_loss: 0.0000, lr: 0.00008864, epoch_time: 7.0min
Epoch:[1/1](64380/79390), loss: 2.2044, logits_loss: 2.2044, aux_loss: 0.0000, lr: 0.00008854, epoch_time: 7.0min
Epoch:[1/1](64400/79390), loss: 2.2602, logits_loss: 2.2602, aux_loss: 0.0000, lr: 0.00008844, epoch_time: 7.0min
Epoch:[1/1](64420/79390), loss: 2.2691, logits_loss: 2.2691, aux_loss: 0.0000, lr: 0.00008834, epoch_time: 7.0min
Epoch:[1/1](64440/79390), loss: 2.1249, logits_loss: 2.1249, aux_loss: 0.0000, lr: 0.00008824, epoch_time: 7.0min
Epoch:[1/1](64460/79390), loss: 2.0100, logits_loss: 2.0100, aux_loss: 0.0000, lr: 0.00008814, epoch_time: 7.0min
Epoch:[1/1](64480/79390), loss: 1.8257, logits_loss: 1.8257, aux_loss: 0.0000, lr: 0.00008804, epoch_time: 7.0min
Epoch:[1/1](64500/79390), loss: 2.0013, logits_loss: 2.0013, aux_loss: 0.0000, lr: 0.00008794, epoch_time: 7.0min
Epoch:[1/1](64520/79390), loss: 2.1725, logits_loss: 2.1725, aux_loss: 0.0000, lr: 0.00008784, epoch_time: 6.0min
Epoch:[1/1](64540/79390), loss: 2.2462, logits_loss: 2.2462, aux_loss: 0.0000, lr: 0.00008774, epoch_time: 6.0min
Epoch:[1/1](64560/79390), loss: 1.7654, logits_loss: 1.7654, aux_loss: 0.0000, lr: 0.00008764, epoch_time: 6.0min
Epoch:[1/1](64580/79390), loss: 2.2533, logits_loss: 2.2533, aux_loss: 0.0000, lr: 0.00008755, epoch_time: 6.0min
Epoch:[1/1](64600/79390), loss: 2.1068, logits_loss: 2.1068, aux_loss: 0.0000, lr: 0.00008745, epoch_time: 6.0min
Epoch:[1/1](64620/79390), loss: 2.0062, logits_loss: 2.0062, aux_loss: 0.0000, lr: 0.00008735, epoch_time: 6.0min
Epoch:[1/1](64640/79390), loss: 2.3910, logits_loss: 2.3910, aux_loss: 0.0000, lr: 0.00008725, epoch_time: 6.0min
Epoch:[1/1](64660/79390), loss: 1.8106, logits_loss: 1.8106, aux_loss: 0.0000, lr: 0.00008715, epoch_time: 6.0min
Epoch:[1/1](64680/79390), loss: 2.1313, logits_loss: 2.1313, aux_loss: 0.0000, lr: 0.00008706, epoch_time: 6.0min
Epoch:[1/1](64700/79390), loss: 2.1414, logits_loss: 2.1414, aux_loss: 0.0000, lr: 0.00008696, epoch_time: 6.0min
Epoch:[1/1](64720/79390), loss: 1.9334, logits_loss: 1.9334, aux_loss: 0.0000, lr: 0.00008686, epoch_time: 6.0min
Epoch:[1/1](64740/79390), loss: 2.0834, logits_loss: 2.0834, aux_loss: 0.0000, lr: 0.00008676, epoch_time: 6.0min
Epoch:[1/1](64760/79390), loss: 2.0386, logits_loss: 2.0386, aux_loss: 0.0000, lr: 0.00008666, epoch_time: 6.0min
Epoch:[1/1](64780/79390), loss: 1.9319, logits_loss: 1.9319, aux_loss: 0.0000, lr: 0.00008657, epoch_time: 6.0min
Epoch:[1/1](64800/79390), loss: 1.9500, logits_loss: 1.9500, aux_loss: 0.0000, lr: 0.00008647, epoch_time: 6.0min
Epoch:[1/1](64820/79390), loss: 1.8840, logits_loss: 1.8840, aux_loss: 0.0000, lr: 0.00008637, epoch_time: 6.0min
Epoch:[1/1](64840/79390), loss: 2.0839, logits_loss: 2.0839, aux_loss: 0.0000, lr: 0.00008628, epoch_time: 6.0min
Epoch:[1/1](64860/79390), loss: 1.8793, logits_loss: 1.8793, aux_loss: 0.0000, lr: 0.00008618, epoch_time: 6.0min
Epoch:[1/1](64880/79390), loss: 1.7657, logits_loss: 1.7657, aux_loss: 0.0000, lr: 0.00008608, epoch_time: 6.0min
Epoch:[1/1](64900/79390), loss: 1.9502, logits_loss: 1.9502, aux_loss: 0.0000, lr: 0.00008599, epoch_time: 6.0min
Epoch:[1/1](64920/79390), loss: 1.9984, logits_loss: 1.9984, aux_loss: 0.0000, lr: 0.00008589, epoch_time: 6.0min
Epoch:[1/1](64940/79390), loss: 1.9509, logits_loss: 1.9509, aux_loss: 0.0000, lr: 0.00008579, epoch_time: 6.0min
Epoch:[1/1](64960/79390), loss: 1.8979, logits_loss: 1.8979, aux_loss: 0.0000, lr: 0.00008570, epoch_time: 6.0min
Epoch:[1/1](64980/79390), loss: 2.1027, logits_loss: 2.1027, aux_loss: 0.0000, lr: 0.00008560, epoch_time: 6.0min
Epoch:[1/1](65000/79390), loss: 1.7919, logits_loss: 1.7919, aux_loss: 0.0000, lr: 0.00008550, epoch_time: 6.0min
Epoch:[1/1](65020/79390), loss: 2.5936, logits_loss: 2.5936, aux_loss: 0.0000, lr: 0.00008541, epoch_time: 6.0min
Epoch:[1/1](65040/79390), loss: 2.3170, logits_loss: 2.3170, aux_loss: 0.0000, lr: 0.00008531, epoch_time: 6.0min
Epoch:[1/1](65060/79390), loss: 1.8360, logits_loss: 1.8360, aux_loss: 0.0000, lr: 0.00008522, epoch_time: 6.0min
Epoch:[1/1](65080/79390), loss: 2.0339, logits_loss: 2.0339, aux_loss: 0.0000, lr: 0.00008512, epoch_time: 6.0min
Epoch:[1/1](65100/79390), loss: 1.9975, logits_loss: 1.9975, aux_loss: 0.0000, lr: 0.00008503, epoch_time: 6.0min
Epoch:[1/1](65120/79390), loss: 1.8500, logits_loss: 1.8500, aux_loss: 0.0000, lr: 0.00008493, epoch_time: 6.0min
Epoch:[1/1](65140/79390), loss: 2.0747, logits_loss: 2.0747, aux_loss: 0.0000, lr: 0.00008483, epoch_time: 6.0min
Epoch:[1/1](65160/79390), loss: 2.0318, logits_loss: 2.0318, aux_loss: 0.0000, lr: 0.00008474, epoch_time: 6.0min
Epoch:[1/1](65180/79390), loss: 2.2031, logits_loss: 2.2031, aux_loss: 0.0000, lr: 0.00008464, epoch_time: 6.0min
Epoch:[1/1](65200/79390), loss: 2.1017, logits_loss: 2.1017, aux_loss: 0.0000, lr: 0.00008455, epoch_time: 6.0min
Epoch:[1/1](65220/79390), loss: 2.2861, logits_loss: 2.2861, aux_loss: 0.0000, lr: 0.00008445, epoch_time: 6.0min
Epoch:[1/1](65240/79390), loss: 2.2110, logits_loss: 2.2110, aux_loss: 0.0000, lr: 0.00008436, epoch_time: 6.0min
Epoch:[1/1](65260/79390), loss: 1.9209, logits_loss: 1.9209, aux_loss: 0.0000, lr: 0.00008427, epoch_time: 6.0min
Epoch:[1/1](65280/79390), loss: 1.9784, logits_loss: 1.9784, aux_loss: 0.0000, lr: 0.00008417, epoch_time: 6.0min
Epoch:[1/1](65300/79390), loss: 1.9107, logits_loss: 1.9107, aux_loss: 0.0000, lr: 0.00008408, epoch_time: 6.0min
Epoch:[1/1](65320/79390), loss: 2.1943, logits_loss: 2.1943, aux_loss: 0.0000, lr: 0.00008398, epoch_time: 6.0min
Epoch:[1/1](65340/79390), loss: 1.8510, logits_loss: 1.8510, aux_loss: 0.0000, lr: 0.00008389, epoch_time: 6.0min
Epoch:[1/1](65360/79390), loss: 1.7252, logits_loss: 1.7252, aux_loss: 0.0000, lr: 0.00008379, epoch_time: 6.0min
Epoch:[1/1](65380/79390), loss: 2.0791, logits_loss: 2.0791, aux_loss: 0.0000, lr: 0.00008370, epoch_time: 6.0min
Epoch:[1/1](65400/79390), loss: 2.1627, logits_loss: 2.1627, aux_loss: 0.0000, lr: 0.00008361, epoch_time: 6.0min
Epoch:[1/1](65420/79390), loss: 1.8930, logits_loss: 1.8930, aux_loss: 0.0000, lr: 0.00008351, epoch_time: 6.0min
Epoch:[1/1](65440/79390), loss: 1.8856, logits_loss: 1.8856, aux_loss: 0.0000, lr: 0.00008342, epoch_time: 6.0min
Epoch:[1/1](65460/79390), loss: 2.0401, logits_loss: 2.0401, aux_loss: 0.0000, lr: 0.00008333, epoch_time: 6.0min
Epoch:[1/1](65480/79390), loss: 1.9183, logits_loss: 1.9183, aux_loss: 0.0000, lr: 0.00008323, epoch_time: 6.0min
Epoch:[1/1](65500/79390), loss: 1.9211, logits_loss: 1.9211, aux_loss: 0.0000, lr: 0.00008314, epoch_time: 6.0min
Epoch:[1/1](65520/79390), loss: 2.0774, logits_loss: 2.0774, aux_loss: 0.0000, lr: 0.00008305, epoch_time: 6.0min
Epoch:[1/1](65540/79390), loss: 2.0879, logits_loss: 2.0879, aux_loss: 0.0000, lr: 0.00008296, epoch_time: 6.0min
Epoch:[1/1](65560/79390), loss: 1.9853, logits_loss: 1.9853, aux_loss: 0.0000, lr: 0.00008286, epoch_time: 6.0min
Epoch:[1/1](65580/79390), loss: 2.0060, logits_loss: 2.0060, aux_loss: 0.0000, lr: 0.00008277, epoch_time: 6.0min
Epoch:[1/1](65600/79390), loss: 2.0428, logits_loss: 2.0428, aux_loss: 0.0000, lr: 0.00008268, epoch_time: 6.0min
Epoch:[1/1](65620/79390), loss: 2.2283, logits_loss: 2.2283, aux_loss: 0.0000, lr: 0.00008258, epoch_time: 6.0min
Epoch:[1/1](65640/79390), loss: 1.8761, logits_loss: 1.8761, aux_loss: 0.0000, lr: 0.00008249, epoch_time: 6.0min
Epoch:[1/1](65660/79390), loss: 2.0069, logits_loss: 2.0069, aux_loss: 0.0000, lr: 0.00008240, epoch_time: 6.0min
Epoch:[1/1](65680/79390), loss: 2.1249, logits_loss: 2.1249, aux_loss: 0.0000, lr: 0.00008231, epoch_time: 6.0min
Epoch:[1/1](65700/79390), loss: 1.8876, logits_loss: 1.8876, aux_loss: 0.0000, lr: 0.00008222, epoch_time: 6.0min
Epoch:[1/1](65720/79390), loss: 1.9449, logits_loss: 1.9449, aux_loss: 0.0000, lr: 0.00008212, epoch_time: 6.0min
Epoch:[1/1](65740/79390), loss: 1.9311, logits_loss: 1.9311, aux_loss: 0.0000, lr: 0.00008203, epoch_time: 6.0min
Epoch:[1/1](65760/79390), loss: 1.8252, logits_loss: 1.8252, aux_loss: 0.0000, lr: 0.00008194, epoch_time: 6.0min
Epoch:[1/1](65780/79390), loss: 2.2680, logits_loss: 2.2680, aux_loss: 0.0000, lr: 0.00008185, epoch_time: 6.0min
Epoch:[1/1](65800/79390), loss: 1.9257, logits_loss: 1.9257, aux_loss: 0.0000, lr: 0.00008176, epoch_time: 6.0min
Epoch:[1/1](65820/79390), loss: 2.0674, logits_loss: 2.0674, aux_loss: 0.0000, lr: 0.00008167, epoch_time: 6.0min
Epoch:[1/1](65840/79390), loss: 2.0655, logits_loss: 2.0655, aux_loss: 0.0000, lr: 0.00008158, epoch_time: 6.0min
Epoch:[1/1](65860/79390), loss: 2.2072, logits_loss: 2.2072, aux_loss: 0.0000, lr: 0.00008149, epoch_time: 6.0min
Epoch:[1/1](65880/79390), loss: 1.9191, logits_loss: 1.9191, aux_loss: 0.0000, lr: 0.00008140, epoch_time: 6.0min
Epoch:[1/1](65900/79390), loss: 2.1298, logits_loss: 2.1298, aux_loss: 0.0000, lr: 0.00008130, epoch_time: 6.0min
Epoch:[1/1](65920/79390), loss: 2.0202, logits_loss: 2.0202, aux_loss: 0.0000, lr: 0.00008121, epoch_time: 6.0min
Epoch:[1/1](65940/79390), loss: 2.1636, logits_loss: 2.1636, aux_loss: 0.0000, lr: 0.00008112, epoch_time: 6.0min
Epoch:[1/1](65960/79390), loss: 2.0350, logits_loss: 2.0350, aux_loss: 0.0000, lr: 0.00008103, epoch_time: 6.0min
Epoch:[1/1](65980/79390), loss: 2.4133, logits_loss: 2.4133, aux_loss: 0.0000, lr: 0.00008094, epoch_time: 6.0min
Epoch:[1/1](66000/79390), loss: 1.9697, logits_loss: 1.9697, aux_loss: 0.0000, lr: 0.00008085, epoch_time: 6.0min
Epoch:[1/1](66020/79390), loss: 1.8865, logits_loss: 1.8865, aux_loss: 0.0000, lr: 0.00008076, epoch_time: 6.0min
Epoch:[1/1](66040/79390), loss: 1.9421, logits_loss: 1.9421, aux_loss: 0.0000, lr: 0.00008067, epoch_time: 6.0min
Epoch:[1/1](66060/79390), loss: 2.3990, logits_loss: 2.3990, aux_loss: 0.0000, lr: 0.00008058, epoch_time: 6.0min
Epoch:[1/1](66080/79390), loss: 2.0387, logits_loss: 2.0387, aux_loss: 0.0000, lr: 0.00008049, epoch_time: 6.0min
Epoch:[1/1](66100/79390), loss: 1.9091, logits_loss: 1.9091, aux_loss: 0.0000, lr: 0.00008040, epoch_time: 6.0min
Epoch:[1/1](66120/79390), loss: 1.8350, logits_loss: 1.8350, aux_loss: 0.0000, lr: 0.00008032, epoch_time: 6.0min
Epoch:[1/1](66140/79390), loss: 2.1233, logits_loss: 2.1233, aux_loss: 0.0000, lr: 0.00008023, epoch_time: 6.0min
Epoch:[1/1](66160/79390), loss: 1.9451, logits_loss: 1.9451, aux_loss: 0.0000, lr: 0.00008014, epoch_time: 6.0min
Epoch:[1/1](66180/79390), loss: 1.9146, logits_loss: 1.9146, aux_loss: 0.0000, lr: 0.00008005, epoch_time: 6.0min
Epoch:[1/1](66200/79390), loss: 2.3445, logits_loss: 2.3445, aux_loss: 0.0000, lr: 0.00007996, epoch_time: 6.0min
Epoch:[1/1](66220/79390), loss: 2.1488, logits_loss: 2.1488, aux_loss: 0.0000, lr: 0.00007987, epoch_time: 6.0min
Epoch:[1/1](66240/79390), loss: 1.9855, logits_loss: 1.9855, aux_loss: 0.0000, lr: 0.00007978, epoch_time: 6.0min
Epoch:[1/1](66260/79390), loss: 2.1101, logits_loss: 2.1101, aux_loss: 0.0000, lr: 0.00007969, epoch_time: 6.0min
Epoch:[1/1](66280/79390), loss: 1.9274, logits_loss: 1.9274, aux_loss: 0.0000, lr: 0.00007960, epoch_time: 6.0min
Epoch:[1/1](66300/79390), loss: 2.3330, logits_loss: 2.3330, aux_loss: 0.0000, lr: 0.00007952, epoch_time: 6.0min
Epoch:[1/1](66320/79390), loss: 2.0119, logits_loss: 2.0119, aux_loss: 0.0000, lr: 0.00007943, epoch_time: 6.0min
Epoch:[1/1](66340/79390), loss: 2.0064, logits_loss: 2.0064, aux_loss: 0.0000, lr: 0.00007934, epoch_time: 6.0min
Epoch:[1/1](66360/79390), loss: 2.1215, logits_loss: 2.1215, aux_loss: 0.0000, lr: 0.00007925, epoch_time: 6.0min
Epoch:[1/1](66380/79390), loss: 2.2952, logits_loss: 2.2952, aux_loss: 0.0000, lr: 0.00007916, epoch_time: 6.0min
Epoch:[1/1](66400/79390), loss: 1.8831, logits_loss: 1.8831, aux_loss: 0.0000, lr: 0.00007908, epoch_time: 6.0min
Epoch:[1/1](66420/79390), loss: 2.0737, logits_loss: 2.0737, aux_loss: 0.0000, lr: 0.00007899, epoch_time: 6.0min
Epoch:[1/1](66440/79390), loss: 1.9617, logits_loss: 1.9617, aux_loss: 0.0000, lr: 0.00007890, epoch_time: 6.0min
Epoch:[1/1](66460/79390), loss: 2.2329, logits_loss: 2.2329, aux_loss: 0.0000, lr: 0.00007882, epoch_time: 6.0min
Epoch:[1/1](66480/79390), loss: 2.0878, logits_loss: 2.0878, aux_loss: 0.0000, lr: 0.00007873, epoch_time: 6.0min
Epoch:[1/1](66500/79390), loss: 2.0135, logits_loss: 2.0135, aux_loss: 0.0000, lr: 0.00007864, epoch_time: 6.0min
Epoch:[1/1](66520/79390), loss: 1.9017, logits_loss: 1.9017, aux_loss: 0.0000, lr: 0.00007855, epoch_time: 6.0min
Epoch:[1/1](66540/79390), loss: 2.1724, logits_loss: 2.1724, aux_loss: 0.0000, lr: 0.00007847, epoch_time: 6.0min
Epoch:[1/1](66560/79390), loss: 2.0086, logits_loss: 2.0086, aux_loss: 0.0000, lr: 0.00007838, epoch_time: 6.0min
Epoch:[1/1](66580/79390), loss: 2.0576, logits_loss: 2.0576, aux_loss: 0.0000, lr: 0.00007829, epoch_time: 6.0min
Epoch:[1/1](66600/79390), loss: 2.3762, logits_loss: 2.3762, aux_loss: 0.0000, lr: 0.00007821, epoch_time: 6.0min
Epoch:[1/1](66620/79390), loss: 1.8457, logits_loss: 1.8457, aux_loss: 0.0000, lr: 0.00007812, epoch_time: 6.0min
Epoch:[1/1](66640/79390), loss: 2.0920, logits_loss: 2.0920, aux_loss: 0.0000, lr: 0.00007804, epoch_time: 6.0min
Epoch:[1/1](66660/79390), loss: 2.2980, logits_loss: 2.2980, aux_loss: 0.0000, lr: 0.00007795, epoch_time: 6.0min
Epoch:[1/1](66680/79390), loss: 1.9760, logits_loss: 1.9760, aux_loss: 0.0000, lr: 0.00007786, epoch_time: 6.0min
Epoch:[1/1](66700/79390), loss: 1.8100, logits_loss: 1.8100, aux_loss: 0.0000, lr: 0.00007778, epoch_time: 5.0min
Epoch:[1/1](66720/79390), loss: 2.3340, logits_loss: 2.3340, aux_loss: 0.0000, lr: 0.00007769, epoch_time: 5.0min
Epoch:[1/1](66740/79390), loss: 2.0112, logits_loss: 2.0112, aux_loss: 0.0000, lr: 0.00007761, epoch_time: 5.0min
Epoch:[1/1](66760/79390), loss: 2.0044, logits_loss: 2.0044, aux_loss: 0.0000, lr: 0.00007752, epoch_time: 5.0min
Epoch:[1/1](66780/79390), loss: 2.1046, logits_loss: 2.1046, aux_loss: 0.0000, lr: 0.00007744, epoch_time: 5.0min
Epoch:[1/1](66800/79390), loss: 1.9152, logits_loss: 1.9152, aux_loss: 0.0000, lr: 0.00007735, epoch_time: 5.0min
Epoch:[1/1](66820/79390), loss: 2.2485, logits_loss: 2.2485, aux_loss: 0.0000, lr: 0.00007727, epoch_time: 5.0min
Epoch:[1/1](66840/79390), loss: 2.1690, logits_loss: 2.1690, aux_loss: 0.0000, lr: 0.00007718, epoch_time: 5.0min
Epoch:[1/1](66860/79390), loss: 1.5926, logits_loss: 1.5926, aux_loss: 0.0000, lr: 0.00007710, epoch_time: 5.0min
Epoch:[1/1](66880/79390), loss: 1.6546, logits_loss: 1.6546, aux_loss: 0.0000, lr: 0.00007701, epoch_time: 5.0min
Epoch:[1/1](66900/79390), loss: 2.2621, logits_loss: 2.2621, aux_loss: 0.0000, lr: 0.00007693, epoch_time: 5.0min
Epoch:[1/1](66920/79390), loss: 2.1831, logits_loss: 2.1831, aux_loss: 0.0000, lr: 0.00007684, epoch_time: 5.0min
Epoch:[1/1](66940/79390), loss: 2.0042, logits_loss: 2.0042, aux_loss: 0.0000, lr: 0.00007676, epoch_time: 5.0min
Epoch:[1/1](66960/79390), loss: 2.0917, logits_loss: 2.0917, aux_loss: 0.0000, lr: 0.00007667, epoch_time: 5.0min
Epoch:[1/1](66980/79390), loss: 2.0732, logits_loss: 2.0732, aux_loss: 0.0000, lr: 0.00007659, epoch_time: 5.0min
Epoch:[1/1](67000/79390), loss: 2.1695, logits_loss: 2.1695, aux_loss: 0.0000, lr: 0.00007651, epoch_time: 5.0min
Epoch:[1/1](67020/79390), loss: 2.1394, logits_loss: 2.1394, aux_loss: 0.0000, lr: 0.00007642, epoch_time: 5.0min
Epoch:[1/1](67040/79390), loss: 1.8841, logits_loss: 1.8841, aux_loss: 0.0000, lr: 0.00007634, epoch_time: 5.0min
Epoch:[1/1](67060/79390), loss: 1.9667, logits_loss: 1.9667, aux_loss: 0.0000, lr: 0.00007626, epoch_time: 5.0min
Epoch:[1/1](67080/79390), loss: 2.1408, logits_loss: 2.1408, aux_loss: 0.0000, lr: 0.00007617, epoch_time: 5.0min
Epoch:[1/1](67100/79390), loss: 1.9829, logits_loss: 1.9829, aux_loss: 0.0000, lr: 0.00007609, epoch_time: 5.0min
Epoch:[1/1](67120/79390), loss: 2.0312, logits_loss: 2.0312, aux_loss: 0.0000, lr: 0.00007601, epoch_time: 5.0min
Epoch:[1/1](67140/79390), loss: 2.0995, logits_loss: 2.0995, aux_loss: 0.0000, lr: 0.00007592, epoch_time: 5.0min
Epoch:[1/1](67160/79390), loss: 2.0104, logits_loss: 2.0104, aux_loss: 0.0000, lr: 0.00007584, epoch_time: 5.0min
Epoch:[1/1](67180/79390), loss: 1.7816, logits_loss: 1.7816, aux_loss: 0.0000, lr: 0.00007576, epoch_time: 5.0min
Epoch:[1/1](67200/79390), loss: 1.9295, logits_loss: 1.9295, aux_loss: 0.0000, lr: 0.00007567, epoch_time: 5.0min
Epoch:[1/1](67220/79390), loss: 1.9074, logits_loss: 1.9074, aux_loss: 0.0000, lr: 0.00007559, epoch_time: 5.0min
Epoch:[1/1](67240/79390), loss: 1.9504, logits_loss: 1.9504, aux_loss: 0.0000, lr: 0.00007551, epoch_time: 5.0min
Epoch:[1/1](67260/79390), loss: 1.6683, logits_loss: 1.6683, aux_loss: 0.0000, lr: 0.00007543, epoch_time: 5.0min
Epoch:[1/1](67280/79390), loss: 2.0114, logits_loss: 2.0114, aux_loss: 0.0000, lr: 0.00007534, epoch_time: 5.0min
Epoch:[1/1](67300/79390), loss: 2.6876, logits_loss: 2.6876, aux_loss: 0.0000, lr: 0.00007526, epoch_time: 5.0min
Epoch:[1/1](67320/79390), loss: 2.0583, logits_loss: 2.0583, aux_loss: 0.0000, lr: 0.00007518, epoch_time: 5.0min
Epoch:[1/1](67340/79390), loss: 2.3781, logits_loss: 2.3781, aux_loss: 0.0000, lr: 0.00007510, epoch_time: 5.0min
Epoch:[1/1](67360/79390), loss: 2.0118, logits_loss: 2.0118, aux_loss: 0.0000, lr: 0.00007502, epoch_time: 5.0min
Epoch:[1/1](67380/79390), loss: 2.1495, logits_loss: 2.1495, aux_loss: 0.0000, lr: 0.00007494, epoch_time: 5.0min
Epoch:[1/1](67400/79390), loss: 2.0950, logits_loss: 2.0950, aux_loss: 0.0000, lr: 0.00007485, epoch_time: 5.0min
Epoch:[1/1](67420/79390), loss: 1.9683, logits_loss: 1.9683, aux_loss: 0.0000, lr: 0.00007477, epoch_time: 5.0min
Epoch:[1/1](67440/79390), loss: 1.9480, logits_loss: 1.9480, aux_loss: 0.0000, lr: 0.00007469, epoch_time: 5.0min
Epoch:[1/1](67460/79390), loss: 1.7191, logits_loss: 1.7191, aux_loss: 0.0000, lr: 0.00007461, epoch_time: 5.0min
Epoch:[1/1](67480/79390), loss: 1.8232, logits_loss: 1.8232, aux_loss: 0.0000, lr: 0.00007453, epoch_time: 5.0min
Epoch:[1/1](67500/79390), loss: 1.9509, logits_loss: 1.9509, aux_loss: 0.0000, lr: 0.00007445, epoch_time: 5.0min
Epoch:[1/1](67520/79390), loss: 1.8266, logits_loss: 1.8266, aux_loss: 0.0000, lr: 0.00007437, epoch_time: 5.0min
Epoch:[1/1](67540/79390), loss: 2.0768, logits_loss: 2.0768, aux_loss: 0.0000, lr: 0.00007429, epoch_time: 5.0min
Epoch:[1/1](67560/79390), loss: 1.8093, logits_loss: 1.8093, aux_loss: 0.0000, lr: 0.00007421, epoch_time: 5.0min
Epoch:[1/1](67580/79390), loss: 2.1424, logits_loss: 2.1424, aux_loss: 0.0000, lr: 0.00007413, epoch_time: 5.0min
Epoch:[1/1](67600/79390), loss: 1.9064, logits_loss: 1.9064, aux_loss: 0.0000, lr: 0.00007405, epoch_time: 5.0min
Epoch:[1/1](67620/79390), loss: 1.9615, logits_loss: 1.9615, aux_loss: 0.0000, lr: 0.00007397, epoch_time: 5.0min
Epoch:[1/1](67640/79390), loss: 1.9358, logits_loss: 1.9358, aux_loss: 0.0000, lr: 0.00007389, epoch_time: 5.0min
Epoch:[1/1](67660/79390), loss: 1.9759, logits_loss: 1.9759, aux_loss: 0.0000, lr: 0.00007381, epoch_time: 5.0min
Epoch:[1/1](67680/79390), loss: 2.1759, logits_loss: 2.1759, aux_loss: 0.0000, lr: 0.00007373, epoch_time: 5.0min
Epoch:[1/1](67700/79390), loss: 2.0927, logits_loss: 2.0927, aux_loss: 0.0000, lr: 0.00007365, epoch_time: 5.0min
Epoch:[1/1](67720/79390), loss: 1.9824, logits_loss: 1.9824, aux_loss: 0.0000, lr: 0.00007357, epoch_time: 5.0min
Epoch:[1/1](67740/79390), loss: 1.7345, logits_loss: 1.7345, aux_loss: 0.0000, lr: 0.00007349, epoch_time: 5.0min
Epoch:[1/1](67760/79390), loss: 1.8641, logits_loss: 1.8641, aux_loss: 0.0000, lr: 0.00007341, epoch_time: 5.0min
Epoch:[1/1](67780/79390), loss: 2.0135, logits_loss: 2.0135, aux_loss: 0.0000, lr: 0.00007333, epoch_time: 5.0min
Epoch:[1/1](67800/79390), loss: 1.8652, logits_loss: 1.8652, aux_loss: 0.0000, lr: 0.00007325, epoch_time: 5.0min
Epoch:[1/1](67820/79390), loss: 2.0010, logits_loss: 2.0010, aux_loss: 0.0000, lr: 0.00007317, epoch_time: 5.0min
Epoch:[1/1](67840/79390), loss: 1.9065, logits_loss: 1.9065, aux_loss: 0.0000, lr: 0.00007309, epoch_time: 5.0min
Epoch:[1/1](67860/79390), loss: 2.1940, logits_loss: 2.1940, aux_loss: 0.0000, lr: 0.00007302, epoch_time: 5.0min
Epoch:[1/1](67880/79390), loss: 1.9015, logits_loss: 1.9015, aux_loss: 0.0000, lr: 0.00007294, epoch_time: 5.0min
Epoch:[1/1](67900/79390), loss: 2.1262, logits_loss: 2.1262, aux_loss: 0.0000, lr: 0.00007286, epoch_time: 5.0min
Epoch:[1/1](67920/79390), loss: 2.0874, logits_loss: 2.0874, aux_loss: 0.0000, lr: 0.00007278, epoch_time: 5.0min
Epoch:[1/1](67940/79390), loss: 2.4175, logits_loss: 2.4175, aux_loss: 0.0000, lr: 0.00007270, epoch_time: 5.0min
Epoch:[1/1](67960/79390), loss: 2.0224, logits_loss: 2.0224, aux_loss: 0.0000, lr: 0.00007263, epoch_time: 5.0min
Epoch:[1/1](67980/79390), loss: 1.9175, logits_loss: 1.9175, aux_loss: 0.0000, lr: 0.00007255, epoch_time: 5.0min
Epoch:[1/1](68000/79390), loss: 2.0660, logits_loss: 2.0660, aux_loss: 0.0000, lr: 0.00007247, epoch_time: 5.0min
Epoch:[1/1](68020/79390), loss: 1.7482, logits_loss: 1.7482, aux_loss: 0.0000, lr: 0.00007239, epoch_time: 5.0min
Epoch:[1/1](68040/79390), loss: 1.9448, logits_loss: 1.9448, aux_loss: 0.0000, lr: 0.00007232, epoch_time: 5.0min
Epoch:[1/1](68060/79390), loss: 2.0870, logits_loss: 2.0870, aux_loss: 0.0000, lr: 0.00007224, epoch_time: 5.0min
Epoch:[1/1](68080/79390), loss: 1.8691, logits_loss: 1.8691, aux_loss: 0.0000, lr: 0.00007216, epoch_time: 5.0min
Epoch:[1/1](68100/79390), loss: 1.7106, logits_loss: 1.7106, aux_loss: 0.0000, lr: 0.00007208, epoch_time: 5.0min
Epoch:[1/1](68120/79390), loss: 2.0428, logits_loss: 2.0428, aux_loss: 0.0000, lr: 0.00007201, epoch_time: 5.0min
Epoch:[1/1](68140/79390), loss: 2.1721, logits_loss: 2.1721, aux_loss: 0.0000, lr: 0.00007193, epoch_time: 5.0min
Epoch:[1/1](68160/79390), loss: 1.9036, logits_loss: 1.9036, aux_loss: 0.0000, lr: 0.00007185, epoch_time: 5.0min
Epoch:[1/1](68180/79390), loss: 1.9800, logits_loss: 1.9800, aux_loss: 0.0000, lr: 0.00007178, epoch_time: 5.0min
Epoch:[1/1](68200/79390), loss: 2.0837, logits_loss: 2.0837, aux_loss: 0.0000, lr: 0.00007170, epoch_time: 5.0min
Epoch:[1/1](68220/79390), loss: 1.9949, logits_loss: 1.9949, aux_loss: 0.0000, lr: 0.00007162, epoch_time: 5.0min
Epoch:[1/1](68240/79390), loss: 1.7816, logits_loss: 1.7816, aux_loss: 0.0000, lr: 0.00007155, epoch_time: 5.0min
Epoch:[1/1](68260/79390), loss: 2.1455, logits_loss: 2.1455, aux_loss: 0.0000, lr: 0.00007147, epoch_time: 5.0min
Epoch:[1/1](68280/79390), loss: 1.8375, logits_loss: 1.8375, aux_loss: 0.0000, lr: 0.00007140, epoch_time: 5.0min
Epoch:[1/1](68300/79390), loss: 1.7946, logits_loss: 1.7946, aux_loss: 0.0000, lr: 0.00007132, epoch_time: 5.0min
Epoch:[1/1](68320/79390), loss: 2.2422, logits_loss: 2.2422, aux_loss: 0.0000, lr: 0.00007125, epoch_time: 5.0min
Epoch:[1/1](68340/79390), loss: 1.8681, logits_loss: 1.8681, aux_loss: 0.0000, lr: 0.00007117, epoch_time: 5.0min
Epoch:[1/1](68360/79390), loss: 1.9280, logits_loss: 1.9280, aux_loss: 0.0000, lr: 0.00007109, epoch_time: 5.0min
Epoch:[1/1](68380/79390), loss: 1.9842, logits_loss: 1.9842, aux_loss: 0.0000, lr: 0.00007102, epoch_time: 5.0min
Epoch:[1/1](68400/79390), loss: 2.1627, logits_loss: 2.1627, aux_loss: 0.0000, lr: 0.00007094, epoch_time: 5.0min
Epoch:[1/1](68420/79390), loss: 1.9374, logits_loss: 1.9374, aux_loss: 0.0000, lr: 0.00007087, epoch_time: 5.0min
Epoch:[1/1](68440/79390), loss: 2.0583, logits_loss: 2.0583, aux_loss: 0.0000, lr: 0.00007079, epoch_time: 5.0min
Epoch:[1/1](68460/79390), loss: 1.9884, logits_loss: 1.9884, aux_loss: 0.0000, lr: 0.00007072, epoch_time: 5.0min
Epoch:[1/1](68480/79390), loss: 1.9586, logits_loss: 1.9586, aux_loss: 0.0000, lr: 0.00007064, epoch_time: 5.0min
Epoch:[1/1](68500/79390), loss: 1.9509, logits_loss: 1.9509, aux_loss: 0.0000, lr: 0.00007057, epoch_time: 5.0min
Epoch:[1/1](68520/79390), loss: 1.8082, logits_loss: 1.8082, aux_loss: 0.0000, lr: 0.00007050, epoch_time: 5.0min
Epoch:[1/1](68540/79390), loss: 2.0822, logits_loss: 2.0822, aux_loss: 0.0000, lr: 0.00007042, epoch_time: 5.0min
Epoch:[1/1](68560/79390), loss: 2.1766, logits_loss: 2.1766, aux_loss: 0.0000, lr: 0.00007035, epoch_time: 5.0min
Epoch:[1/1](68580/79390), loss: 2.1883, logits_loss: 2.1883, aux_loss: 0.0000, lr: 0.00007027, epoch_time: 5.0min
Epoch:[1/1](68600/79390), loss: 2.1544, logits_loss: 2.1544, aux_loss: 0.0000, lr: 0.00007020, epoch_time: 5.0min
Epoch:[1/1](68620/79390), loss: 2.2674, logits_loss: 2.2674, aux_loss: 0.0000, lr: 0.00007013, epoch_time: 5.0min
Epoch:[1/1](68640/79390), loss: 1.9659, logits_loss: 1.9659, aux_loss: 0.0000, lr: 0.00007005, epoch_time: 5.0min
Epoch:[1/1](68660/79390), loss: 1.9063, logits_loss: 1.9063, aux_loss: 0.0000, lr: 0.00006998, epoch_time: 5.0min
Epoch:[1/1](68680/79390), loss: 1.8062, logits_loss: 1.8062, aux_loss: 0.0000, lr: 0.00006991, epoch_time: 5.0min
Epoch:[1/1](68700/79390), loss: 1.8316, logits_loss: 1.8316, aux_loss: 0.0000, lr: 0.00006983, epoch_time: 5.0min
Epoch:[1/1](68720/79390), loss: 2.0409, logits_loss: 2.0409, aux_loss: 0.0000, lr: 0.00006976, epoch_time: 5.0min
Epoch:[1/1](68740/79390), loss: 1.9539, logits_loss: 1.9539, aux_loss: 0.0000, lr: 0.00006969, epoch_time: 5.0min
Epoch:[1/1](68760/79390), loss: 1.9486, logits_loss: 1.9486, aux_loss: 0.0000, lr: 0.00006961, epoch_time: 5.0min
Epoch:[1/1](68780/79390), loss: 1.8589, logits_loss: 1.8589, aux_loss: 0.0000, lr: 0.00006954, epoch_time: 5.0min
Epoch:[1/1](68800/79390), loss: 2.1429, logits_loss: 2.1429, aux_loss: 0.0000, lr: 0.00006947, epoch_time: 5.0min
Epoch:[1/1](68820/79390), loss: 1.9200, logits_loss: 1.9200, aux_loss: 0.0000, lr: 0.00006940, epoch_time: 5.0min
Epoch:[1/1](68840/79390), loss: 1.9736, logits_loss: 1.9736, aux_loss: 0.0000, lr: 0.00006932, epoch_time: 4.0min
Epoch:[1/1](68860/79390), loss: 1.8979, logits_loss: 1.8979, aux_loss: 0.0000, lr: 0.00006925, epoch_time: 4.0min
Epoch:[1/1](68880/79390), loss: 1.9692, logits_loss: 1.9692, aux_loss: 0.0000, lr: 0.00006918, epoch_time: 4.0min
Epoch:[1/1](68900/79390), loss: 1.7428, logits_loss: 1.7428, aux_loss: 0.0000, lr: 0.00006911, epoch_time: 4.0min
Epoch:[1/1](68920/79390), loss: 2.0531, logits_loss: 2.0531, aux_loss: 0.0000, lr: 0.00006904, epoch_time: 4.0min
Epoch:[1/1](68940/79390), loss: 2.1041, logits_loss: 2.1041, aux_loss: 0.0000, lr: 0.00006897, epoch_time: 4.0min
Epoch:[1/1](68960/79390), loss: 2.0296, logits_loss: 2.0296, aux_loss: 0.0000, lr: 0.00006889, epoch_time: 4.0min
Epoch:[1/1](68980/79390), loss: 2.0528, logits_loss: 2.0528, aux_loss: 0.0000, lr: 0.00006882, epoch_time: 4.0min
Epoch:[1/1](69000/79390), loss: 2.1643, logits_loss: 2.1643, aux_loss: 0.0000, lr: 0.00006875, epoch_time: 4.0min
Epoch:[1/1](69020/79390), loss: 1.7302, logits_loss: 1.7302, aux_loss: 0.0000, lr: 0.00006868, epoch_time: 4.0min
Epoch:[1/1](69040/79390), loss: 2.0326, logits_loss: 2.0326, aux_loss: 0.0000, lr: 0.00006861, epoch_time: 4.0min
Epoch:[1/1](69060/79390), loss: 2.0377, logits_loss: 2.0377, aux_loss: 0.0000, lr: 0.00006854, epoch_time: 4.0min
Epoch:[1/1](69080/79390), loss: 2.2359, logits_loss: 2.2359, aux_loss: 0.0000, lr: 0.00006847, epoch_time: 4.0min
Epoch:[1/1](69100/79390), loss: 1.8033, logits_loss: 1.8033, aux_loss: 0.0000, lr: 0.00006840, epoch_time: 4.0min
Epoch:[1/1](69120/79390), loss: 1.9458, logits_loss: 1.9458, aux_loss: 0.0000, lr: 0.00006833, epoch_time: 4.0min
Epoch:[1/1](69140/79390), loss: 2.1137, logits_loss: 2.1137, aux_loss: 0.0000, lr: 0.00006826, epoch_time: 4.0min
Epoch:[1/1](69160/79390), loss: 1.9693, logits_loss: 1.9693, aux_loss: 0.0000, lr: 0.00006819, epoch_time: 4.0min
Epoch:[1/1](69180/79390), loss: 1.9018, logits_loss: 1.9018, aux_loss: 0.0000, lr: 0.00006812, epoch_time: 4.0min
Epoch:[1/1](69200/79390), loss: 1.7739, logits_loss: 1.7739, aux_loss: 0.0000, lr: 0.00006805, epoch_time: 4.0min
Epoch:[1/1](69220/79390), loss: 2.0963, logits_loss: 2.0963, aux_loss: 0.0000, lr: 0.00006798, epoch_time: 4.0min
Epoch:[1/1](69240/79390), loss: 1.9769, logits_loss: 1.9769, aux_loss: 0.0000, lr: 0.00006791, epoch_time: 4.0min
Epoch:[1/1](69260/79390), loss: 1.9502, logits_loss: 1.9502, aux_loss: 0.0000, lr: 0.00006784, epoch_time: 4.0min
Epoch:[1/1](69280/79390), loss: 1.8615, logits_loss: 1.8615, aux_loss: 0.0000, lr: 0.00006777, epoch_time: 4.0min
Epoch:[1/1](69300/79390), loss: 2.0198, logits_loss: 2.0198, aux_loss: 0.0000, lr: 0.00006770, epoch_time: 4.0min
Epoch:[1/1](69320/79390), loss: 2.2999, logits_loss: 2.2999, aux_loss: 0.0000, lr: 0.00006763, epoch_time: 4.0min
Epoch:[1/1](69340/79390), loss: 1.9819, logits_loss: 1.9819, aux_loss: 0.0000, lr: 0.00006756, epoch_time: 4.0min
Epoch:[1/1](69360/79390), loss: 1.9248, logits_loss: 1.9248, aux_loss: 0.0000, lr: 0.00006749, epoch_time: 4.0min
Epoch:[1/1](69380/79390), loss: 2.1168, logits_loss: 2.1168, aux_loss: 0.0000, lr: 0.00006742, epoch_time: 4.0min
Epoch:[1/1](69400/79390), loss: 2.3081, logits_loss: 2.3081, aux_loss: 0.0000, lr: 0.00006735, epoch_time: 4.0min
Epoch:[1/1](69420/79390), loss: 1.9376, logits_loss: 1.9376, aux_loss: 0.0000, lr: 0.00006729, epoch_time: 4.0min
Epoch:[1/1](69440/79390), loss: 1.8631, logits_loss: 1.8631, aux_loss: 0.0000, lr: 0.00006722, epoch_time: 4.0min
Epoch:[1/1](69460/79390), loss: 1.7412, logits_loss: 1.7412, aux_loss: 0.0000, lr: 0.00006715, epoch_time: 4.0min
Epoch:[1/1](69480/79390), loss: 2.2159, logits_loss: 2.2159, aux_loss: 0.0000, lr: 0.00006708, epoch_time: 4.0min
Epoch:[1/1](69500/79390), loss: 1.8934, logits_loss: 1.8934, aux_loss: 0.0000, lr: 0.00006701, epoch_time: 4.0min
Epoch:[1/1](69520/79390), loss: 1.7593, logits_loss: 1.7593, aux_loss: 0.0000, lr: 0.00006694, epoch_time: 4.0min
Epoch:[1/1](69540/79390), loss: 2.0995, logits_loss: 2.0995, aux_loss: 0.0000, lr: 0.00006688, epoch_time: 4.0min
Epoch:[1/1](69560/79390), loss: 2.1534, logits_loss: 2.1534, aux_loss: 0.0000, lr: 0.00006681, epoch_time: 4.0min
Epoch:[1/1](69580/79390), loss: 2.1906, logits_loss: 2.1906, aux_loss: 0.0000, lr: 0.00006674, epoch_time: 4.0min
Epoch:[1/1](69600/79390), loss: 1.9588, logits_loss: 1.9588, aux_loss: 0.0000, lr: 0.00006667, epoch_time: 4.0min
Epoch:[1/1](69620/79390), loss: 2.0589, logits_loss: 2.0589, aux_loss: 0.0000, lr: 0.00006661, epoch_time: 4.0min
Epoch:[1/1](69640/79390), loss: 1.9441, logits_loss: 1.9441, aux_loss: 0.0000, lr: 0.00006654, epoch_time: 4.0min
Epoch:[1/1](69660/79390), loss: 2.0520, logits_loss: 2.0520, aux_loss: 0.0000, lr: 0.00006647, epoch_time: 4.0min
Epoch:[1/1](69680/79390), loss: 1.9639, logits_loss: 1.9639, aux_loss: 0.0000, lr: 0.00006641, epoch_time: 4.0min
Epoch:[1/1](69700/79390), loss: 1.8781, logits_loss: 1.8781, aux_loss: 0.0000, lr: 0.00006634, epoch_time: 4.0min
Epoch:[1/1](69720/79390), loss: 1.9688, logits_loss: 1.9688, aux_loss: 0.0000, lr: 0.00006627, epoch_time: 4.0min
Epoch:[1/1](69740/79390), loss: 1.9156, logits_loss: 1.9156, aux_loss: 0.0000, lr: 0.00006621, epoch_time: 4.0min
Epoch:[1/1](69760/79390), loss: 2.0958, logits_loss: 2.0958, aux_loss: 0.0000, lr: 0.00006614, epoch_time: 4.0min
Epoch:[1/1](69780/79390), loss: 2.2482, logits_loss: 2.2482, aux_loss: 0.0000, lr: 0.00006607, epoch_time: 4.0min
Epoch:[1/1](69800/79390), loss: 1.8600, logits_loss: 1.8600, aux_loss: 0.0000, lr: 0.00006601, epoch_time: 4.0min
Epoch:[1/1](69820/79390), loss: 1.7982, logits_loss: 1.7982, aux_loss: 0.0000, lr: 0.00006594, epoch_time: 4.0min
Epoch:[1/1](69840/79390), loss: 2.2080, logits_loss: 2.2080, aux_loss: 0.0000, lr: 0.00006588, epoch_time: 4.0min
Epoch:[1/1](69860/79390), loss: 2.0617, logits_loss: 2.0617, aux_loss: 0.0000, lr: 0.00006581, epoch_time: 4.0min
Epoch:[1/1](69880/79390), loss: 1.9595, logits_loss: 1.9595, aux_loss: 0.0000, lr: 0.00006575, epoch_time: 4.0min
Epoch:[1/1](69900/79390), loss: 1.9188, logits_loss: 1.9188, aux_loss: 0.0000, lr: 0.00006568, epoch_time: 4.0min
Epoch:[1/1](69920/79390), loss: 1.8940, logits_loss: 1.8940, aux_loss: 0.0000, lr: 0.00006561, epoch_time: 4.0min
Epoch:[1/1](69940/79390), loss: 1.8723, logits_loss: 1.8723, aux_loss: 0.0000, lr: 0.00006555, epoch_time: 4.0min
Epoch:[1/1](69960/79390), loss: 1.8684, logits_loss: 1.8684, aux_loss: 0.0000, lr: 0.00006548, epoch_time: 4.0min
Epoch:[1/1](69980/79390), loss: 1.9012, logits_loss: 1.9012, aux_loss: 0.0000, lr: 0.00006542, epoch_time: 4.0min
Epoch:[1/1](70000/79390), loss: 2.1055, logits_loss: 2.1055, aux_loss: 0.0000, lr: 0.00006535, epoch_time: 4.0min
Epoch:[1/1](70020/79390), loss: 1.7824, logits_loss: 1.7824, aux_loss: 0.0000, lr: 0.00006529, epoch_time: 4.0min
Epoch:[1/1](70040/79390), loss: 2.2003, logits_loss: 2.2003, aux_loss: 0.0000, lr: 0.00006523, epoch_time: 4.0min
Epoch:[1/1](70060/79390), loss: 2.1571, logits_loss: 2.1571, aux_loss: 0.0000, lr: 0.00006516, epoch_time: 4.0min
Epoch:[1/1](70080/79390), loss: 1.9315, logits_loss: 1.9315, aux_loss: 0.0000, lr: 0.00006510, epoch_time: 4.0min
Epoch:[1/1](70100/79390), loss: 1.9000, logits_loss: 1.9000, aux_loss: 0.0000, lr: 0.00006503, epoch_time: 4.0min
Epoch:[1/1](70120/79390), loss: 1.8593, logits_loss: 1.8593, aux_loss: 0.0000, lr: 0.00006497, epoch_time: 4.0min
Epoch:[1/1](70140/79390), loss: 2.0702, logits_loss: 2.0702, aux_loss: 0.0000, lr: 0.00006491, epoch_time: 4.0min
Epoch:[1/1](70160/79390), loss: 2.0436, logits_loss: 2.0436, aux_loss: 0.0000, lr: 0.00006484, epoch_time: 4.0min
Epoch:[1/1](70180/79390), loss: 2.0122, logits_loss: 2.0122, aux_loss: 0.0000, lr: 0.00006478, epoch_time: 4.0min
Epoch:[1/1](70200/79390), loss: 2.1021, logits_loss: 2.1021, aux_loss: 0.0000, lr: 0.00006471, epoch_time: 4.0min
Epoch:[1/1](70220/79390), loss: 2.1925, logits_loss: 2.1925, aux_loss: 0.0000, lr: 0.00006465, epoch_time: 4.0min
Epoch:[1/1](70240/79390), loss: 1.7982, logits_loss: 1.7982, aux_loss: 0.0000, lr: 0.00006459, epoch_time: 4.0min
Epoch:[1/1](70260/79390), loss: 1.9659, logits_loss: 1.9659, aux_loss: 0.0000, lr: 0.00006453, epoch_time: 4.0min
Epoch:[1/1](70280/79390), loss: 1.9818, logits_loss: 1.9818, aux_loss: 0.0000, lr: 0.00006446, epoch_time: 4.0min
Epoch:[1/1](70300/79390), loss: 2.0111, logits_loss: 2.0111, aux_loss: 0.0000, lr: 0.00006440, epoch_time: 4.0min
Epoch:[1/1](70320/79390), loss: 2.1271, logits_loss: 2.1271, aux_loss: 0.0000, lr: 0.00006434, epoch_time: 4.0min
Epoch:[1/1](70340/79390), loss: 2.0677, logits_loss: 2.0677, aux_loss: 0.0000, lr: 0.00006427, epoch_time: 4.0min
Epoch:[1/1](70360/79390), loss: 1.6119, logits_loss: 1.6119, aux_loss: 0.0000, lr: 0.00006421, epoch_time: 4.0min
Epoch:[1/1](70380/79390), loss: 1.7316, logits_loss: 1.7316, aux_loss: 0.0000, lr: 0.00006415, epoch_time: 4.0min
Epoch:[1/1](70400/79390), loss: 2.3488, logits_loss: 2.3488, aux_loss: 0.0000, lr: 0.00006409, epoch_time: 4.0min
Epoch:[1/1](70420/79390), loss: 1.8920, logits_loss: 1.8920, aux_loss: 0.0000, lr: 0.00006403, epoch_time: 4.0min
Epoch:[1/1](70440/79390), loss: 1.8551, logits_loss: 1.8551, aux_loss: 0.0000, lr: 0.00006396, epoch_time: 4.0min
Epoch:[1/1](70460/79390), loss: 2.1423, logits_loss: 2.1423, aux_loss: 0.0000, lr: 0.00006390, epoch_time: 4.0min
Epoch:[1/1](70480/79390), loss: 2.2775, logits_loss: 2.2775, aux_loss: 0.0000, lr: 0.00006384, epoch_time: 4.0min
Epoch:[1/1](70500/79390), loss: 2.1065, logits_loss: 2.1065, aux_loss: 0.0000, lr: 0.00006378, epoch_time: 4.0min
Epoch:[1/1](70520/79390), loss: 2.1109, logits_loss: 2.1109, aux_loss: 0.0000, lr: 0.00006372, epoch_time: 4.0min
Epoch:[1/1](70540/79390), loss: 2.0284, logits_loss: 2.0284, aux_loss: 0.0000, lr: 0.00006366, epoch_time: 4.0min
Epoch:[1/1](70560/79390), loss: 1.9635, logits_loss: 1.9635, aux_loss: 0.0000, lr: 0.00006360, epoch_time: 4.0min
Epoch:[1/1](70580/79390), loss: 1.9669, logits_loss: 1.9669, aux_loss: 0.0000, lr: 0.00006354, epoch_time: 4.0min
Epoch:[1/1](70600/79390), loss: 2.1568, logits_loss: 2.1568, aux_loss: 0.0000, lr: 0.00006347, epoch_time: 4.0min
Epoch:[1/1](70620/79390), loss: 2.1770, logits_loss: 2.1770, aux_loss: 0.0000, lr: 0.00006341, epoch_time: 4.0min
Epoch:[1/1](70640/79390), loss: 1.7935, logits_loss: 1.7935, aux_loss: 0.0000, lr: 0.00006335, epoch_time: 4.0min
Epoch:[1/1](70660/79390), loss: 1.8792, logits_loss: 1.8792, aux_loss: 0.0000, lr: 0.00006329, epoch_time: 4.0min
Epoch:[1/1](70680/79390), loss: 1.7497, logits_loss: 1.7497, aux_loss: 0.0000, lr: 0.00006323, epoch_time: 4.0min
Epoch:[1/1](70700/79390), loss: 1.8999, logits_loss: 1.8999, aux_loss: 0.0000, lr: 0.00006317, epoch_time: 4.0min
Epoch:[1/1](70720/79390), loss: 1.9316, logits_loss: 1.9316, aux_loss: 0.0000, lr: 0.00006311, epoch_time: 4.0min
Epoch:[1/1](70740/79390), loss: 2.0616, logits_loss: 2.0616, aux_loss: 0.0000, lr: 0.00006305, epoch_time: 4.0min
Epoch:[1/1](70760/79390), loss: 2.1465, logits_loss: 2.1465, aux_loss: 0.0000, lr: 0.00006299, epoch_time: 4.0min
Epoch:[1/1](70780/79390), loss: 1.9409, logits_loss: 1.9409, aux_loss: 0.0000, lr: 0.00006293, epoch_time: 4.0min
Epoch:[1/1](70800/79390), loss: 2.0835, logits_loss: 2.0835, aux_loss: 0.0000, lr: 0.00006287, epoch_time: 4.0min
Epoch:[1/1](70820/79390), loss: 2.1581, logits_loss: 2.1581, aux_loss: 0.0000, lr: 0.00006281, epoch_time: 4.0min
Epoch:[1/1](70840/79390), loss: 1.8734, logits_loss: 1.8734, aux_loss: 0.0000, lr: 0.00006276, epoch_time: 4.0min
Epoch:[1/1](70860/79390), loss: 1.9618, logits_loss: 1.9618, aux_loss: 0.0000, lr: 0.00006270, epoch_time: 4.0min
Epoch:[1/1](70880/79390), loss: 1.9085, logits_loss: 1.9085, aux_loss: 0.0000, lr: 0.00006264, epoch_time: 4.0min
Epoch:[1/1](70900/79390), loss: 2.0202, logits_loss: 2.0202, aux_loss: 0.0000, lr: 0.00006258, epoch_time: 4.0min
Epoch:[1/1](70920/79390), loss: 1.9380, logits_loss: 1.9380, aux_loss: 0.0000, lr: 0.00006252, epoch_time: 4.0min
Epoch:[1/1](70940/79390), loss: 2.0129, logits_loss: 2.0129, aux_loss: 0.0000, lr: 0.00006246, epoch_time: 3.0min
Epoch:[1/1](70960/79390), loss: 2.0228, logits_loss: 2.0228, aux_loss: 0.0000, lr: 0.00006240, epoch_time: 3.0min
Epoch:[1/1](70980/79390), loss: 1.9614, logits_loss: 1.9614, aux_loss: 0.0000, lr: 0.00006235, epoch_time: 3.0min
Epoch:[1/1](71000/79390), loss: 1.7974, logits_loss: 1.7974, aux_loss: 0.0000, lr: 0.00006229, epoch_time: 3.0min
Epoch:[1/1](71020/79390), loss: 2.1781, logits_loss: 2.1781, aux_loss: 0.0000, lr: 0.00006223, epoch_time: 3.0min
Epoch:[1/1](71040/79390), loss: 1.8261, logits_loss: 1.8261, aux_loss: 0.0000, lr: 0.00006217, epoch_time: 3.0min
Epoch:[1/1](71060/79390), loss: 1.9349, logits_loss: 1.9349, aux_loss: 0.0000, lr: 0.00006211, epoch_time: 3.0min
Epoch:[1/1](71080/79390), loss: 2.1332, logits_loss: 2.1332, aux_loss: 0.0000, lr: 0.00006206, epoch_time: 3.0min
Epoch:[1/1](71100/79390), loss: 2.0992, logits_loss: 2.0992, aux_loss: 0.0000, lr: 0.00006200, epoch_time: 3.0min
Epoch:[1/1](71120/79390), loss: 2.0342, logits_loss: 2.0342, aux_loss: 0.0000, lr: 0.00006194, epoch_time: 3.0min
Epoch:[1/1](71140/79390), loss: 1.9758, logits_loss: 1.9758, aux_loss: 0.0000, lr: 0.00006188, epoch_time: 3.0min
Epoch:[1/1](71160/79390), loss: 1.6871, logits_loss: 1.6871, aux_loss: 0.0000, lr: 0.00006183, epoch_time: 3.0min
Epoch:[1/1](71180/79390), loss: 1.6025, logits_loss: 1.6025, aux_loss: 0.0000, lr: 0.00006177, epoch_time: 3.0min
Epoch:[1/1](71200/79390), loss: 2.1610, logits_loss: 2.1610, aux_loss: 0.0000, lr: 0.00006171, epoch_time: 3.0min
Epoch:[1/1](71220/79390), loss: 2.0739, logits_loss: 2.0739, aux_loss: 0.0000, lr: 0.00006166, epoch_time: 3.0min
Epoch:[1/1](71240/79390), loss: 1.6226, logits_loss: 1.6226, aux_loss: 0.0000, lr: 0.00006160, epoch_time: 3.0min
Epoch:[1/1](71260/79390), loss: 2.0887, logits_loss: 2.0887, aux_loss: 0.0000, lr: 0.00006154, epoch_time: 3.0min
Epoch:[1/1](71280/79390), loss: 2.1606, logits_loss: 2.1606, aux_loss: 0.0000, lr: 0.00006149, epoch_time: 3.0min
Epoch:[1/1](71300/79390), loss: 1.8205, logits_loss: 1.8205, aux_loss: 0.0000, lr: 0.00006143, epoch_time: 3.0min
Epoch:[1/1](71320/79390), loss: 1.9394, logits_loss: 1.9394, aux_loss: 0.0000, lr: 0.00006138, epoch_time: 3.0min
Epoch:[1/1](71340/79390), loss: 2.1285, logits_loss: 2.1285, aux_loss: 0.0000, lr: 0.00006132, epoch_time: 3.0min
Epoch:[1/1](71360/79390), loss: 1.9742, logits_loss: 1.9742, aux_loss: 0.0000, lr: 0.00006126, epoch_time: 3.0min
Epoch:[1/1](71380/79390), loss: 1.9415, logits_loss: 1.9415, aux_loss: 0.0000, lr: 0.00006121, epoch_time: 3.0min
Epoch:[1/1](71400/79390), loss: 2.0388, logits_loss: 2.0388, aux_loss: 0.0000, lr: 0.00006115, epoch_time: 3.0min
Epoch:[1/1](71420/79390), loss: 2.3085, logits_loss: 2.3085, aux_loss: 0.0000, lr: 0.00006110, epoch_time: 3.0min
Epoch:[1/1](71440/79390), loss: 1.9462, logits_loss: 1.9462, aux_loss: 0.0000, lr: 0.00006104, epoch_time: 3.0min
Epoch:[1/1](71460/79390), loss: 1.9143, logits_loss: 1.9143, aux_loss: 0.0000, lr: 0.00006099, epoch_time: 3.0min
Epoch:[1/1](71480/79390), loss: 2.2135, logits_loss: 2.2135, aux_loss: 0.0000, lr: 0.00006093, epoch_time: 3.0min
Epoch:[1/1](71500/79390), loss: 1.8911, logits_loss: 1.8911, aux_loss: 0.0000, lr: 0.00006088, epoch_time: 3.0min
Epoch:[1/1](71520/79390), loss: 1.9765, logits_loss: 1.9765, aux_loss: 0.0000, lr: 0.00006082, epoch_time: 3.0min
Epoch:[1/1](71540/79390), loss: 1.9421, logits_loss: 1.9421, aux_loss: 0.0000, lr: 0.00006077, epoch_time: 3.0min
Epoch:[1/1](71560/79390), loss: 2.1725, logits_loss: 2.1725, aux_loss: 0.0000, lr: 0.00006071, epoch_time: 3.0min
Epoch:[1/1](71580/79390), loss: 1.8636, logits_loss: 1.8636, aux_loss: 0.0000, lr: 0.00006066, epoch_time: 3.0min
Epoch:[1/1](71600/79390), loss: 2.1912, logits_loss: 2.1912, aux_loss: 0.0000, lr: 0.00006061, epoch_time: 3.0min
Epoch:[1/1](71620/79390), loss: 1.9846, logits_loss: 1.9846, aux_loss: 0.0000, lr: 0.00006055, epoch_time: 3.0min
Epoch:[1/1](71640/79390), loss: 2.4440, logits_loss: 2.4440, aux_loss: 0.0000, lr: 0.00006050, epoch_time: 3.0min
Epoch:[1/1](71660/79390), loss: 2.0668, logits_loss: 2.0668, aux_loss: 0.0000, lr: 0.00006044, epoch_time: 3.0min
Epoch:[1/1](71680/79390), loss: 1.7125, logits_loss: 1.7125, aux_loss: 0.0000, lr: 0.00006039, epoch_time: 3.0min
Epoch:[1/1](71700/79390), loss: 2.1621, logits_loss: 2.1621, aux_loss: 0.0000, lr: 0.00006034, epoch_time: 3.0min
Epoch:[1/1](71720/79390), loss: 1.7867, logits_loss: 1.7867, aux_loss: 0.0000, lr: 0.00006028, epoch_time: 3.0min
Epoch:[1/1](71740/79390), loss: 2.2296, logits_loss: 2.2296, aux_loss: 0.0000, lr: 0.00006023, epoch_time: 3.0min
Epoch:[1/1](71760/79390), loss: 1.8837, logits_loss: 1.8837, aux_loss: 0.0000, lr: 0.00006018, epoch_time: 3.0min
Epoch:[1/1](71780/79390), loss: 2.0923, logits_loss: 2.0923, aux_loss: 0.0000, lr: 0.00006013, epoch_time: 3.0min
Epoch:[1/1](71800/79390), loss: 1.7851, logits_loss: 1.7851, aux_loss: 0.0000, lr: 0.00006007, epoch_time: 3.0min
Epoch:[1/1](71820/79390), loss: 2.2716, logits_loss: 2.2716, aux_loss: 0.0000, lr: 0.00006002, epoch_time: 3.0min
Epoch:[1/1](71840/79390), loss: 2.1464, logits_loss: 2.1464, aux_loss: 0.0000, lr: 0.00005997, epoch_time: 3.0min
Epoch:[1/1](71860/79390), loss: 2.1338, logits_loss: 2.1338, aux_loss: 0.0000, lr: 0.00005992, epoch_time: 3.0min
Epoch:[1/1](71880/79390), loss: 2.0432, logits_loss: 2.0432, aux_loss: 0.0000, lr: 0.00005986, epoch_time: 3.0min
Epoch:[1/1](71900/79390), loss: 2.0862, logits_loss: 2.0862, aux_loss: 0.0000, lr: 0.00005981, epoch_time: 3.0min
Epoch:[1/1](71920/79390), loss: 1.9599, logits_loss: 1.9599, aux_loss: 0.0000, lr: 0.00005976, epoch_time: 3.0min
Epoch:[1/1](71940/79390), loss: 1.7844, logits_loss: 1.7844, aux_loss: 0.0000, lr: 0.00005971, epoch_time: 3.0min
Epoch:[1/1](71960/79390), loss: 1.9949, logits_loss: 1.9949, aux_loss: 0.0000, lr: 0.00005966, epoch_time: 3.0min
Epoch:[1/1](71980/79390), loss: 2.2711, logits_loss: 2.2711, aux_loss: 0.0000, lr: 0.00005960, epoch_time: 3.0min
Epoch:[1/1](72000/79390), loss: 2.0270, logits_loss: 2.0270, aux_loss: 0.0000, lr: 0.00005955, epoch_time: 3.0min
Epoch:[1/1](72020/79390), loss: 2.0729, logits_loss: 2.0729, aux_loss: 0.0000, lr: 0.00005950, epoch_time: 3.0min
Epoch:[1/1](72040/79390), loss: 2.0606, logits_loss: 2.0606, aux_loss: 0.0000, lr: 0.00005945, epoch_time: 3.0min
Epoch:[1/1](72060/79390), loss: 2.1326, logits_loss: 2.1326, aux_loss: 0.0000, lr: 0.00005940, epoch_time: 3.0min
Epoch:[1/1](72080/79390), loss: 1.9339, logits_loss: 1.9339, aux_loss: 0.0000, lr: 0.00005935, epoch_time: 3.0min
Epoch:[1/1](72100/79390), loss: 1.9378, logits_loss: 1.9378, aux_loss: 0.0000, lr: 0.00005930, epoch_time: 3.0min
Epoch:[1/1](72120/79390), loss: 1.8701, logits_loss: 1.8701, aux_loss: 0.0000, lr: 0.00005925, epoch_time: 3.0min
Epoch:[1/1](72140/79390), loss: 1.9300, logits_loss: 1.9300, aux_loss: 0.0000, lr: 0.00005920, epoch_time: 3.0min
Epoch:[1/1](72160/79390), loss: 1.9808, logits_loss: 1.9808, aux_loss: 0.0000, lr: 0.00005915, epoch_time: 3.0min
Epoch:[1/1](72180/79390), loss: 2.0892, logits_loss: 2.0892, aux_loss: 0.0000, lr: 0.00005910, epoch_time: 3.0min
Epoch:[1/1](72200/79390), loss: 1.9192, logits_loss: 1.9192, aux_loss: 0.0000, lr: 0.00005905, epoch_time: 3.0min
Epoch:[1/1](72220/79390), loss: 1.6545, logits_loss: 1.6545, aux_loss: 0.0000, lr: 0.00005900, epoch_time: 3.0min
Epoch:[1/1](72240/79390), loss: 1.9740, logits_loss: 1.9740, aux_loss: 0.0000, lr: 0.00005895, epoch_time: 3.0min
Epoch:[1/1](72260/79390), loss: 2.1097, logits_loss: 2.1097, aux_loss: 0.0000, lr: 0.00005890, epoch_time: 3.0min
Epoch:[1/1](72280/79390), loss: 2.3989, logits_loss: 2.3989, aux_loss: 0.0000, lr: 0.00005885, epoch_time: 3.0min
Epoch:[1/1](72300/79390), loss: 1.9389, logits_loss: 1.9389, aux_loss: 0.0000, lr: 0.00005880, epoch_time: 3.0min
Epoch:[1/1](72320/79390), loss: 1.9353, logits_loss: 1.9353, aux_loss: 0.0000, lr: 0.00005875, epoch_time: 3.0min
Epoch:[1/1](72340/79390), loss: 2.0279, logits_loss: 2.0279, aux_loss: 0.0000, lr: 0.00005870, epoch_time: 3.0min
Epoch:[1/1](72360/79390), loss: 2.0696, logits_loss: 2.0696, aux_loss: 0.0000, lr: 0.00005865, epoch_time: 3.0min
Epoch:[1/1](72380/79390), loss: 2.0858, logits_loss: 2.0858, aux_loss: 0.0000, lr: 0.00005860, epoch_time: 3.0min
Epoch:[1/1](72400/79390), loss: 1.9414, logits_loss: 1.9414, aux_loss: 0.0000, lr: 0.00005855, epoch_time: 3.0min
Epoch:[1/1](72420/79390), loss: 1.9229, logits_loss: 1.9229, aux_loss: 0.0000, lr: 0.00005850, epoch_time: 3.0min
Epoch:[1/1](72440/79390), loss: 2.0168, logits_loss: 2.0168, aux_loss: 0.0000, lr: 0.00005846, epoch_time: 3.0min
Epoch:[1/1](72460/79390), loss: 1.7906, logits_loss: 1.7906, aux_loss: 0.0000, lr: 0.00005841, epoch_time: 3.0min
Epoch:[1/1](72480/79390), loss: 1.8165, logits_loss: 1.8165, aux_loss: 0.0000, lr: 0.00005836, epoch_time: 3.0min
Epoch:[1/1](72500/79390), loss: 2.0461, logits_loss: 2.0461, aux_loss: 0.0000, lr: 0.00005831, epoch_time: 3.0min
Epoch:[1/1](72520/79390), loss: 1.9947, logits_loss: 1.9947, aux_loss: 0.0000, lr: 0.00005826, epoch_time: 3.0min
Epoch:[1/1](72540/79390), loss: 1.7308, logits_loss: 1.7308, aux_loss: 0.0000, lr: 0.00005822, epoch_time: 3.0min
Epoch:[1/1](72560/79390), loss: 1.7454, logits_loss: 1.7454, aux_loss: 0.0000, lr: 0.00005817, epoch_time: 3.0min
Epoch:[1/1](72580/79390), loss: 2.1319, logits_loss: 2.1319, aux_loss: 0.0000, lr: 0.00005812, epoch_time: 3.0min
Epoch:[1/1](72600/79390), loss: 2.0892, logits_loss: 2.0892, aux_loss: 0.0000, lr: 0.00005807, epoch_time: 3.0min
Epoch:[1/1](72620/79390), loss: 1.7886, logits_loss: 1.7886, aux_loss: 0.0000, lr: 0.00005803, epoch_time: 3.0min
Epoch:[1/1](72640/79390), loss: 2.0472, logits_loss: 2.0472, aux_loss: 0.0000, lr: 0.00005798, epoch_time: 3.0min
Epoch:[1/1](72660/79390), loss: 2.0983, logits_loss: 2.0983, aux_loss: 0.0000, lr: 0.00005793, epoch_time: 3.0min
Epoch:[1/1](72680/79390), loss: 1.9843, logits_loss: 1.9843, aux_loss: 0.0000, lr: 0.00005789, epoch_time: 3.0min
Epoch:[1/1](72700/79390), loss: 2.0370, logits_loss: 2.0370, aux_loss: 0.0000, lr: 0.00005784, epoch_time: 3.0min
Epoch:[1/1](72720/79390), loss: 1.9990, logits_loss: 1.9990, aux_loss: 0.0000, lr: 0.00005779, epoch_time: 3.0min
Epoch:[1/1](72740/79390), loss: 1.9190, logits_loss: 1.9190, aux_loss: 0.0000, lr: 0.00005775, epoch_time: 3.0min
Epoch:[1/1](72760/79390), loss: 1.8819, logits_loss: 1.8819, aux_loss: 0.0000, lr: 0.00005770, epoch_time: 3.0min
Epoch:[1/1](72780/79390), loss: 1.7392, logits_loss: 1.7392, aux_loss: 0.0000, lr: 0.00005765, epoch_time: 3.0min
Epoch:[1/1](72800/79390), loss: 1.8824, logits_loss: 1.8824, aux_loss: 0.0000, lr: 0.00005761, epoch_time: 3.0min
Epoch:[1/1](72820/79390), loss: 2.1261, logits_loss: 2.1261, aux_loss: 0.0000, lr: 0.00005756, epoch_time: 3.0min
Epoch:[1/1](72840/79390), loss: 2.1189, logits_loss: 2.1189, aux_loss: 0.0000, lr: 0.00005752, epoch_time: 3.0min
Epoch:[1/1](72860/79390), loss: 1.9281, logits_loss: 1.9281, aux_loss: 0.0000, lr: 0.00005747, epoch_time: 3.0min
Epoch:[1/1](72880/79390), loss: 1.9915, logits_loss: 1.9915, aux_loss: 0.0000, lr: 0.00005742, epoch_time: 3.0min
Epoch:[1/1](72900/79390), loss: 1.8710, logits_loss: 1.8710, aux_loss: 0.0000, lr: 0.00005738, epoch_time: 3.0min
Epoch:[1/1](72920/79390), loss: 1.8822, logits_loss: 1.8822, aux_loss: 0.0000, lr: 0.00005733, epoch_time: 3.0min
Epoch:[1/1](72940/79390), loss: 2.0426, logits_loss: 2.0426, aux_loss: 0.0000, lr: 0.00005729, epoch_time: 3.0min
Epoch:[1/1](72960/79390), loss: 2.0721, logits_loss: 2.0721, aux_loss: 0.0000, lr: 0.00005724, epoch_time: 3.0min
Epoch:[1/1](72980/79390), loss: 1.9282, logits_loss: 1.9282, aux_loss: 0.0000, lr: 0.00005720, epoch_time: 3.0min
Epoch:[1/1](73000/79390), loss: 2.2265, logits_loss: 2.2265, aux_loss: 0.0000, lr: 0.00005715, epoch_time: 3.0min
Epoch:[1/1](73020/79390), loss: 1.9698, logits_loss: 1.9698, aux_loss: 0.0000, lr: 0.00005711, epoch_time: 3.0min
Epoch:[1/1](73040/79390), loss: 2.2006, logits_loss: 2.2006, aux_loss: 0.0000, lr: 0.00005707, epoch_time: 3.0min
Epoch:[1/1](73060/79390), loss: 2.0467, logits_loss: 2.0467, aux_loss: 0.0000, lr: 0.00005702, epoch_time: 2.0min
Epoch:[1/1](73080/79390), loss: 2.2667, logits_loss: 2.2667, aux_loss: 0.0000, lr: 0.00005698, epoch_time: 2.0min
Epoch:[1/1](73100/79390), loss: 1.8464, logits_loss: 1.8464, aux_loss: 0.0000, lr: 0.00005693, epoch_time: 2.0min
Epoch:[1/1](73120/79390), loss: 1.9225, logits_loss: 1.9225, aux_loss: 0.0000, lr: 0.00005689, epoch_time: 2.0min
Epoch:[1/1](73140/79390), loss: 1.9673, logits_loss: 1.9673, aux_loss: 0.0000, lr: 0.00005685, epoch_time: 2.0min
Epoch:[1/1](73160/79390), loss: 2.1835, logits_loss: 2.1835, aux_loss: 0.0000, lr: 0.00005680, epoch_time: 2.0min
Epoch:[1/1](73180/79390), loss: 2.0688, logits_loss: 2.0688, aux_loss: 0.0000, lr: 0.00005676, epoch_time: 2.0min
Epoch:[1/1](73200/79390), loss: 2.0486, logits_loss: 2.0486, aux_loss: 0.0000, lr: 0.00005672, epoch_time: 2.0min
Epoch:[1/1](73220/79390), loss: 2.2605, logits_loss: 2.2605, aux_loss: 0.0000, lr: 0.00005667, epoch_time: 2.0min
Epoch:[1/1](73240/79390), loss: 1.6870, logits_loss: 1.6870, aux_loss: 0.0000, lr: 0.00005663, epoch_time: 2.0min
Epoch:[1/1](73260/79390), loss: 2.0507, logits_loss: 2.0507, aux_loss: 0.0000, lr: 0.00005659, epoch_time: 2.0min
Epoch:[1/1](73280/79390), loss: 2.1837, logits_loss: 2.1837, aux_loss: 0.0000, lr: 0.00005654, epoch_time: 2.0min
Epoch:[1/1](73300/79390), loss: 1.8230, logits_loss: 1.8230, aux_loss: 0.0000, lr: 0.00005650, epoch_time: 2.0min
Epoch:[1/1](73320/79390), loss: 1.8801, logits_loss: 1.8801, aux_loss: 0.0000, lr: 0.00005646, epoch_time: 2.0min
Epoch:[1/1](73340/79390), loss: 2.0472, logits_loss: 2.0472, aux_loss: 0.0000, lr: 0.00005642, epoch_time: 2.0min
Epoch:[1/1](73360/79390), loss: 1.9970, logits_loss: 1.9970, aux_loss: 0.0000, lr: 0.00005638, epoch_time: 2.0min
Epoch:[1/1](73380/79390), loss: 1.9269, logits_loss: 1.9269, aux_loss: 0.0000, lr: 0.00005633, epoch_time: 2.0min
Epoch:[1/1](73400/79390), loss: 1.7915, logits_loss: 1.7915, aux_loss: 0.0000, lr: 0.00005629, epoch_time: 2.0min
Epoch:[1/1](73420/79390), loss: 1.9223, logits_loss: 1.9223, aux_loss: 0.0000, lr: 0.00005625, epoch_time: 2.0min
Epoch:[1/1](73440/79390), loss: 1.8761, logits_loss: 1.8761, aux_loss: 0.0000, lr: 0.00005621, epoch_time: 2.0min
Epoch:[1/1](73460/79390), loss: 1.8960, logits_loss: 1.8960, aux_loss: 0.0000, lr: 0.00005617, epoch_time: 2.0min
Epoch:[1/1](73480/79390), loss: 1.7446, logits_loss: 1.7446, aux_loss: 0.0000, lr: 0.00005613, epoch_time: 2.0min
Epoch:[1/1](73500/79390), loss: 1.7789, logits_loss: 1.7789, aux_loss: 0.0000, lr: 0.00005608, epoch_time: 2.0min
Epoch:[1/1](73520/79390), loss: 1.7936, logits_loss: 1.7936, aux_loss: 0.0000, lr: 0.00005604, epoch_time: 2.0min
Epoch:[1/1](73540/79390), loss: 1.9728, logits_loss: 1.9728, aux_loss: 0.0000, lr: 0.00005600, epoch_time: 2.0min
Epoch:[1/1](73560/79390), loss: 1.9759, logits_loss: 1.9759, aux_loss: 0.0000, lr: 0.00005596, epoch_time: 2.0min
Epoch:[1/1](73580/79390), loss: 2.0820, logits_loss: 2.0820, aux_loss: 0.0000, lr: 0.00005592, epoch_time: 2.0min
Epoch:[1/1](73600/79390), loss: 2.0676, logits_loss: 2.0676, aux_loss: 0.0000, lr: 0.00005588, epoch_time: 2.0min
Epoch:[1/1](73620/79390), loss: 1.8171, logits_loss: 1.8171, aux_loss: 0.0000, lr: 0.00005584, epoch_time: 2.0min
Epoch:[1/1](73640/79390), loss: 1.7078, logits_loss: 1.7078, aux_loss: 0.0000, lr: 0.00005580, epoch_time: 2.0min
Epoch:[1/1](73660/79390), loss: 1.7254, logits_loss: 1.7254, aux_loss: 0.0000, lr: 0.00005576, epoch_time: 2.0min
Epoch:[1/1](73680/79390), loss: 1.9663, logits_loss: 1.9663, aux_loss: 0.0000, lr: 0.00005572, epoch_time: 2.0min
Epoch:[1/1](73700/79390), loss: 2.0818, logits_loss: 2.0818, aux_loss: 0.0000, lr: 0.00005568, epoch_time: 2.0min
Epoch:[1/1](73720/79390), loss: 1.9630, logits_loss: 1.9630, aux_loss: 0.0000, lr: 0.00005564, epoch_time: 2.0min
Epoch:[1/1](73740/79390), loss: 2.0972, logits_loss: 2.0972, aux_loss: 0.0000, lr: 0.00005560, epoch_time: 2.0min
Epoch:[1/1](73760/79390), loss: 2.1241, logits_loss: 2.1241, aux_loss: 0.0000, lr: 0.00005556, epoch_time: 2.0min
Epoch:[1/1](73780/79390), loss: 2.0505, logits_loss: 2.0505, aux_loss: 0.0000, lr: 0.00005552, epoch_time: 2.0min
Epoch:[1/1](73800/79390), loss: 1.8446, logits_loss: 1.8446, aux_loss: 0.0000, lr: 0.00005548, epoch_time: 2.0min
Epoch:[1/1](73820/79390), loss: 1.7340, logits_loss: 1.7340, aux_loss: 0.0000, lr: 0.00005544, epoch_time: 2.0min
Epoch:[1/1](73840/79390), loss: 2.0640, logits_loss: 2.0640, aux_loss: 0.0000, lr: 0.00005540, epoch_time: 2.0min
Epoch:[1/1](73860/79390), loss: 2.0333, logits_loss: 2.0333, aux_loss: 0.0000, lr: 0.00005537, epoch_time: 2.0min
Epoch:[1/1](73880/79390), loss: 1.7931, logits_loss: 1.7931, aux_loss: 0.0000, lr: 0.00005533, epoch_time: 2.0min
Epoch:[1/1](73900/79390), loss: 2.2012, logits_loss: 2.2012, aux_loss: 0.0000, lr: 0.00005529, epoch_time: 2.0min
Epoch:[1/1](73920/79390), loss: 2.0406, logits_loss: 2.0406, aux_loss: 0.0000, lr: 0.00005525, epoch_time: 2.0min
Epoch:[1/1](73940/79390), loss: 2.0082, logits_loss: 2.0082, aux_loss: 0.0000, lr: 0.00005521, epoch_time: 2.0min
Epoch:[1/1](73960/79390), loss: 2.0200, logits_loss: 2.0200, aux_loss: 0.0000, lr: 0.00005517, epoch_time: 2.0min
Epoch:[1/1](73980/79390), loss: 1.8285, logits_loss: 1.8285, aux_loss: 0.0000, lr: 0.00005514, epoch_time: 2.0min
Epoch:[1/1](74000/79390), loss: 1.8625, logits_loss: 1.8625, aux_loss: 0.0000, lr: 0.00005510, epoch_time: 2.0min
Epoch:[1/1](74020/79390), loss: 1.9620, logits_loss: 1.9620, aux_loss: 0.0000, lr: 0.00005506, epoch_time: 2.0min
Epoch:[1/1](74040/79390), loss: 2.1728, logits_loss: 2.1728, aux_loss: 0.0000, lr: 0.00005502, epoch_time: 2.0min
Epoch:[1/1](74060/79390), loss: 2.1379, logits_loss: 2.1379, aux_loss: 0.0000, lr: 0.00005499, epoch_time: 2.0min
Epoch:[1/1](74080/79390), loss: 2.2134, logits_loss: 2.2134, aux_loss: 0.0000, lr: 0.00005495, epoch_time: 2.0min
Epoch:[1/1](74100/79390), loss: 1.6985, logits_loss: 1.6985, aux_loss: 0.0000, lr: 0.00005491, epoch_time: 2.0min
Epoch:[1/1](74120/79390), loss: 1.8725, logits_loss: 1.8725, aux_loss: 0.0000, lr: 0.00005487, epoch_time: 2.0min
Epoch:[1/1](74140/79390), loss: 2.1624, logits_loss: 2.1624, aux_loss: 0.0000, lr: 0.00005484, epoch_time: 2.0min
Epoch:[1/1](74160/79390), loss: 1.9640, logits_loss: 1.9640, aux_loss: 0.0000, lr: 0.00005480, epoch_time: 2.0min
Epoch:[1/1](74180/79390), loss: 1.7343, logits_loss: 1.7343, aux_loss: 0.0000, lr: 0.00005476, epoch_time: 2.0min
Epoch:[1/1](74200/79390), loss: 2.0695, logits_loss: 2.0695, aux_loss: 0.0000, lr: 0.00005473, epoch_time: 2.0min
Epoch:[1/1](74220/79390), loss: 1.7719, logits_loss: 1.7719, aux_loss: 0.0000, lr: 0.00005469, epoch_time: 2.0min
Epoch:[1/1](74240/79390), loss: 2.0343, logits_loss: 2.0343, aux_loss: 0.0000, lr: 0.00005466, epoch_time: 2.0min
Epoch:[1/1](74260/79390), loss: 2.1410, logits_loss: 2.1410, aux_loss: 0.0000, lr: 0.00005462, epoch_time: 2.0min
Epoch:[1/1](74280/79390), loss: 2.3548, logits_loss: 2.3548, aux_loss: 0.0000, lr: 0.00005458, epoch_time: 2.0min
Epoch:[1/1](74300/79390), loss: 1.7736, logits_loss: 1.7736, aux_loss: 0.0000, lr: 0.00005455, epoch_time: 2.0min
Epoch:[1/1](74320/79390), loss: 1.9128, logits_loss: 1.9128, aux_loss: 0.0000, lr: 0.00005451, epoch_time: 2.0min
Epoch:[1/1](74340/79390), loss: 2.2102, logits_loss: 2.2102, aux_loss: 0.0000, lr: 0.00005448, epoch_time: 2.0min
Epoch:[1/1](74360/79390), loss: 2.0094, logits_loss: 2.0094, aux_loss: 0.0000, lr: 0.00005444, epoch_time: 2.0min
Epoch:[1/1](74380/79390), loss: 1.7637, logits_loss: 1.7637, aux_loss: 0.0000, lr: 0.00005441, epoch_time: 2.0min
Epoch:[1/1](74400/79390), loss: 1.9790, logits_loss: 1.9790, aux_loss: 0.0000, lr: 0.00005437, epoch_time: 2.0min
Epoch:[1/1](74420/79390), loss: 1.9238, logits_loss: 1.9238, aux_loss: 0.0000, lr: 0.00005434, epoch_time: 2.0min
Epoch:[1/1](74440/79390), loss: 1.7833, logits_loss: 1.7833, aux_loss: 0.0000, lr: 0.00005430, epoch_time: 2.0min
Epoch:[1/1](74460/79390), loss: 1.9432, logits_loss: 1.9432, aux_loss: 0.0000, lr: 0.00005427, epoch_time: 2.0min
Epoch:[1/1](74480/79390), loss: 1.9208, logits_loss: 1.9208, aux_loss: 0.0000, lr: 0.00005423, epoch_time: 2.0min
Epoch:[1/1](74500/79390), loss: 2.1459, logits_loss: 2.1459, aux_loss: 0.0000, lr: 0.00005420, epoch_time: 2.0min
Epoch:[1/1](74520/79390), loss: 1.9918, logits_loss: 1.9918, aux_loss: 0.0000, lr: 0.00005417, epoch_time: 2.0min
Epoch:[1/1](74540/79390), loss: 1.7536, logits_loss: 1.7536, aux_loss: 0.0000, lr: 0.00005413, epoch_time: 2.0min
Epoch:[1/1](74560/79390), loss: 1.8618, logits_loss: 1.8618, aux_loss: 0.0000, lr: 0.00005410, epoch_time: 2.0min
Epoch:[1/1](74580/79390), loss: 1.8457, logits_loss: 1.8457, aux_loss: 0.0000, lr: 0.00005406, epoch_time: 2.0min
Epoch:[1/1](74600/79390), loss: 2.1036, logits_loss: 2.1036, aux_loss: 0.0000, lr: 0.00005403, epoch_time: 2.0min
Epoch:[1/1](74620/79390), loss: 1.7851, logits_loss: 1.7851, aux_loss: 0.0000, lr: 0.00005400, epoch_time: 2.0min
Epoch:[1/1](74640/79390), loss: 2.0153, logits_loss: 2.0153, aux_loss: 0.0000, lr: 0.00005396, epoch_time: 2.0min
Epoch:[1/1](74660/79390), loss: 1.9385, logits_loss: 1.9385, aux_loss: 0.0000, lr: 0.00005393, epoch_time: 2.0min
Epoch:[1/1](74680/79390), loss: 1.7837, logits_loss: 1.7837, aux_loss: 0.0000, lr: 0.00005390, epoch_time: 2.0min
Epoch:[1/1](74700/79390), loss: 1.9071, logits_loss: 1.9071, aux_loss: 0.0000, lr: 0.00005386, epoch_time: 2.0min
Epoch:[1/1](74720/79390), loss: 2.0551, logits_loss: 2.0551, aux_loss: 0.0000, lr: 0.00005383, epoch_time: 2.0min
Epoch:[1/1](74740/79390), loss: 1.9216, logits_loss: 1.9216, aux_loss: 0.0000, lr: 0.00005380, epoch_time: 2.0min
Epoch:[1/1](74760/79390), loss: 1.7819, logits_loss: 1.7819, aux_loss: 0.0000, lr: 0.00005377, epoch_time: 2.0min
Epoch:[1/1](74780/79390), loss: 2.2035, logits_loss: 2.2035, aux_loss: 0.0000, lr: 0.00005373, epoch_time: 2.0min
Epoch:[1/1](74800/79390), loss: 2.0708, logits_loss: 2.0708, aux_loss: 0.0000, lr: 0.00005370, epoch_time: 2.0min
Epoch:[1/1](74820/79390), loss: 1.7471, logits_loss: 1.7471, aux_loss: 0.0000, lr: 0.00005367, epoch_time: 2.0min
Epoch:[1/1](74840/79390), loss: 1.9012, logits_loss: 1.9012, aux_loss: 0.0000, lr: 0.00005364, epoch_time: 2.0min
Epoch:[1/1](74860/79390), loss: 1.6621, logits_loss: 1.6621, aux_loss: 0.0000, lr: 0.00005361, epoch_time: 2.0min
Epoch:[1/1](74880/79390), loss: 2.0654, logits_loss: 2.0654, aux_loss: 0.0000, lr: 0.00005357, epoch_time: 2.0min
Epoch:[1/1](74900/79390), loss: 2.0092, logits_loss: 2.0092, aux_loss: 0.0000, lr: 0.00005354, epoch_time: 2.0min
Epoch:[1/1](74920/79390), loss: 1.8755, logits_loss: 1.8755, aux_loss: 0.0000, lr: 0.00005351, epoch_time: 2.0min
Epoch:[1/1](74940/79390), loss: 2.0249, logits_loss: 2.0249, aux_loss: 0.0000, lr: 0.00005348, epoch_time: 2.0min
Epoch:[1/1](74960/79390), loss: 1.9757, logits_loss: 1.9757, aux_loss: 0.0000, lr: 0.00005345, epoch_time: 2.0min
Epoch:[1/1](74980/79390), loss: 1.9007, logits_loss: 1.9007, aux_loss: 0.0000, lr: 0.00005342, epoch_time: 2.0min
Epoch:[1/1](75000/79390), loss: 2.3857, logits_loss: 2.3857, aux_loss: 0.0000, lr: 0.00005339, epoch_time: 2.0min
Epoch:[1/1](75020/79390), loss: 2.0727, logits_loss: 2.0727, aux_loss: 0.0000, lr: 0.00005336, epoch_time: 2.0min
Epoch:[1/1](75040/79390), loss: 2.2158, logits_loss: 2.2158, aux_loss: 0.0000, lr: 0.00005333, epoch_time: 2.0min
Epoch:[1/1](75060/79390), loss: 1.9454, logits_loss: 1.9454, aux_loss: 0.0000, lr: 0.00005329, epoch_time: 2.0min
Epoch:[1/1](75080/79390), loss: 1.9275, logits_loss: 1.9275, aux_loss: 0.0000, lr: 0.00005326, epoch_time: 2.0min
Epoch:[1/1](75100/79390), loss: 2.0288, logits_loss: 2.0288, aux_loss: 0.0000, lr: 0.00005323, epoch_time: 2.0min
Epoch:[1/1](75120/79390), loss: 1.9238, logits_loss: 1.9238, aux_loss: 0.0000, lr: 0.00005320, epoch_time: 2.0min
Epoch:[1/1](75140/79390), loss: 2.0901, logits_loss: 2.0901, aux_loss: 0.0000, lr: 0.00005317, epoch_time: 2.0min
Epoch:[1/1](75160/79390), loss: 2.6153, logits_loss: 2.6153, aux_loss: 0.0000, lr: 0.00005314, epoch_time: 1.0min
Epoch:[1/1](75180/79390), loss: 1.9293, logits_loss: 1.9293, aux_loss: 0.0000, lr: 0.00005312, epoch_time: 1.0min
Epoch:[1/1](75200/79390), loss: 1.7541, logits_loss: 1.7541, aux_loss: 0.0000, lr: 0.00005309, epoch_time: 1.0min
Epoch:[1/1](75220/79390), loss: 2.0531, logits_loss: 2.0531, aux_loss: 0.0000, lr: 0.00005306, epoch_time: 1.0min
Epoch:[1/1](75240/79390), loss: 1.9246, logits_loss: 1.9246, aux_loss: 0.0000, lr: 0.00005303, epoch_time: 1.0min
Epoch:[1/1](75260/79390), loss: 2.0885, logits_loss: 2.0885, aux_loss: 0.0000, lr: 0.00005300, epoch_time: 1.0min
Epoch:[1/1](75280/79390), loss: 1.9589, logits_loss: 1.9589, aux_loss: 0.0000, lr: 0.00005297, epoch_time: 1.0min
Epoch:[1/1](75300/79390), loss: 1.9687, logits_loss: 1.9687, aux_loss: 0.0000, lr: 0.00005294, epoch_time: 1.0min
Epoch:[1/1](75320/79390), loss: 2.0086, logits_loss: 2.0086, aux_loss: 0.0000, lr: 0.00005291, epoch_time: 1.0min
Epoch:[1/1](75340/79390), loss: 2.0125, logits_loss: 2.0125, aux_loss: 0.0000, lr: 0.00005288, epoch_time: 1.0min
Epoch:[1/1](75360/79390), loss: 1.9434, logits_loss: 1.9434, aux_loss: 0.0000, lr: 0.00005286, epoch_time: 1.0min
Epoch:[1/1](75380/79390), loss: 1.7821, logits_loss: 1.7821, aux_loss: 0.0000, lr: 0.00005283, epoch_time: 1.0min
Epoch:[1/1](75400/79390), loss: 2.1470, logits_loss: 2.1470, aux_loss: 0.0000, lr: 0.00005280, epoch_time: 1.0min
Epoch:[1/1](75420/79390), loss: 1.6071, logits_loss: 1.6071, aux_loss: 0.0000, lr: 0.00005277, epoch_time: 1.0min
Epoch:[1/1](75440/79390), loss: 2.2435, logits_loss: 2.2435, aux_loss: 0.0000, lr: 0.00005274, epoch_time: 1.0min
Epoch:[1/1](75460/79390), loss: 2.0987, logits_loss: 2.0987, aux_loss: 0.0000, lr: 0.00005272, epoch_time: 1.0min
Epoch:[1/1](75480/79390), loss: 1.9146, logits_loss: 1.9146, aux_loss: 0.0000, lr: 0.00005269, epoch_time: 1.0min
Epoch:[1/1](75500/79390), loss: 2.0771, logits_loss: 2.0771, aux_loss: 0.0000, lr: 0.00005266, epoch_time: 1.0min
Epoch:[1/1](75520/79390), loss: 2.0259, logits_loss: 2.0259, aux_loss: 0.0000, lr: 0.00005263, epoch_time: 1.0min
Epoch:[1/1](75540/79390), loss: 2.0698, logits_loss: 2.0698, aux_loss: 0.0000, lr: 0.00005261, epoch_time: 1.0min
Epoch:[1/1](75560/79390), loss: 2.0214, logits_loss: 2.0214, aux_loss: 0.0000, lr: 0.00005258, epoch_time: 1.0min
Epoch:[1/1](75580/79390), loss: 2.2663, logits_loss: 2.2663, aux_loss: 0.0000, lr: 0.00005255, epoch_time: 1.0min
Epoch:[1/1](75600/79390), loss: 2.0689, logits_loss: 2.0689, aux_loss: 0.0000, lr: 0.00005253, epoch_time: 1.0min
Epoch:[1/1](75620/79390), loss: 2.1931, logits_loss: 2.1931, aux_loss: 0.0000, lr: 0.00005250, epoch_time: 1.0min
Epoch:[1/1](75640/79390), loss: 1.8630, logits_loss: 1.8630, aux_loss: 0.0000, lr: 0.00005247, epoch_time: 1.0min
Epoch:[1/1](75660/79390), loss: 2.0762, logits_loss: 2.0762, aux_loss: 0.0000, lr: 0.00005245, epoch_time: 1.0min
Epoch:[1/1](75680/79390), loss: 2.0012, logits_loss: 2.0012, aux_loss: 0.0000, lr: 0.00005242, epoch_time: 1.0min
Epoch:[1/1](75700/79390), loss: 1.7521, logits_loss: 1.7521, aux_loss: 0.0000, lr: 0.00005239, epoch_time: 1.0min
Epoch:[1/1](75720/79390), loss: 2.2970, logits_loss: 2.2970, aux_loss: 0.0000, lr: 0.00005237, epoch_time: 1.0min
Epoch:[1/1](75740/79390), loss: 2.1174, logits_loss: 2.1174, aux_loss: 0.0000, lr: 0.00005234, epoch_time: 1.0min
Epoch:[1/1](75760/79390), loss: 2.3032, logits_loss: 2.3032, aux_loss: 0.0000, lr: 0.00005232, epoch_time: 1.0min
Epoch:[1/1](75780/79390), loss: 2.0664, logits_loss: 2.0664, aux_loss: 0.0000, lr: 0.00005229, epoch_time: 1.0min
Epoch:[1/1](75800/79390), loss: 1.7350, logits_loss: 1.7350, aux_loss: 0.0000, lr: 0.00005227, epoch_time: 1.0min
Epoch:[1/1](75820/79390), loss: 2.0559, logits_loss: 2.0559, aux_loss: 0.0000, lr: 0.00005224, epoch_time: 1.0min
Epoch:[1/1](75840/79390), loss: 1.8080, logits_loss: 1.8080, aux_loss: 0.0000, lr: 0.00005222, epoch_time: 1.0min
Epoch:[1/1](75860/79390), loss: 2.0190, logits_loss: 2.0190, aux_loss: 0.0000, lr: 0.00005219, epoch_time: 1.0min
Epoch:[1/1](75880/79390), loss: 1.8953, logits_loss: 1.8953, aux_loss: 0.0000, lr: 0.00005217, epoch_time: 1.0min
Epoch:[1/1](75900/79390), loss: 1.7496, logits_loss: 1.7496, aux_loss: 0.0000, lr: 0.00005214, epoch_time: 1.0min
Epoch:[1/1](75920/79390), loss: 1.6901, logits_loss: 1.6901, aux_loss: 0.0000, lr: 0.00005212, epoch_time: 1.0min
Epoch:[1/1](75940/79390), loss: 1.8726, logits_loss: 1.8726, aux_loss: 0.0000, lr: 0.00005209, epoch_time: 1.0min
Epoch:[1/1](75960/79390), loss: 2.0272, logits_loss: 2.0272, aux_loss: 0.0000, lr: 0.00005207, epoch_time: 1.0min
Epoch:[1/1](75980/79390), loss: 1.9772, logits_loss: 1.9772, aux_loss: 0.0000, lr: 0.00005205, epoch_time: 1.0min
Epoch:[1/1](76000/79390), loss: 2.0964, logits_loss: 2.0964, aux_loss: 0.0000, lr: 0.00005202, epoch_time: 1.0min
Epoch:[1/1](76020/79390), loss: 2.0434, logits_loss: 2.0434, aux_loss: 0.0000, lr: 0.00005200, epoch_time: 1.0min
Epoch:[1/1](76040/79390), loss: 1.7823, logits_loss: 1.7823, aux_loss: 0.0000, lr: 0.00005197, epoch_time: 1.0min
Epoch:[1/1](76060/79390), loss: 1.8838, logits_loss: 1.8838, aux_loss: 0.0000, lr: 0.00005195, epoch_time: 1.0min
Epoch:[1/1](76080/79390), loss: 2.0069, logits_loss: 2.0069, aux_loss: 0.0000, lr: 0.00005193, epoch_time: 1.0min
Epoch:[1/1](76100/79390), loss: 2.0348, logits_loss: 2.0348, aux_loss: 0.0000, lr: 0.00005190, epoch_time: 1.0min
Epoch:[1/1](76120/79390), loss: 1.7690, logits_loss: 1.7690, aux_loss: 0.0000, lr: 0.00005188, epoch_time: 1.0min
Epoch:[1/1](76140/79390), loss: 1.9504, logits_loss: 1.9504, aux_loss: 0.0000, lr: 0.00005186, epoch_time: 1.0min
Epoch:[1/1](76160/79390), loss: 1.9727, logits_loss: 1.9727, aux_loss: 0.0000, lr: 0.00005184, epoch_time: 1.0min
Epoch:[1/1](76180/79390), loss: 2.0439, logits_loss: 2.0439, aux_loss: 0.0000, lr: 0.00005181, epoch_time: 1.0min
Epoch:[1/1](76200/79390), loss: 2.0036, logits_loss: 2.0036, aux_loss: 0.0000, lr: 0.00005179, epoch_time: 1.0min
Epoch:[1/1](76220/79390), loss: 2.0823, logits_loss: 2.0823, aux_loss: 0.0000, lr: 0.00005177, epoch_time: 1.0min
Epoch:[1/1](76240/79390), loss: 1.7950, logits_loss: 1.7950, aux_loss: 0.0000, lr: 0.00005175, epoch_time: 1.0min
Epoch:[1/1](76260/79390), loss: 2.2573, logits_loss: 2.2573, aux_loss: 0.0000, lr: 0.00005172, epoch_time: 1.0min
Epoch:[1/1](76280/79390), loss: 2.1462, logits_loss: 2.1462, aux_loss: 0.0000, lr: 0.00005170, epoch_time: 1.0min
Epoch:[1/1](76300/79390), loss: 2.1043, logits_loss: 2.1043, aux_loss: 0.0000, lr: 0.00005168, epoch_time: 1.0min
Epoch:[1/1](76320/79390), loss: 2.0039, logits_loss: 2.0039, aux_loss: 0.0000, lr: 0.00005166, epoch_time: 1.0min
Epoch:[1/1](76340/79390), loss: 2.1247, logits_loss: 2.1247, aux_loss: 0.0000, lr: 0.00005164, epoch_time: 1.0min
Epoch:[1/1](76360/79390), loss: 1.9038, logits_loss: 1.9038, aux_loss: 0.0000, lr: 0.00005162, epoch_time: 1.0min
Epoch:[1/1](76380/79390), loss: 1.8814, logits_loss: 1.8814, aux_loss: 0.0000, lr: 0.00005159, epoch_time: 1.0min
Epoch:[1/1](76400/79390), loss: 2.0014, logits_loss: 2.0014, aux_loss: 0.0000, lr: 0.00005157, epoch_time: 1.0min
Epoch:[1/1](76420/79390), loss: 2.0759, logits_loss: 2.0759, aux_loss: 0.0000, lr: 0.00005155, epoch_time: 1.0min
Epoch:[1/1](76440/79390), loss: 2.0930, logits_loss: 2.0930, aux_loss: 0.0000, lr: 0.00005153, epoch_time: 1.0min
Epoch:[1/1](76460/79390), loss: 1.8572, logits_loss: 1.8572, aux_loss: 0.0000, lr: 0.00005151, epoch_time: 1.0min
Epoch:[1/1](76480/79390), loss: 1.9319, logits_loss: 1.9319, aux_loss: 0.0000, lr: 0.00005149, epoch_time: 1.0min
Epoch:[1/1](76500/79390), loss: 1.6692, logits_loss: 1.6692, aux_loss: 0.0000, lr: 0.00005147, epoch_time: 1.0min
Epoch:[1/1](76520/79390), loss: 2.1229, logits_loss: 2.1229, aux_loss: 0.0000, lr: 0.00005145, epoch_time: 1.0min
Epoch:[1/1](76540/79390), loss: 1.9759, logits_loss: 1.9759, aux_loss: 0.0000, lr: 0.00005143, epoch_time: 1.0min
Epoch:[1/1](76560/79390), loss: 1.9984, logits_loss: 1.9984, aux_loss: 0.0000, lr: 0.00005141, epoch_time: 1.0min
Epoch:[1/1](76580/79390), loss: 2.0999, logits_loss: 2.0999, aux_loss: 0.0000, lr: 0.00005139, epoch_time: 1.0min
Epoch:[1/1](76600/79390), loss: 1.8856, logits_loss: 1.8856, aux_loss: 0.0000, lr: 0.00005137, epoch_time: 1.0min
Epoch:[1/1](76620/79390), loss: 1.8505, logits_loss: 1.8505, aux_loss: 0.0000, lr: 0.00005135, epoch_time: 1.0min
Epoch:[1/1](76640/79390), loss: 2.0518, logits_loss: 2.0518, aux_loss: 0.0000, lr: 0.00005133, epoch_time: 1.0min
Epoch:[1/1](76660/79390), loss: 2.0200, logits_loss: 2.0200, aux_loss: 0.0000, lr: 0.00005131, epoch_time: 1.0min
Epoch:[1/1](76680/79390), loss: 1.9094, logits_loss: 1.9094, aux_loss: 0.0000, lr: 0.00005129, epoch_time: 1.0min
Epoch:[1/1](76700/79390), loss: 1.8900, logits_loss: 1.8900, aux_loss: 0.0000, lr: 0.00005127, epoch_time: 1.0min
Epoch:[1/1](76720/79390), loss: 1.7795, logits_loss: 1.7795, aux_loss: 0.0000, lr: 0.00005125, epoch_time: 1.0min
Epoch:[1/1](76740/79390), loss: 2.1814, logits_loss: 2.1814, aux_loss: 0.0000, lr: 0.00005124, epoch_time: 1.0min
Epoch:[1/1](76760/79390), loss: 2.0273, logits_loss: 2.0273, aux_loss: 0.0000, lr: 0.00005122, epoch_time: 1.0min
Epoch:[1/1](76780/79390), loss: 2.0719, logits_loss: 2.0719, aux_loss: 0.0000, lr: 0.00005120, epoch_time: 1.0min
Epoch:[1/1](76800/79390), loss: 1.9028, logits_loss: 1.9028, aux_loss: 0.0000, lr: 0.00005118, epoch_time: 1.0min
Epoch:[1/1](76820/79390), loss: 1.8853, logits_loss: 1.8853, aux_loss: 0.0000, lr: 0.00005116, epoch_time: 1.0min
Epoch:[1/1](76840/79390), loss: 2.1308, logits_loss: 2.1308, aux_loss: 0.0000, lr: 0.00005114, epoch_time: 1.0min
Epoch:[1/1](76860/79390), loss: 2.0413, logits_loss: 2.0413, aux_loss: 0.0000, lr: 0.00005113, epoch_time: 1.0min
Epoch:[1/1](76880/79390), loss: 2.1607, logits_loss: 2.1607, aux_loss: 0.0000, lr: 0.00005111, epoch_time: 1.0min
Epoch:[1/1](76900/79390), loss: 2.3218, logits_loss: 2.3218, aux_loss: 0.0000, lr: 0.00005109, epoch_time: 1.0min
Epoch:[1/1](76920/79390), loss: 2.0181, logits_loss: 2.0181, aux_loss: 0.0000, lr: 0.00005107, epoch_time: 1.0min
Epoch:[1/1](76940/79390), loss: 2.2838, logits_loss: 2.2838, aux_loss: 0.0000, lr: 0.00005106, epoch_time: 1.0min
Epoch:[1/1](76960/79390), loss: 2.0008, logits_loss: 2.0008, aux_loss: 0.0000, lr: 0.00005104, epoch_time: 1.0min
Epoch:[1/1](76980/79390), loss: 1.9329, logits_loss: 1.9329, aux_loss: 0.0000, lr: 0.00005102, epoch_time: 1.0min
Epoch:[1/1](77000/79390), loss: 1.8305, logits_loss: 1.8305, aux_loss: 0.0000, lr: 0.00005101, epoch_time: 1.0min
Epoch:[1/1](77020/79390), loss: 1.9085, logits_loss: 1.9085, aux_loss: 0.0000, lr: 0.00005099, epoch_time: 1.0min
Epoch:[1/1](77040/79390), loss: 2.3390, logits_loss: 2.3390, aux_loss: 0.0000, lr: 0.00005097, epoch_time: 1.0min
Epoch:[1/1](77060/79390), loss: 1.7954, logits_loss: 1.7954, aux_loss: 0.0000, lr: 0.00005096, epoch_time: 1.0min
Epoch:[1/1](77080/79390), loss: 1.6332, logits_loss: 1.6332, aux_loss: 0.0000, lr: 0.00005094, epoch_time: 1.0min
Epoch:[1/1](77100/79390), loss: 1.8634, logits_loss: 1.8634, aux_loss: 0.0000, lr: 0.00005092, epoch_time: 1.0min
Epoch:[1/1](77120/79390), loss: 2.0745, logits_loss: 2.0745, aux_loss: 0.0000, lr: 0.00005091, epoch_time: 1.0min
Epoch:[1/1](77140/79390), loss: 2.0317, logits_loss: 2.0317, aux_loss: 0.0000, lr: 0.00005089, epoch_time: 1.0min
Epoch:[1/1](77160/79390), loss: 2.0299, logits_loss: 2.0299, aux_loss: 0.0000, lr: 0.00005088, epoch_time: 1.0min
Epoch:[1/1](77180/79390), loss: 2.0972, logits_loss: 2.0972, aux_loss: 0.0000, lr: 0.00005086, epoch_time: 1.0min
Epoch:[1/1](77200/79390), loss: 2.0467, logits_loss: 2.0467, aux_loss: 0.0000, lr: 0.00005084, epoch_time: 1.0min
Epoch:[1/1](77220/79390), loss: 1.7527, logits_loss: 1.7527, aux_loss: 0.0000, lr: 0.00005083, epoch_time: 1.0min
Epoch:[1/1](77240/79390), loss: 2.0554, logits_loss: 2.0554, aux_loss: 0.0000, lr: 0.00005081, epoch_time: 1.0min
Epoch:[1/1](77260/79390), loss: 2.1043, logits_loss: 2.1043, aux_loss: 0.0000, lr: 0.00005080, epoch_time: 1.0min
Epoch:[1/1](77280/79390), loss: 1.7958, logits_loss: 1.7958, aux_loss: 0.0000, lr: 0.00005078, epoch_time: 0.0min
Epoch:[1/1](77300/79390), loss: 1.9447, logits_loss: 1.9447, aux_loss: 0.0000, lr: 0.00005077, epoch_time: 0.0min
Epoch:[1/1](77320/79390), loss: 1.8961, logits_loss: 1.8961, aux_loss: 0.0000, lr: 0.00005075, epoch_time: 0.0min
Epoch:[1/1](77340/79390), loss: 1.8284, logits_loss: 1.8284, aux_loss: 0.0000, lr: 0.00005074, epoch_time: 0.0min
Epoch:[1/1](77360/79390), loss: 1.9706, logits_loss: 1.9706, aux_loss: 0.0000, lr: 0.00005073, epoch_time: 0.0min
Epoch:[1/1](77380/79390), loss: 2.1272, logits_loss: 2.1272, aux_loss: 0.0000, lr: 0.00005071, epoch_time: 0.0min
Epoch:[1/1](77400/79390), loss: 1.8466, logits_loss: 1.8466, aux_loss: 0.0000, lr: 0.00005070, epoch_time: 0.0min
Epoch:[1/1](77420/79390), loss: 2.1322, logits_loss: 2.1322, aux_loss: 0.0000, lr: 0.00005068, epoch_time: 0.0min
Epoch:[1/1](77440/79390), loss: 1.7806, logits_loss: 1.7806, aux_loss: 0.0000, lr: 0.00005067, epoch_time: 0.0min
Epoch:[1/1](77460/79390), loss: 1.9330, logits_loss: 1.9330, aux_loss: 0.0000, lr: 0.00005066, epoch_time: 0.0min
Epoch:[1/1](77480/79390), loss: 2.0411, logits_loss: 2.0411, aux_loss: 0.0000, lr: 0.00005064, epoch_time: 0.0min
Epoch:[1/1](77500/79390), loss: 2.2060, logits_loss: 2.2060, aux_loss: 0.0000, lr: 0.00005063, epoch_time: 0.0min
Epoch:[1/1](77520/79390), loss: 2.0200, logits_loss: 2.0200, aux_loss: 0.0000, lr: 0.00005062, epoch_time: 0.0min
Epoch:[1/1](77540/79390), loss: 1.7900, logits_loss: 1.7900, aux_loss: 0.0000, lr: 0.00005060, epoch_time: 0.0min
Epoch:[1/1](77560/79390), loss: 1.7077, logits_loss: 1.7077, aux_loss: 0.0000, lr: 0.00005059, epoch_time: 0.0min
Epoch:[1/1](77580/79390), loss: 2.2863, logits_loss: 2.2863, aux_loss: 0.0000, lr: 0.00005058, epoch_time: 0.0min
Epoch:[1/1](77600/79390), loss: 1.9167, logits_loss: 1.9167, aux_loss: 0.0000, lr: 0.00005056, epoch_time: 0.0min
Epoch:[1/1](77620/79390), loss: 2.1289, logits_loss: 2.1289, aux_loss: 0.0000, lr: 0.00005055, epoch_time: 0.0min
Epoch:[1/1](77640/79390), loss: 1.9558, logits_loss: 1.9558, aux_loss: 0.0000, lr: 0.00005054, epoch_time: 0.0min
Epoch:[1/1](77660/79390), loss: 2.1316, logits_loss: 2.1316, aux_loss: 0.0000, lr: 0.00005053, epoch_time: 0.0min
Epoch:[1/1](77680/79390), loss: 2.1830, logits_loss: 2.1830, aux_loss: 0.0000, lr: 0.00005051, epoch_time: 0.0min
Epoch:[1/1](77700/79390), loss: 1.8407, logits_loss: 1.8407, aux_loss: 0.0000, lr: 0.00005050, epoch_time: 0.0min
Epoch:[1/1](77720/79390), loss: 1.9094, logits_loss: 1.9094, aux_loss: 0.0000, lr: 0.00005049, epoch_time: 0.0min
Epoch:[1/1](77740/79390), loss: 1.7496, logits_loss: 1.7496, aux_loss: 0.0000, lr: 0.00005048, epoch_time: 0.0min
Epoch:[1/1](77760/79390), loss: 2.0078, logits_loss: 2.0078, aux_loss: 0.0000, lr: 0.00005047, epoch_time: 0.0min
Epoch:[1/1](77780/79390), loss: 1.9607, logits_loss: 1.9607, aux_loss: 0.0000, lr: 0.00005046, epoch_time: 0.0min
Epoch:[1/1](77800/79390), loss: 2.0732, logits_loss: 2.0732, aux_loss: 0.0000, lr: 0.00005045, epoch_time: 0.0min
Epoch:[1/1](77820/79390), loss: 2.0293, logits_loss: 2.0293, aux_loss: 0.0000, lr: 0.00005043, epoch_time: 0.0min
Epoch:[1/1](77840/79390), loss: 2.0648, logits_loss: 2.0648, aux_loss: 0.0000, lr: 0.00005042, epoch_time: 0.0min
Epoch:[1/1](77860/79390), loss: 1.8588, logits_loss: 1.8588, aux_loss: 0.0000, lr: 0.00005041, epoch_time: 0.0min
Epoch:[1/1](77880/79390), loss: 2.1598, logits_loss: 2.1598, aux_loss: 0.0000, lr: 0.00005040, epoch_time: 0.0min
Epoch:[1/1](77900/79390), loss: 1.8528, logits_loss: 1.8528, aux_loss: 0.0000, lr: 0.00005039, epoch_time: 0.0min
Epoch:[1/1](77920/79390), loss: 2.0077, logits_loss: 2.0077, aux_loss: 0.0000, lr: 0.00005038, epoch_time: 0.0min
Epoch:[1/1](77940/79390), loss: 1.8552, logits_loss: 1.8552, aux_loss: 0.0000, lr: 0.00005037, epoch_time: 0.0min
Epoch:[1/1](77960/79390), loss: 2.1040, logits_loss: 2.1040, aux_loss: 0.0000, lr: 0.00005036, epoch_time: 0.0min
Epoch:[1/1](77980/79390), loss: 1.8180, logits_loss: 1.8180, aux_loss: 0.0000, lr: 0.00005035, epoch_time: 0.0min
Epoch:[1/1](78000/79390), loss: 1.9237, logits_loss: 1.9237, aux_loss: 0.0000, lr: 0.00005034, epoch_time: 0.0min
Epoch:[1/1](78020/79390), loss: 1.9020, logits_loss: 1.9020, aux_loss: 0.0000, lr: 0.00005033, epoch_time: 0.0min
Epoch:[1/1](78040/79390), loss: 1.9596, logits_loss: 1.9596, aux_loss: 0.0000, lr: 0.00005032, epoch_time: 0.0min
Epoch:[1/1](78060/79390), loss: 1.9262, logits_loss: 1.9262, aux_loss: 0.0000, lr: 0.00005031, epoch_time: 0.0min
Epoch:[1/1](78080/79390), loss: 1.8292, logits_loss: 1.8292, aux_loss: 0.0000, lr: 0.00005030, epoch_time: 0.0min
Epoch:[1/1](78100/79390), loss: 2.0125, logits_loss: 2.0125, aux_loss: 0.0000, lr: 0.00005029, epoch_time: 0.0min
Epoch:[1/1](78120/79390), loss: 2.2703, logits_loss: 2.2703, aux_loss: 0.0000, lr: 0.00005028, epoch_time: 0.0min
Epoch:[1/1](78140/79390), loss: 2.1118, logits_loss: 2.1118, aux_loss: 0.0000, lr: 0.00005028, epoch_time: 0.0min
Epoch:[1/1](78160/79390), loss: 1.7180, logits_loss: 1.7180, aux_loss: 0.0000, lr: 0.00005027, epoch_time: 0.0min
Epoch:[1/1](78180/79390), loss: 1.9193, logits_loss: 1.9193, aux_loss: 0.0000, lr: 0.00005026, epoch_time: 0.0min
Epoch:[1/1](78200/79390), loss: 1.8623, logits_loss: 1.8623, aux_loss: 0.0000, lr: 0.00005025, epoch_time: 0.0min
Epoch:[1/1](78220/79390), loss: 2.0098, logits_loss: 2.0098, aux_loss: 0.0000, lr: 0.00005024, epoch_time: 0.0min
Epoch:[1/1](78240/79390), loss: 2.1109, logits_loss: 2.1109, aux_loss: 0.0000, lr: 0.00005023, epoch_time: 0.0min
Epoch:[1/1](78260/79390), loss: 1.8554, logits_loss: 1.8554, aux_loss: 0.0000, lr: 0.00005022, epoch_time: 0.0min
Epoch:[1/1](78280/79390), loss: 1.9887, logits_loss: 1.9887, aux_loss: 0.0000, lr: 0.00005022, epoch_time: 0.0min
Epoch:[1/1](78300/79390), loss: 1.8767, logits_loss: 1.8767, aux_loss: 0.0000, lr: 0.00005021, epoch_time: 0.0min
Epoch:[1/1](78320/79390), loss: 1.9752, logits_loss: 1.9752, aux_loss: 0.0000, lr: 0.00005020, epoch_time: 0.0min
Epoch:[1/1](78340/79390), loss: 1.7762, logits_loss: 1.7762, aux_loss: 0.0000, lr: 0.00005019, epoch_time: 0.0min
Epoch:[1/1](78360/79390), loss: 1.8507, logits_loss: 1.8507, aux_loss: 0.0000, lr: 0.00005019, epoch_time: 0.0min
Epoch:[1/1](78380/79390), loss: 1.9227, logits_loss: 1.9227, aux_loss: 0.0000, lr: 0.00005018, epoch_time: 0.0min
Epoch:[1/1](78400/79390), loss: 2.1077, logits_loss: 2.1077, aux_loss: 0.0000, lr: 0.00005017, epoch_time: 0.0min
Epoch:[1/1](78420/79390), loss: 2.1252, logits_loss: 2.1252, aux_loss: 0.0000, lr: 0.00005017, epoch_time: 0.0min
Epoch:[1/1](78440/79390), loss: 1.9866, logits_loss: 1.9866, aux_loss: 0.0000, lr: 0.00005016, epoch_time: 0.0min
Epoch:[1/1](78460/79390), loss: 1.7986, logits_loss: 1.7986, aux_loss: 0.0000, lr: 0.00005015, epoch_time: 0.0min
Epoch:[1/1](78480/79390), loss: 1.7853, logits_loss: 1.7853, aux_loss: 0.0000, lr: 0.00005015, epoch_time: 0.0min
Epoch:[1/1](78500/79390), loss: 1.9619, logits_loss: 1.9619, aux_loss: 0.0000, lr: 0.00005014, epoch_time: 0.0min
Epoch:[1/1](78520/79390), loss: 2.1617, logits_loss: 2.1617, aux_loss: 0.0000, lr: 0.00005013, epoch_time: 0.0min
Epoch:[1/1](78540/79390), loss: 1.5525, logits_loss: 1.5525, aux_loss: 0.0000, lr: 0.00005013, epoch_time: 0.0min
Epoch:[1/1](78560/79390), loss: 1.8728, logits_loss: 1.8728, aux_loss: 0.0000, lr: 0.00005012, epoch_time: 0.0min
Epoch:[1/1](78580/79390), loss: 2.1645, logits_loss: 2.1645, aux_loss: 0.0000, lr: 0.00005012, epoch_time: 0.0min
Epoch:[1/1](78600/79390), loss: 2.0123, logits_loss: 2.0123, aux_loss: 0.0000, lr: 0.00005011, epoch_time: 0.0min
Epoch:[1/1](78620/79390), loss: 1.8504, logits_loss: 1.8504, aux_loss: 0.0000, lr: 0.00005010, epoch_time: 0.0min
Epoch:[1/1](78640/79390), loss: 1.7473, logits_loss: 1.7473, aux_loss: 0.0000, lr: 0.00005010, epoch_time: 0.0min
Epoch:[1/1](78660/79390), loss: 2.0400, logits_loss: 2.0400, aux_loss: 0.0000, lr: 0.00005009, epoch_time: 0.0min
Epoch:[1/1](78680/79390), loss: 1.9398, logits_loss: 1.9398, aux_loss: 0.0000, lr: 0.00005009, epoch_time: 0.0min
Epoch:[1/1](78700/79390), loss: 2.0184, logits_loss: 2.0184, aux_loss: 0.0000, lr: 0.00005008, epoch_time: 0.0min
Epoch:[1/1](78720/79390), loss: 1.8638, logits_loss: 1.8638, aux_loss: 0.0000, lr: 0.00005008, epoch_time: 0.0min
Epoch:[1/1](78740/79390), loss: 1.7785, logits_loss: 1.7785, aux_loss: 0.0000, lr: 0.00005007, epoch_time: 0.0min
Epoch:[1/1](78760/79390), loss: 2.0622, logits_loss: 2.0622, aux_loss: 0.0000, lr: 0.00005007, epoch_time: 0.0min
Epoch:[1/1](78780/79390), loss: 1.9751, logits_loss: 1.9751, aux_loss: 0.0000, lr: 0.00005007, epoch_time: 0.0min
Epoch:[1/1](78800/79390), loss: 1.9084, logits_loss: 1.9084, aux_loss: 0.0000, lr: 0.00005006, epoch_time: 0.0min
Epoch:[1/1](78820/79390), loss: 1.7569, logits_loss: 1.7569, aux_loss: 0.0000, lr: 0.00005006, epoch_time: 0.0min
Epoch:[1/1](78840/79390), loss: 1.8597, logits_loss: 1.8597, aux_loss: 0.0000, lr: 0.00005005, epoch_time: 0.0min
Epoch:[1/1](78860/79390), loss: 1.8707, logits_loss: 1.8707, aux_loss: 0.0000, lr: 0.00005005, epoch_time: 0.0min
Epoch:[1/1](78880/79390), loss: 1.8564, logits_loss: 1.8564, aux_loss: 0.0000, lr: 0.00005005, epoch_time: 0.0min
Epoch:[1/1](78900/79390), loss: 1.9744, logits_loss: 1.9744, aux_loss: 0.0000, lr: 0.00005004, epoch_time: 0.0min
Epoch:[1/1](78920/79390), loss: 2.0234, logits_loss: 2.0234, aux_loss: 0.0000, lr: 0.00005004, epoch_time: 0.0min
Epoch:[1/1](78940/79390), loss: 1.7846, logits_loss: 1.7846, aux_loss: 0.0000, lr: 0.00005004, epoch_time: 0.0min
Epoch:[1/1](78960/79390), loss: 1.9849, logits_loss: 1.9849, aux_loss: 0.0000, lr: 0.00005003, epoch_time: 0.0min
Epoch:[1/1](78980/79390), loss: 2.0369, logits_loss: 2.0369, aux_loss: 0.0000, lr: 0.00005003, epoch_time: 0.0min
Epoch:[1/1](79000/79390), loss: 2.0001, logits_loss: 2.0001, aux_loss: 0.0000, lr: 0.00005003, epoch_time: 0.0min
Epoch:[1/1](79020/79390), loss: 1.8606, logits_loss: 1.8606, aux_loss: 0.0000, lr: 0.00005002, epoch_time: 0.0min
Epoch:[1/1](79040/79390), loss: 2.2362, logits_loss: 2.2362, aux_loss: 0.0000, lr: 0.00005002, epoch_time: 0.0min
Epoch:[1/1](79060/79390), loss: 2.2286, logits_loss: 2.2286, aux_loss: 0.0000, lr: 0.00005002, epoch_time: 0.0min
Epoch:[1/1](79080/79390), loss: 2.0050, logits_loss: 2.0050, aux_loss: 0.0000, lr: 0.00005002, epoch_time: 0.0min
Epoch:[1/1](79100/79390), loss: 2.2618, logits_loss: 2.2618, aux_loss: 0.0000, lr: 0.00005001, epoch_time: 0.0min
Epoch:[1/1](79120/79390), loss: 2.0635, logits_loss: 2.0635, aux_loss: 0.0000, lr: 0.00005001, epoch_time: 0.0min
Epoch:[1/1](79140/79390), loss: 1.9911, logits_loss: 1.9911, aux_loss: 0.0000, lr: 0.00005001, epoch_time: 0.0min
Epoch:[1/1](79160/79390), loss: 2.1455, logits_loss: 2.1455, aux_loss: 0.0000, lr: 0.00005001, epoch_time: 0.0min
Epoch:[1/1](79180/79390), loss: 2.1357, logits_loss: 2.1357, aux_loss: 0.0000, lr: 0.00005001, epoch_time: 0.0min
Epoch:[1/1](79200/79390), loss: 2.0423, logits_loss: 2.0423, aux_loss: 0.0000, lr: 0.00005001, epoch_time: 0.0min
Epoch:[1/1](79220/79390), loss: 1.9827, logits_loss: 1.9827, aux_loss: 0.0000, lr: 0.00005001, epoch_time: 0.0min
Epoch:[1/1](79240/79390), loss: 1.9949, logits_loss: 1.9949, aux_loss: 0.0000, lr: 0.00005000, epoch_time: 0.0min
Epoch:[1/1](79260/79390), loss: 2.2576, logits_loss: 2.2576, aux_loss: 0.0000, lr: 0.00005000, epoch_time: 0.0min
Epoch:[1/1](79280/79390), loss: 1.8989, logits_loss: 1.8989, aux_loss: 0.0000, lr: 0.00005000, epoch_time: 0.0min
Epoch:[1/1](79300/79390), loss: 1.8103, logits_loss: 1.8103, aux_loss: 0.0000, lr: 0.00005000, epoch_time: 0.0min
Epoch:[1/1](79320/79390), loss: 2.1842, logits_loss: 2.1842, aux_loss: 0.0000, lr: 0.00005000, epoch_time: 0.0min
Epoch:[1/1](79340/79390), loss: 2.0598, logits_loss: 2.0598, aux_loss: 0.0000, lr: 0.00005000, epoch_time: 0.0min
Epoch:[1/1](79360/79390), loss: 1.8947, logits_loss: 1.8947, aux_loss: 0.0000, lr: 0.00005000, epoch_time: 0.0min
Epoch:[1/1](79380/79390), loss: 1.9389, logits_loss: 1.9389, aux_loss: 0.0000, lr: 0.00005000, epoch_time: 0.0min
Epoch:[1/1](79390/79390), loss: 1.7927, logits_loss: 1.7927, aux_loss: 0.0000, lr: 0.00005000, epoch_time: 0.0min
===== PRETRAIN DONE =====
Tue May 19 01:03:25 PM HKT 2026
