===== JOB INFO =====
Fri Jun  5 09:40:19 PM HKT 2026
dgx-09
Fri Jun  5 21:40:19 2026       
+-----------------------------------------------------------------------------------------+
| NVIDIA-SMI 570.158.01             Driver Version: 570.158.01     CUDA Version: 12.8     |
|-----------------------------------------+------------------------+----------------------+
| GPU  Name                 Persistence-M | Bus-Id          Disp.A | Volatile Uncorr. ECC |
| Fan  Temp   Perf          Pwr:Usage/Cap |           Memory-Usage | GPU-Util  Compute M. |
|                                         |                        |               MIG M. |
|=========================================+========================+======================|
|   0  NVIDIA H800                    On  |   00000000:DF:00.0 Off |                    0 |
| N/A   34C    P0             69W /  700W |       0MiB /  81559MiB |      0%      Default |
|                                         |                        |             Disabled |
+-----------------------------------------+------------------------+----------------------+
                                                                                         
+-----------------------------------------------------------------------------------------+
| Processes:                                                                              |
|  GPU   GI   CI              PID   Type   Process name                        GPU Memory |
|        ID   ID                                                               Usage      |
|=========================================================================================|
|  No running processes found                                                             |
+-----------------------------------------------------------------------------------------+
Python 3.10.20
torch 2.7.1+cu126
cuda True
gpu NVIDIA H800
===== FULL SFT LEN1024 START =====
Model Params: 63.91M
Trainable Params: 63.912M
Epoch:[1/1](20/113215), loss: 2.4401, logits_loss: 2.4401, aux_loss: 0.0000, lr: 0.00001000, epoch_time: 143.0min
Epoch:[1/1](40/113215), loss: 2.3608, logits_loss: 2.3608, aux_loss: 0.0000, lr: 0.00001000, epoch_time: 100.0min
Epoch:[1/1](60/113215), loss: 2.1012, logits_loss: 2.1012, aux_loss: 0.0000, lr: 0.00001000, epoch_time: 86.0min
Epoch:[1/1](80/113215), loss: 2.4554, logits_loss: 2.4554, aux_loss: 0.0000, lr: 0.00001000, epoch_time: 79.0min
Epoch:[1/1](100/113215), loss: 2.4985, logits_loss: 2.4985, aux_loss: 0.0000, lr: 0.00001000, epoch_time: 74.0min
Epoch:[1/1](120/113215), loss: 2.4038, logits_loss: 2.4038, aux_loss: 0.0000, lr: 0.00001000, epoch_time: 71.0min
Epoch:[1/1](140/113215), loss: 2.0564, logits_loss: 2.0564, aux_loss: 0.0000, lr: 0.00001000, epoch_time: 69.0min
Epoch:[1/1](160/113215), loss: 2.1358, logits_loss: 2.1358, aux_loss: 0.0000, lr: 0.00001000, epoch_time: 68.0min
Epoch:[1/1](180/113215), loss: 2.1006, logits_loss: 2.1006, aux_loss: 0.0000, lr: 0.00001000, epoch_time: 67.0min
Epoch:[1/1](200/113215), loss: 2.1584, logits_loss: 2.1584, aux_loss: 0.0000, lr: 0.00001000, epoch_time: 66.0min
Epoch:[1/1](220/113215), loss: 2.2100, logits_loss: 2.2100, aux_loss: 0.0000, lr: 0.00001000, epoch_time: 65.0min
Epoch:[1/1](240/113215), loss: 1.8164, logits_loss: 1.8164, aux_loss: 0.0000, lr: 0.00001000, epoch_time: 64.0min
Epoch:[1/1](260/113215), loss: 2.2915, logits_loss: 2.2915, aux_loss: 0.0000, lr: 0.00001000, epoch_time: 64.0min
Epoch:[1/1](280/113215), loss: 2.3650, logits_loss: 2.3650, aux_loss: 0.0000, lr: 0.00001000, epoch_time: 63.0min
Epoch:[1/1](300/113215), loss: 2.0033, logits_loss: 2.0033, aux_loss: 0.0000, lr: 0.00001000, epoch_time: 63.0min
Epoch:[1/1](320/113215), loss: 2.3059, logits_loss: 2.3059, aux_loss: 0.0000, lr: 0.00001000, epoch_time: 62.0min
Epoch:[1/1](340/113215), loss: 2.3562, logits_loss: 2.3562, aux_loss: 0.0000, lr: 0.00001000, epoch_time: 62.0min
Epoch:[1/1](360/113215), loss: 1.9382, logits_loss: 1.9382, aux_loss: 0.0000, lr: 0.00001000, epoch_time: 62.0min
Epoch:[1/1](380/113215), loss: 2.1900, logits_loss: 2.1900, aux_loss: 0.0000, lr: 0.00001000, epoch_time: 62.0min
Epoch:[1/1](400/113215), loss: 2.4098, logits_loss: 2.4098, aux_loss: 0.0000, lr: 0.00001000, epoch_time: 61.0min
Epoch:[1/1](420/113215), loss: 1.9484, logits_loss: 1.9484, aux_loss: 0.0000, lr: 0.00001000, epoch_time: 61.0min
Epoch:[1/1](440/113215), loss: 2.0633, logits_loss: 2.0633, aux_loss: 0.0000, lr: 0.00001000, epoch_time: 61.0min
Epoch:[1/1](460/113215), loss: 2.1183, logits_loss: 2.1183, aux_loss: 0.0000, lr: 0.00001000, epoch_time: 61.0min
Epoch:[1/1](480/113215), loss: 2.2406, logits_loss: 2.2406, aux_loss: 0.0000, lr: 0.00001000, epoch_time: 61.0min
Epoch:[1/1](500/113215), loss: 2.2000, logits_loss: 2.2000, aux_loss: 0.0000, lr: 0.00001000, epoch_time: 60.0min
Epoch:[1/1](520/113215), loss: 2.0888, logits_loss: 2.0888, aux_loss: 0.0000, lr: 0.00001000, epoch_time: 60.0min
Epoch:[1/1](540/113215), loss: 1.9017, logits_loss: 1.9017, aux_loss: 0.0000, lr: 0.00001000, epoch_time: 60.0min
Epoch:[1/1](560/113215), loss: 2.1078, logits_loss: 2.1078, aux_loss: 0.0000, lr: 0.00001000, epoch_time: 60.0min
Epoch:[1/1](580/113215), loss: 1.8483, logits_loss: 1.8483, aux_loss: 0.0000, lr: 0.00001000, epoch_time: 60.0min
Epoch:[1/1](600/113215), loss: 2.1351, logits_loss: 2.1351, aux_loss: 0.0000, lr: 0.00001000, epoch_time: 60.0min
Epoch:[1/1](620/113215), loss: 1.9296, logits_loss: 1.9296, aux_loss: 0.0000, lr: 0.00001000, epoch_time: 60.0min
Epoch:[1/1](640/113215), loss: 2.1357, logits_loss: 2.1357, aux_loss: 0.0000, lr: 0.00001000, epoch_time: 60.0min
Epoch:[1/1](660/113215), loss: 2.2192, logits_loss: 2.2192, aux_loss: 0.0000, lr: 0.00001000, epoch_time: 60.0min
Epoch:[1/1](680/113215), loss: 2.2452, logits_loss: 2.2452, aux_loss: 0.0000, lr: 0.00001000, epoch_time: 59.0min
Epoch:[1/1](700/113215), loss: 2.1044, logits_loss: 2.1044, aux_loss: 0.0000, lr: 0.00001000, epoch_time: 59.0min
Epoch:[1/1](720/113215), loss: 1.9628, logits_loss: 1.9628, aux_loss: 0.0000, lr: 0.00001000, epoch_time: 59.0min
Epoch:[1/1](740/113215), loss: 2.1071, logits_loss: 2.1071, aux_loss: 0.0000, lr: 0.00001000, epoch_time: 59.0min
Epoch:[1/1](760/113215), loss: 1.9574, logits_loss: 1.9574, aux_loss: 0.0000, lr: 0.00001000, epoch_time: 59.0min
Epoch:[1/1](780/113215), loss: 1.8743, logits_loss: 1.8743, aux_loss: 0.0000, lr: 0.00001000, epoch_time: 59.0min
Epoch:[1/1](800/113215), loss: 2.4836, logits_loss: 2.4836, aux_loss: 0.0000, lr: 0.00001000, epoch_time: 59.0min
Epoch:[1/1](820/113215), loss: 1.9819, logits_loss: 1.9819, aux_loss: 0.0000, lr: 0.00001000, epoch_time: 59.0min
Epoch:[1/1](840/113215), loss: 1.8192, logits_loss: 1.8192, aux_loss: 0.0000, lr: 0.00001000, epoch_time: 59.0min
Epoch:[1/1](860/113215), loss: 1.9714, logits_loss: 1.9714, aux_loss: 0.0000, lr: 0.00001000, epoch_time: 59.0min
Epoch:[1/1](880/113215), loss: 2.1499, logits_loss: 2.1499, aux_loss: 0.0000, lr: 0.00001000, epoch_time: 59.0min
Epoch:[1/1](900/113215), loss: 2.3223, logits_loss: 2.3223, aux_loss: 0.0000, lr: 0.00001000, epoch_time: 59.0min
Epoch:[1/1](920/113215), loss: 2.0106, logits_loss: 2.0106, aux_loss: 0.0000, lr: 0.00001000, epoch_time: 59.0min
Epoch:[1/1](940/113215), loss: 1.6935, logits_loss: 1.6935, aux_loss: 0.0000, lr: 0.00001000, epoch_time: 59.0min
Epoch:[1/1](960/113215), loss: 1.7360, logits_loss: 1.7360, aux_loss: 0.0000, lr: 0.00001000, epoch_time: 59.0min
Epoch:[1/1](980/113215), loss: 2.0900, logits_loss: 2.0900, aux_loss: 0.0000, lr: 0.00001000, epoch_time: 59.0min
Epoch:[1/1](1000/113215), loss: 1.7713, logits_loss: 1.7713, aux_loss: 0.0000, lr: 0.00001000, epoch_time: 58.0min
Epoch:[1/1](1020/113215), loss: 2.0967, logits_loss: 2.0967, aux_loss: 0.0000, lr: 0.00001000, epoch_time: 66.0min
Epoch:[1/1](1040/113215), loss: 2.1993, logits_loss: 2.1993, aux_loss: 0.0000, lr: 0.00001000, epoch_time: 65.0min
Epoch:[1/1](1060/113215), loss: 2.0655, logits_loss: 2.0655, aux_loss: 0.0000, lr: 0.00001000, epoch_time: 65.0min
Epoch:[1/1](1080/113215), loss: 2.0414, logits_loss: 2.0414, aux_loss: 0.0000, lr: 0.00001000, epoch_time: 65.0min
Epoch:[1/1](1100/113215), loss: 1.9234, logits_loss: 1.9234, aux_loss: 0.0000, lr: 0.00001000, epoch_time: 65.0min
Epoch:[1/1](1120/113215), loss: 2.1298, logits_loss: 2.1298, aux_loss: 0.0000, lr: 0.00001000, epoch_time: 65.0min
Epoch:[1/1](1140/113215), loss: 2.1657, logits_loss: 2.1657, aux_loss: 0.0000, lr: 0.00001000, epoch_time: 65.0min
Epoch:[1/1](1160/113215), loss: 2.1485, logits_loss: 2.1485, aux_loss: 0.0000, lr: 0.00001000, epoch_time: 64.0min
Epoch:[1/1](1180/113215), loss: 2.0068, logits_loss: 2.0068, aux_loss: 0.0000, lr: 0.00001000, epoch_time: 64.0min
Epoch:[1/1](1200/113215), loss: 2.0982, logits_loss: 2.0982, aux_loss: 0.0000, lr: 0.00001000, epoch_time: 64.0min
Epoch:[1/1](1220/113215), loss: 2.0963, logits_loss: 2.0963, aux_loss: 0.0000, lr: 0.00001000, epoch_time: 64.0min
Epoch:[1/1](1240/113215), loss: 2.2620, logits_loss: 2.2620, aux_loss: 0.0000, lr: 0.00001000, epoch_time: 64.0min
Epoch:[1/1](1260/113215), loss: 2.0737, logits_loss: 2.0737, aux_loss: 0.0000, lr: 0.00001000, epoch_time: 64.0min
Epoch:[1/1](1280/113215), loss: 1.8848, logits_loss: 1.8848, aux_loss: 0.0000, lr: 0.00001000, epoch_time: 64.0min
Epoch:[1/1](1300/113215), loss: 1.9749, logits_loss: 1.9749, aux_loss: 0.0000, lr: 0.00001000, epoch_time: 64.0min
Epoch:[1/1](1320/113215), loss: 1.8427, logits_loss: 1.8427, aux_loss: 0.0000, lr: 0.00001000, epoch_time: 63.0min
Epoch:[1/1](1340/113215), loss: 1.9108, logits_loss: 1.9108, aux_loss: 0.0000, lr: 0.00001000, epoch_time: 63.0min
Epoch:[1/1](1360/113215), loss: 2.1388, logits_loss: 2.1388, aux_loss: 0.0000, lr: 0.00001000, epoch_time: 63.0min
Epoch:[1/1](1380/113215), loss: 2.1521, logits_loss: 2.1521, aux_loss: 0.0000, lr: 0.00001000, epoch_time: 63.0min
Epoch:[1/1](1400/113215), loss: 2.0833, logits_loss: 2.0833, aux_loss: 0.0000, lr: 0.00001000, epoch_time: 63.0min
Epoch:[1/1](1420/113215), loss: 1.6313, logits_loss: 1.6313, aux_loss: 0.0000, lr: 0.00001000, epoch_time: 63.0min
Epoch:[1/1](1440/113215), loss: 2.1324, logits_loss: 2.1324, aux_loss: 0.0000, lr: 0.00001000, epoch_time: 63.0min
Epoch:[1/1](1460/113215), loss: 1.9180, logits_loss: 1.9180, aux_loss: 0.0000, lr: 0.00001000, epoch_time: 63.0min
Epoch:[1/1](1480/113215), loss: 2.0103, logits_loss: 2.0103, aux_loss: 0.0000, lr: 0.00001000, epoch_time: 63.0min
Epoch:[1/1](1500/113215), loss: 1.8534, logits_loss: 1.8534, aux_loss: 0.0000, lr: 0.00001000, epoch_time: 62.0min
Epoch:[1/1](1520/113215), loss: 2.0864, logits_loss: 2.0864, aux_loss: 0.0000, lr: 0.00001000, epoch_time: 62.0min
Epoch:[1/1](1540/113215), loss: 2.1297, logits_loss: 2.1297, aux_loss: 0.0000, lr: 0.00001000, epoch_time: 62.0min
Epoch:[1/1](1560/113215), loss: 1.7044, logits_loss: 1.7044, aux_loss: 0.0000, lr: 0.00001000, epoch_time: 62.0min
Epoch:[1/1](1580/113215), loss: 2.2406, logits_loss: 2.2406, aux_loss: 0.0000, lr: 0.00001000, epoch_time: 62.0min
Epoch:[1/1](1600/113215), loss: 2.0852, logits_loss: 2.0852, aux_loss: 0.0000, lr: 0.00001000, epoch_time: 62.0min
Epoch:[1/1](1620/113215), loss: 1.9280, logits_loss: 1.9280, aux_loss: 0.0000, lr: 0.00001000, epoch_time: 62.0min
Epoch:[1/1](1640/113215), loss: 2.0292, logits_loss: 2.0292, aux_loss: 0.0000, lr: 0.00001000, epoch_time: 62.0min
Epoch:[1/1](1660/113215), loss: 2.1810, logits_loss: 2.1810, aux_loss: 0.0000, lr: 0.00001000, epoch_time: 62.0min
Epoch:[1/1](1680/113215), loss: 2.2555, logits_loss: 2.2555, aux_loss: 0.0000, lr: 0.00001000, epoch_time: 62.0min
Epoch:[1/1](1700/113215), loss: 2.1384, logits_loss: 2.1384, aux_loss: 0.0000, lr: 0.00000999, epoch_time: 62.0min
Epoch:[1/1](1720/113215), loss: 2.0820, logits_loss: 2.0820, aux_loss: 0.0000, lr: 0.00000999, epoch_time: 62.0min
Epoch:[1/1](1740/113215), loss: 1.8675, logits_loss: 1.8675, aux_loss: 0.0000, lr: 0.00000999, epoch_time: 62.0min
Epoch:[1/1](1760/113215), loss: 2.0672, logits_loss: 2.0672, aux_loss: 0.0000, lr: 0.00000999, epoch_time: 61.0min
Epoch:[1/1](1780/113215), loss: 2.1655, logits_loss: 2.1655, aux_loss: 0.0000, lr: 0.00000999, epoch_time: 61.0min
Epoch:[1/1](1800/113215), loss: 1.9523, logits_loss: 1.9523, aux_loss: 0.0000, lr: 0.00000999, epoch_time: 61.0min
Epoch:[1/1](1820/113215), loss: 1.9913, logits_loss: 1.9913, aux_loss: 0.0000, lr: 0.00000999, epoch_time: 61.0min
Epoch:[1/1](1840/113215), loss: 2.3345, logits_loss: 2.3345, aux_loss: 0.0000, lr: 0.00000999, epoch_time: 61.0min
Epoch:[1/1](1860/113215), loss: 2.1197, logits_loss: 2.1197, aux_loss: 0.0000, lr: 0.00000999, epoch_time: 61.0min
Epoch:[1/1](1880/113215), loss: 1.6807, logits_loss: 1.6807, aux_loss: 0.0000, lr: 0.00000999, epoch_time: 61.0min
Epoch:[1/1](1900/113215), loss: 1.8761, logits_loss: 1.8761, aux_loss: 0.0000, lr: 0.00000999, epoch_time: 61.0min
Epoch:[1/1](1920/113215), loss: 1.8697, logits_loss: 1.8697, aux_loss: 0.0000, lr: 0.00000999, epoch_time: 61.0min
Epoch:[1/1](1940/113215), loss: 2.2317, logits_loss: 2.2317, aux_loss: 0.0000, lr: 0.00000999, epoch_time: 61.0min
Epoch:[1/1](1960/113215), loss: 1.9761, logits_loss: 1.9761, aux_loss: 0.0000, lr: 0.00000999, epoch_time: 61.0min
Epoch:[1/1](1980/113215), loss: 2.0451, logits_loss: 2.0451, aux_loss: 0.0000, lr: 0.00000999, epoch_time: 61.0min
Epoch:[1/1](2000/113215), loss: 2.1029, logits_loss: 2.1029, aux_loss: 0.0000, lr: 0.00000999, epoch_time: 61.0min
Epoch:[1/1](2020/113215), loss: 2.0264, logits_loss: 2.0264, aux_loss: 0.0000, lr: 0.00000999, epoch_time: 64.0min
Epoch:[1/1](2040/113215), loss: 2.1469, logits_loss: 2.1469, aux_loss: 0.0000, lr: 0.00000999, epoch_time: 64.0min
Epoch:[1/1](2060/113215), loss: 1.9798, logits_loss: 1.9798, aux_loss: 0.0000, lr: 0.00000999, epoch_time: 64.0min
Epoch:[1/1](2080/113215), loss: 1.9027, logits_loss: 1.9027, aux_loss: 0.0000, lr: 0.00000999, epoch_time: 64.0min
Epoch:[1/1](2100/113215), loss: 1.8921, logits_loss: 1.8921, aux_loss: 0.0000, lr: 0.00000999, epoch_time: 64.0min
Epoch:[1/1](2120/113215), loss: 1.8860, logits_loss: 1.8860, aux_loss: 0.0000, lr: 0.00000999, epoch_time: 64.0min
Epoch:[1/1](2140/113215), loss: 1.8125, logits_loss: 1.8125, aux_loss: 0.0000, lr: 0.00000999, epoch_time: 64.0min
Epoch:[1/1](2160/113215), loss: 1.8979, logits_loss: 1.8979, aux_loss: 0.0000, lr: 0.00000999, epoch_time: 64.0min
Epoch:[1/1](2180/113215), loss: 1.4091, logits_loss: 1.4091, aux_loss: 0.0000, lr: 0.00000999, epoch_time: 64.0min
Epoch:[1/1](2200/113215), loss: 2.1239, logits_loss: 2.1239, aux_loss: 0.0000, lr: 0.00000999, epoch_time: 64.0min
Epoch:[1/1](2220/113215), loss: 2.0130, logits_loss: 2.0130, aux_loss: 0.0000, lr: 0.00000999, epoch_time: 63.0min
Epoch:[1/1](2240/113215), loss: 2.1145, logits_loss: 2.1145, aux_loss: 0.0000, lr: 0.00000999, epoch_time: 63.0min
Epoch:[1/1](2260/113215), loss: 1.7371, logits_loss: 1.7371, aux_loss: 0.0000, lr: 0.00000999, epoch_time: 63.0min
Epoch:[1/1](2280/113215), loss: 2.1894, logits_loss: 2.1894, aux_loss: 0.0000, lr: 0.00000999, epoch_time: 63.0min
Epoch:[1/1](2300/113215), loss: 2.2633, logits_loss: 2.2633, aux_loss: 0.0000, lr: 0.00000999, epoch_time: 63.0min
Epoch:[1/1](2320/113215), loss: 1.8571, logits_loss: 1.8571, aux_loss: 0.0000, lr: 0.00000999, epoch_time: 63.0min
Epoch:[1/1](2340/113215), loss: 1.9317, logits_loss: 1.9317, aux_loss: 0.0000, lr: 0.00000999, epoch_time: 63.0min
Epoch:[1/1](2360/113215), loss: 2.0494, logits_loss: 2.0494, aux_loss: 0.0000, lr: 0.00000999, epoch_time: 63.0min
Epoch:[1/1](2380/113215), loss: 1.9580, logits_loss: 1.9580, aux_loss: 0.0000, lr: 0.00000999, epoch_time: 63.0min
Epoch:[1/1](2400/113215), loss: 2.1324, logits_loss: 2.1324, aux_loss: 0.0000, lr: 0.00000999, epoch_time: 63.0min
Epoch:[1/1](2420/113215), loss: 1.9331, logits_loss: 1.9331, aux_loss: 0.0000, lr: 0.00000999, epoch_time: 63.0min
Epoch:[1/1](2440/113215), loss: 2.2064, logits_loss: 2.2064, aux_loss: 0.0000, lr: 0.00000999, epoch_time: 63.0min
Epoch:[1/1](2460/113215), loss: 2.0318, logits_loss: 2.0318, aux_loss: 0.0000, lr: 0.00000999, epoch_time: 63.0min
Epoch:[1/1](2480/113215), loss: 1.9635, logits_loss: 1.9635, aux_loss: 0.0000, lr: 0.00000999, epoch_time: 63.0min
Epoch:[1/1](2500/113215), loss: 2.1282, logits_loss: 2.1282, aux_loss: 0.0000, lr: 0.00000999, epoch_time: 62.0min
Epoch:[1/1](2520/113215), loss: 1.9532, logits_loss: 1.9532, aux_loss: 0.0000, lr: 0.00000999, epoch_time: 62.0min
Epoch:[1/1](2540/113215), loss: 2.0900, logits_loss: 2.0900, aux_loss: 0.0000, lr: 0.00000999, epoch_time: 62.0min
Epoch:[1/1](2560/113215), loss: 1.9132, logits_loss: 1.9132, aux_loss: 0.0000, lr: 0.00000999, epoch_time: 62.0min
Epoch:[1/1](2580/113215), loss: 1.8927, logits_loss: 1.8927, aux_loss: 0.0000, lr: 0.00000999, epoch_time: 62.0min
Epoch:[1/1](2600/113215), loss: 1.8932, logits_loss: 1.8932, aux_loss: 0.0000, lr: 0.00000999, epoch_time: 62.0min
Epoch:[1/1](2620/113215), loss: 1.7918, logits_loss: 1.7918, aux_loss: 0.0000, lr: 0.00000999, epoch_time: 62.0min
Epoch:[1/1](2640/113215), loss: 1.8781, logits_loss: 1.8781, aux_loss: 0.0000, lr: 0.00000999, epoch_time: 62.0min
Epoch:[1/1](2660/113215), loss: 2.0900, logits_loss: 2.0900, aux_loss: 0.0000, lr: 0.00000999, epoch_time: 62.0min
Epoch:[1/1](2680/113215), loss: 2.1003, logits_loss: 2.1003, aux_loss: 0.0000, lr: 0.00000999, epoch_time: 62.0min
Epoch:[1/1](2700/113215), loss: 2.0540, logits_loss: 2.0540, aux_loss: 0.0000, lr: 0.00000999, epoch_time: 62.0min
Epoch:[1/1](2720/113215), loss: 2.2419, logits_loss: 2.2419, aux_loss: 0.0000, lr: 0.00000999, epoch_time: 62.0min
Epoch:[1/1](2740/113215), loss: 1.8577, logits_loss: 1.8577, aux_loss: 0.0000, lr: 0.00000999, epoch_time: 62.0min
Epoch:[1/1](2760/113215), loss: 1.7678, logits_loss: 1.7678, aux_loss: 0.0000, lr: 0.00000999, epoch_time: 62.0min
Epoch:[1/1](2780/113215), loss: 1.9104, logits_loss: 1.9104, aux_loss: 0.0000, lr: 0.00000999, epoch_time: 62.0min
Epoch:[1/1](2800/113215), loss: 1.7313, logits_loss: 1.7313, aux_loss: 0.0000, lr: 0.00000999, epoch_time: 62.0min
Epoch:[1/1](2820/113215), loss: 2.2298, logits_loss: 2.2298, aux_loss: 0.0000, lr: 0.00000999, epoch_time: 62.0min
Epoch:[1/1](2840/113215), loss: 2.3769, logits_loss: 2.3769, aux_loss: 0.0000, lr: 0.00000999, epoch_time: 62.0min
Epoch:[1/1](2860/113215), loss: 1.9151, logits_loss: 1.9151, aux_loss: 0.0000, lr: 0.00000999, epoch_time: 61.0min
Epoch:[1/1](2880/113215), loss: 2.0322, logits_loss: 2.0322, aux_loss: 0.0000, lr: 0.00000999, epoch_time: 61.0min
Epoch:[1/1](2900/113215), loss: 1.8845, logits_loss: 1.8845, aux_loss: 0.0000, lr: 0.00000999, epoch_time: 61.0min
Epoch:[1/1](2920/113215), loss: 1.8752, logits_loss: 1.8752, aux_loss: 0.0000, lr: 0.00000999, epoch_time: 61.0min
Epoch:[1/1](2940/113215), loss: 2.0668, logits_loss: 2.0668, aux_loss: 0.0000, lr: 0.00000999, epoch_time: 61.0min
Epoch:[1/1](2960/113215), loss: 2.0091, logits_loss: 2.0091, aux_loss: 0.0000, lr: 0.00000998, epoch_time: 61.0min
Epoch:[1/1](2980/113215), loss: 1.8167, logits_loss: 1.8167, aux_loss: 0.0000, lr: 0.00000998, epoch_time: 61.0min
Epoch:[1/1](3000/113215), loss: 1.9891, logits_loss: 1.9891, aux_loss: 0.0000, lr: 0.00000998, epoch_time: 61.0min
Epoch:[1/1](3020/113215), loss: 2.0368, logits_loss: 2.0368, aux_loss: 0.0000, lr: 0.00000998, epoch_time: 67.0min
Epoch:[1/1](3040/113215), loss: 1.8382, logits_loss: 1.8382, aux_loss: 0.0000, lr: 0.00000998, epoch_time: 67.0min
Epoch:[1/1](3060/113215), loss: 2.1156, logits_loss: 2.1156, aux_loss: 0.0000, lr: 0.00000998, epoch_time: 67.0min
Epoch:[1/1](3080/113215), loss: 1.7544, logits_loss: 1.7544, aux_loss: 0.0000, lr: 0.00000998, epoch_time: 67.0min
Epoch:[1/1](3100/113215), loss: 1.2833, logits_loss: 1.2833, aux_loss: 0.0000, lr: 0.00000998, epoch_time: 66.0min
Epoch:[1/1](3120/113215), loss: 2.1139, logits_loss: 2.1139, aux_loss: 0.0000, lr: 0.00000998, epoch_time: 66.0min
Epoch:[1/1](3140/113215), loss: 1.9233, logits_loss: 1.9233, aux_loss: 0.0000, lr: 0.00000998, epoch_time: 66.0min
Epoch:[1/1](3160/113215), loss: 2.1336, logits_loss: 2.1336, aux_loss: 0.0000, lr: 0.00000998, epoch_time: 66.0min
Epoch:[1/1](3180/113215), loss: 2.0561, logits_loss: 2.0561, aux_loss: 0.0000, lr: 0.00000998, epoch_time: 66.0min
Epoch:[1/1](3200/113215), loss: 2.1772, logits_loss: 2.1772, aux_loss: 0.0000, lr: 0.00000998, epoch_time: 66.0min
Epoch:[1/1](3220/113215), loss: 1.7440, logits_loss: 1.7440, aux_loss: 0.0000, lr: 0.00000998, epoch_time: 66.0min
Epoch:[1/1](3240/113215), loss: 1.9230, logits_loss: 1.9230, aux_loss: 0.0000, lr: 0.00000998, epoch_time: 66.0min
Epoch:[1/1](3260/113215), loss: 2.0809, logits_loss: 2.0809, aux_loss: 0.0000, lr: 0.00000998, epoch_time: 66.0min
Epoch:[1/1](3280/113215), loss: 2.0490, logits_loss: 2.0490, aux_loss: 0.0000, lr: 0.00000998, epoch_time: 66.0min
Epoch:[1/1](3300/113215), loss: 2.0110, logits_loss: 2.0110, aux_loss: 0.0000, lr: 0.00000998, epoch_time: 66.0min
Epoch:[1/1](3320/113215), loss: 2.2833, logits_loss: 2.2833, aux_loss: 0.0000, lr: 0.00000998, epoch_time: 66.0min
Epoch:[1/1](3340/113215), loss: 1.9348, logits_loss: 1.9348, aux_loss: 0.0000, lr: 0.00000998, epoch_time: 66.0min
Epoch:[1/1](3360/113215), loss: 2.0365, logits_loss: 2.0365, aux_loss: 0.0000, lr: 0.00000998, epoch_time: 65.0min
Epoch:[1/1](3380/113215), loss: 1.8778, logits_loss: 1.8778, aux_loss: 0.0000, lr: 0.00000998, epoch_time: 65.0min
Epoch:[1/1](3400/113215), loss: 2.1049, logits_loss: 2.1049, aux_loss: 0.0000, lr: 0.00000998, epoch_time: 65.0min
Epoch:[1/1](3420/113215), loss: 2.0445, logits_loss: 2.0445, aux_loss: 0.0000, lr: 0.00000998, epoch_time: 65.0min
Epoch:[1/1](3440/113215), loss: 1.7353, logits_loss: 1.7353, aux_loss: 0.0000, lr: 0.00000998, epoch_time: 65.0min
Epoch:[1/1](3460/113215), loss: 1.8716, logits_loss: 1.8716, aux_loss: 0.0000, lr: 0.00000998, epoch_time: 65.0min
Epoch:[1/1](3480/113215), loss: 2.1599, logits_loss: 2.1599, aux_loss: 0.0000, lr: 0.00000998, epoch_time: 65.0min
Epoch:[1/1](3500/113215), loss: 1.8238, logits_loss: 1.8238, aux_loss: 0.0000, lr: 0.00000998, epoch_time: 65.0min
Epoch:[1/1](3520/113215), loss: 1.9725, logits_loss: 1.9725, aux_loss: 0.0000, lr: 0.00000998, epoch_time: 65.0min
Epoch:[1/1](3540/113215), loss: 1.9585, logits_loss: 1.9585, aux_loss: 0.0000, lr: 0.00000998, epoch_time: 65.0min
Epoch:[1/1](3560/113215), loss: 2.0465, logits_loss: 2.0465, aux_loss: 0.0000, lr: 0.00000998, epoch_time: 65.0min
Epoch:[1/1](3580/113215), loss: 1.8638, logits_loss: 1.8638, aux_loss: 0.0000, lr: 0.00000998, epoch_time: 65.0min
Epoch:[1/1](3600/113215), loss: 2.1120, logits_loss: 2.1120, aux_loss: 0.0000, lr: 0.00000998, epoch_time: 65.0min
Epoch:[1/1](3620/113215), loss: 1.9929, logits_loss: 1.9929, aux_loss: 0.0000, lr: 0.00000998, epoch_time: 65.0min
Epoch:[1/1](3640/113215), loss: 2.0403, logits_loss: 2.0403, aux_loss: 0.0000, lr: 0.00000998, epoch_time: 65.0min
Epoch:[1/1](3660/113215), loss: 1.9057, logits_loss: 1.9057, aux_loss: 0.0000, lr: 0.00000998, epoch_time: 64.0min
Epoch:[1/1](3680/113215), loss: 2.0537, logits_loss: 2.0537, aux_loss: 0.0000, lr: 0.00000998, epoch_time: 64.0min
Epoch:[1/1](3700/113215), loss: 1.7346, logits_loss: 1.7346, aux_loss: 0.0000, lr: 0.00000998, epoch_time: 64.0min
Epoch:[1/1](3720/113215), loss: 1.9078, logits_loss: 1.9078, aux_loss: 0.0000, lr: 0.00000998, epoch_time: 64.0min
Epoch:[1/1](3740/113215), loss: 2.0211, logits_loss: 2.0211, aux_loss: 0.0000, lr: 0.00000998, epoch_time: 64.0min
Epoch:[1/1](3760/113215), loss: 2.1332, logits_loss: 2.1332, aux_loss: 0.0000, lr: 0.00000998, epoch_time: 64.0min
Epoch:[1/1](3780/113215), loss: 1.9764, logits_loss: 1.9764, aux_loss: 0.0000, lr: 0.00000998, epoch_time: 64.0min
Epoch:[1/1](3800/113215), loss: 1.9573, logits_loss: 1.9573, aux_loss: 0.0000, lr: 0.00000998, epoch_time: 64.0min
Epoch:[1/1](3820/113215), loss: 2.0143, logits_loss: 2.0143, aux_loss: 0.0000, lr: 0.00000997, epoch_time: 64.0min
Epoch:[1/1](3840/113215), loss: 2.1379, logits_loss: 2.1379, aux_loss: 0.0000, lr: 0.00000997, epoch_time: 64.0min
Epoch:[1/1](3860/113215), loss: 2.1464, logits_loss: 2.1464, aux_loss: 0.0000, lr: 0.00000997, epoch_time: 64.0min
Epoch:[1/1](3880/113215), loss: 1.8398, logits_loss: 1.8398, aux_loss: 0.0000, lr: 0.00000997, epoch_time: 64.0min
Epoch:[1/1](3900/113215), loss: 1.9092, logits_loss: 1.9092, aux_loss: 0.0000, lr: 0.00000997, epoch_time: 64.0min
Epoch:[1/1](3920/113215), loss: 1.9836, logits_loss: 1.9836, aux_loss: 0.0000, lr: 0.00000997, epoch_time: 64.0min
Epoch:[1/1](3940/113215), loss: 1.9045, logits_loss: 1.9045, aux_loss: 0.0000, lr: 0.00000997, epoch_time: 64.0min
Epoch:[1/1](3960/113215), loss: 2.1062, logits_loss: 2.1062, aux_loss: 0.0000, lr: 0.00000997, epoch_time: 64.0min
Epoch:[1/1](3980/113215), loss: 1.6689, logits_loss: 1.6689, aux_loss: 0.0000, lr: 0.00000997, epoch_time: 64.0min
Epoch:[1/1](4000/113215), loss: 1.7814, logits_loss: 1.7814, aux_loss: 0.0000, lr: 0.00000997, epoch_time: 63.0min
Epoch:[1/1](4020/113215), loss: 1.7396, logits_loss: 1.7396, aux_loss: 0.0000, lr: 0.00000997, epoch_time: 66.0min
Epoch:[1/1](4040/113215), loss: 1.9416, logits_loss: 1.9416, aux_loss: 0.0000, lr: 0.00000997, epoch_time: 65.0min
Epoch:[1/1](4060/113215), loss: 1.8975, logits_loss: 1.8975, aux_loss: 0.0000, lr: 0.00000997, epoch_time: 65.0min
Epoch:[1/1](4080/113215), loss: 1.9734, logits_loss: 1.9734, aux_loss: 0.0000, lr: 0.00000997, epoch_time: 65.0min
Epoch:[1/1](4100/113215), loss: 2.0068, logits_loss: 2.0068, aux_loss: 0.0000, lr: 0.00000997, epoch_time: 65.0min
Epoch:[1/1](4120/113215), loss: 1.5925, logits_loss: 1.5925, aux_loss: 0.0000, lr: 0.00000997, epoch_time: 65.0min
Epoch:[1/1](4140/113215), loss: 1.9996, logits_loss: 1.9996, aux_loss: 0.0000, lr: 0.00000997, epoch_time: 65.0min
Epoch:[1/1](4160/113215), loss: 1.7432, logits_loss: 1.7432, aux_loss: 0.0000, lr: 0.00000997, epoch_time: 65.0min
Epoch:[1/1](4180/113215), loss: 2.0218, logits_loss: 2.0218, aux_loss: 0.0000, lr: 0.00000997, epoch_time: 65.0min
Epoch:[1/1](4200/113215), loss: 1.7872, logits_loss: 1.7872, aux_loss: 0.0000, lr: 0.00000997, epoch_time: 65.0min
Epoch:[1/1](4220/113215), loss: 1.8588, logits_loss: 1.8588, aux_loss: 0.0000, lr: 0.00000997, epoch_time: 65.0min
Epoch:[1/1](4240/113215), loss: 2.0600, logits_loss: 2.0600, aux_loss: 0.0000, lr: 0.00000997, epoch_time: 65.0min
Epoch:[1/1](4260/113215), loss: 1.9427, logits_loss: 1.9427, aux_loss: 0.0000, lr: 0.00000997, epoch_time: 65.0min
Epoch:[1/1](4280/113215), loss: 2.1277, logits_loss: 2.1277, aux_loss: 0.0000, lr: 0.00000997, epoch_time: 65.0min
Epoch:[1/1](4300/113215), loss: 1.8795, logits_loss: 1.8795, aux_loss: 0.0000, lr: 0.00000997, epoch_time: 65.0min
Epoch:[1/1](4320/113215), loss: 2.0182, logits_loss: 2.0182, aux_loss: 0.0000, lr: 0.00000997, epoch_time: 65.0min
Epoch:[1/1](4340/113215), loss: 2.0315, logits_loss: 2.0315, aux_loss: 0.0000, lr: 0.00000997, epoch_time: 65.0min
Epoch:[1/1](4360/113215), loss: 1.7982, logits_loss: 1.7982, aux_loss: 0.0000, lr: 0.00000997, epoch_time: 65.0min
Epoch:[1/1](4380/113215), loss: 1.9227, logits_loss: 1.9227, aux_loss: 0.0000, lr: 0.00000997, epoch_time: 64.0min
Epoch:[1/1](4400/113215), loss: 1.7522, logits_loss: 1.7522, aux_loss: 0.0000, lr: 0.00000997, epoch_time: 64.0min
Epoch:[1/1](4420/113215), loss: 1.7366, logits_loss: 1.7366, aux_loss: 0.0000, lr: 0.00000997, epoch_time: 64.0min
Epoch:[1/1](4440/113215), loss: 1.7361, logits_loss: 1.7361, aux_loss: 0.0000, lr: 0.00000997, epoch_time: 64.0min
Epoch:[1/1](4460/113215), loss: 1.9031, logits_loss: 1.9031, aux_loss: 0.0000, lr: 0.00000997, epoch_time: 64.0min
Epoch:[1/1](4480/113215), loss: 1.9635, logits_loss: 1.9635, aux_loss: 0.0000, lr: 0.00000997, epoch_time: 64.0min
Epoch:[1/1](4500/113215), loss: 2.0671, logits_loss: 2.0671, aux_loss: 0.0000, lr: 0.00000996, epoch_time: 64.0min
Epoch:[1/1](4520/113215), loss: 1.8615, logits_loss: 1.8615, aux_loss: 0.0000, lr: 0.00000996, epoch_time: 64.0min
Epoch:[1/1](4540/113215), loss: 1.8527, logits_loss: 1.8527, aux_loss: 0.0000, lr: 0.00000996, epoch_time: 64.0min
Epoch:[1/1](4560/113215), loss: 2.1123, logits_loss: 2.1123, aux_loss: 0.0000, lr: 0.00000996, epoch_time: 64.0min
Epoch:[1/1](4580/113215), loss: 1.9698, logits_loss: 1.9698, aux_loss: 0.0000, lr: 0.00000996, epoch_time: 64.0min
Epoch:[1/1](4600/113215), loss: 2.0859, logits_loss: 2.0859, aux_loss: 0.0000, lr: 0.00000996, epoch_time: 64.0min
Epoch:[1/1](4620/113215), loss: 2.0668, logits_loss: 2.0668, aux_loss: 0.0000, lr: 0.00000996, epoch_time: 64.0min
Epoch:[1/1](4640/113215), loss: 1.9007, logits_loss: 1.9007, aux_loss: 0.0000, lr: 0.00000996, epoch_time: 64.0min
Epoch:[1/1](4660/113215), loss: 1.9586, logits_loss: 1.9586, aux_loss: 0.0000, lr: 0.00000996, epoch_time: 64.0min
Epoch:[1/1](4680/113215), loss: 1.9187, logits_loss: 1.9187, aux_loss: 0.0000, lr: 0.00000996, epoch_time: 64.0min
Epoch:[1/1](4700/113215), loss: 2.3225, logits_loss: 2.3225, aux_loss: 0.0000, lr: 0.00000996, epoch_time: 64.0min
Epoch:[1/1](4720/113215), loss: 1.9031, logits_loss: 1.9031, aux_loss: 0.0000, lr: 0.00000996, epoch_time: 64.0min
Epoch:[1/1](4740/113215), loss: 1.6483, logits_loss: 1.6483, aux_loss: 0.0000, lr: 0.00000996, epoch_time: 64.0min
Epoch:[1/1](4760/113215), loss: 2.2348, logits_loss: 2.2348, aux_loss: 0.0000, lr: 0.00000996, epoch_time: 63.0min
Epoch:[1/1](4780/113215), loss: 1.7456, logits_loss: 1.7456, aux_loss: 0.0000, lr: 0.00000996, epoch_time: 63.0min
Epoch:[1/1](4800/113215), loss: 1.8969, logits_loss: 1.8969, aux_loss: 0.0000, lr: 0.00000996, epoch_time: 63.0min
Epoch:[1/1](4820/113215), loss: 2.0322, logits_loss: 2.0322, aux_loss: 0.0000, lr: 0.00000996, epoch_time: 63.0min
Epoch:[1/1](4840/113215), loss: 2.0722, logits_loss: 2.0722, aux_loss: 0.0000, lr: 0.00000996, epoch_time: 63.0min
Epoch:[1/1](4860/113215), loss: 1.8306, logits_loss: 1.8306, aux_loss: 0.0000, lr: 0.00000996, epoch_time: 63.0min
Epoch:[1/1](4880/113215), loss: 1.9680, logits_loss: 1.9680, aux_loss: 0.0000, lr: 0.00000996, epoch_time: 63.0min
Epoch:[1/1](4900/113215), loss: 1.9581, logits_loss: 1.9581, aux_loss: 0.0000, lr: 0.00000996, epoch_time: 63.0min
Epoch:[1/1](4920/113215), loss: 1.8043, logits_loss: 1.8043, aux_loss: 0.0000, lr: 0.00000996, epoch_time: 63.0min
Epoch:[1/1](4940/113215), loss: 1.9014, logits_loss: 1.9014, aux_loss: 0.0000, lr: 0.00000996, epoch_time: 63.0min
Epoch:[1/1](4960/113215), loss: 2.1830, logits_loss: 2.1830, aux_loss: 0.0000, lr: 0.00000996, epoch_time: 63.0min
Epoch:[1/1](4980/113215), loss: 2.1375, logits_loss: 2.1375, aux_loss: 0.0000, lr: 0.00000996, epoch_time: 63.0min
Epoch:[1/1](5000/113215), loss: 1.8530, logits_loss: 1.8530, aux_loss: 0.0000, lr: 0.00000996, epoch_time: 63.0min
Epoch:[1/1](5020/113215), loss: 2.0129, logits_loss: 2.0129, aux_loss: 0.0000, lr: 0.00000996, epoch_time: 65.0min
Epoch:[1/1](5040/113215), loss: 1.9757, logits_loss: 1.9757, aux_loss: 0.0000, lr: 0.00000996, epoch_time: 65.0min
Epoch:[1/1](5060/113215), loss: 2.0687, logits_loss: 2.0687, aux_loss: 0.0000, lr: 0.00000996, epoch_time: 65.0min
Epoch:[1/1](5080/113215), loss: 1.9665, logits_loss: 1.9665, aux_loss: 0.0000, lr: 0.00000996, epoch_time: 65.0min
Epoch:[1/1](5100/113215), loss: 1.9348, logits_loss: 1.9348, aux_loss: 0.0000, lr: 0.00000996, epoch_time: 65.0min
Epoch:[1/1](5120/113215), loss: 2.0766, logits_loss: 2.0766, aux_loss: 0.0000, lr: 0.00000995, epoch_time: 65.0min
Epoch:[1/1](5140/113215), loss: 1.9243, logits_loss: 1.9243, aux_loss: 0.0000, lr: 0.00000995, epoch_time: 65.0min
Epoch:[1/1](5160/113215), loss: 1.8830, logits_loss: 1.8830, aux_loss: 0.0000, lr: 0.00000995, epoch_time: 65.0min
Epoch:[1/1](5180/113215), loss: 2.1251, logits_loss: 2.1251, aux_loss: 0.0000, lr: 0.00000995, epoch_time: 65.0min
Epoch:[1/1](5200/113215), loss: 1.9202, logits_loss: 1.9202, aux_loss: 0.0000, lr: 0.00000995, epoch_time: 65.0min
Epoch:[1/1](5220/113215), loss: 1.8753, logits_loss: 1.8753, aux_loss: 0.0000, lr: 0.00000995, epoch_time: 65.0min
Epoch:[1/1](5240/113215), loss: 2.0146, logits_loss: 2.0146, aux_loss: 0.0000, lr: 0.00000995, epoch_time: 65.0min
Epoch:[1/1](5260/113215), loss: 1.8777, logits_loss: 1.8777, aux_loss: 0.0000, lr: 0.00000995, epoch_time: 65.0min
Epoch:[1/1](5280/113215), loss: 2.0734, logits_loss: 2.0734, aux_loss: 0.0000, lr: 0.00000995, epoch_time: 65.0min
Epoch:[1/1](5300/113215), loss: 1.8658, logits_loss: 1.8658, aux_loss: 0.0000, lr: 0.00000995, epoch_time: 65.0min
Epoch:[1/1](5320/113215), loss: 2.0764, logits_loss: 2.0764, aux_loss: 0.0000, lr: 0.00000995, epoch_time: 65.0min
Epoch:[1/1](5340/113215), loss: 2.0213, logits_loss: 2.0213, aux_loss: 0.0000, lr: 0.00000995, epoch_time: 64.0min
Epoch:[1/1](5360/113215), loss: 1.8039, logits_loss: 1.8039, aux_loss: 0.0000, lr: 0.00000995, epoch_time: 64.0min
Epoch:[1/1](5380/113215), loss: 1.9321, logits_loss: 1.9321, aux_loss: 0.0000, lr: 0.00000995, epoch_time: 64.0min
Epoch:[1/1](5400/113215), loss: 1.8781, logits_loss: 1.8781, aux_loss: 0.0000, lr: 0.00000995, epoch_time: 64.0min
Epoch:[1/1](5420/113215), loss: 1.9086, logits_loss: 1.9086, aux_loss: 0.0000, lr: 0.00000995, epoch_time: 64.0min
Epoch:[1/1](5440/113215), loss: 1.7126, logits_loss: 1.7126, aux_loss: 0.0000, lr: 0.00000995, epoch_time: 64.0min
Epoch:[1/1](5460/113215), loss: 1.9697, logits_loss: 1.9697, aux_loss: 0.0000, lr: 0.00000995, epoch_time: 64.0min
Epoch:[1/1](5480/113215), loss: 1.4873, logits_loss: 1.4873, aux_loss: 0.0000, lr: 0.00000995, epoch_time: 64.0min
Epoch:[1/1](5500/113215), loss: 1.7284, logits_loss: 1.7284, aux_loss: 0.0000, lr: 0.00000995, epoch_time: 64.0min
Epoch:[1/1](5520/113215), loss: 2.1315, logits_loss: 2.1315, aux_loss: 0.0000, lr: 0.00000995, epoch_time: 64.0min
Epoch:[1/1](5540/113215), loss: 1.6595, logits_loss: 1.6595, aux_loss: 0.0000, lr: 0.00000995, epoch_time: 64.0min
Epoch:[1/1](5560/113215), loss: 1.7337, logits_loss: 1.7337, aux_loss: 0.0000, lr: 0.00000995, epoch_time: 64.0min
Epoch:[1/1](5580/113215), loss: 1.9990, logits_loss: 1.9990, aux_loss: 0.0000, lr: 0.00000995, epoch_time: 64.0min
Epoch:[1/1](5600/113215), loss: 1.5011, logits_loss: 1.5011, aux_loss: 0.0000, lr: 0.00000995, epoch_time: 64.0min
Epoch:[1/1](5620/113215), loss: 2.0163, logits_loss: 2.0163, aux_loss: 0.0000, lr: 0.00000995, epoch_time: 64.0min
Epoch:[1/1](5640/113215), loss: 1.7132, logits_loss: 1.7132, aux_loss: 0.0000, lr: 0.00000995, epoch_time: 64.0min
Epoch:[1/1](5660/113215), loss: 1.8765, logits_loss: 1.8765, aux_loss: 0.0000, lr: 0.00000994, epoch_time: 64.0min
Epoch:[1/1](5680/113215), loss: 1.9456, logits_loss: 1.9456, aux_loss: 0.0000, lr: 0.00000994, epoch_time: 64.0min
Epoch:[1/1](5700/113215), loss: 2.2250, logits_loss: 2.2250, aux_loss: 0.0000, lr: 0.00000994, epoch_time: 64.0min
Epoch:[1/1](5720/113215), loss: 1.6602, logits_loss: 1.6602, aux_loss: 0.0000, lr: 0.00000994, epoch_time: 64.0min
Epoch:[1/1](5740/113215), loss: 1.9924, logits_loss: 1.9924, aux_loss: 0.0000, lr: 0.00000994, epoch_time: 64.0min
Epoch:[1/1](5760/113215), loss: 1.6530, logits_loss: 1.6530, aux_loss: 0.0000, lr: 0.00000994, epoch_time: 63.0min
Epoch:[1/1](5780/113215), loss: 1.9181, logits_loss: 1.9181, aux_loss: 0.0000, lr: 0.00000994, epoch_time: 63.0min
Epoch:[1/1](5800/113215), loss: 1.9878, logits_loss: 1.9878, aux_loss: 0.0000, lr: 0.00000994, epoch_time: 63.0min
Epoch:[1/1](5820/113215), loss: 2.0912, logits_loss: 2.0912, aux_loss: 0.0000, lr: 0.00000994, epoch_time: 63.0min
Epoch:[1/1](5840/113215), loss: 1.9543, logits_loss: 1.9543, aux_loss: 0.0000, lr: 0.00000994, epoch_time: 63.0min
Epoch:[1/1](5860/113215), loss: 2.0505, logits_loss: 2.0505, aux_loss: 0.0000, lr: 0.00000994, epoch_time: 63.0min
Epoch:[1/1](5880/113215), loss: 2.0119, logits_loss: 2.0119, aux_loss: 0.0000, lr: 0.00000994, epoch_time: 63.0min
Epoch:[1/1](5900/113215), loss: 1.9979, logits_loss: 1.9979, aux_loss: 0.0000, lr: 0.00000994, epoch_time: 63.0min
Epoch:[1/1](5920/113215), loss: 1.9441, logits_loss: 1.9441, aux_loss: 0.0000, lr: 0.00000994, epoch_time: 63.0min
Epoch:[1/1](5940/113215), loss: 1.7975, logits_loss: 1.7975, aux_loss: 0.0000, lr: 0.00000994, epoch_time: 63.0min
Epoch:[1/1](5960/113215), loss: 2.0946, logits_loss: 2.0946, aux_loss: 0.0000, lr: 0.00000994, epoch_time: 63.0min
Epoch:[1/1](5980/113215), loss: 1.9353, logits_loss: 1.9353, aux_loss: 0.0000, lr: 0.00000994, epoch_time: 63.0min
Epoch:[1/1](6000/113215), loss: 2.0554, logits_loss: 2.0554, aux_loss: 0.0000, lr: 0.00000994, epoch_time: 63.0min
Epoch:[1/1](6020/113215), loss: 1.9494, logits_loss: 1.9494, aux_loss: 0.0000, lr: 0.00000994, epoch_time: 66.0min
Epoch:[1/1](6040/113215), loss: 1.9041, logits_loss: 1.9041, aux_loss: 0.0000, lr: 0.00000994, epoch_time: 65.0min
Epoch:[1/1](6060/113215), loss: 1.9655, logits_loss: 1.9655, aux_loss: 0.0000, lr: 0.00000994, epoch_time: 65.0min
Epoch:[1/1](6080/113215), loss: 2.0365, logits_loss: 2.0365, aux_loss: 0.0000, lr: 0.00000994, epoch_time: 65.0min
Epoch:[1/1](6100/113215), loss: 1.7509, logits_loss: 1.7509, aux_loss: 0.0000, lr: 0.00000994, epoch_time: 65.0min
Epoch:[1/1](6120/113215), loss: 1.9635, logits_loss: 1.9635, aux_loss: 0.0000, lr: 0.00000994, epoch_time: 65.0min
Epoch:[1/1](6140/113215), loss: 1.9495, logits_loss: 1.9495, aux_loss: 0.0000, lr: 0.00000993, epoch_time: 65.0min
Epoch:[1/1](6160/113215), loss: 1.9453, logits_loss: 1.9453, aux_loss: 0.0000, lr: 0.00000993, epoch_time: 65.0min
Epoch:[1/1](6180/113215), loss: 2.0748, logits_loss: 2.0748, aux_loss: 0.0000, lr: 0.00000993, epoch_time: 65.0min
Epoch:[1/1](6200/113215), loss: 1.8649, logits_loss: 1.8649, aux_loss: 0.0000, lr: 0.00000993, epoch_time: 65.0min
Epoch:[1/1](6220/113215), loss: 2.1678, logits_loss: 2.1678, aux_loss: 0.0000, lr: 0.00000993, epoch_time: 65.0min
Epoch:[1/1](6240/113215), loss: 1.8233, logits_loss: 1.8233, aux_loss: 0.0000, lr: 0.00000993, epoch_time: 65.0min
Epoch:[1/1](6260/113215), loss: 1.7870, logits_loss: 1.7870, aux_loss: 0.0000, lr: 0.00000993, epoch_time: 65.0min
Epoch:[1/1](6280/113215), loss: 1.7187, logits_loss: 1.7187, aux_loss: 0.0000, lr: 0.00000993, epoch_time: 65.0min
Epoch:[1/1](6300/113215), loss: 2.1859, logits_loss: 2.1859, aux_loss: 0.0000, lr: 0.00000993, epoch_time: 65.0min
Epoch:[1/1](6320/113215), loss: 1.9905, logits_loss: 1.9905, aux_loss: 0.0000, lr: 0.00000993, epoch_time: 65.0min
Epoch:[1/1](6340/113215), loss: 1.5041, logits_loss: 1.5041, aux_loss: 0.0000, lr: 0.00000993, epoch_time: 65.0min
Epoch:[1/1](6360/113215), loss: 2.0556, logits_loss: 2.0556, aux_loss: 0.0000, lr: 0.00000993, epoch_time: 65.0min
Epoch:[1/1](6380/113215), loss: 1.9705, logits_loss: 1.9705, aux_loss: 0.0000, lr: 0.00000993, epoch_time: 65.0min
Epoch:[1/1](6400/113215), loss: 1.9608, logits_loss: 1.9608, aux_loss: 0.0000, lr: 0.00000993, epoch_time: 65.0min
Epoch:[1/1](6420/113215), loss: 2.0146, logits_loss: 2.0146, aux_loss: 0.0000, lr: 0.00000993, epoch_time: 65.0min
Epoch:[1/1](6440/113215), loss: 1.9967, logits_loss: 1.9967, aux_loss: 0.0000, lr: 0.00000993, epoch_time: 65.0min
Epoch:[1/1](6460/113215), loss: 1.9329, logits_loss: 1.9329, aux_loss: 0.0000, lr: 0.00000993, epoch_time: 64.0min
Epoch:[1/1](6480/113215), loss: 1.8894, logits_loss: 1.8894, aux_loss: 0.0000, lr: 0.00000993, epoch_time: 64.0min
Epoch:[1/1](6500/113215), loss: 1.5871, logits_loss: 1.5871, aux_loss: 0.0000, lr: 0.00000993, epoch_time: 64.0min
Epoch:[1/1](6520/113215), loss: 1.7437, logits_loss: 1.7437, aux_loss: 0.0000, lr: 0.00000993, epoch_time: 64.0min
Epoch:[1/1](6540/113215), loss: 2.1861, logits_loss: 2.1861, aux_loss: 0.0000, lr: 0.00000993, epoch_time: 64.0min
Epoch:[1/1](6560/113215), loss: 1.7503, logits_loss: 1.7503, aux_loss: 0.0000, lr: 0.00000993, epoch_time: 64.0min
Epoch:[1/1](6580/113215), loss: 1.8521, logits_loss: 1.8521, aux_loss: 0.0000, lr: 0.00000993, epoch_time: 64.0min
Epoch:[1/1](6600/113215), loss: 1.8285, logits_loss: 1.8285, aux_loss: 0.0000, lr: 0.00000992, epoch_time: 64.0min
Epoch:[1/1](6620/113215), loss: 1.8120, logits_loss: 1.8120, aux_loss: 0.0000, lr: 0.00000992, epoch_time: 64.0min
Epoch:[1/1](6640/113215), loss: 2.0264, logits_loss: 2.0264, aux_loss: 0.0000, lr: 0.00000992, epoch_time: 64.0min
Epoch:[1/1](6660/113215), loss: 1.9227, logits_loss: 1.9227, aux_loss: 0.0000, lr: 0.00000992, epoch_time: 64.0min
Epoch:[1/1](6680/113215), loss: 1.9290, logits_loss: 1.9290, aux_loss: 0.0000, lr: 0.00000992, epoch_time: 64.0min
Epoch:[1/1](6700/113215), loss: 2.0538, logits_loss: 2.0538, aux_loss: 0.0000, lr: 0.00000992, epoch_time: 64.0min
Epoch:[1/1](6720/113215), loss: 2.0362, logits_loss: 2.0362, aux_loss: 0.0000, lr: 0.00000992, epoch_time: 64.0min
Epoch:[1/1](6740/113215), loss: 1.8107, logits_loss: 1.8107, aux_loss: 0.0000, lr: 0.00000992, epoch_time: 64.0min
Epoch:[1/1](6760/113215), loss: 1.7705, logits_loss: 1.7705, aux_loss: 0.0000, lr: 0.00000992, epoch_time: 64.0min
Epoch:[1/1](6780/113215), loss: 2.0396, logits_loss: 2.0396, aux_loss: 0.0000, lr: 0.00000992, epoch_time: 64.0min
Epoch:[1/1](6800/113215), loss: 1.9360, logits_loss: 1.9360, aux_loss: 0.0000, lr: 0.00000992, epoch_time: 64.0min
Epoch:[1/1](6820/113215), loss: 1.9227, logits_loss: 1.9227, aux_loss: 0.0000, lr: 0.00000992, epoch_time: 64.0min
Epoch:[1/1](6840/113215), loss: 1.9898, logits_loss: 1.9898, aux_loss: 0.0000, lr: 0.00000992, epoch_time: 64.0min
Epoch:[1/1](6860/113215), loss: 2.0138, logits_loss: 2.0138, aux_loss: 0.0000, lr: 0.00000992, epoch_time: 64.0min
Epoch:[1/1](6880/113215), loss: 1.9862, logits_loss: 1.9862, aux_loss: 0.0000, lr: 0.00000992, epoch_time: 64.0min
Epoch:[1/1](6900/113215), loss: 2.1497, logits_loss: 2.1497, aux_loss: 0.0000, lr: 0.00000992, epoch_time: 64.0min
Epoch:[1/1](6920/113215), loss: 1.6965, logits_loss: 1.6965, aux_loss: 0.0000, lr: 0.00000992, epoch_time: 64.0min
Epoch:[1/1](6940/113215), loss: 1.9876, logits_loss: 1.9876, aux_loss: 0.0000, lr: 0.00000992, epoch_time: 63.0min
Epoch:[1/1](6960/113215), loss: 1.9579, logits_loss: 1.9579, aux_loss: 0.0000, lr: 0.00000992, epoch_time: 63.0min
Epoch:[1/1](6980/113215), loss: 1.8588, logits_loss: 1.8588, aux_loss: 0.0000, lr: 0.00000992, epoch_time: 63.0min
Epoch:[1/1](7000/113215), loss: 1.7775, logits_loss: 1.7775, aux_loss: 0.0000, lr: 0.00000992, epoch_time: 63.0min
Epoch:[1/1](7020/113215), loss: 1.7508, logits_loss: 1.7508, aux_loss: 0.0000, lr: 0.00000991, epoch_time: 64.0min
Epoch:[1/1](7040/113215), loss: 2.0524, logits_loss: 2.0524, aux_loss: 0.0000, lr: 0.00000991, epoch_time: 64.0min
Epoch:[1/1](7060/113215), loss: 1.9002, logits_loss: 1.9002, aux_loss: 0.0000, lr: 0.00000991, epoch_time: 64.0min
Epoch:[1/1](7080/113215), loss: 1.8445, logits_loss: 1.8445, aux_loss: 0.0000, lr: 0.00000991, epoch_time: 64.0min
Epoch:[1/1](7100/113215), loss: 2.1455, logits_loss: 2.1455, aux_loss: 0.0000, lr: 0.00000991, epoch_time: 64.0min
Epoch:[1/1](7120/113215), loss: 1.7618, logits_loss: 1.7618, aux_loss: 0.0000, lr: 0.00000991, epoch_time: 64.0min
Epoch:[1/1](7140/113215), loss: 2.0538, logits_loss: 2.0538, aux_loss: 0.0000, lr: 0.00000991, epoch_time: 64.0min
Epoch:[1/1](7160/113215), loss: 1.5653, logits_loss: 1.5653, aux_loss: 0.0000, lr: 0.00000991, epoch_time: 64.0min
Epoch:[1/1](7180/113215), loss: 1.8019, logits_loss: 1.8019, aux_loss: 0.0000, lr: 0.00000991, epoch_time: 64.0min
Epoch:[1/1](7200/113215), loss: 1.6025, logits_loss: 1.6025, aux_loss: 0.0000, lr: 0.00000991, epoch_time: 64.0min
Epoch:[1/1](7220/113215), loss: 1.8740, logits_loss: 1.8740, aux_loss: 0.0000, lr: 0.00000991, epoch_time: 64.0min
Epoch:[1/1](7240/113215), loss: 1.8693, logits_loss: 1.8693, aux_loss: 0.0000, lr: 0.00000991, epoch_time: 64.0min
Epoch:[1/1](7260/113215), loss: 1.8522, logits_loss: 1.8522, aux_loss: 0.0000, lr: 0.00000991, epoch_time: 64.0min
Epoch:[1/1](7280/113215), loss: 1.8116, logits_loss: 1.8116, aux_loss: 0.0000, lr: 0.00000991, epoch_time: 64.0min
Epoch:[1/1](7300/113215), loss: 1.9022, logits_loss: 1.9022, aux_loss: 0.0000, lr: 0.00000991, epoch_time: 64.0min
Epoch:[1/1](7320/113215), loss: 1.7475, logits_loss: 1.7475, aux_loss: 0.0000, lr: 0.00000991, epoch_time: 64.0min
Epoch:[1/1](7340/113215), loss: 2.0569, logits_loss: 2.0569, aux_loss: 0.0000, lr: 0.00000991, epoch_time: 64.0min
Epoch:[1/1](7360/113215), loss: 1.5857, logits_loss: 1.5857, aux_loss: 0.0000, lr: 0.00000991, epoch_time: 64.0min
Epoch:[1/1](7380/113215), loss: 1.7900, logits_loss: 1.7900, aux_loss: 0.0000, lr: 0.00000991, epoch_time: 64.0min
Epoch:[1/1](7400/113215), loss: 1.7082, logits_loss: 1.7082, aux_loss: 0.0000, lr: 0.00000991, epoch_time: 64.0min
Epoch:[1/1](7420/113215), loss: 2.0918, logits_loss: 2.0918, aux_loss: 0.0000, lr: 0.00000990, epoch_time: 64.0min
Epoch:[1/1](7440/113215), loss: 1.9772, logits_loss: 1.9772, aux_loss: 0.0000, lr: 0.00000990, epoch_time: 64.0min
Epoch:[1/1](7460/113215), loss: 1.7624, logits_loss: 1.7624, aux_loss: 0.0000, lr: 0.00000990, epoch_time: 64.0min
Epoch:[1/1](7480/113215), loss: 1.9172, logits_loss: 1.9172, aux_loss: 0.0000, lr: 0.00000990, epoch_time: 63.0min
Epoch:[1/1](7500/113215), loss: 2.0550, logits_loss: 2.0550, aux_loss: 0.0000, lr: 0.00000990, epoch_time: 63.0min
Epoch:[1/1](7520/113215), loss: 1.8372, logits_loss: 1.8372, aux_loss: 0.0000, lr: 0.00000990, epoch_time: 63.0min
Epoch:[1/1](7540/113215), loss: 1.9202, logits_loss: 1.9202, aux_loss: 0.0000, lr: 0.00000990, epoch_time: 63.0min
Epoch:[1/1](7560/113215), loss: 1.6784, logits_loss: 1.6784, aux_loss: 0.0000, lr: 0.00000990, epoch_time: 63.0min
Epoch:[1/1](7580/113215), loss: 1.8859, logits_loss: 1.8859, aux_loss: 0.0000, lr: 0.00000990, epoch_time: 63.0min
Epoch:[1/1](7600/113215), loss: 1.9081, logits_loss: 1.9081, aux_loss: 0.0000, lr: 0.00000990, epoch_time: 63.0min
Epoch:[1/1](7620/113215), loss: 1.8288, logits_loss: 1.8288, aux_loss: 0.0000, lr: 0.00000990, epoch_time: 63.0min
Epoch:[1/1](7640/113215), loss: 2.0875, logits_loss: 2.0875, aux_loss: 0.0000, lr: 0.00000990, epoch_time: 63.0min
Epoch:[1/1](7660/113215), loss: 1.5764, logits_loss: 1.5764, aux_loss: 0.0000, lr: 0.00000990, epoch_time: 63.0min
Epoch:[1/1](7680/113215), loss: 2.1203, logits_loss: 2.1203, aux_loss: 0.0000, lr: 0.00000990, epoch_time: 63.0min
Epoch:[1/1](7700/113215), loss: 1.8308, logits_loss: 1.8308, aux_loss: 0.0000, lr: 0.00000990, epoch_time: 63.0min
Epoch:[1/1](7720/113215), loss: 2.0447, logits_loss: 2.0447, aux_loss: 0.0000, lr: 0.00000990, epoch_time: 63.0min
Epoch:[1/1](7740/113215), loss: 1.6443, logits_loss: 1.6443, aux_loss: 0.0000, lr: 0.00000990, epoch_time: 63.0min
Epoch:[1/1](7760/113215), loss: 1.8318, logits_loss: 1.8318, aux_loss: 0.0000, lr: 0.00000990, epoch_time: 63.0min
Epoch:[1/1](7780/113215), loss: 1.9735, logits_loss: 1.9735, aux_loss: 0.0000, lr: 0.00000990, epoch_time: 63.0min
Epoch:[1/1](7800/113215), loss: 1.8254, logits_loss: 1.8254, aux_loss: 0.0000, lr: 0.00000990, epoch_time: 63.0min
Epoch:[1/1](7820/113215), loss: 1.8409, logits_loss: 1.8409, aux_loss: 0.0000, lr: 0.00000989, epoch_time: 63.0min
Epoch:[1/1](7840/113215), loss: 1.8487, logits_loss: 1.8487, aux_loss: 0.0000, lr: 0.00000989, epoch_time: 63.0min
Epoch:[1/1](7860/113215), loss: 1.8481, logits_loss: 1.8481, aux_loss: 0.0000, lr: 0.00000989, epoch_time: 63.0min
Epoch:[1/1](7880/113215), loss: 1.6661, logits_loss: 1.6661, aux_loss: 0.0000, lr: 0.00000989, epoch_time: 63.0min
Epoch:[1/1](7900/113215), loss: 1.6974, logits_loss: 1.6974, aux_loss: 0.0000, lr: 0.00000989, epoch_time: 63.0min
Epoch:[1/1](7920/113215), loss: 1.9629, logits_loss: 1.9629, aux_loss: 0.0000, lr: 0.00000989, epoch_time: 63.0min
Epoch:[1/1](7940/113215), loss: 1.6056, logits_loss: 1.6056, aux_loss: 0.0000, lr: 0.00000989, epoch_time: 63.0min
Epoch:[1/1](7960/113215), loss: 1.9280, logits_loss: 1.9280, aux_loss: 0.0000, lr: 0.00000989, epoch_time: 63.0min
Epoch:[1/1](7980/113215), loss: 1.7217, logits_loss: 1.7217, aux_loss: 0.0000, lr: 0.00000989, epoch_time: 63.0min
Epoch:[1/1](8000/113215), loss: 1.9127, logits_loss: 1.9127, aux_loss: 0.0000, lr: 0.00000989, epoch_time: 63.0min
Epoch:[1/1](8020/113215), loss: 1.6262, logits_loss: 1.6262, aux_loss: 0.0000, lr: 0.00000989, epoch_time: 63.0min
Epoch:[1/1](8040/113215), loss: 1.7738, logits_loss: 1.7738, aux_loss: 0.0000, lr: 0.00000989, epoch_time: 63.0min
Epoch:[1/1](8060/113215), loss: 1.9314, logits_loss: 1.9314, aux_loss: 0.0000, lr: 0.00000989, epoch_time: 63.0min
Epoch:[1/1](8080/113215), loss: 1.8643, logits_loss: 1.8643, aux_loss: 0.0000, lr: 0.00000989, epoch_time: 63.0min
Epoch:[1/1](8100/113215), loss: 2.0172, logits_loss: 2.0172, aux_loss: 0.0000, lr: 0.00000989, epoch_time: 63.0min
Epoch:[1/1](8120/113215), loss: 1.7671, logits_loss: 1.7671, aux_loss: 0.0000, lr: 0.00000989, epoch_time: 63.0min
Epoch:[1/1](8140/113215), loss: 1.9152, logits_loss: 1.9152, aux_loss: 0.0000, lr: 0.00000989, epoch_time: 63.0min
Epoch:[1/1](8160/113215), loss: 1.8343, logits_loss: 1.8343, aux_loss: 0.0000, lr: 0.00000989, epoch_time: 63.0min
Epoch:[1/1](8180/113215), loss: 1.9120, logits_loss: 1.9120, aux_loss: 0.0000, lr: 0.00000988, epoch_time: 63.0min
Epoch:[1/1](8200/113215), loss: 1.7225, logits_loss: 1.7225, aux_loss: 0.0000, lr: 0.00000988, epoch_time: 63.0min
Epoch:[1/1](8220/113215), loss: 2.0203, logits_loss: 2.0203, aux_loss: 0.0000, lr: 0.00000988, epoch_time: 63.0min
Epoch:[1/1](8240/113215), loss: 1.7485, logits_loss: 1.7485, aux_loss: 0.0000, lr: 0.00000988, epoch_time: 63.0min
Epoch:[1/1](8260/113215), loss: 2.0645, logits_loss: 2.0645, aux_loss: 0.0000, lr: 0.00000988, epoch_time: 63.0min
Epoch:[1/1](8280/113215), loss: 1.8952, logits_loss: 1.8952, aux_loss: 0.0000, lr: 0.00000988, epoch_time: 63.0min
Epoch:[1/1](8300/113215), loss: 1.7998, logits_loss: 1.7998, aux_loss: 0.0000, lr: 0.00000988, epoch_time: 63.0min
Epoch:[1/1](8320/113215), loss: 1.6334, logits_loss: 1.6334, aux_loss: 0.0000, lr: 0.00000988, epoch_time: 63.0min
Epoch:[1/1](8340/113215), loss: 1.8921, logits_loss: 1.8921, aux_loss: 0.0000, lr: 0.00000988, epoch_time: 63.0min
Epoch:[1/1](8360/113215), loss: 1.9024, logits_loss: 1.9024, aux_loss: 0.0000, lr: 0.00000988, epoch_time: 63.0min
Epoch:[1/1](8380/113215), loss: 1.7683, logits_loss: 1.7683, aux_loss: 0.0000, lr: 0.00000988, epoch_time: 63.0min
Epoch:[1/1](8400/113215), loss: 1.7708, logits_loss: 1.7708, aux_loss: 0.0000, lr: 0.00000988, epoch_time: 63.0min
Epoch:[1/1](8420/113215), loss: 1.9543, logits_loss: 1.9543, aux_loss: 0.0000, lr: 0.00000988, epoch_time: 63.0min
Epoch:[1/1](8440/113215), loss: 1.9350, logits_loss: 1.9350, aux_loss: 0.0000, lr: 0.00000988, epoch_time: 63.0min
Epoch:[1/1](8460/113215), loss: 1.8232, logits_loss: 1.8232, aux_loss: 0.0000, lr: 0.00000988, epoch_time: 63.0min
Epoch:[1/1](8480/113215), loss: 1.8580, logits_loss: 1.8580, aux_loss: 0.0000, lr: 0.00000988, epoch_time: 63.0min
Epoch:[1/1](8500/113215), loss: 2.1187, logits_loss: 2.1187, aux_loss: 0.0000, lr: 0.00000988, epoch_time: 63.0min
Epoch:[1/1](8520/113215), loss: 1.9008, logits_loss: 1.9008, aux_loss: 0.0000, lr: 0.00000987, epoch_time: 62.0min
Epoch:[1/1](8540/113215), loss: 1.9383, logits_loss: 1.9383, aux_loss: 0.0000, lr: 0.00000987, epoch_time: 62.0min
Epoch:[1/1](8560/113215), loss: 1.6372, logits_loss: 1.6372, aux_loss: 0.0000, lr: 0.00000987, epoch_time: 62.0min
Epoch:[1/1](8580/113215), loss: 1.7626, logits_loss: 1.7626, aux_loss: 0.0000, lr: 0.00000987, epoch_time: 62.0min
Epoch:[1/1](8600/113215), loss: 1.8025, logits_loss: 1.8025, aux_loss: 0.0000, lr: 0.00000987, epoch_time: 62.0min
Epoch:[1/1](8620/113215), loss: 1.7297, logits_loss: 1.7297, aux_loss: 0.0000, lr: 0.00000987, epoch_time: 62.0min
Epoch:[1/1](8640/113215), loss: 1.7922, logits_loss: 1.7922, aux_loss: 0.0000, lr: 0.00000987, epoch_time: 62.0min
Epoch:[1/1](8660/113215), loss: 1.7677, logits_loss: 1.7677, aux_loss: 0.0000, lr: 0.00000987, epoch_time: 62.0min
Epoch:[1/1](8680/113215), loss: 1.9538, logits_loss: 1.9538, aux_loss: 0.0000, lr: 0.00000987, epoch_time: 62.0min
Epoch:[1/1](8700/113215), loss: 1.9160, logits_loss: 1.9160, aux_loss: 0.0000, lr: 0.00000987, epoch_time: 62.0min
Epoch:[1/1](8720/113215), loss: 2.0686, logits_loss: 2.0686, aux_loss: 0.0000, lr: 0.00000987, epoch_time: 62.0min
Epoch:[1/1](8740/113215), loss: 1.8115, logits_loss: 1.8115, aux_loss: 0.0000, lr: 0.00000987, epoch_time: 62.0min
Epoch:[1/1](8760/113215), loss: 1.6972, logits_loss: 1.6972, aux_loss: 0.0000, lr: 0.00000987, epoch_time: 62.0min
Epoch:[1/1](8780/113215), loss: 1.9528, logits_loss: 1.9528, aux_loss: 0.0000, lr: 0.00000987, epoch_time: 62.0min
Epoch:[1/1](8800/113215), loss: 1.7581, logits_loss: 1.7581, aux_loss: 0.0000, lr: 0.00000987, epoch_time: 62.0min
Epoch:[1/1](8820/113215), loss: 2.0562, logits_loss: 2.0562, aux_loss: 0.0000, lr: 0.00000987, epoch_time: 62.0min
Epoch:[1/1](8840/113215), loss: 1.9516, logits_loss: 1.9516, aux_loss: 0.0000, lr: 0.00000987, epoch_time: 62.0min
Epoch:[1/1](8860/113215), loss: 2.1343, logits_loss: 2.1343, aux_loss: 0.0000, lr: 0.00000986, epoch_time: 62.0min
Epoch:[1/1](8880/113215), loss: 1.8471, logits_loss: 1.8471, aux_loss: 0.0000, lr: 0.00000986, epoch_time: 62.0min
Epoch:[1/1](8900/113215), loss: 2.0110, logits_loss: 2.0110, aux_loss: 0.0000, lr: 0.00000986, epoch_time: 62.0min
Epoch:[1/1](8920/113215), loss: 1.9547, logits_loss: 1.9547, aux_loss: 0.0000, lr: 0.00000986, epoch_time: 62.0min
Epoch:[1/1](8940/113215), loss: 1.8248, logits_loss: 1.8248, aux_loss: 0.0000, lr: 0.00000986, epoch_time: 62.0min
Epoch:[1/1](8960/113215), loss: 1.7904, logits_loss: 1.7904, aux_loss: 0.0000, lr: 0.00000986, epoch_time: 62.0min
Epoch:[1/1](8980/113215), loss: 2.0601, logits_loss: 2.0601, aux_loss: 0.0000, lr: 0.00000986, epoch_time: 62.0min
Epoch:[1/1](9000/113215), loss: 2.0181, logits_loss: 2.0181, aux_loss: 0.0000, lr: 0.00000986, epoch_time: 62.0min
Epoch:[1/1](9020/113215), loss: 1.8365, logits_loss: 1.8365, aux_loss: 0.0000, lr: 0.00000986, epoch_time: 63.0min
Epoch:[1/1](9040/113215), loss: 1.8575, logits_loss: 1.8575, aux_loss: 0.0000, lr: 0.00000986, epoch_time: 63.0min
Epoch:[1/1](9060/113215), loss: 1.8435, logits_loss: 1.8435, aux_loss: 0.0000, lr: 0.00000986, epoch_time: 63.0min
Epoch:[1/1](9080/113215), loss: 1.7329, logits_loss: 1.7329, aux_loss: 0.0000, lr: 0.00000986, epoch_time: 63.0min
Epoch:[1/1](9100/113215), loss: 2.0814, logits_loss: 2.0814, aux_loss: 0.0000, lr: 0.00000986, epoch_time: 62.0min
Epoch:[1/1](9120/113215), loss: 1.7726, logits_loss: 1.7726, aux_loss: 0.0000, lr: 0.00000986, epoch_time: 62.0min
Epoch:[1/1](9140/113215), loss: 1.9971, logits_loss: 1.9971, aux_loss: 0.0000, lr: 0.00000986, epoch_time: 62.0min
Epoch:[1/1](9160/113215), loss: 1.6565, logits_loss: 1.6565, aux_loss: 0.0000, lr: 0.00000986, epoch_time: 62.0min
Epoch:[1/1](9180/113215), loss: 1.8942, logits_loss: 1.8942, aux_loss: 0.0000, lr: 0.00000985, epoch_time: 62.0min
Epoch:[1/1](9200/113215), loss: 2.0059, logits_loss: 2.0059, aux_loss: 0.0000, lr: 0.00000985, epoch_time: 62.0min
Epoch:[1/1](9220/113215), loss: 1.5609, logits_loss: 1.5609, aux_loss: 0.0000, lr: 0.00000985, epoch_time: 62.0min
Epoch:[1/1](9240/113215), loss: 1.9215, logits_loss: 1.9215, aux_loss: 0.0000, lr: 0.00000985, epoch_time: 62.0min
Epoch:[1/1](9260/113215), loss: 1.7936, logits_loss: 1.7936, aux_loss: 0.0000, lr: 0.00000985, epoch_time: 62.0min
Epoch:[1/1](9280/113215), loss: 1.8967, logits_loss: 1.8967, aux_loss: 0.0000, lr: 0.00000985, epoch_time: 62.0min
Epoch:[1/1](9300/113215), loss: 1.9553, logits_loss: 1.9553, aux_loss: 0.0000, lr: 0.00000985, epoch_time: 62.0min
Epoch:[1/1](9320/113215), loss: 2.1142, logits_loss: 2.1142, aux_loss: 0.0000, lr: 0.00000985, epoch_time: 62.0min
Epoch:[1/1](9340/113215), loss: 2.0648, logits_loss: 2.0648, aux_loss: 0.0000, lr: 0.00000985, epoch_time: 62.0min
Epoch:[1/1](9360/113215), loss: 2.0050, logits_loss: 2.0050, aux_loss: 0.0000, lr: 0.00000985, epoch_time: 62.0min
Epoch:[1/1](9380/113215), loss: 2.0044, logits_loss: 2.0044, aux_loss: 0.0000, lr: 0.00000985, epoch_time: 62.0min
Epoch:[1/1](9400/113215), loss: 2.1269, logits_loss: 2.1269, aux_loss: 0.0000, lr: 0.00000985, epoch_time: 62.0min
Epoch:[1/1](9420/113215), loss: 1.8360, logits_loss: 1.8360, aux_loss: 0.0000, lr: 0.00000985, epoch_time: 62.0min
Epoch:[1/1](9440/113215), loss: 1.8660, logits_loss: 1.8660, aux_loss: 0.0000, lr: 0.00000985, epoch_time: 62.0min
Epoch:[1/1](9460/113215), loss: 2.0331, logits_loss: 2.0331, aux_loss: 0.0000, lr: 0.00000985, epoch_time: 62.0min
Epoch:[1/1](9480/113215), loss: 1.7415, logits_loss: 1.7415, aux_loss: 0.0000, lr: 0.00000985, epoch_time: 62.0min
Epoch:[1/1](9500/113215), loss: 1.9619, logits_loss: 1.9619, aux_loss: 0.0000, lr: 0.00000984, epoch_time: 62.0min
Epoch:[1/1](9520/113215), loss: 1.6999, logits_loss: 1.6999, aux_loss: 0.0000, lr: 0.00000984, epoch_time: 62.0min
Epoch:[1/1](9540/113215), loss: 2.0077, logits_loss: 2.0077, aux_loss: 0.0000, lr: 0.00000984, epoch_time: 62.0min
Epoch:[1/1](9560/113215), loss: 1.6037, logits_loss: 1.6037, aux_loss: 0.0000, lr: 0.00000984, epoch_time: 62.0min
Epoch:[1/1](9580/113215), loss: 1.9824, logits_loss: 1.9824, aux_loss: 0.0000, lr: 0.00000984, epoch_time: 62.0min
Epoch:[1/1](9600/113215), loss: 1.8314, logits_loss: 1.8314, aux_loss: 0.0000, lr: 0.00000984, epoch_time: 62.0min
Epoch:[1/1](9620/113215), loss: 1.9776, logits_loss: 1.9776, aux_loss: 0.0000, lr: 0.00000984, epoch_time: 62.0min
Epoch:[1/1](9640/113215), loss: 1.6570, logits_loss: 1.6570, aux_loss: 0.0000, lr: 0.00000984, epoch_time: 62.0min
Epoch:[1/1](9660/113215), loss: 2.0703, logits_loss: 2.0703, aux_loss: 0.0000, lr: 0.00000984, epoch_time: 62.0min
Epoch:[1/1](9680/113215), loss: 2.0394, logits_loss: 2.0394, aux_loss: 0.0000, lr: 0.00000984, epoch_time: 62.0min
Epoch:[1/1](9700/113215), loss: 2.0529, logits_loss: 2.0529, aux_loss: 0.0000, lr: 0.00000984, epoch_time: 62.0min
Epoch:[1/1](9720/113215), loss: 2.0034, logits_loss: 2.0034, aux_loss: 0.0000, lr: 0.00000984, epoch_time: 61.0min
Epoch:[1/1](9740/113215), loss: 1.8546, logits_loss: 1.8546, aux_loss: 0.0000, lr: 0.00000984, epoch_time: 61.0min
Epoch:[1/1](9760/113215), loss: 1.7867, logits_loss: 1.7867, aux_loss: 0.0000, lr: 0.00000984, epoch_time: 61.0min
Epoch:[1/1](9780/113215), loss: 1.8287, logits_loss: 1.8287, aux_loss: 0.0000, lr: 0.00000984, epoch_time: 61.0min
Epoch:[1/1](9800/113215), loss: 2.2675, logits_loss: 2.2675, aux_loss: 0.0000, lr: 0.00000983, epoch_time: 61.0min
Epoch:[1/1](9820/113215), loss: 1.7549, logits_loss: 1.7549, aux_loss: 0.0000, lr: 0.00000983, epoch_time: 61.0min
Epoch:[1/1](9840/113215), loss: 1.8128, logits_loss: 1.8128, aux_loss: 0.0000, lr: 0.00000983, epoch_time: 61.0min
Epoch:[1/1](9860/113215), loss: 1.9597, logits_loss: 1.9597, aux_loss: 0.0000, lr: 0.00000983, epoch_time: 61.0min
Epoch:[1/1](9880/113215), loss: 1.8767, logits_loss: 1.8767, aux_loss: 0.0000, lr: 0.00000983, epoch_time: 61.0min
Epoch:[1/1](9900/113215), loss: 1.7847, logits_loss: 1.7847, aux_loss: 0.0000, lr: 0.00000983, epoch_time: 61.0min
Epoch:[1/1](9920/113215), loss: 1.8308, logits_loss: 1.8308, aux_loss: 0.0000, lr: 0.00000983, epoch_time: 61.0min
Epoch:[1/1](9940/113215), loss: 1.8086, logits_loss: 1.8086, aux_loss: 0.0000, lr: 0.00000983, epoch_time: 61.0min
Epoch:[1/1](9960/113215), loss: 1.9743, logits_loss: 1.9743, aux_loss: 0.0000, lr: 0.00000983, epoch_time: 61.0min
Epoch:[1/1](9980/113215), loss: 1.8156, logits_loss: 1.8156, aux_loss: 0.0000, lr: 0.00000983, epoch_time: 61.0min
Epoch:[1/1](10000/113215), loss: 2.1155, logits_loss: 2.1155, aux_loss: 0.0000, lr: 0.00000983, epoch_time: 61.0min
Epoch:[1/1](10020/113215), loss: 1.8610, logits_loss: 1.8610, aux_loss: 0.0000, lr: 0.00000983, epoch_time: 62.0min
Epoch:[1/1](10040/113215), loss: 1.8526, logits_loss: 1.8526, aux_loss: 0.0000, lr: 0.00000983, epoch_time: 62.0min
Epoch:[1/1](10060/113215), loss: 2.0122, logits_loss: 2.0122, aux_loss: 0.0000, lr: 0.00000983, epoch_time: 62.0min
Epoch:[1/1](10080/113215), loss: 2.1442, logits_loss: 2.1442, aux_loss: 0.0000, lr: 0.00000983, epoch_time: 62.0min
Epoch:[1/1](10100/113215), loss: 1.7696, logits_loss: 1.7696, aux_loss: 0.0000, lr: 0.00000982, epoch_time: 62.0min
Epoch:[1/1](10120/113215), loss: 1.8457, logits_loss: 1.8457, aux_loss: 0.0000, lr: 0.00000982, epoch_time: 62.0min
Epoch:[1/1](10140/113215), loss: 1.7231, logits_loss: 1.7231, aux_loss: 0.0000, lr: 0.00000982, epoch_time: 62.0min
Epoch:[1/1](10160/113215), loss: 1.9419, logits_loss: 1.9419, aux_loss: 0.0000, lr: 0.00000982, epoch_time: 61.0min
Epoch:[1/1](10180/113215), loss: 1.8568, logits_loss: 1.8568, aux_loss: 0.0000, lr: 0.00000982, epoch_time: 61.0min
Epoch:[1/1](10200/113215), loss: 1.8543, logits_loss: 1.8543, aux_loss: 0.0000, lr: 0.00000982, epoch_time: 61.0min
Epoch:[1/1](10220/113215), loss: 1.3826, logits_loss: 1.3826, aux_loss: 0.0000, lr: 0.00000982, epoch_time: 61.0min
Epoch:[1/1](10240/113215), loss: 1.9831, logits_loss: 1.9831, aux_loss: 0.0000, lr: 0.00000982, epoch_time: 61.0min
Epoch:[1/1](10260/113215), loss: 2.0502, logits_loss: 2.0502, aux_loss: 0.0000, lr: 0.00000982, epoch_time: 61.0min
Epoch:[1/1](10280/113215), loss: 1.7914, logits_loss: 1.7914, aux_loss: 0.0000, lr: 0.00000982, epoch_time: 61.0min
Epoch:[1/1](10300/113215), loss: 1.4928, logits_loss: 1.4928, aux_loss: 0.0000, lr: 0.00000982, epoch_time: 61.0min
Epoch:[1/1](10320/113215), loss: 1.9468, logits_loss: 1.9468, aux_loss: 0.0000, lr: 0.00000982, epoch_time: 61.0min
Epoch:[1/1](10340/113215), loss: 1.7358, logits_loss: 1.7358, aux_loss: 0.0000, lr: 0.00000982, epoch_time: 61.0min
Epoch:[1/1](10360/113215), loss: 2.0253, logits_loss: 2.0253, aux_loss: 0.0000, lr: 0.00000982, epoch_time: 61.0min
Epoch:[1/1](10380/113215), loss: 1.7233, logits_loss: 1.7233, aux_loss: 0.0000, lr: 0.00000981, epoch_time: 61.0min
Epoch:[1/1](10400/113215), loss: 1.8179, logits_loss: 1.8179, aux_loss: 0.0000, lr: 0.00000981, epoch_time: 61.0min
Epoch:[1/1](10420/113215), loss: 1.9338, logits_loss: 1.9338, aux_loss: 0.0000, lr: 0.00000981, epoch_time: 61.0min
Epoch:[1/1](10440/113215), loss: 1.8855, logits_loss: 1.8855, aux_loss: 0.0000, lr: 0.00000981, epoch_time: 61.0min
Epoch:[1/1](10460/113215), loss: 1.9964, logits_loss: 1.9964, aux_loss: 0.0000, lr: 0.00000981, epoch_time: 61.0min
Epoch:[1/1](10480/113215), loss: 1.8868, logits_loss: 1.8868, aux_loss: 0.0000, lr: 0.00000981, epoch_time: 61.0min
Epoch:[1/1](10500/113215), loss: 1.6425, logits_loss: 1.6425, aux_loss: 0.0000, lr: 0.00000981, epoch_time: 61.0min
Epoch:[1/1](10520/113215), loss: 1.9374, logits_loss: 1.9374, aux_loss: 0.0000, lr: 0.00000981, epoch_time: 61.0min
Epoch:[1/1](10540/113215), loss: 1.7624, logits_loss: 1.7624, aux_loss: 0.0000, lr: 0.00000981, epoch_time: 61.0min
Epoch:[1/1](10560/113215), loss: 1.7675, logits_loss: 1.7675, aux_loss: 0.0000, lr: 0.00000981, epoch_time: 61.0min
Epoch:[1/1](10580/113215), loss: 1.8518, logits_loss: 1.8518, aux_loss: 0.0000, lr: 0.00000981, epoch_time: 61.0min
Epoch:[1/1](10600/113215), loss: 1.8332, logits_loss: 1.8332, aux_loss: 0.0000, lr: 0.00000981, epoch_time: 61.0min
Epoch:[1/1](10620/113215), loss: 1.7107, logits_loss: 1.7107, aux_loss: 0.0000, lr: 0.00000981, epoch_time: 61.0min
Epoch:[1/1](10640/113215), loss: 1.7193, logits_loss: 1.7193, aux_loss: 0.0000, lr: 0.00000981, epoch_time: 61.0min
Epoch:[1/1](10660/113215), loss: 1.7083, logits_loss: 1.7083, aux_loss: 0.0000, lr: 0.00000980, epoch_time: 61.0min
Epoch:[1/1](10680/113215), loss: 1.6619, logits_loss: 1.6619, aux_loss: 0.0000, lr: 0.00000980, epoch_time: 61.0min
Epoch:[1/1](10700/113215), loss: 1.9751, logits_loss: 1.9751, aux_loss: 0.0000, lr: 0.00000980, epoch_time: 61.0min
Epoch:[1/1](10720/113215), loss: 1.8038, logits_loss: 1.8038, aux_loss: 0.0000, lr: 0.00000980, epoch_time: 61.0min
Epoch:[1/1](10740/113215), loss: 1.7285, logits_loss: 1.7285, aux_loss: 0.0000, lr: 0.00000980, epoch_time: 61.0min
Epoch:[1/1](10760/113215), loss: 1.8428, logits_loss: 1.8428, aux_loss: 0.0000, lr: 0.00000980, epoch_time: 61.0min
Epoch:[1/1](10780/113215), loss: 1.9569, logits_loss: 1.9569, aux_loss: 0.0000, lr: 0.00000980, epoch_time: 61.0min
Epoch:[1/1](10800/113215), loss: 1.9533, logits_loss: 1.9533, aux_loss: 0.0000, lr: 0.00000980, epoch_time: 61.0min
Epoch:[1/1](10820/113215), loss: 1.8241, logits_loss: 1.8241, aux_loss: 0.0000, lr: 0.00000980, epoch_time: 61.0min
Epoch:[1/1](10840/113215), loss: 2.0769, logits_loss: 2.0769, aux_loss: 0.0000, lr: 0.00000980, epoch_time: 60.0min
Epoch:[1/1](10860/113215), loss: 2.2081, logits_loss: 2.2081, aux_loss: 0.0000, lr: 0.00000980, epoch_time: 60.0min
Epoch:[1/1](10880/113215), loss: 1.8276, logits_loss: 1.8276, aux_loss: 0.0000, lr: 0.00000980, epoch_time: 60.0min
Epoch:[1/1](10900/113215), loss: 1.9932, logits_loss: 1.9932, aux_loss: 0.0000, lr: 0.00000980, epoch_time: 60.0min
Epoch:[1/1](10920/113215), loss: 1.7831, logits_loss: 1.7831, aux_loss: 0.0000, lr: 0.00000979, epoch_time: 60.0min
Epoch:[1/1](10940/113215), loss: 1.8319, logits_loss: 1.8319, aux_loss: 0.0000, lr: 0.00000979, epoch_time: 60.0min
Epoch:[1/1](10960/113215), loss: 1.8757, logits_loss: 1.8757, aux_loss: 0.0000, lr: 0.00000979, epoch_time: 60.0min
Epoch:[1/1](10980/113215), loss: 1.9485, logits_loss: 1.9485, aux_loss: 0.0000, lr: 0.00000979, epoch_time: 60.0min
Epoch:[1/1](11000/113215), loss: 1.6836, logits_loss: 1.6836, aux_loss: 0.0000, lr: 0.00000979, epoch_time: 60.0min
Epoch:[1/1](11020/113215), loss: 1.9889, logits_loss: 1.9889, aux_loss: 0.0000, lr: 0.00000979, epoch_time: 61.0min
Epoch:[1/1](11040/113215), loss: 1.8888, logits_loss: 1.8888, aux_loss: 0.0000, lr: 0.00000979, epoch_time: 61.0min
Epoch:[1/1](11060/113215), loss: 1.9925, logits_loss: 1.9925, aux_loss: 0.0000, lr: 0.00000979, epoch_time: 61.0min
Epoch:[1/1](11080/113215), loss: 2.0163, logits_loss: 2.0163, aux_loss: 0.0000, lr: 0.00000979, epoch_time: 61.0min
Epoch:[1/1](11100/113215), loss: 2.0435, logits_loss: 2.0435, aux_loss: 0.0000, lr: 0.00000979, epoch_time: 61.0min
Epoch:[1/1](11120/113215), loss: 1.8484, logits_loss: 1.8484, aux_loss: 0.0000, lr: 0.00000979, epoch_time: 61.0min
Epoch:[1/1](11140/113215), loss: 1.9948, logits_loss: 1.9948, aux_loss: 0.0000, lr: 0.00000979, epoch_time: 61.0min
Epoch:[1/1](11160/113215), loss: 2.0193, logits_loss: 2.0193, aux_loss: 0.0000, lr: 0.00000979, epoch_time: 61.0min
Epoch:[1/1](11180/113215), loss: 1.9500, logits_loss: 1.9500, aux_loss: 0.0000, lr: 0.00000979, epoch_time: 61.0min
Epoch:[1/1](11200/113215), loss: 1.8161, logits_loss: 1.8161, aux_loss: 0.0000, lr: 0.00000978, epoch_time: 61.0min
Epoch:[1/1](11220/113215), loss: 2.0564, logits_loss: 2.0564, aux_loss: 0.0000, lr: 0.00000978, epoch_time: 61.0min
Epoch:[1/1](11240/113215), loss: 1.8395, logits_loss: 1.8395, aux_loss: 0.0000, lr: 0.00000978, epoch_time: 61.0min
Epoch:[1/1](11260/113215), loss: 1.9737, logits_loss: 1.9737, aux_loss: 0.0000, lr: 0.00000978, epoch_time: 61.0min
Epoch:[1/1](11280/113215), loss: 1.7234, logits_loss: 1.7234, aux_loss: 0.0000, lr: 0.00000978, epoch_time: 60.0min
Epoch:[1/1](11300/113215), loss: 1.8877, logits_loss: 1.8877, aux_loss: 0.0000, lr: 0.00000978, epoch_time: 60.0min
Epoch:[1/1](11320/113215), loss: 1.8427, logits_loss: 1.8427, aux_loss: 0.0000, lr: 0.00000978, epoch_time: 60.0min
Epoch:[1/1](11340/113215), loss: 1.8625, logits_loss: 1.8625, aux_loss: 0.0000, lr: 0.00000978, epoch_time: 60.0min
Epoch:[1/1](11360/113215), loss: 1.6644, logits_loss: 1.6644, aux_loss: 0.0000, lr: 0.00000978, epoch_time: 60.0min
Epoch:[1/1](11380/113215), loss: 1.8707, logits_loss: 1.8707, aux_loss: 0.0000, lr: 0.00000978, epoch_time: 60.0min
Epoch:[1/1](11400/113215), loss: 1.9056, logits_loss: 1.9056, aux_loss: 0.0000, lr: 0.00000978, epoch_time: 60.0min
Epoch:[1/1](11420/113215), loss: 1.8932, logits_loss: 1.8932, aux_loss: 0.0000, lr: 0.00000978, epoch_time: 60.0min
Epoch:[1/1](11440/113215), loss: 1.6274, logits_loss: 1.6274, aux_loss: 0.0000, lr: 0.00000978, epoch_time: 60.0min
Epoch:[1/1](11460/113215), loss: 1.7652, logits_loss: 1.7652, aux_loss: 0.0000, lr: 0.00000977, epoch_time: 60.0min
Epoch:[1/1](11480/113215), loss: 1.8241, logits_loss: 1.8241, aux_loss: 0.0000, lr: 0.00000977, epoch_time: 60.0min
Epoch:[1/1](11500/113215), loss: 1.8091, logits_loss: 1.8091, aux_loss: 0.0000, lr: 0.00000977, epoch_time: 60.0min
Epoch:[1/1](11520/113215), loss: 1.7522, logits_loss: 1.7522, aux_loss: 0.0000, lr: 0.00000977, epoch_time: 60.0min
Epoch:[1/1](11540/113215), loss: 1.9640, logits_loss: 1.9640, aux_loss: 0.0000, lr: 0.00000977, epoch_time: 60.0min
Epoch:[1/1](11560/113215), loss: 1.7900, logits_loss: 1.7900, aux_loss: 0.0000, lr: 0.00000977, epoch_time: 60.0min
Epoch:[1/1](11580/113215), loss: 1.9314, logits_loss: 1.9314, aux_loss: 0.0000, lr: 0.00000977, epoch_time: 60.0min
Epoch:[1/1](11600/113215), loss: 1.8783, logits_loss: 1.8783, aux_loss: 0.0000, lr: 0.00000977, epoch_time: 60.0min
Epoch:[1/1](11620/113215), loss: 1.8915, logits_loss: 1.8915, aux_loss: 0.0000, lr: 0.00000977, epoch_time: 60.0min
Epoch:[1/1](11640/113215), loss: 2.1337, logits_loss: 2.1337, aux_loss: 0.0000, lr: 0.00000977, epoch_time: 60.0min
Epoch:[1/1](11660/113215), loss: 1.6073, logits_loss: 1.6073, aux_loss: 0.0000, lr: 0.00000977, epoch_time: 60.0min
Epoch:[1/1](11680/113215), loss: 1.6279, logits_loss: 1.6279, aux_loss: 0.0000, lr: 0.00000977, epoch_time: 60.0min
Epoch:[1/1](11700/113215), loss: 1.8680, logits_loss: 1.8680, aux_loss: 0.0000, lr: 0.00000976, epoch_time: 60.0min
Epoch:[1/1](11720/113215), loss: 1.9676, logits_loss: 1.9676, aux_loss: 0.0000, lr: 0.00000976, epoch_time: 60.0min
Epoch:[1/1](11740/113215), loss: 1.7693, logits_loss: 1.7693, aux_loss: 0.0000, lr: 0.00000976, epoch_time: 60.0min
Epoch:[1/1](11760/113215), loss: 1.5658, logits_loss: 1.5658, aux_loss: 0.0000, lr: 0.00000976, epoch_time: 60.0min
Epoch:[1/1](11780/113215), loss: 1.5668, logits_loss: 1.5668, aux_loss: 0.0000, lr: 0.00000976, epoch_time: 60.0min
Epoch:[1/1](11800/113215), loss: 1.8248, logits_loss: 1.8248, aux_loss: 0.0000, lr: 0.00000976, epoch_time: 60.0min
Epoch:[1/1](11820/113215), loss: 2.0462, logits_loss: 2.0462, aux_loss: 0.0000, lr: 0.00000976, epoch_time: 60.0min
Epoch:[1/1](11840/113215), loss: 1.7253, logits_loss: 1.7253, aux_loss: 0.0000, lr: 0.00000976, epoch_time: 60.0min
Epoch:[1/1](11860/113215), loss: 1.9556, logits_loss: 1.9556, aux_loss: 0.0000, lr: 0.00000976, epoch_time: 60.0min
Epoch:[1/1](11880/113215), loss: 1.8534, logits_loss: 1.8534, aux_loss: 0.0000, lr: 0.00000976, epoch_time: 60.0min
Epoch:[1/1](11900/113215), loss: 1.9222, logits_loss: 1.9222, aux_loss: 0.0000, lr: 0.00000976, epoch_time: 60.0min
Epoch:[1/1](11920/113215), loss: 2.0040, logits_loss: 2.0040, aux_loss: 0.0000, lr: 0.00000976, epoch_time: 60.0min
Epoch:[1/1](11940/113215), loss: 2.1492, logits_loss: 2.1492, aux_loss: 0.0000, lr: 0.00000976, epoch_time: 60.0min
Epoch:[1/1](11960/113215), loss: 1.7950, logits_loss: 1.7950, aux_loss: 0.0000, lr: 0.00000975, epoch_time: 60.0min
Epoch:[1/1](11980/113215), loss: 2.0421, logits_loss: 2.0421, aux_loss: 0.0000, lr: 0.00000975, epoch_time: 60.0min
Epoch:[1/1](12000/113215), loss: 1.9006, logits_loss: 1.9006, aux_loss: 0.0000, lr: 0.00000975, epoch_time: 60.0min
Epoch:[1/1](12020/113215), loss: 2.0545, logits_loss: 2.0545, aux_loss: 0.0000, lr: 0.00000975, epoch_time: 60.0min
Epoch:[1/1](12040/113215), loss: 1.6644, logits_loss: 1.6644, aux_loss: 0.0000, lr: 0.00000975, epoch_time: 60.0min
Epoch:[1/1](12060/113215), loss: 2.0102, logits_loss: 2.0102, aux_loss: 0.0000, lr: 0.00000975, epoch_time: 60.0min
Epoch:[1/1](12080/113215), loss: 2.0630, logits_loss: 2.0630, aux_loss: 0.0000, lr: 0.00000975, epoch_time: 60.0min
Epoch:[1/1](12100/113215), loss: 1.8642, logits_loss: 1.8642, aux_loss: 0.0000, lr: 0.00000975, epoch_time: 60.0min
Epoch:[1/1](12120/113215), loss: 1.7769, logits_loss: 1.7769, aux_loss: 0.0000, lr: 0.00000975, epoch_time: 60.0min
Epoch:[1/1](12140/113215), loss: 2.0708, logits_loss: 2.0708, aux_loss: 0.0000, lr: 0.00000975, epoch_time: 60.0min
Epoch:[1/1](12160/113215), loss: 1.6135, logits_loss: 1.6135, aux_loss: 0.0000, lr: 0.00000975, epoch_time: 60.0min
Epoch:[1/1](12180/113215), loss: 1.8284, logits_loss: 1.8284, aux_loss: 0.0000, lr: 0.00000975, epoch_time: 60.0min
Epoch:[1/1](12200/113215), loss: 1.7370, logits_loss: 1.7370, aux_loss: 0.0000, lr: 0.00000974, epoch_time: 60.0min
Epoch:[1/1](12220/113215), loss: 1.8916, logits_loss: 1.8916, aux_loss: 0.0000, lr: 0.00000974, epoch_time: 60.0min
Epoch:[1/1](12240/113215), loss: 1.6748, logits_loss: 1.6748, aux_loss: 0.0000, lr: 0.00000974, epoch_time: 60.0min
Epoch:[1/1](12260/113215), loss: 2.0352, logits_loss: 2.0352, aux_loss: 0.0000, lr: 0.00000974, epoch_time: 60.0min
Epoch:[1/1](12280/113215), loss: 2.0415, logits_loss: 2.0415, aux_loss: 0.0000, lr: 0.00000974, epoch_time: 60.0min
Epoch:[1/1](12300/113215), loss: 2.2382, logits_loss: 2.2382, aux_loss: 0.0000, lr: 0.00000974, epoch_time: 60.0min
Epoch:[1/1](12320/113215), loss: 1.7674, logits_loss: 1.7674, aux_loss: 0.0000, lr: 0.00000974, epoch_time: 60.0min
Epoch:[1/1](12340/113215), loss: 1.7418, logits_loss: 1.7418, aux_loss: 0.0000, lr: 0.00000974, epoch_time: 60.0min
Epoch:[1/1](12360/113215), loss: 2.0420, logits_loss: 2.0420, aux_loss: 0.0000, lr: 0.00000974, epoch_time: 60.0min
Epoch:[1/1](12380/113215), loss: 1.8085, logits_loss: 1.8085, aux_loss: 0.0000, lr: 0.00000974, epoch_time: 60.0min
Epoch:[1/1](12400/113215), loss: 1.8890, logits_loss: 1.8890, aux_loss: 0.0000, lr: 0.00000974, epoch_time: 59.0min
Epoch:[1/1](12420/113215), loss: 1.4929, logits_loss: 1.4929, aux_loss: 0.0000, lr: 0.00000974, epoch_time: 59.0min
Epoch:[1/1](12440/113215), loss: 1.9985, logits_loss: 1.9985, aux_loss: 0.0000, lr: 0.00000973, epoch_time: 59.0min
Epoch:[1/1](12460/113215), loss: 1.7754, logits_loss: 1.7754, aux_loss: 0.0000, lr: 0.00000973, epoch_time: 59.0min
Epoch:[1/1](12480/113215), loss: 1.7777, logits_loss: 1.7777, aux_loss: 0.0000, lr: 0.00000973, epoch_time: 59.0min
Epoch:[1/1](12500/113215), loss: 1.7211, logits_loss: 1.7211, aux_loss: 0.0000, lr: 0.00000973, epoch_time: 59.0min
Epoch:[1/1](12520/113215), loss: 1.9185, logits_loss: 1.9185, aux_loss: 0.0000, lr: 0.00000973, epoch_time: 59.0min
Epoch:[1/1](12540/113215), loss: 2.1554, logits_loss: 2.1554, aux_loss: 0.0000, lr: 0.00000973, epoch_time: 59.0min
Epoch:[1/1](12560/113215), loss: 1.7948, logits_loss: 1.7948, aux_loss: 0.0000, lr: 0.00000973, epoch_time: 59.0min
Epoch:[1/1](12580/113215), loss: 1.9069, logits_loss: 1.9069, aux_loss: 0.0000, lr: 0.00000973, epoch_time: 59.0min
Epoch:[1/1](12600/113215), loss: 1.8318, logits_loss: 1.8318, aux_loss: 0.0000, lr: 0.00000973, epoch_time: 59.0min
Epoch:[1/1](12620/113215), loss: 1.9574, logits_loss: 1.9574, aux_loss: 0.0000, lr: 0.00000973, epoch_time: 59.0min
Epoch:[1/1](12640/113215), loss: 1.7461, logits_loss: 1.7461, aux_loss: 0.0000, lr: 0.00000973, epoch_time: 59.0min
Epoch:[1/1](12660/113215), loss: 2.1376, logits_loss: 2.1376, aux_loss: 0.0000, lr: 0.00000973, epoch_time: 59.0min
Epoch:[1/1](12680/113215), loss: 1.8299, logits_loss: 1.8299, aux_loss: 0.0000, lr: 0.00000972, epoch_time: 59.0min
Epoch:[1/1](12700/113215), loss: 1.9307, logits_loss: 1.9307, aux_loss: 0.0000, lr: 0.00000972, epoch_time: 59.0min
Epoch:[1/1](12720/113215), loss: 2.0178, logits_loss: 2.0178, aux_loss: 0.0000, lr: 0.00000972, epoch_time: 59.0min
Epoch:[1/1](12740/113215), loss: 1.7531, logits_loss: 1.7531, aux_loss: 0.0000, lr: 0.00000972, epoch_time: 59.0min
Epoch:[1/1](12760/113215), loss: 1.7076, logits_loss: 1.7076, aux_loss: 0.0000, lr: 0.00000972, epoch_time: 59.0min
Epoch:[1/1](12780/113215), loss: 1.8305, logits_loss: 1.8305, aux_loss: 0.0000, lr: 0.00000972, epoch_time: 59.0min
Epoch:[1/1](12800/113215), loss: 1.8990, logits_loss: 1.8990, aux_loss: 0.0000, lr: 0.00000972, epoch_time: 59.0min
Epoch:[1/1](12820/113215), loss: 1.6483, logits_loss: 1.6483, aux_loss: 0.0000, lr: 0.00000972, epoch_time: 59.0min
Epoch:[1/1](12840/113215), loss: 2.0029, logits_loss: 2.0029, aux_loss: 0.0000, lr: 0.00000972, epoch_time: 59.0min
Epoch:[1/1](12860/113215), loss: 1.8794, logits_loss: 1.8794, aux_loss: 0.0000, lr: 0.00000972, epoch_time: 59.0min
Epoch:[1/1](12880/113215), loss: 1.9567, logits_loss: 1.9567, aux_loss: 0.0000, lr: 0.00000972, epoch_time: 59.0min
Epoch:[1/1](12900/113215), loss: 1.9310, logits_loss: 1.9310, aux_loss: 0.0000, lr: 0.00000971, epoch_time: 59.0min
Epoch:[1/1](12920/113215), loss: 1.9639, logits_loss: 1.9639, aux_loss: 0.0000, lr: 0.00000971, epoch_time: 59.0min
Epoch:[1/1](12940/113215), loss: 2.0023, logits_loss: 2.0023, aux_loss: 0.0000, lr: 0.00000971, epoch_time: 59.0min
Epoch:[1/1](12960/113215), loss: 1.6649, logits_loss: 1.6649, aux_loss: 0.0000, lr: 0.00000971, epoch_time: 59.0min
Epoch:[1/1](12980/113215), loss: 1.8993, logits_loss: 1.8993, aux_loss: 0.0000, lr: 0.00000971, epoch_time: 59.0min
Epoch:[1/1](13000/113215), loss: 1.9033, logits_loss: 1.9033, aux_loss: 0.0000, lr: 0.00000971, epoch_time: 59.0min
Epoch:[1/1](13020/113215), loss: 1.8316, logits_loss: 1.8316, aux_loss: 0.0000, lr: 0.00000971, epoch_time: 59.0min
Epoch:[1/1](13040/113215), loss: 1.9149, logits_loss: 1.9149, aux_loss: 0.0000, lr: 0.00000971, epoch_time: 59.0min
Epoch:[1/1](13060/113215), loss: 2.1255, logits_loss: 2.1255, aux_loss: 0.0000, lr: 0.00000971, epoch_time: 59.0min
Epoch:[1/1](13080/113215), loss: 1.8123, logits_loss: 1.8123, aux_loss: 0.0000, lr: 0.00000971, epoch_time: 59.0min
Epoch:[1/1](13100/113215), loss: 1.7506, logits_loss: 1.7506, aux_loss: 0.0000, lr: 0.00000971, epoch_time: 59.0min
Epoch:[1/1](13120/113215), loss: 1.9287, logits_loss: 1.9287, aux_loss: 0.0000, lr: 0.00000971, epoch_time: 59.0min
Epoch:[1/1](13140/113215), loss: 1.8054, logits_loss: 1.8054, aux_loss: 0.0000, lr: 0.00000970, epoch_time: 59.0min
Epoch:[1/1](13160/113215), loss: 1.7746, logits_loss: 1.7746, aux_loss: 0.0000, lr: 0.00000970, epoch_time: 59.0min
Epoch:[1/1](13180/113215), loss: 1.7944, logits_loss: 1.7944, aux_loss: 0.0000, lr: 0.00000970, epoch_time: 59.0min
Epoch:[1/1](13200/113215), loss: 1.8375, logits_loss: 1.8375, aux_loss: 0.0000, lr: 0.00000970, epoch_time: 59.0min
Epoch:[1/1](13220/113215), loss: 1.8014, logits_loss: 1.8014, aux_loss: 0.0000, lr: 0.00000970, epoch_time: 59.0min
Epoch:[1/1](13240/113215), loss: 1.9411, logits_loss: 1.9411, aux_loss: 0.0000, lr: 0.00000970, epoch_time: 59.0min
Epoch:[1/1](13260/113215), loss: 1.9509, logits_loss: 1.9509, aux_loss: 0.0000, lr: 0.00000970, epoch_time: 59.0min
Epoch:[1/1](13280/113215), loss: 1.7938, logits_loss: 1.7938, aux_loss: 0.0000, lr: 0.00000970, epoch_time: 59.0min
Epoch:[1/1](13300/113215), loss: 1.9122, logits_loss: 1.9122, aux_loss: 0.0000, lr: 0.00000970, epoch_time: 59.0min
Epoch:[1/1](13320/113215), loss: 2.0642, logits_loss: 2.0642, aux_loss: 0.0000, lr: 0.00000970, epoch_time: 59.0min
Epoch:[1/1](13340/113215), loss: 2.0761, logits_loss: 2.0761, aux_loss: 0.0000, lr: 0.00000970, epoch_time: 59.0min
Epoch:[1/1](13360/113215), loss: 1.7934, logits_loss: 1.7934, aux_loss: 0.0000, lr: 0.00000969, epoch_time: 59.0min
Epoch:[1/1](13380/113215), loss: 1.8848, logits_loss: 1.8848, aux_loss: 0.0000, lr: 0.00000969, epoch_time: 59.0min
Epoch:[1/1](13400/113215), loss: 2.0462, logits_loss: 2.0462, aux_loss: 0.0000, lr: 0.00000969, epoch_time: 59.0min
Epoch:[1/1](13420/113215), loss: 1.7306, logits_loss: 1.7306, aux_loss: 0.0000, lr: 0.00000969, epoch_time: 59.0min
Epoch:[1/1](13440/113215), loss: 1.6830, logits_loss: 1.6830, aux_loss: 0.0000, lr: 0.00000969, epoch_time: 59.0min
Epoch:[1/1](13460/113215), loss: 1.7470, logits_loss: 1.7470, aux_loss: 0.0000, lr: 0.00000969, epoch_time: 59.0min
Epoch:[1/1](13480/113215), loss: 1.9431, logits_loss: 1.9431, aux_loss: 0.0000, lr: 0.00000969, epoch_time: 59.0min
Epoch:[1/1](13500/113215), loss: 1.7757, logits_loss: 1.7757, aux_loss: 0.0000, lr: 0.00000969, epoch_time: 59.0min
Epoch:[1/1](13520/113215), loss: 1.6799, logits_loss: 1.6799, aux_loss: 0.0000, lr: 0.00000969, epoch_time: 59.0min
Epoch:[1/1](13540/113215), loss: 1.6857, logits_loss: 1.6857, aux_loss: 0.0000, lr: 0.00000969, epoch_time: 59.0min
Epoch:[1/1](13560/113215), loss: 1.5640, logits_loss: 1.5640, aux_loss: 0.0000, lr: 0.00000969, epoch_time: 59.0min
Epoch:[1/1](13580/113215), loss: 1.7899, logits_loss: 1.7899, aux_loss: 0.0000, lr: 0.00000968, epoch_time: 59.0min
Epoch:[1/1](13600/113215), loss: 2.1952, logits_loss: 2.1952, aux_loss: 0.0000, lr: 0.00000968, epoch_time: 58.0min
Epoch:[1/1](13620/113215), loss: 1.8790, logits_loss: 1.8790, aux_loss: 0.0000, lr: 0.00000968, epoch_time: 58.0min
Epoch:[1/1](13640/113215), loss: 1.8242, logits_loss: 1.8242, aux_loss: 0.0000, lr: 0.00000968, epoch_time: 58.0min
Epoch:[1/1](13660/113215), loss: 1.8128, logits_loss: 1.8128, aux_loss: 0.0000, lr: 0.00000968, epoch_time: 58.0min
Epoch:[1/1](13680/113215), loss: 1.9173, logits_loss: 1.9173, aux_loss: 0.0000, lr: 0.00000968, epoch_time: 58.0min
Epoch:[1/1](13700/113215), loss: 1.8738, logits_loss: 1.8738, aux_loss: 0.0000, lr: 0.00000968, epoch_time: 58.0min
Epoch:[1/1](13720/113215), loss: 2.0352, logits_loss: 2.0352, aux_loss: 0.0000, lr: 0.00000968, epoch_time: 58.0min
Epoch:[1/1](13740/113215), loss: 1.9480, logits_loss: 1.9480, aux_loss: 0.0000, lr: 0.00000968, epoch_time: 58.0min
Epoch:[1/1](13760/113215), loss: 1.9151, logits_loss: 1.9151, aux_loss: 0.0000, lr: 0.00000968, epoch_time: 58.0min
Epoch:[1/1](13780/113215), loss: 2.0670, logits_loss: 2.0670, aux_loss: 0.0000, lr: 0.00000968, epoch_time: 58.0min
Epoch:[1/1](13800/113215), loss: 2.0272, logits_loss: 2.0272, aux_loss: 0.0000, lr: 0.00000967, epoch_time: 58.0min
Epoch:[1/1](13820/113215), loss: 1.7141, logits_loss: 1.7141, aux_loss: 0.0000, lr: 0.00000967, epoch_time: 58.0min
Epoch:[1/1](13840/113215), loss: 1.9532, logits_loss: 1.9532, aux_loss: 0.0000, lr: 0.00000967, epoch_time: 58.0min
Epoch:[1/1](13860/113215), loss: 2.1288, logits_loss: 2.1288, aux_loss: 0.0000, lr: 0.00000967, epoch_time: 58.0min
Epoch:[1/1](13880/113215), loss: 1.9367, logits_loss: 1.9367, aux_loss: 0.0000, lr: 0.00000967, epoch_time: 58.0min
Epoch:[1/1](13900/113215), loss: 1.7280, logits_loss: 1.7280, aux_loss: 0.0000, lr: 0.00000967, epoch_time: 58.0min
Epoch:[1/1](13920/113215), loss: 1.7679, logits_loss: 1.7679, aux_loss: 0.0000, lr: 0.00000967, epoch_time: 58.0min
Epoch:[1/1](13940/113215), loss: 1.8196, logits_loss: 1.8196, aux_loss: 0.0000, lr: 0.00000967, epoch_time: 58.0min
Epoch:[1/1](13960/113215), loss: 1.8187, logits_loss: 1.8187, aux_loss: 0.0000, lr: 0.00000967, epoch_time: 58.0min
Epoch:[1/1](13980/113215), loss: 2.0747, logits_loss: 2.0747, aux_loss: 0.0000, lr: 0.00000967, epoch_time: 58.0min
Epoch:[1/1](14000/113215), loss: 2.0338, logits_loss: 2.0338, aux_loss: 0.0000, lr: 0.00000966, epoch_time: 58.0min
Epoch:[1/1](14020/113215), loss: 1.4990, logits_loss: 1.4990, aux_loss: 0.0000, lr: 0.00000966, epoch_time: 58.0min
Epoch:[1/1](14040/113215), loss: 2.0221, logits_loss: 2.0221, aux_loss: 0.0000, lr: 0.00000966, epoch_time: 58.0min
Epoch:[1/1](14060/113215), loss: 1.7505, logits_loss: 1.7505, aux_loss: 0.0000, lr: 0.00000966, epoch_time: 58.0min
Epoch:[1/1](14080/113215), loss: 1.6772, logits_loss: 1.6772, aux_loss: 0.0000, lr: 0.00000966, epoch_time: 58.0min
Epoch:[1/1](14100/113215), loss: 1.9656, logits_loss: 1.9656, aux_loss: 0.0000, lr: 0.00000966, epoch_time: 58.0min
Epoch:[1/1](14120/113215), loss: 1.8321, logits_loss: 1.8321, aux_loss: 0.0000, lr: 0.00000966, epoch_time: 58.0min
Epoch:[1/1](14140/113215), loss: 1.4270, logits_loss: 1.4270, aux_loss: 0.0000, lr: 0.00000966, epoch_time: 58.0min
Epoch:[1/1](14160/113215), loss: 1.6729, logits_loss: 1.6729, aux_loss: 0.0000, lr: 0.00000966, epoch_time: 58.0min
Epoch:[1/1](14180/113215), loss: 1.7157, logits_loss: 1.7157, aux_loss: 0.0000, lr: 0.00000966, epoch_time: 58.0min
Epoch:[1/1](14200/113215), loss: 1.6246, logits_loss: 1.6246, aux_loss: 0.0000, lr: 0.00000966, epoch_time: 58.0min
Epoch:[1/1](14220/113215), loss: 1.6147, logits_loss: 1.6147, aux_loss: 0.0000, lr: 0.00000965, epoch_time: 58.0min
Epoch:[1/1](14240/113215), loss: 1.7340, logits_loss: 1.7340, aux_loss: 0.0000, lr: 0.00000965, epoch_time: 58.0min
Epoch:[1/1](14260/113215), loss: 1.9180, logits_loss: 1.9180, aux_loss: 0.0000, lr: 0.00000965, epoch_time: 58.0min
Epoch:[1/1](14280/113215), loss: 1.9459, logits_loss: 1.9459, aux_loss: 0.0000, lr: 0.00000965, epoch_time: 58.0min
Epoch:[1/1](14300/113215), loss: 1.7398, logits_loss: 1.7398, aux_loss: 0.0000, lr: 0.00000965, epoch_time: 58.0min
Epoch:[1/1](14320/113215), loss: 1.8524, logits_loss: 1.8524, aux_loss: 0.0000, lr: 0.00000965, epoch_time: 58.0min
Epoch:[1/1](14340/113215), loss: 1.5227, logits_loss: 1.5227, aux_loss: 0.0000, lr: 0.00000965, epoch_time: 58.0min
Epoch:[1/1](14360/113215), loss: 1.8563, logits_loss: 1.8563, aux_loss: 0.0000, lr: 0.00000965, epoch_time: 58.0min
Epoch:[1/1](14380/113215), loss: 1.7511, logits_loss: 1.7511, aux_loss: 0.0000, lr: 0.00000965, epoch_time: 58.0min
Epoch:[1/1](14400/113215), loss: 1.6378, logits_loss: 1.6378, aux_loss: 0.0000, lr: 0.00000965, epoch_time: 58.0min
Epoch:[1/1](14420/113215), loss: 1.6872, logits_loss: 1.6872, aux_loss: 0.0000, lr: 0.00000964, epoch_time: 58.0min
Epoch:[1/1](14440/113215), loss: 1.9340, logits_loss: 1.9340, aux_loss: 0.0000, lr: 0.00000964, epoch_time: 58.0min
Epoch:[1/1](14460/113215), loss: 1.7345, logits_loss: 1.7345, aux_loss: 0.0000, lr: 0.00000964, epoch_time: 58.0min
Epoch:[1/1](14480/113215), loss: 1.9192, logits_loss: 1.9192, aux_loss: 0.0000, lr: 0.00000964, epoch_time: 58.0min
Epoch:[1/1](14500/113215), loss: 1.7638, logits_loss: 1.7638, aux_loss: 0.0000, lr: 0.00000964, epoch_time: 58.0min
Epoch:[1/1](14520/113215), loss: 2.0634, logits_loss: 2.0634, aux_loss: 0.0000, lr: 0.00000964, epoch_time: 58.0min
Epoch:[1/1](14540/113215), loss: 1.9088, logits_loss: 1.9088, aux_loss: 0.0000, lr: 0.00000964, epoch_time: 58.0min
Epoch:[1/1](14560/113215), loss: 1.8865, logits_loss: 1.8865, aux_loss: 0.0000, lr: 0.00000964, epoch_time: 58.0min
Epoch:[1/1](14580/113215), loss: 1.9824, logits_loss: 1.9824, aux_loss: 0.0000, lr: 0.00000964, epoch_time: 58.0min
Epoch:[1/1](14600/113215), loss: 2.0085, logits_loss: 2.0085, aux_loss: 0.0000, lr: 0.00000964, epoch_time: 58.0min
Epoch:[1/1](14620/113215), loss: 1.7471, logits_loss: 1.7471, aux_loss: 0.0000, lr: 0.00000963, epoch_time: 58.0min
Epoch:[1/1](14640/113215), loss: 1.9431, logits_loss: 1.9431, aux_loss: 0.0000, lr: 0.00000963, epoch_time: 58.0min
Epoch:[1/1](14660/113215), loss: 1.9738, logits_loss: 1.9738, aux_loss: 0.0000, lr: 0.00000963, epoch_time: 58.0min
Epoch:[1/1](14680/113215), loss: 1.9990, logits_loss: 1.9990, aux_loss: 0.0000, lr: 0.00000963, epoch_time: 58.0min
Epoch:[1/1](14700/113215), loss: 1.8964, logits_loss: 1.8964, aux_loss: 0.0000, lr: 0.00000963, epoch_time: 58.0min
Epoch:[1/1](14720/113215), loss: 2.1264, logits_loss: 2.1264, aux_loss: 0.0000, lr: 0.00000963, epoch_time: 58.0min
Epoch:[1/1](14740/113215), loss: 1.7331, logits_loss: 1.7331, aux_loss: 0.0000, lr: 0.00000963, epoch_time: 58.0min
Epoch:[1/1](14760/113215), loss: 1.7284, logits_loss: 1.7284, aux_loss: 0.0000, lr: 0.00000963, epoch_time: 58.0min
Epoch:[1/1](14780/113215), loss: 2.0155, logits_loss: 2.0155, aux_loss: 0.0000, lr: 0.00000963, epoch_time: 58.0min
Epoch:[1/1](14800/113215), loss: 2.0049, logits_loss: 2.0049, aux_loss: 0.0000, lr: 0.00000963, epoch_time: 58.0min
Epoch:[1/1](14820/113215), loss: 1.9885, logits_loss: 1.9885, aux_loss: 0.0000, lr: 0.00000962, epoch_time: 58.0min
Epoch:[1/1](14840/113215), loss: 1.7913, logits_loss: 1.7913, aux_loss: 0.0000, lr: 0.00000962, epoch_time: 58.0min
Epoch:[1/1](14860/113215), loss: 1.9406, logits_loss: 1.9406, aux_loss: 0.0000, lr: 0.00000962, epoch_time: 58.0min
Epoch:[1/1](14880/113215), loss: 1.5475, logits_loss: 1.5475, aux_loss: 0.0000, lr: 0.00000962, epoch_time: 57.0min
Epoch:[1/1](14900/113215), loss: 1.8801, logits_loss: 1.8801, aux_loss: 0.0000, lr: 0.00000962, epoch_time: 57.0min
Epoch:[1/1](14920/113215), loss: 2.0487, logits_loss: 2.0487, aux_loss: 0.0000, lr: 0.00000962, epoch_time: 57.0min
Epoch:[1/1](14940/113215), loss: 1.8105, logits_loss: 1.8105, aux_loss: 0.0000, lr: 0.00000962, epoch_time: 57.0min
Epoch:[1/1](14960/113215), loss: 1.6582, logits_loss: 1.6582, aux_loss: 0.0000, lr: 0.00000962, epoch_time: 57.0min
Epoch:[1/1](14980/113215), loss: 1.9495, logits_loss: 1.9495, aux_loss: 0.0000, lr: 0.00000962, epoch_time: 57.0min
Epoch:[1/1](15000/113215), loss: 1.5807, logits_loss: 1.5807, aux_loss: 0.0000, lr: 0.00000962, epoch_time: 57.0min
Epoch:[1/1](15020/113215), loss: 1.9005, logits_loss: 1.9005, aux_loss: 0.0000, lr: 0.00000961, epoch_time: 58.0min
Epoch:[1/1](15040/113215), loss: 1.8354, logits_loss: 1.8354, aux_loss: 0.0000, lr: 0.00000961, epoch_time: 58.0min
Epoch:[1/1](15060/113215), loss: 2.0149, logits_loss: 2.0149, aux_loss: 0.0000, lr: 0.00000961, epoch_time: 58.0min
Epoch:[1/1](15080/113215), loss: 1.7271, logits_loss: 1.7271, aux_loss: 0.0000, lr: 0.00000961, epoch_time: 58.0min
Epoch:[1/1](15100/113215), loss: 1.7850, logits_loss: 1.7850, aux_loss: 0.0000, lr: 0.00000961, epoch_time: 58.0min
Epoch:[1/1](15120/113215), loss: 2.0513, logits_loss: 2.0513, aux_loss: 0.0000, lr: 0.00000961, epoch_time: 58.0min
Epoch:[1/1](15140/113215), loss: 1.8243, logits_loss: 1.8243, aux_loss: 0.0000, lr: 0.00000961, epoch_time: 58.0min
Epoch:[1/1](15160/113215), loss: 1.7877, logits_loss: 1.7877, aux_loss: 0.0000, lr: 0.00000961, epoch_time: 58.0min
Epoch:[1/1](15180/113215), loss: 1.7108, logits_loss: 1.7108, aux_loss: 0.0000, lr: 0.00000961, epoch_time: 58.0min
Epoch:[1/1](15200/113215), loss: 2.1026, logits_loss: 2.1026, aux_loss: 0.0000, lr: 0.00000961, epoch_time: 58.0min
Epoch:[1/1](15220/113215), loss: 1.8750, logits_loss: 1.8750, aux_loss: 0.0000, lr: 0.00000960, epoch_time: 58.0min
Epoch:[1/1](15240/113215), loss: 1.9348, logits_loss: 1.9348, aux_loss: 0.0000, lr: 0.00000960, epoch_time: 57.0min
Epoch:[1/1](15260/113215), loss: 1.4950, logits_loss: 1.4950, aux_loss: 0.0000, lr: 0.00000960, epoch_time: 57.0min
Epoch:[1/1](15280/113215), loss: 1.8511, logits_loss: 1.8511, aux_loss: 0.0000, lr: 0.00000960, epoch_time: 57.0min
Epoch:[1/1](15300/113215), loss: 1.8552, logits_loss: 1.8552, aux_loss: 0.0000, lr: 0.00000960, epoch_time: 57.0min
Epoch:[1/1](15320/113215), loss: 1.7631, logits_loss: 1.7631, aux_loss: 0.0000, lr: 0.00000960, epoch_time: 57.0min
Epoch:[1/1](15340/113215), loss: 1.7313, logits_loss: 1.7313, aux_loss: 0.0000, lr: 0.00000960, epoch_time: 57.0min
Epoch:[1/1](15360/113215), loss: 1.8651, logits_loss: 1.8651, aux_loss: 0.0000, lr: 0.00000960, epoch_time: 57.0min
Epoch:[1/1](15380/113215), loss: 1.6362, logits_loss: 1.6362, aux_loss: 0.0000, lr: 0.00000960, epoch_time: 57.0min
Epoch:[1/1](15400/113215), loss: 2.0452, logits_loss: 2.0452, aux_loss: 0.0000, lr: 0.00000960, epoch_time: 57.0min
Epoch:[1/1](15420/113215), loss: 1.9944, logits_loss: 1.9944, aux_loss: 0.0000, lr: 0.00000959, epoch_time: 57.0min
Epoch:[1/1](15440/113215), loss: 1.6857, logits_loss: 1.6857, aux_loss: 0.0000, lr: 0.00000959, epoch_time: 57.0min
Epoch:[1/1](15460/113215), loss: 1.7273, logits_loss: 1.7273, aux_loss: 0.0000, lr: 0.00000959, epoch_time: 57.0min
Epoch:[1/1](15480/113215), loss: 2.1140, logits_loss: 2.1140, aux_loss: 0.0000, lr: 0.00000959, epoch_time: 57.0min
Epoch:[1/1](15500/113215), loss: 1.8817, logits_loss: 1.8817, aux_loss: 0.0000, lr: 0.00000959, epoch_time: 57.0min
Epoch:[1/1](15520/113215), loss: 1.6360, logits_loss: 1.6360, aux_loss: 0.0000, lr: 0.00000959, epoch_time: 57.0min
Epoch:[1/1](15540/113215), loss: 1.9780, logits_loss: 1.9780, aux_loss: 0.0000, lr: 0.00000959, epoch_time: 57.0min
Epoch:[1/1](15560/113215), loss: 1.9124, logits_loss: 1.9124, aux_loss: 0.0000, lr: 0.00000959, epoch_time: 57.0min
Epoch:[1/1](15580/113215), loss: 1.9289, logits_loss: 1.9289, aux_loss: 0.0000, lr: 0.00000959, epoch_time: 57.0min
Epoch:[1/1](15600/113215), loss: 1.8983, logits_loss: 1.8983, aux_loss: 0.0000, lr: 0.00000958, epoch_time: 57.0min
Epoch:[1/1](15620/113215), loss: 2.0522, logits_loss: 2.0522, aux_loss: 0.0000, lr: 0.00000958, epoch_time: 57.0min
Epoch:[1/1](15640/113215), loss: 1.9439, logits_loss: 1.9439, aux_loss: 0.0000, lr: 0.00000958, epoch_time: 57.0min
Epoch:[1/1](15660/113215), loss: 2.1107, logits_loss: 2.1107, aux_loss: 0.0000, lr: 0.00000958, epoch_time: 57.0min
Epoch:[1/1](15680/113215), loss: 1.9073, logits_loss: 1.9073, aux_loss: 0.0000, lr: 0.00000958, epoch_time: 57.0min
Epoch:[1/1](15700/113215), loss: 1.7053, logits_loss: 1.7053, aux_loss: 0.0000, lr: 0.00000958, epoch_time: 57.0min
Epoch:[1/1](15720/113215), loss: 2.0390, logits_loss: 2.0390, aux_loss: 0.0000, lr: 0.00000958, epoch_time: 57.0min
Epoch:[1/1](15740/113215), loss: 1.9479, logits_loss: 1.9479, aux_loss: 0.0000, lr: 0.00000958, epoch_time: 57.0min
Epoch:[1/1](15760/113215), loss: 2.1096, logits_loss: 2.1096, aux_loss: 0.0000, lr: 0.00000958, epoch_time: 57.0min
Epoch:[1/1](15780/113215), loss: 1.5723, logits_loss: 1.5723, aux_loss: 0.0000, lr: 0.00000958, epoch_time: 57.0min
Epoch:[1/1](15800/113215), loss: 2.0736, logits_loss: 2.0736, aux_loss: 0.0000, lr: 0.00000957, epoch_time: 57.0min
Epoch:[1/1](15820/113215), loss: 1.7188, logits_loss: 1.7188, aux_loss: 0.0000, lr: 0.00000957, epoch_time: 57.0min
Epoch:[1/1](15840/113215), loss: 2.1513, logits_loss: 2.1513, aux_loss: 0.0000, lr: 0.00000957, epoch_time: 57.0min
Epoch:[1/1](15860/113215), loss: 1.7005, logits_loss: 1.7005, aux_loss: 0.0000, lr: 0.00000957, epoch_time: 57.0min
Epoch:[1/1](15880/113215), loss: 1.7360, logits_loss: 1.7360, aux_loss: 0.0000, lr: 0.00000957, epoch_time: 57.0min
Epoch:[1/1](15900/113215), loss: 2.0313, logits_loss: 2.0313, aux_loss: 0.0000, lr: 0.00000957, epoch_time: 57.0min
Epoch:[1/1](15920/113215), loss: 1.8393, logits_loss: 1.8393, aux_loss: 0.0000, lr: 0.00000957, epoch_time: 57.0min
Epoch:[1/1](15940/113215), loss: 1.8423, logits_loss: 1.8423, aux_loss: 0.0000, lr: 0.00000957, epoch_time: 57.0min
Epoch:[1/1](15960/113215), loss: 1.7799, logits_loss: 1.7799, aux_loss: 0.0000, lr: 0.00000957, epoch_time: 57.0min
Epoch:[1/1](15980/113215), loss: 1.7379, logits_loss: 1.7379, aux_loss: 0.0000, lr: 0.00000956, epoch_time: 57.0min
Epoch:[1/1](16000/113215), loss: 1.6923, logits_loss: 1.6923, aux_loss: 0.0000, lr: 0.00000956, epoch_time: 57.0min
Epoch:[1/1](16020/113215), loss: 1.6514, logits_loss: 1.6514, aux_loss: 0.0000, lr: 0.00000956, epoch_time: 57.0min
Epoch:[1/1](16040/113215), loss: 1.8829, logits_loss: 1.8829, aux_loss: 0.0000, lr: 0.00000956, epoch_time: 57.0min
Epoch:[1/1](16060/113215), loss: 1.4562, logits_loss: 1.4562, aux_loss: 0.0000, lr: 0.00000956, epoch_time: 57.0min
Epoch:[1/1](16080/113215), loss: 1.9096, logits_loss: 1.9096, aux_loss: 0.0000, lr: 0.00000956, epoch_time: 57.0min
Epoch:[1/1](16100/113215), loss: 2.0212, logits_loss: 2.0212, aux_loss: 0.0000, lr: 0.00000956, epoch_time: 57.0min
Epoch:[1/1](16120/113215), loss: 1.5767, logits_loss: 1.5767, aux_loss: 0.0000, lr: 0.00000956, epoch_time: 57.0min
Epoch:[1/1](16140/113215), loss: 1.8875, logits_loss: 1.8875, aux_loss: 0.0000, lr: 0.00000956, epoch_time: 57.0min
Epoch:[1/1](16160/113215), loss: 1.8567, logits_loss: 1.8567, aux_loss: 0.0000, lr: 0.00000956, epoch_time: 57.0min
Epoch:[1/1](16180/113215), loss: 1.7714, logits_loss: 1.7714, aux_loss: 0.0000, lr: 0.00000955, epoch_time: 57.0min
Epoch:[1/1](16200/113215), loss: 1.6619, logits_loss: 1.6619, aux_loss: 0.0000, lr: 0.00000955, epoch_time: 57.0min
Epoch:[1/1](16220/113215), loss: 2.0764, logits_loss: 2.0764, aux_loss: 0.0000, lr: 0.00000955, epoch_time: 57.0min
Epoch:[1/1](16240/113215), loss: 1.7941, logits_loss: 1.7941, aux_loss: 0.0000, lr: 0.00000955, epoch_time: 57.0min
Epoch:[1/1](16260/113215), loss: 1.5639, logits_loss: 1.5639, aux_loss: 0.0000, lr: 0.00000955, epoch_time: 57.0min
Epoch:[1/1](16280/113215), loss: 1.7763, logits_loss: 1.7763, aux_loss: 0.0000, lr: 0.00000955, epoch_time: 57.0min
Epoch:[1/1](16300/113215), loss: 1.6296, logits_loss: 1.6296, aux_loss: 0.0000, lr: 0.00000955, epoch_time: 57.0min
Epoch:[1/1](16320/113215), loss: 1.8121, logits_loss: 1.8121, aux_loss: 0.0000, lr: 0.00000955, epoch_time: 57.0min
Epoch:[1/1](16340/113215), loss: 1.6423, logits_loss: 1.6423, aux_loss: 0.0000, lr: 0.00000955, epoch_time: 57.0min
Epoch:[1/1](16360/113215), loss: 2.0177, logits_loss: 2.0177, aux_loss: 0.0000, lr: 0.00000954, epoch_time: 57.0min
Epoch:[1/1](16380/113215), loss: 1.7819, logits_loss: 1.7819, aux_loss: 0.0000, lr: 0.00000954, epoch_time: 57.0min
Epoch:[1/1](16400/113215), loss: 1.7000, logits_loss: 1.7000, aux_loss: 0.0000, lr: 0.00000954, epoch_time: 57.0min
Epoch:[1/1](16420/113215), loss: 1.7218, logits_loss: 1.7218, aux_loss: 0.0000, lr: 0.00000954, epoch_time: 57.0min
Epoch:[1/1](16440/113215), loss: 1.8588, logits_loss: 1.8588, aux_loss: 0.0000, lr: 0.00000954, epoch_time: 57.0min
Epoch:[1/1](16460/113215), loss: 1.9399, logits_loss: 1.9399, aux_loss: 0.0000, lr: 0.00000954, epoch_time: 57.0min
Epoch:[1/1](16480/113215), loss: 1.7079, logits_loss: 1.7079, aux_loss: 0.0000, lr: 0.00000954, epoch_time: 57.0min
Epoch:[1/1](16500/113215), loss: 1.7502, logits_loss: 1.7502, aux_loss: 0.0000, lr: 0.00000954, epoch_time: 57.0min
Epoch:[1/1](16520/113215), loss: 1.8214, logits_loss: 1.8214, aux_loss: 0.0000, lr: 0.00000954, epoch_time: 57.0min
Epoch:[1/1](16540/113215), loss: 2.2090, logits_loss: 2.2090, aux_loss: 0.0000, lr: 0.00000953, epoch_time: 57.0min
Epoch:[1/1](16560/113215), loss: 1.7198, logits_loss: 1.7198, aux_loss: 0.0000, lr: 0.00000953, epoch_time: 57.0min
Epoch:[1/1](16580/113215), loss: 2.0169, logits_loss: 2.0169, aux_loss: 0.0000, lr: 0.00000953, epoch_time: 57.0min
Epoch:[1/1](16600/113215), loss: 1.6702, logits_loss: 1.6702, aux_loss: 0.0000, lr: 0.00000953, epoch_time: 57.0min
Epoch:[1/1](16620/113215), loss: 2.0794, logits_loss: 2.0794, aux_loss: 0.0000, lr: 0.00000953, epoch_time: 57.0min
Epoch:[1/1](16640/113215), loss: 2.0808, logits_loss: 2.0808, aux_loss: 0.0000, lr: 0.00000953, epoch_time: 57.0min
Epoch:[1/1](16660/113215), loss: 1.7737, logits_loss: 1.7737, aux_loss: 0.0000, lr: 0.00000953, epoch_time: 57.0min
Epoch:[1/1](16680/113215), loss: 2.0957, logits_loss: 2.0957, aux_loss: 0.0000, lr: 0.00000953, epoch_time: 57.0min
Epoch:[1/1](16700/113215), loss: 1.7200, logits_loss: 1.7200, aux_loss: 0.0000, lr: 0.00000953, epoch_time: 57.0min
Epoch:[1/1](16720/113215), loss: 1.8880, logits_loss: 1.8880, aux_loss: 0.0000, lr: 0.00000952, epoch_time: 57.0min
Epoch:[1/1](16740/113215), loss: 1.7466, logits_loss: 1.7466, aux_loss: 0.0000, lr: 0.00000952, epoch_time: 57.0min
Epoch:[1/1](16760/113215), loss: 1.6529, logits_loss: 1.6529, aux_loss: 0.0000, lr: 0.00000952, epoch_time: 57.0min
Epoch:[1/1](16780/113215), loss: 2.2166, logits_loss: 2.2166, aux_loss: 0.0000, lr: 0.00000952, epoch_time: 56.0min
Epoch:[1/1](16800/113215), loss: 1.8705, logits_loss: 1.8705, aux_loss: 0.0000, lr: 0.00000952, epoch_time: 56.0min
Epoch:[1/1](16820/113215), loss: 1.7454, logits_loss: 1.7454, aux_loss: 0.0000, lr: 0.00000952, epoch_time: 56.0min
Epoch:[1/1](16840/113215), loss: 2.0213, logits_loss: 2.0213, aux_loss: 0.0000, lr: 0.00000952, epoch_time: 56.0min
Epoch:[1/1](16860/113215), loss: 1.7929, logits_loss: 1.7929, aux_loss: 0.0000, lr: 0.00000952, epoch_time: 56.0min
Epoch:[1/1](16880/113215), loss: 1.8741, logits_loss: 1.8741, aux_loss: 0.0000, lr: 0.00000952, epoch_time: 56.0min
Epoch:[1/1](16900/113215), loss: 1.9029, logits_loss: 1.9029, aux_loss: 0.0000, lr: 0.00000951, epoch_time: 56.0min
Epoch:[1/1](16920/113215), loss: 1.9393, logits_loss: 1.9393, aux_loss: 0.0000, lr: 0.00000951, epoch_time: 56.0min
Epoch:[1/1](16940/113215), loss: 1.6512, logits_loss: 1.6512, aux_loss: 0.0000, lr: 0.00000951, epoch_time: 56.0min
Epoch:[1/1](16960/113215), loss: 1.6621, logits_loss: 1.6621, aux_loss: 0.0000, lr: 0.00000951, epoch_time: 56.0min
Epoch:[1/1](16980/113215), loss: 1.7783, logits_loss: 1.7783, aux_loss: 0.0000, lr: 0.00000951, epoch_time: 56.0min
Epoch:[1/1](17000/113215), loss: 2.0617, logits_loss: 2.0617, aux_loss: 0.0000, lr: 0.00000951, epoch_time: 56.0min
Epoch:[1/1](17020/113215), loss: 1.7250, logits_loss: 1.7250, aux_loss: 0.0000, lr: 0.00000951, epoch_time: 57.0min
Epoch:[1/1](17040/113215), loss: 1.7654, logits_loss: 1.7654, aux_loss: 0.0000, lr: 0.00000951, epoch_time: 57.0min
Epoch:[1/1](17060/113215), loss: 1.7567, logits_loss: 1.7567, aux_loss: 0.0000, lr: 0.00000951, epoch_time: 57.0min
Epoch:[1/1](17080/113215), loss: 1.6569, logits_loss: 1.6569, aux_loss: 0.0000, lr: 0.00000950, epoch_time: 57.0min
Epoch:[1/1](17100/113215), loss: 1.8777, logits_loss: 1.8777, aux_loss: 0.0000, lr: 0.00000950, epoch_time: 57.0min
Epoch:[1/1](17120/113215), loss: 1.9414, logits_loss: 1.9414, aux_loss: 0.0000, lr: 0.00000950, epoch_time: 57.0min
Epoch:[1/1](17140/113215), loss: 1.6727, logits_loss: 1.6727, aux_loss: 0.0000, lr: 0.00000950, epoch_time: 57.0min
Epoch:[1/1](17160/113215), loss: 1.7685, logits_loss: 1.7685, aux_loss: 0.0000, lr: 0.00000950, epoch_time: 57.0min
Epoch:[1/1](17180/113215), loss: 1.7352, logits_loss: 1.7352, aux_loss: 0.0000, lr: 0.00000950, epoch_time: 57.0min
Epoch:[1/1](17200/113215), loss: 1.9406, logits_loss: 1.9406, aux_loss: 0.0000, lr: 0.00000950, epoch_time: 57.0min
Epoch:[1/1](17220/113215), loss: 1.8471, logits_loss: 1.8471, aux_loss: 0.0000, lr: 0.00000950, epoch_time: 57.0min
Epoch:[1/1](17240/113215), loss: 1.6868, logits_loss: 1.6868, aux_loss: 0.0000, lr: 0.00000949, epoch_time: 56.0min
Epoch:[1/1](17260/113215), loss: 1.9996, logits_loss: 1.9996, aux_loss: 0.0000, lr: 0.00000949, epoch_time: 56.0min
Epoch:[1/1](17280/113215), loss: 2.1166, logits_loss: 2.1166, aux_loss: 0.0000, lr: 0.00000949, epoch_time: 56.0min
Epoch:[1/1](17300/113215), loss: 2.0444, logits_loss: 2.0444, aux_loss: 0.0000, lr: 0.00000949, epoch_time: 56.0min
Epoch:[1/1](17320/113215), loss: 1.7489, logits_loss: 1.7489, aux_loss: 0.0000, lr: 0.00000949, epoch_time: 56.0min
Epoch:[1/1](17340/113215), loss: 1.7942, logits_loss: 1.7942, aux_loss: 0.0000, lr: 0.00000949, epoch_time: 56.0min
Epoch:[1/1](17360/113215), loss: 1.8225, logits_loss: 1.8225, aux_loss: 0.0000, lr: 0.00000949, epoch_time: 56.0min
Epoch:[1/1](17380/113215), loss: 1.9084, logits_loss: 1.9084, aux_loss: 0.0000, lr: 0.00000949, epoch_time: 56.0min
Epoch:[1/1](17400/113215), loss: 1.8241, logits_loss: 1.8241, aux_loss: 0.0000, lr: 0.00000949, epoch_time: 56.0min
Epoch:[1/1](17420/113215), loss: 1.8267, logits_loss: 1.8267, aux_loss: 0.0000, lr: 0.00000948, epoch_time: 56.0min
Epoch:[1/1](17440/113215), loss: 1.8210, logits_loss: 1.8210, aux_loss: 0.0000, lr: 0.00000948, epoch_time: 56.0min
Epoch:[1/1](17460/113215), loss: 1.8437, logits_loss: 1.8437, aux_loss: 0.0000, lr: 0.00000948, epoch_time: 56.0min
Epoch:[1/1](17480/113215), loss: 1.9076, logits_loss: 1.9076, aux_loss: 0.0000, lr: 0.00000948, epoch_time: 56.0min
Epoch:[1/1](17500/113215), loss: 1.8998, logits_loss: 1.8998, aux_loss: 0.0000, lr: 0.00000948, epoch_time: 56.0min
Epoch:[1/1](17520/113215), loss: 1.6383, logits_loss: 1.6383, aux_loss: 0.0000, lr: 0.00000948, epoch_time: 56.0min
Epoch:[1/1](17540/113215), loss: 2.0381, logits_loss: 2.0381, aux_loss: 0.0000, lr: 0.00000948, epoch_time: 56.0min
Epoch:[1/1](17560/113215), loss: 1.8652, logits_loss: 1.8652, aux_loss: 0.0000, lr: 0.00000948, epoch_time: 56.0min
Epoch:[1/1](17580/113215), loss: 2.1472, logits_loss: 2.1472, aux_loss: 0.0000, lr: 0.00000948, epoch_time: 56.0min
Epoch:[1/1](17600/113215), loss: 1.5464, logits_loss: 1.5464, aux_loss: 0.0000, lr: 0.00000947, epoch_time: 56.0min
Epoch:[1/1](17620/113215), loss: 1.9360, logits_loss: 1.9360, aux_loss: 0.0000, lr: 0.00000947, epoch_time: 56.0min
Epoch:[1/1](17640/113215), loss: 2.0719, logits_loss: 2.0719, aux_loss: 0.0000, lr: 0.00000947, epoch_time: 56.0min
Epoch:[1/1](17660/113215), loss: 1.9748, logits_loss: 1.9748, aux_loss: 0.0000, lr: 0.00000947, epoch_time: 56.0min
Epoch:[1/1](17680/113215), loss: 1.8799, logits_loss: 1.8799, aux_loss: 0.0000, lr: 0.00000947, epoch_time: 56.0min
Epoch:[1/1](17700/113215), loss: 1.9476, logits_loss: 1.9476, aux_loss: 0.0000, lr: 0.00000947, epoch_time: 56.0min
Epoch:[1/1](17720/113215), loss: 2.1268, logits_loss: 2.1268, aux_loss: 0.0000, lr: 0.00000947, epoch_time: 56.0min
Epoch:[1/1](17740/113215), loss: 2.0596, logits_loss: 2.0596, aux_loss: 0.0000, lr: 0.00000947, epoch_time: 56.0min
Epoch:[1/1](17760/113215), loss: 1.6997, logits_loss: 1.6997, aux_loss: 0.0000, lr: 0.00000946, epoch_time: 56.0min
Epoch:[1/1](17780/113215), loss: 1.8988, logits_loss: 1.8988, aux_loss: 0.0000, lr: 0.00000946, epoch_time: 56.0min
Epoch:[1/1](17800/113215), loss: 1.6781, logits_loss: 1.6781, aux_loss: 0.0000, lr: 0.00000946, epoch_time: 56.0min
Epoch:[1/1](17820/113215), loss: 1.8868, logits_loss: 1.8868, aux_loss: 0.0000, lr: 0.00000946, epoch_time: 56.0min
Epoch:[1/1](17840/113215), loss: 1.7303, logits_loss: 1.7303, aux_loss: 0.0000, lr: 0.00000946, epoch_time: 56.0min
Epoch:[1/1](17860/113215), loss: 2.0753, logits_loss: 2.0753, aux_loss: 0.0000, lr: 0.00000946, epoch_time: 56.0min
Epoch:[1/1](17880/113215), loss: 1.6096, logits_loss: 1.6096, aux_loss: 0.0000, lr: 0.00000946, epoch_time: 56.0min
Epoch:[1/1](17900/113215), loss: 1.6446, logits_loss: 1.6446, aux_loss: 0.0000, lr: 0.00000946, epoch_time: 56.0min
Epoch:[1/1](17920/113215), loss: 2.0472, logits_loss: 2.0472, aux_loss: 0.0000, lr: 0.00000946, epoch_time: 56.0min
Epoch:[1/1](17940/113215), loss: 1.9493, logits_loss: 1.9493, aux_loss: 0.0000, lr: 0.00000945, epoch_time: 56.0min
Epoch:[1/1](17960/113215), loss: 1.7212, logits_loss: 1.7212, aux_loss: 0.0000, lr: 0.00000945, epoch_time: 56.0min
Epoch:[1/1](17980/113215), loss: 1.7959, logits_loss: 1.7959, aux_loss: 0.0000, lr: 0.00000945, epoch_time: 56.0min
Epoch:[1/1](18000/113215), loss: 1.9460, logits_loss: 1.9460, aux_loss: 0.0000, lr: 0.00000945, epoch_time: 56.0min
Epoch:[1/1](18020/113215), loss: 1.8712, logits_loss: 1.8712, aux_loss: 0.0000, lr: 0.00000945, epoch_time: 56.0min
Epoch:[1/1](18040/113215), loss: 1.7007, logits_loss: 1.7007, aux_loss: 0.0000, lr: 0.00000945, epoch_time: 56.0min
Epoch:[1/1](18060/113215), loss: 1.7097, logits_loss: 1.7097, aux_loss: 0.0000, lr: 0.00000945, epoch_time: 56.0min
Epoch:[1/1](18080/113215), loss: 1.8806, logits_loss: 1.8806, aux_loss: 0.0000, lr: 0.00000945, epoch_time: 56.0min
Epoch:[1/1](18100/113215), loss: 2.0033, logits_loss: 2.0033, aux_loss: 0.0000, lr: 0.00000944, epoch_time: 56.0min
Epoch:[1/1](18120/113215), loss: 1.6280, logits_loss: 1.6280, aux_loss: 0.0000, lr: 0.00000944, epoch_time: 56.0min
Epoch:[1/1](18140/113215), loss: 1.9185, logits_loss: 1.9185, aux_loss: 0.0000, lr: 0.00000944, epoch_time: 56.0min
Epoch:[1/1](18160/113215), loss: 1.6740, logits_loss: 1.6740, aux_loss: 0.0000, lr: 0.00000944, epoch_time: 56.0min
Epoch:[1/1](18180/113215), loss: 1.7960, logits_loss: 1.7960, aux_loss: 0.0000, lr: 0.00000944, epoch_time: 56.0min
Epoch:[1/1](18200/113215), loss: 1.9135, logits_loss: 1.9135, aux_loss: 0.0000, lr: 0.00000944, epoch_time: 56.0min
Epoch:[1/1](18220/113215), loss: 1.6389, logits_loss: 1.6389, aux_loss: 0.0000, lr: 0.00000944, epoch_time: 56.0min
Epoch:[1/1](18240/113215), loss: 1.8284, logits_loss: 1.8284, aux_loss: 0.0000, lr: 0.00000944, epoch_time: 56.0min
Epoch:[1/1](18260/113215), loss: 1.6497, logits_loss: 1.6497, aux_loss: 0.0000, lr: 0.00000943, epoch_time: 56.0min
Epoch:[1/1](18280/113215), loss: 1.7784, logits_loss: 1.7784, aux_loss: 0.0000, lr: 0.00000943, epoch_time: 56.0min
Epoch:[1/1](18300/113215), loss: 1.5529, logits_loss: 1.5529, aux_loss: 0.0000, lr: 0.00000943, epoch_time: 56.0min
Epoch:[1/1](18320/113215), loss: 1.7411, logits_loss: 1.7411, aux_loss: 0.0000, lr: 0.00000943, epoch_time: 56.0min
Epoch:[1/1](18340/113215), loss: 1.7789, logits_loss: 1.7789, aux_loss: 0.0000, lr: 0.00000943, epoch_time: 56.0min
Epoch:[1/1](18360/113215), loss: 1.7537, logits_loss: 1.7537, aux_loss: 0.0000, lr: 0.00000943, epoch_time: 56.0min
Epoch:[1/1](18380/113215), loss: 2.1195, logits_loss: 2.1195, aux_loss: 0.0000, lr: 0.00000943, epoch_time: 56.0min
Epoch:[1/1](18400/113215), loss: 1.7070, logits_loss: 1.7070, aux_loss: 0.0000, lr: 0.00000943, epoch_time: 56.0min
Epoch:[1/1](18420/113215), loss: 1.7115, logits_loss: 1.7115, aux_loss: 0.0000, lr: 0.00000942, epoch_time: 56.0min
Epoch:[1/1](18440/113215), loss: 1.9633, logits_loss: 1.9633, aux_loss: 0.0000, lr: 0.00000942, epoch_time: 56.0min
Epoch:[1/1](18460/113215), loss: 1.9770, logits_loss: 1.9770, aux_loss: 0.0000, lr: 0.00000942, epoch_time: 56.0min
Epoch:[1/1](18480/113215), loss: 1.6897, logits_loss: 1.6897, aux_loss: 0.0000, lr: 0.00000942, epoch_time: 56.0min
Epoch:[1/1](18500/113215), loss: 2.0263, logits_loss: 2.0263, aux_loss: 0.0000, lr: 0.00000942, epoch_time: 56.0min
Epoch:[1/1](18520/113215), loss: 1.9211, logits_loss: 1.9211, aux_loss: 0.0000, lr: 0.00000942, epoch_time: 56.0min
Epoch:[1/1](18540/113215), loss: 1.8014, logits_loss: 1.8014, aux_loss: 0.0000, lr: 0.00000942, epoch_time: 56.0min
Epoch:[1/1](18560/113215), loss: 1.7079, logits_loss: 1.7079, aux_loss: 0.0000, lr: 0.00000942, epoch_time: 56.0min
Epoch:[1/1](18580/113215), loss: 1.5469, logits_loss: 1.5469, aux_loss: 0.0000, lr: 0.00000942, epoch_time: 56.0min
Epoch:[1/1](18600/113215), loss: 1.9980, logits_loss: 1.9980, aux_loss: 0.0000, lr: 0.00000941, epoch_time: 56.0min
Epoch:[1/1](18620/113215), loss: 1.9272, logits_loss: 1.9272, aux_loss: 0.0000, lr: 0.00000941, epoch_time: 55.0min
Epoch:[1/1](18640/113215), loss: 1.8540, logits_loss: 1.8540, aux_loss: 0.0000, lr: 0.00000941, epoch_time: 55.0min
Epoch:[1/1](18660/113215), loss: 2.0028, logits_loss: 2.0028, aux_loss: 0.0000, lr: 0.00000941, epoch_time: 55.0min
Epoch:[1/1](18680/113215), loss: 1.6309, logits_loss: 1.6309, aux_loss: 0.0000, lr: 0.00000941, epoch_time: 55.0min
Epoch:[1/1](18700/113215), loss: 1.8472, logits_loss: 1.8472, aux_loss: 0.0000, lr: 0.00000941, epoch_time: 55.0min
Epoch:[1/1](18720/113215), loss: 1.3630, logits_loss: 1.3630, aux_loss: 0.0000, lr: 0.00000941, epoch_time: 55.0min
Epoch:[1/1](18740/113215), loss: 1.9209, logits_loss: 1.9209, aux_loss: 0.0000, lr: 0.00000941, epoch_time: 55.0min
Epoch:[1/1](18760/113215), loss: 1.5881, logits_loss: 1.5881, aux_loss: 0.0000, lr: 0.00000940, epoch_time: 55.0min
Epoch:[1/1](18780/113215), loss: 1.7193, logits_loss: 1.7193, aux_loss: 0.0000, lr: 0.00000940, epoch_time: 55.0min
Epoch:[1/1](18800/113215), loss: 1.8262, logits_loss: 1.8262, aux_loss: 0.0000, lr: 0.00000940, epoch_time: 55.0min
Epoch:[1/1](18820/113215), loss: 1.7522, logits_loss: 1.7522, aux_loss: 0.0000, lr: 0.00000940, epoch_time: 55.0min
Epoch:[1/1](18840/113215), loss: 1.8965, logits_loss: 1.8965, aux_loss: 0.0000, lr: 0.00000940, epoch_time: 55.0min
Epoch:[1/1](18860/113215), loss: 1.9460, logits_loss: 1.9460, aux_loss: 0.0000, lr: 0.00000940, epoch_time: 55.0min
Epoch:[1/1](18880/113215), loss: 1.9541, logits_loss: 1.9541, aux_loss: 0.0000, lr: 0.00000940, epoch_time: 55.0min
Epoch:[1/1](18900/113215), loss: 1.7012, logits_loss: 1.7012, aux_loss: 0.0000, lr: 0.00000940, epoch_time: 55.0min
Epoch:[1/1](18920/113215), loss: 1.8066, logits_loss: 1.8066, aux_loss: 0.0000, lr: 0.00000939, epoch_time: 55.0min
Epoch:[1/1](18940/113215), loss: 1.5288, logits_loss: 1.5288, aux_loss: 0.0000, lr: 0.00000939, epoch_time: 55.0min
Epoch:[1/1](18960/113215), loss: 1.8376, logits_loss: 1.8376, aux_loss: 0.0000, lr: 0.00000939, epoch_time: 55.0min
Epoch:[1/1](18980/113215), loss: 1.8936, logits_loss: 1.8936, aux_loss: 0.0000, lr: 0.00000939, epoch_time: 55.0min
Epoch:[1/1](19000/113215), loss: 1.9736, logits_loss: 1.9736, aux_loss: 0.0000, lr: 0.00000939, epoch_time: 55.0min
Epoch:[1/1](19020/113215), loss: 2.1458, logits_loss: 2.1458, aux_loss: 0.0000, lr: 0.00000939, epoch_time: 55.0min
Epoch:[1/1](19040/113215), loss: 2.0159, logits_loss: 2.0159, aux_loss: 0.0000, lr: 0.00000939, epoch_time: 55.0min
Epoch:[1/1](19060/113215), loss: 2.1065, logits_loss: 2.1065, aux_loss: 0.0000, lr: 0.00000939, epoch_time: 55.0min
Epoch:[1/1](19080/113215), loss: 1.8094, logits_loss: 1.8094, aux_loss: 0.0000, lr: 0.00000938, epoch_time: 55.0min
Epoch:[1/1](19100/113215), loss: 1.7154, logits_loss: 1.7154, aux_loss: 0.0000, lr: 0.00000938, epoch_time: 55.0min
Epoch:[1/1](19120/113215), loss: 1.6964, logits_loss: 1.6964, aux_loss: 0.0000, lr: 0.00000938, epoch_time: 55.0min
Epoch:[1/1](19140/113215), loss: 1.8224, logits_loss: 1.8224, aux_loss: 0.0000, lr: 0.00000938, epoch_time: 55.0min
Epoch:[1/1](19160/113215), loss: 1.6826, logits_loss: 1.6826, aux_loss: 0.0000, lr: 0.00000938, epoch_time: 55.0min
Epoch:[1/1](19180/113215), loss: 1.8047, logits_loss: 1.8047, aux_loss: 0.0000, lr: 0.00000938, epoch_time: 55.0min
Epoch:[1/1](19200/113215), loss: 1.7858, logits_loss: 1.7858, aux_loss: 0.0000, lr: 0.00000938, epoch_time: 55.0min
Epoch:[1/1](19220/113215), loss: 1.8778, logits_loss: 1.8778, aux_loss: 0.0000, lr: 0.00000938, epoch_time: 55.0min
Epoch:[1/1](19240/113215), loss: 2.1154, logits_loss: 2.1154, aux_loss: 0.0000, lr: 0.00000937, epoch_time: 55.0min
Epoch:[1/1](19260/113215), loss: 1.8778, logits_loss: 1.8778, aux_loss: 0.0000, lr: 0.00000937, epoch_time: 55.0min
Epoch:[1/1](19280/113215), loss: 1.7590, logits_loss: 1.7590, aux_loss: 0.0000, lr: 0.00000937, epoch_time: 55.0min
Epoch:[1/1](19300/113215), loss: 1.4448, logits_loss: 1.4448, aux_loss: 0.0000, lr: 0.00000937, epoch_time: 55.0min
Epoch:[1/1](19320/113215), loss: 1.7528, logits_loss: 1.7528, aux_loss: 0.0000, lr: 0.00000937, epoch_time: 55.0min
Epoch:[1/1](19340/113215), loss: 1.7943, logits_loss: 1.7943, aux_loss: 0.0000, lr: 0.00000937, epoch_time: 55.0min
Epoch:[1/1](19360/113215), loss: 1.9726, logits_loss: 1.9726, aux_loss: 0.0000, lr: 0.00000937, epoch_time: 55.0min
Epoch:[1/1](19380/113215), loss: 1.8218, logits_loss: 1.8218, aux_loss: 0.0000, lr: 0.00000936, epoch_time: 55.0min
Epoch:[1/1](19400/113215), loss: 1.9084, logits_loss: 1.9084, aux_loss: 0.0000, lr: 0.00000936, epoch_time: 55.0min
Epoch:[1/1](19420/113215), loss: 1.8568, logits_loss: 1.8568, aux_loss: 0.0000, lr: 0.00000936, epoch_time: 55.0min
Epoch:[1/1](19440/113215), loss: 1.9197, logits_loss: 1.9197, aux_loss: 0.0000, lr: 0.00000936, epoch_time: 55.0min
Epoch:[1/1](19460/113215), loss: 1.9337, logits_loss: 1.9337, aux_loss: 0.0000, lr: 0.00000936, epoch_time: 55.0min
Epoch:[1/1](19480/113215), loss: 1.6304, logits_loss: 1.6304, aux_loss: 0.0000, lr: 0.00000936, epoch_time: 55.0min
Epoch:[1/1](19500/113215), loss: 1.8692, logits_loss: 1.8692, aux_loss: 0.0000, lr: 0.00000936, epoch_time: 55.0min
Epoch:[1/1](19520/113215), loss: 1.8881, logits_loss: 1.8881, aux_loss: 0.0000, lr: 0.00000936, epoch_time: 55.0min
Epoch:[1/1](19540/113215), loss: 1.9713, logits_loss: 1.9713, aux_loss: 0.0000, lr: 0.00000935, epoch_time: 55.0min
Epoch:[1/1](19560/113215), loss: 1.7208, logits_loss: 1.7208, aux_loss: 0.0000, lr: 0.00000935, epoch_time: 55.0min
Epoch:[1/1](19580/113215), loss: 1.6970, logits_loss: 1.6970, aux_loss: 0.0000, lr: 0.00000935, epoch_time: 55.0min
Epoch:[1/1](19600/113215), loss: 1.5750, logits_loss: 1.5750, aux_loss: 0.0000, lr: 0.00000935, epoch_time: 55.0min
Epoch:[1/1](19620/113215), loss: 1.6336, logits_loss: 1.6336, aux_loss: 0.0000, lr: 0.00000935, epoch_time: 55.0min
Epoch:[1/1](19640/113215), loss: 1.7262, logits_loss: 1.7262, aux_loss: 0.0000, lr: 0.00000935, epoch_time: 55.0min
Epoch:[1/1](19660/113215), loss: 1.7848, logits_loss: 1.7848, aux_loss: 0.0000, lr: 0.00000935, epoch_time: 55.0min
Epoch:[1/1](19680/113215), loss: 1.9723, logits_loss: 1.9723, aux_loss: 0.0000, lr: 0.00000935, epoch_time: 55.0min
Epoch:[1/1](19700/113215), loss: 1.7242, logits_loss: 1.7242, aux_loss: 0.0000, lr: 0.00000934, epoch_time: 55.0min
Epoch:[1/1](19720/113215), loss: 2.2567, logits_loss: 2.2567, aux_loss: 0.0000, lr: 0.00000934, epoch_time: 55.0min
Epoch:[1/1](19740/113215), loss: 1.7169, logits_loss: 1.7169, aux_loss: 0.0000, lr: 0.00000934, epoch_time: 55.0min
Epoch:[1/1](19760/113215), loss: 1.7243, logits_loss: 1.7243, aux_loss: 0.0000, lr: 0.00000934, epoch_time: 55.0min
Epoch:[1/1](19780/113215), loss: 1.9009, logits_loss: 1.9009, aux_loss: 0.0000, lr: 0.00000934, epoch_time: 55.0min
Epoch:[1/1](19800/113215), loss: 1.6771, logits_loss: 1.6771, aux_loss: 0.0000, lr: 0.00000934, epoch_time: 55.0min
Epoch:[1/1](19820/113215), loss: 1.8694, logits_loss: 1.8694, aux_loss: 0.0000, lr: 0.00000934, epoch_time: 55.0min
Epoch:[1/1](19840/113215), loss: 1.9919, logits_loss: 1.9919, aux_loss: 0.0000, lr: 0.00000934, epoch_time: 55.0min
Epoch:[1/1](19860/113215), loss: 1.8422, logits_loss: 1.8422, aux_loss: 0.0000, lr: 0.00000933, epoch_time: 55.0min
Epoch:[1/1](19880/113215), loss: 1.5800, logits_loss: 1.5800, aux_loss: 0.0000, lr: 0.00000933, epoch_time: 55.0min
Epoch:[1/1](19900/113215), loss: 1.9443, logits_loss: 1.9443, aux_loss: 0.0000, lr: 0.00000933, epoch_time: 55.0min
Epoch:[1/1](19920/113215), loss: 1.8825, logits_loss: 1.8825, aux_loss: 0.0000, lr: 0.00000933, epoch_time: 55.0min
Epoch:[1/1](19940/113215), loss: 1.6897, logits_loss: 1.6897, aux_loss: 0.0000, lr: 0.00000933, epoch_time: 55.0min
Epoch:[1/1](19960/113215), loss: 1.9850, logits_loss: 1.9850, aux_loss: 0.0000, lr: 0.00000933, epoch_time: 54.0min
Epoch:[1/1](19980/113215), loss: 2.1269, logits_loss: 2.1269, aux_loss: 0.0000, lr: 0.00000933, epoch_time: 54.0min
Epoch:[1/1](20000/113215), loss: 1.8789, logits_loss: 1.8789, aux_loss: 0.0000, lr: 0.00000932, epoch_time: 54.0min
Epoch:[1/1](20020/113215), loss: 1.4391, logits_loss: 1.4391, aux_loss: 0.0000, lr: 0.00000932, epoch_time: 55.0min
Epoch:[1/1](20040/113215), loss: 2.0252, logits_loss: 2.0252, aux_loss: 0.0000, lr: 0.00000932, epoch_time: 55.0min
Epoch:[1/1](20060/113215), loss: 1.6813, logits_loss: 1.6813, aux_loss: 0.0000, lr: 0.00000932, epoch_time: 55.0min
Epoch:[1/1](20080/113215), loss: 1.5843, logits_loss: 1.5843, aux_loss: 0.0000, lr: 0.00000932, epoch_time: 55.0min
Epoch:[1/1](20100/113215), loss: 1.5244, logits_loss: 1.5244, aux_loss: 0.0000, lr: 0.00000932, epoch_time: 55.0min
Epoch:[1/1](20120/113215), loss: 1.9186, logits_loss: 1.9186, aux_loss: 0.0000, lr: 0.00000932, epoch_time: 55.0min
Epoch:[1/1](20140/113215), loss: 1.8915, logits_loss: 1.8915, aux_loss: 0.0000, lr: 0.00000932, epoch_time: 55.0min
Epoch:[1/1](20160/113215), loss: 1.6515, logits_loss: 1.6515, aux_loss: 0.0000, lr: 0.00000931, epoch_time: 55.0min
Epoch:[1/1](20180/113215), loss: 1.5571, logits_loss: 1.5571, aux_loss: 0.0000, lr: 0.00000931, epoch_time: 55.0min
Epoch:[1/1](20200/113215), loss: 1.7073, logits_loss: 1.7073, aux_loss: 0.0000, lr: 0.00000931, epoch_time: 55.0min
Epoch:[1/1](20220/113215), loss: 1.8710, logits_loss: 1.8710, aux_loss: 0.0000, lr: 0.00000931, epoch_time: 55.0min
Epoch:[1/1](20240/113215), loss: 1.9466, logits_loss: 1.9466, aux_loss: 0.0000, lr: 0.00000931, epoch_time: 54.0min
Epoch:[1/1](20260/113215), loss: 1.6369, logits_loss: 1.6369, aux_loss: 0.0000, lr: 0.00000931, epoch_time: 54.0min
Epoch:[1/1](20280/113215), loss: 1.7776, logits_loss: 1.7776, aux_loss: 0.0000, lr: 0.00000931, epoch_time: 54.0min
Epoch:[1/1](20300/113215), loss: 1.7332, logits_loss: 1.7332, aux_loss: 0.0000, lr: 0.00000930, epoch_time: 54.0min
Epoch:[1/1](20320/113215), loss: 2.0174, logits_loss: 2.0174, aux_loss: 0.0000, lr: 0.00000930, epoch_time: 54.0min
Epoch:[1/1](20340/113215), loss: 1.9476, logits_loss: 1.9476, aux_loss: 0.0000, lr: 0.00000930, epoch_time: 54.0min
Epoch:[1/1](20360/113215), loss: 1.7174, logits_loss: 1.7174, aux_loss: 0.0000, lr: 0.00000930, epoch_time: 54.0min
Epoch:[1/1](20380/113215), loss: 1.8565, logits_loss: 1.8565, aux_loss: 0.0000, lr: 0.00000930, epoch_time: 54.0min
Epoch:[1/1](20400/113215), loss: 1.8571, logits_loss: 1.8571, aux_loss: 0.0000, lr: 0.00000930, epoch_time: 54.0min
Epoch:[1/1](20420/113215), loss: 2.0124, logits_loss: 2.0124, aux_loss: 0.0000, lr: 0.00000930, epoch_time: 54.0min
Epoch:[1/1](20440/113215), loss: 1.8621, logits_loss: 1.8621, aux_loss: 0.0000, lr: 0.00000930, epoch_time: 54.0min
Epoch:[1/1](20460/113215), loss: 1.7980, logits_loss: 1.7980, aux_loss: 0.0000, lr: 0.00000929, epoch_time: 54.0min
Epoch:[1/1](20480/113215), loss: 1.6272, logits_loss: 1.6272, aux_loss: 0.0000, lr: 0.00000929, epoch_time: 54.0min
Epoch:[1/1](20500/113215), loss: 2.0203, logits_loss: 2.0203, aux_loss: 0.0000, lr: 0.00000929, epoch_time: 54.0min
Epoch:[1/1](20520/113215), loss: 1.9610, logits_loss: 1.9610, aux_loss: 0.0000, lr: 0.00000929, epoch_time: 54.0min
Epoch:[1/1](20540/113215), loss: 1.8024, logits_loss: 1.8024, aux_loss: 0.0000, lr: 0.00000929, epoch_time: 54.0min
Epoch:[1/1](20560/113215), loss: 2.0596, logits_loss: 2.0596, aux_loss: 0.0000, lr: 0.00000929, epoch_time: 54.0min
Epoch:[1/1](20580/113215), loss: 1.8914, logits_loss: 1.8914, aux_loss: 0.0000, lr: 0.00000929, epoch_time: 54.0min
Epoch:[1/1](20600/113215), loss: 1.7523, logits_loss: 1.7523, aux_loss: 0.0000, lr: 0.00000928, epoch_time: 54.0min
Epoch:[1/1](20620/113215), loss: 1.4785, logits_loss: 1.4785, aux_loss: 0.0000, lr: 0.00000928, epoch_time: 54.0min
Epoch:[1/1](20640/113215), loss: 1.6818, logits_loss: 1.6818, aux_loss: 0.0000, lr: 0.00000928, epoch_time: 54.0min
Epoch:[1/1](20660/113215), loss: 1.9511, logits_loss: 1.9511, aux_loss: 0.0000, lr: 0.00000928, epoch_time: 54.0min
Epoch:[1/1](20680/113215), loss: 1.5774, logits_loss: 1.5774, aux_loss: 0.0000, lr: 0.00000928, epoch_time: 54.0min
Epoch:[1/1](20700/113215), loss: 1.6623, logits_loss: 1.6623, aux_loss: 0.0000, lr: 0.00000928, epoch_time: 54.0min
Epoch:[1/1](20720/113215), loss: 1.9831, logits_loss: 1.9831, aux_loss: 0.0000, lr: 0.00000928, epoch_time: 54.0min
Epoch:[1/1](20740/113215), loss: 1.9350, logits_loss: 1.9350, aux_loss: 0.0000, lr: 0.00000928, epoch_time: 54.0min
Epoch:[1/1](20760/113215), loss: 1.6761, logits_loss: 1.6761, aux_loss: 0.0000, lr: 0.00000927, epoch_time: 54.0min
Epoch:[1/1](20780/113215), loss: 1.8806, logits_loss: 1.8806, aux_loss: 0.0000, lr: 0.00000927, epoch_time: 54.0min
Epoch:[1/1](20800/113215), loss: 2.0085, logits_loss: 2.0085, aux_loss: 0.0000, lr: 0.00000927, epoch_time: 54.0min
Epoch:[1/1](20820/113215), loss: 1.8263, logits_loss: 1.8263, aux_loss: 0.0000, lr: 0.00000927, epoch_time: 54.0min
Epoch:[1/1](20840/113215), loss: 1.8925, logits_loss: 1.8925, aux_loss: 0.0000, lr: 0.00000927, epoch_time: 54.0min
Epoch:[1/1](20860/113215), loss: 1.8062, logits_loss: 1.8062, aux_loss: 0.0000, lr: 0.00000927, epoch_time: 54.0min
Epoch:[1/1](20880/113215), loss: 2.0735, logits_loss: 2.0735, aux_loss: 0.0000, lr: 0.00000927, epoch_time: 54.0min
Epoch:[1/1](20900/113215), loss: 1.6864, logits_loss: 1.6864, aux_loss: 0.0000, lr: 0.00000926, epoch_time: 54.0min
Epoch:[1/1](20920/113215), loss: 1.7195, logits_loss: 1.7195, aux_loss: 0.0000, lr: 0.00000926, epoch_time: 54.0min
Epoch:[1/1](20940/113215), loss: 1.6994, logits_loss: 1.6994, aux_loss: 0.0000, lr: 0.00000926, epoch_time: 54.0min
Epoch:[1/1](20960/113215), loss: 1.6963, logits_loss: 1.6963, aux_loss: 0.0000, lr: 0.00000926, epoch_time: 54.0min
Epoch:[1/1](20980/113215), loss: 1.7571, logits_loss: 1.7571, aux_loss: 0.0000, lr: 0.00000926, epoch_time: 54.0min
Epoch:[1/1](21000/113215), loss: 1.8761, logits_loss: 1.8761, aux_loss: 0.0000, lr: 0.00000926, epoch_time: 54.0min
Epoch:[1/1](21020/113215), loss: 1.6597, logits_loss: 1.6597, aux_loss: 0.0000, lr: 0.00000926, epoch_time: 54.0min
Epoch:[1/1](21040/113215), loss: 1.7090, logits_loss: 1.7090, aux_loss: 0.0000, lr: 0.00000925, epoch_time: 54.0min
Epoch:[1/1](21060/113215), loss: 1.9899, logits_loss: 1.9899, aux_loss: 0.0000, lr: 0.00000925, epoch_time: 54.0min
Epoch:[1/1](21080/113215), loss: 1.8389, logits_loss: 1.8389, aux_loss: 0.0000, lr: 0.00000925, epoch_time: 54.0min
Epoch:[1/1](21100/113215), loss: 1.9627, logits_loss: 1.9627, aux_loss: 0.0000, lr: 0.00000925, epoch_time: 54.0min
Epoch:[1/1](21120/113215), loss: 1.7634, logits_loss: 1.7634, aux_loss: 0.0000, lr: 0.00000925, epoch_time: 54.0min
Epoch:[1/1](21140/113215), loss: 1.8188, logits_loss: 1.8188, aux_loss: 0.0000, lr: 0.00000925, epoch_time: 54.0min
Epoch:[1/1](21160/113215), loss: 1.8133, logits_loss: 1.8133, aux_loss: 0.0000, lr: 0.00000925, epoch_time: 54.0min
Epoch:[1/1](21180/113215), loss: 1.7057, logits_loss: 1.7057, aux_loss: 0.0000, lr: 0.00000924, epoch_time: 54.0min
Epoch:[1/1](21200/113215), loss: 1.9536, logits_loss: 1.9536, aux_loss: 0.0000, lr: 0.00000924, epoch_time: 54.0min
Epoch:[1/1](21220/113215), loss: 1.8964, logits_loss: 1.8964, aux_loss: 0.0000, lr: 0.00000924, epoch_time: 54.0min
Epoch:[1/1](21240/113215), loss: 1.7327, logits_loss: 1.7327, aux_loss: 0.0000, lr: 0.00000924, epoch_time: 54.0min
Epoch:[1/1](21260/113215), loss: 1.7578, logits_loss: 1.7578, aux_loss: 0.0000, lr: 0.00000924, epoch_time: 54.0min
Epoch:[1/1](21280/113215), loss: 1.7935, logits_loss: 1.7935, aux_loss: 0.0000, lr: 0.00000924, epoch_time: 54.0min
Epoch:[1/1](21300/113215), loss: 1.8993, logits_loss: 1.8993, aux_loss: 0.0000, lr: 0.00000924, epoch_time: 54.0min
Epoch:[1/1](21320/113215), loss: 1.9930, logits_loss: 1.9930, aux_loss: 0.0000, lr: 0.00000924, epoch_time: 54.0min
Epoch:[1/1](21340/113215), loss: 1.7742, logits_loss: 1.7742, aux_loss: 0.0000, lr: 0.00000923, epoch_time: 54.0min
Epoch:[1/1](21360/113215), loss: 1.8399, logits_loss: 1.8399, aux_loss: 0.0000, lr: 0.00000923, epoch_time: 54.0min
Epoch:[1/1](21380/113215), loss: 1.7264, logits_loss: 1.7264, aux_loss: 0.0000, lr: 0.00000923, epoch_time: 54.0min
Epoch:[1/1](21400/113215), loss: 1.8998, logits_loss: 1.8998, aux_loss: 0.0000, lr: 0.00000923, epoch_time: 54.0min
Epoch:[1/1](21420/113215), loss: 1.9796, logits_loss: 1.9796, aux_loss: 0.0000, lr: 0.00000923, epoch_time: 54.0min
Epoch:[1/1](21440/113215), loss: 1.6955, logits_loss: 1.6955, aux_loss: 0.0000, lr: 0.00000923, epoch_time: 54.0min
Epoch:[1/1](21460/113215), loss: 1.8933, logits_loss: 1.8933, aux_loss: 0.0000, lr: 0.00000923, epoch_time: 54.0min
Epoch:[1/1](21480/113215), loss: 1.7494, logits_loss: 1.7494, aux_loss: 0.0000, lr: 0.00000922, epoch_time: 54.0min
Epoch:[1/1](21500/113215), loss: 1.5484, logits_loss: 1.5484, aux_loss: 0.0000, lr: 0.00000922, epoch_time: 54.0min
Epoch:[1/1](21520/113215), loss: 1.9268, logits_loss: 1.9268, aux_loss: 0.0000, lr: 0.00000922, epoch_time: 54.0min
Epoch:[1/1](21540/113215), loss: 1.8687, logits_loss: 1.8687, aux_loss: 0.0000, lr: 0.00000922, epoch_time: 54.0min
Epoch:[1/1](21560/113215), loss: 1.7821, logits_loss: 1.7821, aux_loss: 0.0000, lr: 0.00000922, epoch_time: 54.0min
Epoch:[1/1](21580/113215), loss: 1.6768, logits_loss: 1.6768, aux_loss: 0.0000, lr: 0.00000922, epoch_time: 54.0min
Epoch:[1/1](21600/113215), loss: 1.7292, logits_loss: 1.7292, aux_loss: 0.0000, lr: 0.00000922, epoch_time: 53.0min
Epoch:[1/1](21620/113215), loss: 2.1613, logits_loss: 2.1613, aux_loss: 0.0000, lr: 0.00000921, epoch_time: 53.0min
Epoch:[1/1](21640/113215), loss: 1.8450, logits_loss: 1.8450, aux_loss: 0.0000, lr: 0.00000921, epoch_time: 53.0min
Epoch:[1/1](21660/113215), loss: 1.9539, logits_loss: 1.9539, aux_loss: 0.0000, lr: 0.00000921, epoch_time: 53.0min
Epoch:[1/1](21680/113215), loss: 1.8421, logits_loss: 1.8421, aux_loss: 0.0000, lr: 0.00000921, epoch_time: 53.0min
Epoch:[1/1](21700/113215), loss: 1.7355, logits_loss: 1.7355, aux_loss: 0.0000, lr: 0.00000921, epoch_time: 53.0min
Epoch:[1/1](21720/113215), loss: 1.7595, logits_loss: 1.7595, aux_loss: 0.0000, lr: 0.00000921, epoch_time: 53.0min
Epoch:[1/1](21740/113215), loss: 1.9196, logits_loss: 1.9196, aux_loss: 0.0000, lr: 0.00000921, epoch_time: 53.0min
Epoch:[1/1](21760/113215), loss: 1.5816, logits_loss: 1.5816, aux_loss: 0.0000, lr: 0.00000920, epoch_time: 53.0min
Epoch:[1/1](21780/113215), loss: 1.5221, logits_loss: 1.5221, aux_loss: 0.0000, lr: 0.00000920, epoch_time: 53.0min
Epoch:[1/1](21800/113215), loss: 2.0174, logits_loss: 2.0174, aux_loss: 0.0000, lr: 0.00000920, epoch_time: 53.0min
Epoch:[1/1](21820/113215), loss: 1.8622, logits_loss: 1.8622, aux_loss: 0.0000, lr: 0.00000920, epoch_time: 53.0min
Epoch:[1/1](21840/113215), loss: 1.7566, logits_loss: 1.7566, aux_loss: 0.0000, lr: 0.00000920, epoch_time: 53.0min
Epoch:[1/1](21860/113215), loss: 1.9172, logits_loss: 1.9172, aux_loss: 0.0000, lr: 0.00000920, epoch_time: 53.0min
Epoch:[1/1](21880/113215), loss: 1.6245, logits_loss: 1.6245, aux_loss: 0.0000, lr: 0.00000920, epoch_time: 53.0min
Epoch:[1/1](21900/113215), loss: 1.5691, logits_loss: 1.5691, aux_loss: 0.0000, lr: 0.00000919, epoch_time: 53.0min
Epoch:[1/1](21920/113215), loss: 1.8225, logits_loss: 1.8225, aux_loss: 0.0000, lr: 0.00000919, epoch_time: 53.0min
Epoch:[1/1](21940/113215), loss: 1.6965, logits_loss: 1.6965, aux_loss: 0.0000, lr: 0.00000919, epoch_time: 53.0min
Epoch:[1/1](21960/113215), loss: 1.8102, logits_loss: 1.8102, aux_loss: 0.0000, lr: 0.00000919, epoch_time: 53.0min
Epoch:[1/1](21980/113215), loss: 1.9027, logits_loss: 1.9027, aux_loss: 0.0000, lr: 0.00000919, epoch_time: 53.0min
Epoch:[1/1](22000/113215), loss: 1.8197, logits_loss: 1.8197, aux_loss: 0.0000, lr: 0.00000919, epoch_time: 53.0min
Epoch:[1/1](22020/113215), loss: 1.5093, logits_loss: 1.5093, aux_loss: 0.0000, lr: 0.00000919, epoch_time: 54.0min
Epoch:[1/1](22040/113215), loss: 2.0422, logits_loss: 2.0422, aux_loss: 0.0000, lr: 0.00000918, epoch_time: 54.0min
Epoch:[1/1](22060/113215), loss: 2.3326, logits_loss: 2.3326, aux_loss: 0.0000, lr: 0.00000918, epoch_time: 54.0min
Epoch:[1/1](22080/113215), loss: 1.9457, logits_loss: 1.9457, aux_loss: 0.0000, lr: 0.00000918, epoch_time: 53.0min
Epoch:[1/1](22100/113215), loss: 1.6066, logits_loss: 1.6066, aux_loss: 0.0000, lr: 0.00000918, epoch_time: 53.0min
Epoch:[1/1](22120/113215), loss: 1.8770, logits_loss: 1.8770, aux_loss: 0.0000, lr: 0.00000918, epoch_time: 53.0min
Epoch:[1/1](22140/113215), loss: 1.9650, logits_loss: 1.9650, aux_loss: 0.0000, lr: 0.00000918, epoch_time: 53.0min
Epoch:[1/1](22160/113215), loss: 1.8481, logits_loss: 1.8481, aux_loss: 0.0000, lr: 0.00000918, epoch_time: 53.0min
Epoch:[1/1](22180/113215), loss: 1.8074, logits_loss: 1.8074, aux_loss: 0.0000, lr: 0.00000917, epoch_time: 53.0min
Epoch:[1/1](22200/113215), loss: 1.5882, logits_loss: 1.5882, aux_loss: 0.0000, lr: 0.00000917, epoch_time: 53.0min
Epoch:[1/1](22220/113215), loss: 1.6834, logits_loss: 1.6834, aux_loss: 0.0000, lr: 0.00000917, epoch_time: 53.0min
Epoch:[1/1](22240/113215), loss: 1.6382, logits_loss: 1.6382, aux_loss: 0.0000, lr: 0.00000917, epoch_time: 53.0min
Epoch:[1/1](22260/113215), loss: 1.7227, logits_loss: 1.7227, aux_loss: 0.0000, lr: 0.00000917, epoch_time: 53.0min
Epoch:[1/1](22280/113215), loss: 1.7747, logits_loss: 1.7747, aux_loss: 0.0000, lr: 0.00000917, epoch_time: 53.0min
Epoch:[1/1](22300/113215), loss: 1.5530, logits_loss: 1.5530, aux_loss: 0.0000, lr: 0.00000917, epoch_time: 53.0min
Epoch:[1/1](22320/113215), loss: 1.9407, logits_loss: 1.9407, aux_loss: 0.0000, lr: 0.00000916, epoch_time: 53.0min
Epoch:[1/1](22340/113215), loss: 1.7846, logits_loss: 1.7846, aux_loss: 0.0000, lr: 0.00000916, epoch_time: 53.0min
Epoch:[1/1](22360/113215), loss: 1.8307, logits_loss: 1.8307, aux_loss: 0.0000, lr: 0.00000916, epoch_time: 53.0min
Epoch:[1/1](22380/113215), loss: 1.4954, logits_loss: 1.4954, aux_loss: 0.0000, lr: 0.00000916, epoch_time: 53.0min
Epoch:[1/1](22400/113215), loss: 1.9203, logits_loss: 1.9203, aux_loss: 0.0000, lr: 0.00000916, epoch_time: 53.0min
Epoch:[1/1](22420/113215), loss: 1.8915, logits_loss: 1.8915, aux_loss: 0.0000, lr: 0.00000916, epoch_time: 53.0min
Epoch:[1/1](22440/113215), loss: 1.8128, logits_loss: 1.8128, aux_loss: 0.0000, lr: 0.00000916, epoch_time: 53.0min
Epoch:[1/1](22460/113215), loss: 1.8155, logits_loss: 1.8155, aux_loss: 0.0000, lr: 0.00000915, epoch_time: 53.0min
Epoch:[1/1](22480/113215), loss: 1.8566, logits_loss: 1.8566, aux_loss: 0.0000, lr: 0.00000915, epoch_time: 53.0min
Epoch:[1/1](22500/113215), loss: 1.8742, logits_loss: 1.8742, aux_loss: 0.0000, lr: 0.00000915, epoch_time: 53.0min
Epoch:[1/1](22520/113215), loss: 1.8787, logits_loss: 1.8787, aux_loss: 0.0000, lr: 0.00000915, epoch_time: 53.0min
Epoch:[1/1](22540/113215), loss: 2.0092, logits_loss: 2.0092, aux_loss: 0.0000, lr: 0.00000915, epoch_time: 53.0min
Epoch:[1/1](22560/113215), loss: 1.9668, logits_loss: 1.9668, aux_loss: 0.0000, lr: 0.00000915, epoch_time: 53.0min
Epoch:[1/1](22580/113215), loss: 1.7451, logits_loss: 1.7451, aux_loss: 0.0000, lr: 0.00000915, epoch_time: 53.0min
Epoch:[1/1](22600/113215), loss: 1.9726, logits_loss: 1.9726, aux_loss: 0.0000, lr: 0.00000914, epoch_time: 53.0min
Epoch:[1/1](22620/113215), loss: 1.3780, logits_loss: 1.3780, aux_loss: 0.0000, lr: 0.00000914, epoch_time: 53.0min
Epoch:[1/1](22640/113215), loss: 1.8330, logits_loss: 1.8330, aux_loss: 0.0000, lr: 0.00000914, epoch_time: 53.0min
Epoch:[1/1](22660/113215), loss: 1.5755, logits_loss: 1.5755, aux_loss: 0.0000, lr: 0.00000914, epoch_time: 53.0min
Epoch:[1/1](22680/113215), loss: 1.8444, logits_loss: 1.8444, aux_loss: 0.0000, lr: 0.00000914, epoch_time: 53.0min
Epoch:[1/1](22700/113215), loss: 1.8421, logits_loss: 1.8421, aux_loss: 0.0000, lr: 0.00000914, epoch_time: 53.0min
Epoch:[1/1](22720/113215), loss: 1.8619, logits_loss: 1.8619, aux_loss: 0.0000, lr: 0.00000913, epoch_time: 53.0min
Epoch:[1/1](22740/113215), loss: 1.8220, logits_loss: 1.8220, aux_loss: 0.0000, lr: 0.00000913, epoch_time: 53.0min
Epoch:[1/1](22760/113215), loss: 2.0992, logits_loss: 2.0992, aux_loss: 0.0000, lr: 0.00000913, epoch_time: 53.0min
Epoch:[1/1](22780/113215), loss: 1.7066, logits_loss: 1.7066, aux_loss: 0.0000, lr: 0.00000913, epoch_time: 53.0min
Epoch:[1/1](22800/113215), loss: 1.8184, logits_loss: 1.8184, aux_loss: 0.0000, lr: 0.00000913, epoch_time: 53.0min
Epoch:[1/1](22820/113215), loss: 2.2897, logits_loss: 2.2897, aux_loss: 0.0000, lr: 0.00000913, epoch_time: 53.0min
Epoch:[1/1](22840/113215), loss: 1.8587, logits_loss: 1.8587, aux_loss: 0.0000, lr: 0.00000913, epoch_time: 53.0min
Epoch:[1/1](22860/113215), loss: 2.1535, logits_loss: 2.1535, aux_loss: 0.0000, lr: 0.00000912, epoch_time: 53.0min
Epoch:[1/1](22880/113215), loss: 1.8006, logits_loss: 1.8006, aux_loss: 0.0000, lr: 0.00000912, epoch_time: 53.0min
Epoch:[1/1](22900/113215), loss: 1.9076, logits_loss: 1.9076, aux_loss: 0.0000, lr: 0.00000912, epoch_time: 53.0min
Epoch:[1/1](22920/113215), loss: 1.7312, logits_loss: 1.7312, aux_loss: 0.0000, lr: 0.00000912, epoch_time: 53.0min
Epoch:[1/1](22940/113215), loss: 1.8413, logits_loss: 1.8413, aux_loss: 0.0000, lr: 0.00000912, epoch_time: 53.0min
Epoch:[1/1](22960/113215), loss: 1.6251, logits_loss: 1.6251, aux_loss: 0.0000, lr: 0.00000912, epoch_time: 53.0min
Epoch:[1/1](22980/113215), loss: 1.6366, logits_loss: 1.6366, aux_loss: 0.0000, lr: 0.00000912, epoch_time: 53.0min
Epoch:[1/1](23000/113215), loss: 1.9438, logits_loss: 1.9438, aux_loss: 0.0000, lr: 0.00000911, epoch_time: 53.0min
Epoch:[1/1](23020/113215), loss: 1.9905, logits_loss: 1.9905, aux_loss: 0.0000, lr: 0.00000911, epoch_time: 53.0min
Epoch:[1/1](23040/113215), loss: 1.8030, logits_loss: 1.8030, aux_loss: 0.0000, lr: 0.00000911, epoch_time: 53.0min
Epoch:[1/1](23060/113215), loss: 1.7507, logits_loss: 1.7507, aux_loss: 0.0000, lr: 0.00000911, epoch_time: 53.0min
Epoch:[1/1](23080/113215), loss: 1.7590, logits_loss: 1.7590, aux_loss: 0.0000, lr: 0.00000911, epoch_time: 53.0min
Epoch:[1/1](23100/113215), loss: 1.8238, logits_loss: 1.8238, aux_loss: 0.0000, lr: 0.00000911, epoch_time: 53.0min
Epoch:[1/1](23120/113215), loss: 2.0011, logits_loss: 2.0011, aux_loss: 0.0000, lr: 0.00000911, epoch_time: 53.0min
Epoch:[1/1](23140/113215), loss: 1.7663, logits_loss: 1.7663, aux_loss: 0.0000, lr: 0.00000910, epoch_time: 53.0min
Epoch:[1/1](23160/113215), loss: 1.6791, logits_loss: 1.6791, aux_loss: 0.0000, lr: 0.00000910, epoch_time: 53.0min
Epoch:[1/1](23180/113215), loss: 1.7664, logits_loss: 1.7664, aux_loss: 0.0000, lr: 0.00000910, epoch_time: 53.0min
Epoch:[1/1](23200/113215), loss: 1.4509, logits_loss: 1.4509, aux_loss: 0.0000, lr: 0.00000910, epoch_time: 53.0min
Epoch:[1/1](23220/113215), loss: 1.8313, logits_loss: 1.8313, aux_loss: 0.0000, lr: 0.00000910, epoch_time: 53.0min
Epoch:[1/1](23240/113215), loss: 1.7894, logits_loss: 1.7894, aux_loss: 0.0000, lr: 0.00000910, epoch_time: 53.0min
Epoch:[1/1](23260/113215), loss: 1.7818, logits_loss: 1.7818, aux_loss: 0.0000, lr: 0.00000909, epoch_time: 53.0min
Epoch:[1/1](23280/113215), loss: 1.9019, logits_loss: 1.9019, aux_loss: 0.0000, lr: 0.00000909, epoch_time: 53.0min
Epoch:[1/1](23300/113215), loss: 1.9380, logits_loss: 1.9380, aux_loss: 0.0000, lr: 0.00000909, epoch_time: 53.0min
Epoch:[1/1](23320/113215), loss: 1.8456, logits_loss: 1.8456, aux_loss: 0.0000, lr: 0.00000909, epoch_time: 53.0min
Epoch:[1/1](23340/113215), loss: 1.7167, logits_loss: 1.7167, aux_loss: 0.0000, lr: 0.00000909, epoch_time: 53.0min
Epoch:[1/1](23360/113215), loss: 1.7583, logits_loss: 1.7583, aux_loss: 0.0000, lr: 0.00000909, epoch_time: 53.0min
Epoch:[1/1](23380/113215), loss: 1.7174, logits_loss: 1.7174, aux_loss: 0.0000, lr: 0.00000909, epoch_time: 53.0min
Epoch:[1/1](23400/113215), loss: 1.9403, logits_loss: 1.9403, aux_loss: 0.0000, lr: 0.00000908, epoch_time: 53.0min
Epoch:[1/1](23420/113215), loss: 1.4727, logits_loss: 1.4727, aux_loss: 0.0000, lr: 0.00000908, epoch_time: 53.0min
Epoch:[1/1](23440/113215), loss: 1.7218, logits_loss: 1.7218, aux_loss: 0.0000, lr: 0.00000908, epoch_time: 53.0min
Epoch:[1/1](23460/113215), loss: 2.1313, logits_loss: 2.1313, aux_loss: 0.0000, lr: 0.00000908, epoch_time: 53.0min
Epoch:[1/1](23480/113215), loss: 1.6964, logits_loss: 1.6964, aux_loss: 0.0000, lr: 0.00000908, epoch_time: 53.0min
Epoch:[1/1](23500/113215), loss: 1.7642, logits_loss: 1.7642, aux_loss: 0.0000, lr: 0.00000908, epoch_time: 53.0min
Epoch:[1/1](23520/113215), loss: 2.1516, logits_loss: 2.1516, aux_loss: 0.0000, lr: 0.00000908, epoch_time: 53.0min
Epoch:[1/1](23540/113215), loss: 1.5814, logits_loss: 1.5814, aux_loss: 0.0000, lr: 0.00000907, epoch_time: 53.0min
Epoch:[1/1](23560/113215), loss: 1.9934, logits_loss: 1.9934, aux_loss: 0.0000, lr: 0.00000907, epoch_time: 52.0min
Epoch:[1/1](23580/113215), loss: 1.9850, logits_loss: 1.9850, aux_loss: 0.0000, lr: 0.00000907, epoch_time: 52.0min
Epoch:[1/1](23600/113215), loss: 1.9153, logits_loss: 1.9153, aux_loss: 0.0000, lr: 0.00000907, epoch_time: 52.0min
Epoch:[1/1](23620/113215), loss: 1.8389, logits_loss: 1.8389, aux_loss: 0.0000, lr: 0.00000907, epoch_time: 52.0min
Epoch:[1/1](23640/113215), loss: 1.9136, logits_loss: 1.9136, aux_loss: 0.0000, lr: 0.00000907, epoch_time: 52.0min
Epoch:[1/1](23660/113215), loss: 1.5519, logits_loss: 1.5519, aux_loss: 0.0000, lr: 0.00000906, epoch_time: 52.0min
Epoch:[1/1](23680/113215), loss: 1.7419, logits_loss: 1.7419, aux_loss: 0.0000, lr: 0.00000906, epoch_time: 52.0min
Epoch:[1/1](23700/113215), loss: 1.7219, logits_loss: 1.7219, aux_loss: 0.0000, lr: 0.00000906, epoch_time: 52.0min
Epoch:[1/1](23720/113215), loss: 1.9242, logits_loss: 1.9242, aux_loss: 0.0000, lr: 0.00000906, epoch_time: 52.0min
Epoch:[1/1](23740/113215), loss: 1.7303, logits_loss: 1.7303, aux_loss: 0.0000, lr: 0.00000906, epoch_time: 52.0min
Epoch:[1/1](23760/113215), loss: 1.9416, logits_loss: 1.9416, aux_loss: 0.0000, lr: 0.00000906, epoch_time: 52.0min
Epoch:[1/1](23780/113215), loss: 2.0489, logits_loss: 2.0489, aux_loss: 0.0000, lr: 0.00000906, epoch_time: 52.0min
Epoch:[1/1](23800/113215), loss: 1.9380, logits_loss: 1.9380, aux_loss: 0.0000, lr: 0.00000905, epoch_time: 52.0min
Epoch:[1/1](23820/113215), loss: 2.0639, logits_loss: 2.0639, aux_loss: 0.0000, lr: 0.00000905, epoch_time: 52.0min
Epoch:[1/1](23840/113215), loss: 1.7340, logits_loss: 1.7340, aux_loss: 0.0000, lr: 0.00000905, epoch_time: 52.0min
Epoch:[1/1](23860/113215), loss: 1.6185, logits_loss: 1.6185, aux_loss: 0.0000, lr: 0.00000905, epoch_time: 52.0min
Epoch:[1/1](23880/113215), loss: 1.7272, logits_loss: 1.7272, aux_loss: 0.0000, lr: 0.00000905, epoch_time: 52.0min
Epoch:[1/1](23900/113215), loss: 1.6790, logits_loss: 1.6790, aux_loss: 0.0000, lr: 0.00000905, epoch_time: 52.0min
Epoch:[1/1](23920/113215), loss: 1.9515, logits_loss: 1.9515, aux_loss: 0.0000, lr: 0.00000904, epoch_time: 52.0min
Epoch:[1/1](23940/113215), loss: 1.7830, logits_loss: 1.7830, aux_loss: 0.0000, lr: 0.00000904, epoch_time: 52.0min
Epoch:[1/1](23960/113215), loss: 1.9029, logits_loss: 1.9029, aux_loss: 0.0000, lr: 0.00000904, epoch_time: 52.0min
Epoch:[1/1](23980/113215), loss: 1.8858, logits_loss: 1.8858, aux_loss: 0.0000, lr: 0.00000904, epoch_time: 52.0min
Epoch:[1/1](24000/113215), loss: 1.7349, logits_loss: 1.7349, aux_loss: 0.0000, lr: 0.00000904, epoch_time: 52.0min
Epoch:[1/1](24020/113215), loss: 1.6533, logits_loss: 1.6533, aux_loss: 0.0000, lr: 0.00000904, epoch_time: 52.0min
Epoch:[1/1](24040/113215), loss: 1.8294, logits_loss: 1.8294, aux_loss: 0.0000, lr: 0.00000904, epoch_time: 52.0min
Epoch:[1/1](24060/113215), loss: 2.0032, logits_loss: 2.0032, aux_loss: 0.0000, lr: 0.00000903, epoch_time: 52.0min
Epoch:[1/1](24080/113215), loss: 1.7693, logits_loss: 1.7693, aux_loss: 0.0000, lr: 0.00000903, epoch_time: 52.0min
Epoch:[1/1](24100/113215), loss: 1.7060, logits_loss: 1.7060, aux_loss: 0.0000, lr: 0.00000903, epoch_time: 52.0min
Epoch:[1/1](24120/113215), loss: 1.7286, logits_loss: 1.7286, aux_loss: 0.0000, lr: 0.00000903, epoch_time: 52.0min
Epoch:[1/1](24140/113215), loss: 1.6521, logits_loss: 1.6521, aux_loss: 0.0000, lr: 0.00000903, epoch_time: 52.0min
Epoch:[1/1](24160/113215), loss: 1.7529, logits_loss: 1.7529, aux_loss: 0.0000, lr: 0.00000903, epoch_time: 52.0min
Epoch:[1/1](24180/113215), loss: 1.8594, logits_loss: 1.8594, aux_loss: 0.0000, lr: 0.00000902, epoch_time: 52.0min
Epoch:[1/1](24200/113215), loss: 1.9732, logits_loss: 1.9732, aux_loss: 0.0000, lr: 0.00000902, epoch_time: 52.0min
Epoch:[1/1](24220/113215), loss: 2.0650, logits_loss: 2.0650, aux_loss: 0.0000, lr: 0.00000902, epoch_time: 52.0min
Epoch:[1/1](24240/113215), loss: 1.6149, logits_loss: 1.6149, aux_loss: 0.0000, lr: 0.00000902, epoch_time: 52.0min
Epoch:[1/1](24260/113215), loss: 1.5764, logits_loss: 1.5764, aux_loss: 0.0000, lr: 0.00000902, epoch_time: 52.0min
Epoch:[1/1](24280/113215), loss: 1.8706, logits_loss: 1.8706, aux_loss: 0.0000, lr: 0.00000902, epoch_time: 52.0min
Epoch:[1/1](24300/113215), loss: 1.8164, logits_loss: 1.8164, aux_loss: 0.0000, lr: 0.00000902, epoch_time: 52.0min
Epoch:[1/1](24320/113215), loss: 1.8392, logits_loss: 1.8392, aux_loss: 0.0000, lr: 0.00000901, epoch_time: 52.0min
Epoch:[1/1](24340/113215), loss: 1.5550, logits_loss: 1.5550, aux_loss: 0.0000, lr: 0.00000901, epoch_time: 52.0min
Epoch:[1/1](24360/113215), loss: 2.0047, logits_loss: 2.0047, aux_loss: 0.0000, lr: 0.00000901, epoch_time: 52.0min
Epoch:[1/1](24380/113215), loss: 1.9237, logits_loss: 1.9237, aux_loss: 0.0000, lr: 0.00000901, epoch_time: 52.0min
Epoch:[1/1](24400/113215), loss: 1.8683, logits_loss: 1.8683, aux_loss: 0.0000, lr: 0.00000901, epoch_time: 52.0min
Epoch:[1/1](24420/113215), loss: 1.6095, logits_loss: 1.6095, aux_loss: 0.0000, lr: 0.00000901, epoch_time: 52.0min
Epoch:[1/1](24440/113215), loss: 1.6990, logits_loss: 1.6990, aux_loss: 0.0000, lr: 0.00000900, epoch_time: 52.0min
Epoch:[1/1](24460/113215), loss: 1.8464, logits_loss: 1.8464, aux_loss: 0.0000, lr: 0.00000900, epoch_time: 52.0min
Epoch:[1/1](24480/113215), loss: 1.7708, logits_loss: 1.7708, aux_loss: 0.0000, lr: 0.00000900, epoch_time: 52.0min
Epoch:[1/1](24500/113215), loss: 1.9293, logits_loss: 1.9293, aux_loss: 0.0000, lr: 0.00000900, epoch_time: 52.0min
Epoch:[1/1](24520/113215), loss: 1.7758, logits_loss: 1.7758, aux_loss: 0.0000, lr: 0.00000900, epoch_time: 52.0min
Epoch:[1/1](24540/113215), loss: 1.7924, logits_loss: 1.7924, aux_loss: 0.0000, lr: 0.00000900, epoch_time: 52.0min
Epoch:[1/1](24560/113215), loss: 1.6759, logits_loss: 1.6759, aux_loss: 0.0000, lr: 0.00000899, epoch_time: 52.0min
Epoch:[1/1](24580/113215), loss: 1.8627, logits_loss: 1.8627, aux_loss: 0.0000, lr: 0.00000899, epoch_time: 52.0min
Epoch:[1/1](24600/113215), loss: 1.7547, logits_loss: 1.7547, aux_loss: 0.0000, lr: 0.00000899, epoch_time: 52.0min
Epoch:[1/1](24620/113215), loss: 1.9320, logits_loss: 1.9320, aux_loss: 0.0000, lr: 0.00000899, epoch_time: 52.0min
Epoch:[1/1](24640/113215), loss: 1.6781, logits_loss: 1.6781, aux_loss: 0.0000, lr: 0.00000899, epoch_time: 52.0min
Epoch:[1/1](24660/113215), loss: 1.8955, logits_loss: 1.8955, aux_loss: 0.0000, lr: 0.00000899, epoch_time: 52.0min
Epoch:[1/1](24680/113215), loss: 1.8256, logits_loss: 1.8256, aux_loss: 0.0000, lr: 0.00000899, epoch_time: 52.0min
Epoch:[1/1](24700/113215), loss: 1.9902, logits_loss: 1.9902, aux_loss: 0.0000, lr: 0.00000898, epoch_time: 52.0min
Epoch:[1/1](24720/113215), loss: 2.1127, logits_loss: 2.1127, aux_loss: 0.0000, lr: 0.00000898, epoch_time: 52.0min
Epoch:[1/1](24740/113215), loss: 1.7335, logits_loss: 1.7335, aux_loss: 0.0000, lr: 0.00000898, epoch_time: 52.0min
Epoch:[1/1](24760/113215), loss: 1.8440, logits_loss: 1.8440, aux_loss: 0.0000, lr: 0.00000898, epoch_time: 52.0min
Epoch:[1/1](24780/113215), loss: 1.5569, logits_loss: 1.5569, aux_loss: 0.0000, lr: 0.00000898, epoch_time: 52.0min
Epoch:[1/1](24800/113215), loss: 1.8031, logits_loss: 1.8031, aux_loss: 0.0000, lr: 0.00000898, epoch_time: 52.0min
Epoch:[1/1](24820/113215), loss: 1.7698, logits_loss: 1.7698, aux_loss: 0.0000, lr: 0.00000897, epoch_time: 52.0min
Epoch:[1/1](24840/113215), loss: 1.5990, logits_loss: 1.5990, aux_loss: 0.0000, lr: 0.00000897, epoch_time: 52.0min
Epoch:[1/1](24860/113215), loss: 1.6555, logits_loss: 1.6555, aux_loss: 0.0000, lr: 0.00000897, epoch_time: 52.0min
Epoch:[1/1](24880/113215), loss: 1.8963, logits_loss: 1.8963, aux_loss: 0.0000, lr: 0.00000897, epoch_time: 52.0min
Epoch:[1/1](24900/113215), loss: 1.7683, logits_loss: 1.7683, aux_loss: 0.0000, lr: 0.00000897, epoch_time: 52.0min
Epoch:[1/1](24920/113215), loss: 1.6564, logits_loss: 1.6564, aux_loss: 0.0000, lr: 0.00000897, epoch_time: 52.0min
Epoch:[1/1](24940/113215), loss: 1.8938, logits_loss: 1.8938, aux_loss: 0.0000, lr: 0.00000896, epoch_time: 52.0min
Epoch:[1/1](24960/113215), loss: 2.0040, logits_loss: 2.0040, aux_loss: 0.0000, lr: 0.00000896, epoch_time: 52.0min
Epoch:[1/1](24980/113215), loss: 1.6308, logits_loss: 1.6308, aux_loss: 0.0000, lr: 0.00000896, epoch_time: 52.0min
Epoch:[1/1](25000/113215), loss: 1.7809, logits_loss: 1.7809, aux_loss: 0.0000, lr: 0.00000896, epoch_time: 51.0min
Epoch:[1/1](25020/113215), loss: 1.9641, logits_loss: 1.9641, aux_loss: 0.0000, lr: 0.00000896, epoch_time: 52.0min
Epoch:[1/1](25040/113215), loss: 1.8041, logits_loss: 1.8041, aux_loss: 0.0000, lr: 0.00000896, epoch_time: 52.0min
Epoch:[1/1](25060/113215), loss: 1.7337, logits_loss: 1.7337, aux_loss: 0.0000, lr: 0.00000896, epoch_time: 52.0min
Epoch:[1/1](25080/113215), loss: 1.8098, logits_loss: 1.8098, aux_loss: 0.0000, lr: 0.00000895, epoch_time: 52.0min
Epoch:[1/1](25100/113215), loss: 1.9498, logits_loss: 1.9498, aux_loss: 0.0000, lr: 0.00000895, epoch_time: 52.0min
Epoch:[1/1](25120/113215), loss: 1.9767, logits_loss: 1.9767, aux_loss: 0.0000, lr: 0.00000895, epoch_time: 52.0min
Epoch:[1/1](25140/113215), loss: 1.7727, logits_loss: 1.7727, aux_loss: 0.0000, lr: 0.00000895, epoch_time: 52.0min
Epoch:[1/1](25160/113215), loss: 2.0536, logits_loss: 2.0536, aux_loss: 0.0000, lr: 0.00000895, epoch_time: 52.0min
Epoch:[1/1](25180/113215), loss: 1.5599, logits_loss: 1.5599, aux_loss: 0.0000, lr: 0.00000895, epoch_time: 52.0min
Epoch:[1/1](25200/113215), loss: 1.6846, logits_loss: 1.6846, aux_loss: 0.0000, lr: 0.00000894, epoch_time: 52.0min
Epoch:[1/1](25220/113215), loss: 1.8078, logits_loss: 1.8078, aux_loss: 0.0000, lr: 0.00000894, epoch_time: 52.0min
Epoch:[1/1](25240/113215), loss: 2.0323, logits_loss: 2.0323, aux_loss: 0.0000, lr: 0.00000894, epoch_time: 52.0min
Epoch:[1/1](25260/113215), loss: 1.7955, logits_loss: 1.7955, aux_loss: 0.0000, lr: 0.00000894, epoch_time: 52.0min
Epoch:[1/1](25280/113215), loss: 1.7716, logits_loss: 1.7716, aux_loss: 0.0000, lr: 0.00000894, epoch_time: 51.0min
Epoch:[1/1](25300/113215), loss: 1.9514, logits_loss: 1.9514, aux_loss: 0.0000, lr: 0.00000894, epoch_time: 51.0min
Epoch:[1/1](25320/113215), loss: 2.0872, logits_loss: 2.0872, aux_loss: 0.0000, lr: 0.00000893, epoch_time: 51.0min
Epoch:[1/1](25340/113215), loss: 1.6297, logits_loss: 1.6297, aux_loss: 0.0000, lr: 0.00000893, epoch_time: 51.0min
Epoch:[1/1](25360/113215), loss: 1.9099, logits_loss: 1.9099, aux_loss: 0.0000, lr: 0.00000893, epoch_time: 51.0min
Epoch:[1/1](25380/113215), loss: 1.6002, logits_loss: 1.6002, aux_loss: 0.0000, lr: 0.00000893, epoch_time: 51.0min
Epoch:[1/1](25400/113215), loss: 1.7934, logits_loss: 1.7934, aux_loss: 0.0000, lr: 0.00000893, epoch_time: 51.0min
Epoch:[1/1](25420/113215), loss: 2.1240, logits_loss: 2.1240, aux_loss: 0.0000, lr: 0.00000893, epoch_time: 51.0min
Epoch:[1/1](25440/113215), loss: 1.7246, logits_loss: 1.7246, aux_loss: 0.0000, lr: 0.00000892, epoch_time: 51.0min
Epoch:[1/1](25460/113215), loss: 1.7647, logits_loss: 1.7647, aux_loss: 0.0000, lr: 0.00000892, epoch_time: 51.0min
Epoch:[1/1](25480/113215), loss: 1.5927, logits_loss: 1.5927, aux_loss: 0.0000, lr: 0.00000892, epoch_time: 51.0min
Epoch:[1/1](25500/113215), loss: 1.8675, logits_loss: 1.8675, aux_loss: 0.0000, lr: 0.00000892, epoch_time: 51.0min
Epoch:[1/1](25520/113215), loss: 1.9668, logits_loss: 1.9668, aux_loss: 0.0000, lr: 0.00000892, epoch_time: 51.0min
Epoch:[1/1](25540/113215), loss: 1.9115, logits_loss: 1.9115, aux_loss: 0.0000, lr: 0.00000892, epoch_time: 51.0min
Epoch:[1/1](25560/113215), loss: 1.9712, logits_loss: 1.9712, aux_loss: 0.0000, lr: 0.00000891, epoch_time: 51.0min
Epoch:[1/1](25580/113215), loss: 1.8534, logits_loss: 1.8534, aux_loss: 0.0000, lr: 0.00000891, epoch_time: 51.0min
Epoch:[1/1](25600/113215), loss: 1.7835, logits_loss: 1.7835, aux_loss: 0.0000, lr: 0.00000891, epoch_time: 51.0min
Epoch:[1/1](25620/113215), loss: 1.8451, logits_loss: 1.8451, aux_loss: 0.0000, lr: 0.00000891, epoch_time: 51.0min
Epoch:[1/1](25640/113215), loss: 1.8965, logits_loss: 1.8965, aux_loss: 0.0000, lr: 0.00000891, epoch_time: 51.0min
Epoch:[1/1](25660/113215), loss: 1.8543, logits_loss: 1.8543, aux_loss: 0.0000, lr: 0.00000891, epoch_time: 51.0min
Epoch:[1/1](25680/113215), loss: 1.8976, logits_loss: 1.8976, aux_loss: 0.0000, lr: 0.00000891, epoch_time: 51.0min
Epoch:[1/1](25700/113215), loss: 1.7765, logits_loss: 1.7765, aux_loss: 0.0000, lr: 0.00000890, epoch_time: 51.0min
Epoch:[1/1](25720/113215), loss: 1.6998, logits_loss: 1.6998, aux_loss: 0.0000, lr: 0.00000890, epoch_time: 51.0min
Epoch:[1/1](25740/113215), loss: 1.6918, logits_loss: 1.6918, aux_loss: 0.0000, lr: 0.00000890, epoch_time: 51.0min
Epoch:[1/1](25760/113215), loss: 1.9001, logits_loss: 1.9001, aux_loss: 0.0000, lr: 0.00000890, epoch_time: 51.0min
Epoch:[1/1](25780/113215), loss: 1.9913, logits_loss: 1.9913, aux_loss: 0.0000, lr: 0.00000890, epoch_time: 51.0min
Epoch:[1/1](25800/113215), loss: 1.7873, logits_loss: 1.7873, aux_loss: 0.0000, lr: 0.00000890, epoch_time: 51.0min
Epoch:[1/1](25820/113215), loss: 1.7757, logits_loss: 1.7757, aux_loss: 0.0000, lr: 0.00000889, epoch_time: 51.0min
Epoch:[1/1](25840/113215), loss: 1.5609, logits_loss: 1.5609, aux_loss: 0.0000, lr: 0.00000889, epoch_time: 51.0min
Epoch:[1/1](25860/113215), loss: 1.6645, logits_loss: 1.6645, aux_loss: 0.0000, lr: 0.00000889, epoch_time: 51.0min
Epoch:[1/1](25880/113215), loss: 2.0061, logits_loss: 2.0061, aux_loss: 0.0000, lr: 0.00000889, epoch_time: 51.0min
Epoch:[1/1](25900/113215), loss: 1.8727, logits_loss: 1.8727, aux_loss: 0.0000, lr: 0.00000889, epoch_time: 51.0min
Epoch:[1/1](25920/113215), loss: 1.8494, logits_loss: 1.8494, aux_loss: 0.0000, lr: 0.00000889, epoch_time: 51.0min
Epoch:[1/1](25940/113215), loss: 1.7225, logits_loss: 1.7225, aux_loss: 0.0000, lr: 0.00000888, epoch_time: 51.0min
Epoch:[1/1](25960/113215), loss: 1.6788, logits_loss: 1.6788, aux_loss: 0.0000, lr: 0.00000888, epoch_time: 51.0min
Epoch:[1/1](25980/113215), loss: 1.7897, logits_loss: 1.7897, aux_loss: 0.0000, lr: 0.00000888, epoch_time: 51.0min
Epoch:[1/1](26000/113215), loss: 1.6872, logits_loss: 1.6872, aux_loss: 0.0000, lr: 0.00000888, epoch_time: 51.0min
Epoch:[1/1](26020/113215), loss: 1.7824, logits_loss: 1.7824, aux_loss: 0.0000, lr: 0.00000888, epoch_time: 51.0min
Epoch:[1/1](26040/113215), loss: 2.1242, logits_loss: 2.1242, aux_loss: 0.0000, lr: 0.00000888, epoch_time: 51.0min
Epoch:[1/1](26060/113215), loss: 1.6890, logits_loss: 1.6890, aux_loss: 0.0000, lr: 0.00000887, epoch_time: 51.0min
Epoch:[1/1](26080/113215), loss: 1.9116, logits_loss: 1.9116, aux_loss: 0.0000, lr: 0.00000887, epoch_time: 51.0min
Epoch:[1/1](26100/113215), loss: 1.9679, logits_loss: 1.9679, aux_loss: 0.0000, lr: 0.00000887, epoch_time: 51.0min
Epoch:[1/1](26120/113215), loss: 2.0839, logits_loss: 2.0839, aux_loss: 0.0000, lr: 0.00000887, epoch_time: 51.0min
Epoch:[1/1](26140/113215), loss: 1.8089, logits_loss: 1.8089, aux_loss: 0.0000, lr: 0.00000887, epoch_time: 51.0min
Epoch:[1/1](26160/113215), loss: 1.5224, logits_loss: 1.5224, aux_loss: 0.0000, lr: 0.00000887, epoch_time: 51.0min
Epoch:[1/1](26180/113215), loss: 1.5993, logits_loss: 1.5993, aux_loss: 0.0000, lr: 0.00000886, epoch_time: 51.0min
Epoch:[1/1](26200/113215), loss: 1.8544, logits_loss: 1.8544, aux_loss: 0.0000, lr: 0.00000886, epoch_time: 51.0min
Epoch:[1/1](26220/113215), loss: 1.7160, logits_loss: 1.7160, aux_loss: 0.0000, lr: 0.00000886, epoch_time: 51.0min
Epoch:[1/1](26240/113215), loss: 1.6082, logits_loss: 1.6082, aux_loss: 0.0000, lr: 0.00000886, epoch_time: 51.0min
Epoch:[1/1](26260/113215), loss: 1.9440, logits_loss: 1.9440, aux_loss: 0.0000, lr: 0.00000886, epoch_time: 51.0min
Epoch:[1/1](26280/113215), loss: 2.0303, logits_loss: 2.0303, aux_loss: 0.0000, lr: 0.00000886, epoch_time: 51.0min
Epoch:[1/1](26300/113215), loss: 1.6944, logits_loss: 1.6944, aux_loss: 0.0000, lr: 0.00000885, epoch_time: 51.0min
Epoch:[1/1](26320/113215), loss: 1.8973, logits_loss: 1.8973, aux_loss: 0.0000, lr: 0.00000885, epoch_time: 51.0min
Epoch:[1/1](26340/113215), loss: 1.8672, logits_loss: 1.8672, aux_loss: 0.0000, lr: 0.00000885, epoch_time: 51.0min
Epoch:[1/1](26360/113215), loss: 1.6696, logits_loss: 1.6696, aux_loss: 0.0000, lr: 0.00000885, epoch_time: 51.0min
Epoch:[1/1](26380/113215), loss: 1.8888, logits_loss: 1.8888, aux_loss: 0.0000, lr: 0.00000885, epoch_time: 51.0min
Epoch:[1/1](26400/113215), loss: 1.9344, logits_loss: 1.9344, aux_loss: 0.0000, lr: 0.00000885, epoch_time: 51.0min
Epoch:[1/1](26420/113215), loss: 1.9204, logits_loss: 1.9204, aux_loss: 0.0000, lr: 0.00000884, epoch_time: 51.0min
Epoch:[1/1](26440/113215), loss: 2.1772, logits_loss: 2.1772, aux_loss: 0.0000, lr: 0.00000884, epoch_time: 51.0min
Epoch:[1/1](26460/113215), loss: 1.9302, logits_loss: 1.9302, aux_loss: 0.0000, lr: 0.00000884, epoch_time: 51.0min
Epoch:[1/1](26480/113215), loss: 1.7227, logits_loss: 1.7227, aux_loss: 0.0000, lr: 0.00000884, epoch_time: 51.0min
Epoch:[1/1](26500/113215), loss: 1.6562, logits_loss: 1.6562, aux_loss: 0.0000, lr: 0.00000884, epoch_time: 51.0min
Epoch:[1/1](26520/113215), loss: 1.7098, logits_loss: 1.7098, aux_loss: 0.0000, lr: 0.00000884, epoch_time: 51.0min
Epoch:[1/1](26540/113215), loss: 1.9592, logits_loss: 1.9592, aux_loss: 0.0000, lr: 0.00000883, epoch_time: 51.0min
Epoch:[1/1](26560/113215), loss: 1.9004, logits_loss: 1.9004, aux_loss: 0.0000, lr: 0.00000883, epoch_time: 51.0min
Epoch:[1/1](26580/113215), loss: 1.8224, logits_loss: 1.8224, aux_loss: 0.0000, lr: 0.00000883, epoch_time: 51.0min
Epoch:[1/1](26600/113215), loss: 1.9297, logits_loss: 1.9297, aux_loss: 0.0000, lr: 0.00000883, epoch_time: 51.0min
Epoch:[1/1](26620/113215), loss: 1.8894, logits_loss: 1.8894, aux_loss: 0.0000, lr: 0.00000883, epoch_time: 51.0min
Epoch:[1/1](26640/113215), loss: 2.0103, logits_loss: 2.0103, aux_loss: 0.0000, lr: 0.00000883, epoch_time: 51.0min
Epoch:[1/1](26660/113215), loss: 1.7618, logits_loss: 1.7618, aux_loss: 0.0000, lr: 0.00000882, epoch_time: 51.0min
Epoch:[1/1](26680/113215), loss: 1.7600, logits_loss: 1.7600, aux_loss: 0.0000, lr: 0.00000882, epoch_time: 51.0min
Epoch:[1/1](26700/113215), loss: 1.7784, logits_loss: 1.7784, aux_loss: 0.0000, lr: 0.00000882, epoch_time: 51.0min
Epoch:[1/1](26720/113215), loss: 1.9893, logits_loss: 1.9893, aux_loss: 0.0000, lr: 0.00000882, epoch_time: 51.0min
Epoch:[1/1](26740/113215), loss: 1.7736, logits_loss: 1.7736, aux_loss: 0.0000, lr: 0.00000882, epoch_time: 51.0min
Epoch:[1/1](26760/113215), loss: 1.8807, logits_loss: 1.8807, aux_loss: 0.0000, lr: 0.00000882, epoch_time: 51.0min
Epoch:[1/1](26780/113215), loss: 1.9453, logits_loss: 1.9453, aux_loss: 0.0000, lr: 0.00000881, epoch_time: 51.0min
Epoch:[1/1](26800/113215), loss: 1.9401, logits_loss: 1.9401, aux_loss: 0.0000, lr: 0.00000881, epoch_time: 50.0min
Epoch:[1/1](26820/113215), loss: 1.6560, logits_loss: 1.6560, aux_loss: 0.0000, lr: 0.00000881, epoch_time: 50.0min
Epoch:[1/1](26840/113215), loss: 1.6355, logits_loss: 1.6355, aux_loss: 0.0000, lr: 0.00000881, epoch_time: 50.0min
Epoch:[1/1](26860/113215), loss: 2.0984, logits_loss: 2.0984, aux_loss: 0.0000, lr: 0.00000881, epoch_time: 50.0min
Epoch:[1/1](26880/113215), loss: 1.9052, logits_loss: 1.9052, aux_loss: 0.0000, lr: 0.00000881, epoch_time: 50.0min
Epoch:[1/1](26900/113215), loss: 1.8410, logits_loss: 1.8410, aux_loss: 0.0000, lr: 0.00000880, epoch_time: 50.0min
Epoch:[1/1](26920/113215), loss: 1.7220, logits_loss: 1.7220, aux_loss: 0.0000, lr: 0.00000880, epoch_time: 50.0min
Epoch:[1/1](26940/113215), loss: 1.9531, logits_loss: 1.9531, aux_loss: 0.0000, lr: 0.00000880, epoch_time: 50.0min
Epoch:[1/1](26960/113215), loss: 2.0113, logits_loss: 2.0113, aux_loss: 0.0000, lr: 0.00000880, epoch_time: 50.0min
Epoch:[1/1](26980/113215), loss: 2.1631, logits_loss: 2.1631, aux_loss: 0.0000, lr: 0.00000880, epoch_time: 50.0min
Epoch:[1/1](27000/113215), loss: 1.7902, logits_loss: 1.7902, aux_loss: 0.0000, lr: 0.00000879, epoch_time: 50.0min
Epoch:[1/1](27020/113215), loss: 1.9308, logits_loss: 1.9308, aux_loss: 0.0000, lr: 0.00000879, epoch_time: 51.0min
Epoch:[1/1](27040/113215), loss: 1.8365, logits_loss: 1.8365, aux_loss: 0.0000, lr: 0.00000879, epoch_time: 50.0min
Epoch:[1/1](27060/113215), loss: 1.6939, logits_loss: 1.6939, aux_loss: 0.0000, lr: 0.00000879, epoch_time: 50.0min
Epoch:[1/1](27080/113215), loss: 1.9900, logits_loss: 1.9900, aux_loss: 0.0000, lr: 0.00000879, epoch_time: 50.0min
Epoch:[1/1](27100/113215), loss: 1.7291, logits_loss: 1.7291, aux_loss: 0.0000, lr: 0.00000879, epoch_time: 50.0min
Epoch:[1/1](27120/113215), loss: 1.7131, logits_loss: 1.7131, aux_loss: 0.0000, lr: 0.00000878, epoch_time: 50.0min
Epoch:[1/1](27140/113215), loss: 1.9100, logits_loss: 1.9100, aux_loss: 0.0000, lr: 0.00000878, epoch_time: 50.0min
Epoch:[1/1](27160/113215), loss: 1.7051, logits_loss: 1.7051, aux_loss: 0.0000, lr: 0.00000878, epoch_time: 50.0min
Epoch:[1/1](27180/113215), loss: 1.6892, logits_loss: 1.6892, aux_loss: 0.0000, lr: 0.00000878, epoch_time: 50.0min
Epoch:[1/1](27200/113215), loss: 1.9464, logits_loss: 1.9464, aux_loss: 0.0000, lr: 0.00000878, epoch_time: 50.0min
Epoch:[1/1](27220/113215), loss: 1.9846, logits_loss: 1.9846, aux_loss: 0.0000, lr: 0.00000878, epoch_time: 50.0min
Epoch:[1/1](27240/113215), loss: 1.9137, logits_loss: 1.9137, aux_loss: 0.0000, lr: 0.00000877, epoch_time: 50.0min
Epoch:[1/1](27260/113215), loss: 1.8594, logits_loss: 1.8594, aux_loss: 0.0000, lr: 0.00000877, epoch_time: 50.0min
Epoch:[1/1](27280/113215), loss: 1.8766, logits_loss: 1.8766, aux_loss: 0.0000, lr: 0.00000877, epoch_time: 50.0min
Epoch:[1/1](27300/113215), loss: 1.6739, logits_loss: 1.6739, aux_loss: 0.0000, lr: 0.00000877, epoch_time: 50.0min
Epoch:[1/1](27320/113215), loss: 1.8908, logits_loss: 1.8908, aux_loss: 0.0000, lr: 0.00000877, epoch_time: 50.0min
Epoch:[1/1](27340/113215), loss: 1.6972, logits_loss: 1.6972, aux_loss: 0.0000, lr: 0.00000877, epoch_time: 50.0min
Epoch:[1/1](27360/113215), loss: 1.8725, logits_loss: 1.8725, aux_loss: 0.0000, lr: 0.00000876, epoch_time: 50.0min
Epoch:[1/1](27380/113215), loss: 1.5361, logits_loss: 1.5361, aux_loss: 0.0000, lr: 0.00000876, epoch_time: 50.0min
Epoch:[1/1](27400/113215), loss: 1.6608, logits_loss: 1.6608, aux_loss: 0.0000, lr: 0.00000876, epoch_time: 50.0min
Epoch:[1/1](27420/113215), loss: 1.9014, logits_loss: 1.9014, aux_loss: 0.0000, lr: 0.00000876, epoch_time: 50.0min
Epoch:[1/1](27440/113215), loss: 1.9363, logits_loss: 1.9363, aux_loss: 0.0000, lr: 0.00000876, epoch_time: 50.0min
Epoch:[1/1](27460/113215), loss: 1.6346, logits_loss: 1.6346, aux_loss: 0.0000, lr: 0.00000876, epoch_time: 50.0min
Epoch:[1/1](27480/113215), loss: 2.0232, logits_loss: 2.0232, aux_loss: 0.0000, lr: 0.00000875, epoch_time: 50.0min
Epoch:[1/1](27500/113215), loss: 1.7889, logits_loss: 1.7889, aux_loss: 0.0000, lr: 0.00000875, epoch_time: 50.0min
Epoch:[1/1](27520/113215), loss: 1.8688, logits_loss: 1.8688, aux_loss: 0.0000, lr: 0.00000875, epoch_time: 50.0min
Epoch:[1/1](27540/113215), loss: 1.7650, logits_loss: 1.7650, aux_loss: 0.0000, lr: 0.00000875, epoch_time: 50.0min
Epoch:[1/1](27560/113215), loss: 1.6085, logits_loss: 1.6085, aux_loss: 0.0000, lr: 0.00000875, epoch_time: 50.0min
Epoch:[1/1](27580/113215), loss: 1.6723, logits_loss: 1.6723, aux_loss: 0.0000, lr: 0.00000875, epoch_time: 50.0min
Epoch:[1/1](27600/113215), loss: 1.9602, logits_loss: 1.9602, aux_loss: 0.0000, lr: 0.00000874, epoch_time: 50.0min
Epoch:[1/1](27620/113215), loss: 1.5912, logits_loss: 1.5912, aux_loss: 0.0000, lr: 0.00000874, epoch_time: 50.0min
Epoch:[1/1](27640/113215), loss: 1.9099, logits_loss: 1.9099, aux_loss: 0.0000, lr: 0.00000874, epoch_time: 50.0min
Epoch:[1/1](27660/113215), loss: 1.7252, logits_loss: 1.7252, aux_loss: 0.0000, lr: 0.00000874, epoch_time: 50.0min
Epoch:[1/1](27680/113215), loss: 1.8524, logits_loss: 1.8524, aux_loss: 0.0000, lr: 0.00000874, epoch_time: 50.0min
Epoch:[1/1](27700/113215), loss: 1.8316, logits_loss: 1.8316, aux_loss: 0.0000, lr: 0.00000873, epoch_time: 50.0min
Epoch:[1/1](27720/113215), loss: 1.7713, logits_loss: 1.7713, aux_loss: 0.0000, lr: 0.00000873, epoch_time: 50.0min
Epoch:[1/1](27740/113215), loss: 1.6743, logits_loss: 1.6743, aux_loss: 0.0000, lr: 0.00000873, epoch_time: 50.0min
Epoch:[1/1](27760/113215), loss: 1.7464, logits_loss: 1.7464, aux_loss: 0.0000, lr: 0.00000873, epoch_time: 50.0min
Epoch:[1/1](27780/113215), loss: 1.7008, logits_loss: 1.7008, aux_loss: 0.0000, lr: 0.00000873, epoch_time: 50.0min
Epoch:[1/1](27800/113215), loss: 2.0578, logits_loss: 2.0578, aux_loss: 0.0000, lr: 0.00000873, epoch_time: 50.0min
Epoch:[1/1](27820/113215), loss: 1.4150, logits_loss: 1.4150, aux_loss: 0.0000, lr: 0.00000872, epoch_time: 50.0min
Epoch:[1/1](27840/113215), loss: 1.7462, logits_loss: 1.7462, aux_loss: 0.0000, lr: 0.00000872, epoch_time: 50.0min
Epoch:[1/1](27860/113215), loss: 1.7291, logits_loss: 1.7291, aux_loss: 0.0000, lr: 0.00000872, epoch_time: 50.0min
Epoch:[1/1](27880/113215), loss: 1.6417, logits_loss: 1.6417, aux_loss: 0.0000, lr: 0.00000872, epoch_time: 50.0min
Epoch:[1/1](27900/113215), loss: 1.6596, logits_loss: 1.6596, aux_loss: 0.0000, lr: 0.00000872, epoch_time: 50.0min
Epoch:[1/1](27920/113215), loss: 1.8006, logits_loss: 1.8006, aux_loss: 0.0000, lr: 0.00000872, epoch_time: 50.0min
Epoch:[1/1](27940/113215), loss: 1.7313, logits_loss: 1.7313, aux_loss: 0.0000, lr: 0.00000871, epoch_time: 50.0min
Epoch:[1/1](27960/113215), loss: 1.7749, logits_loss: 1.7749, aux_loss: 0.0000, lr: 0.00000871, epoch_time: 50.0min
Epoch:[1/1](27980/113215), loss: 1.9583, logits_loss: 1.9583, aux_loss: 0.0000, lr: 0.00000871, epoch_time: 50.0min
Epoch:[1/1](28000/113215), loss: 1.7553, logits_loss: 1.7553, aux_loss: 0.0000, lr: 0.00000871, epoch_time: 50.0min
Epoch:[1/1](28020/113215), loss: 1.6857, logits_loss: 1.6857, aux_loss: 0.0000, lr: 0.00000871, epoch_time: 50.0min
Epoch:[1/1](28040/113215), loss: 1.6117, logits_loss: 1.6117, aux_loss: 0.0000, lr: 0.00000871, epoch_time: 50.0min
Epoch:[1/1](28060/113215), loss: 1.9351, logits_loss: 1.9351, aux_loss: 0.0000, lr: 0.00000870, epoch_time: 50.0min
Epoch:[1/1](28080/113215), loss: 1.8753, logits_loss: 1.8753, aux_loss: 0.0000, lr: 0.00000870, epoch_time: 50.0min
Epoch:[1/1](28100/113215), loss: 1.8450, logits_loss: 1.8450, aux_loss: 0.0000, lr: 0.00000870, epoch_time: 50.0min
Epoch:[1/1](28120/113215), loss: 2.0354, logits_loss: 2.0354, aux_loss: 0.0000, lr: 0.00000870, epoch_time: 50.0min
Epoch:[1/1](28140/113215), loss: 1.8807, logits_loss: 1.8807, aux_loss: 0.0000, lr: 0.00000870, epoch_time: 50.0min
Epoch:[1/1](28160/113215), loss: 1.7018, logits_loss: 1.7018, aux_loss: 0.0000, lr: 0.00000869, epoch_time: 50.0min
Epoch:[1/1](28180/113215), loss: 1.9028, logits_loss: 1.9028, aux_loss: 0.0000, lr: 0.00000869, epoch_time: 50.0min
Epoch:[1/1](28200/113215), loss: 1.9919, logits_loss: 1.9919, aux_loss: 0.0000, lr: 0.00000869, epoch_time: 50.0min
Epoch:[1/1](28220/113215), loss: 1.8181, logits_loss: 1.8181, aux_loss: 0.0000, lr: 0.00000869, epoch_time: 50.0min
Epoch:[1/1](28240/113215), loss: 1.7483, logits_loss: 1.7483, aux_loss: 0.0000, lr: 0.00000869, epoch_time: 50.0min
Epoch:[1/1](28260/113215), loss: 1.9050, logits_loss: 1.9050, aux_loss: 0.0000, lr: 0.00000869, epoch_time: 50.0min
Epoch:[1/1](28280/113215), loss: 2.1771, logits_loss: 2.1771, aux_loss: 0.0000, lr: 0.00000868, epoch_time: 50.0min
Epoch:[1/1](28300/113215), loss: 1.6318, logits_loss: 1.6318, aux_loss: 0.0000, lr: 0.00000868, epoch_time: 50.0min
Epoch:[1/1](28320/113215), loss: 1.9010, logits_loss: 1.9010, aux_loss: 0.0000, lr: 0.00000868, epoch_time: 50.0min
Epoch:[1/1](28340/113215), loss: 1.8490, logits_loss: 1.8490, aux_loss: 0.0000, lr: 0.00000868, epoch_time: 50.0min
Epoch:[1/1](28360/113215), loss: 2.1024, logits_loss: 2.1024, aux_loss: 0.0000, lr: 0.00000868, epoch_time: 50.0min
Epoch:[1/1](28380/113215), loss: 1.7476, logits_loss: 1.7476, aux_loss: 0.0000, lr: 0.00000868, epoch_time: 50.0min
Epoch:[1/1](28400/113215), loss: 1.7981, logits_loss: 1.7981, aux_loss: 0.0000, lr: 0.00000867, epoch_time: 50.0min
Epoch:[1/1](28420/113215), loss: 1.8277, logits_loss: 1.8277, aux_loss: 0.0000, lr: 0.00000867, epoch_time: 50.0min
Epoch:[1/1](28440/113215), loss: 1.9711, logits_loss: 1.9711, aux_loss: 0.0000, lr: 0.00000867, epoch_time: 50.0min
Epoch:[1/1](28460/113215), loss: 1.9005, logits_loss: 1.9005, aux_loss: 0.0000, lr: 0.00000867, epoch_time: 49.0min
Epoch:[1/1](28480/113215), loss: 1.8824, logits_loss: 1.8824, aux_loss: 0.0000, lr: 0.00000867, epoch_time: 49.0min
Epoch:[1/1](28500/113215), loss: 1.5116, logits_loss: 1.5116, aux_loss: 0.0000, lr: 0.00000866, epoch_time: 49.0min
Epoch:[1/1](28520/113215), loss: 1.7551, logits_loss: 1.7551, aux_loss: 0.0000, lr: 0.00000866, epoch_time: 49.0min
Epoch:[1/1](28540/113215), loss: 2.0561, logits_loss: 2.0561, aux_loss: 0.0000, lr: 0.00000866, epoch_time: 49.0min
Epoch:[1/1](28560/113215), loss: 1.7596, logits_loss: 1.7596, aux_loss: 0.0000, lr: 0.00000866, epoch_time: 49.0min
Epoch:[1/1](28580/113215), loss: 1.8075, logits_loss: 1.8075, aux_loss: 0.0000, lr: 0.00000866, epoch_time: 49.0min
Epoch:[1/1](28600/113215), loss: 1.9507, logits_loss: 1.9507, aux_loss: 0.0000, lr: 0.00000866, epoch_time: 49.0min
Epoch:[1/1](28620/113215), loss: 1.8148, logits_loss: 1.8148, aux_loss: 0.0000, lr: 0.00000865, epoch_time: 49.0min
Epoch:[1/1](28640/113215), loss: 1.9091, logits_loss: 1.9091, aux_loss: 0.0000, lr: 0.00000865, epoch_time: 49.0min
Epoch:[1/1](28660/113215), loss: 1.9423, logits_loss: 1.9423, aux_loss: 0.0000, lr: 0.00000865, epoch_time: 49.0min
Epoch:[1/1](28680/113215), loss: 1.6801, logits_loss: 1.6801, aux_loss: 0.0000, lr: 0.00000865, epoch_time: 49.0min
Epoch:[1/1](28700/113215), loss: 1.8392, logits_loss: 1.8392, aux_loss: 0.0000, lr: 0.00000865, epoch_time: 49.0min
Epoch:[1/1](28720/113215), loss: 1.6240, logits_loss: 1.6240, aux_loss: 0.0000, lr: 0.00000865, epoch_time: 49.0min
Epoch:[1/1](28740/113215), loss: 1.8212, logits_loss: 1.8212, aux_loss: 0.0000, lr: 0.00000864, epoch_time: 49.0min
Epoch:[1/1](28760/113215), loss: 1.5206, logits_loss: 1.5206, aux_loss: 0.0000, lr: 0.00000864, epoch_time: 49.0min
Epoch:[1/1](28780/113215), loss: 1.5595, logits_loss: 1.5595, aux_loss: 0.0000, lr: 0.00000864, epoch_time: 49.0min
Epoch:[1/1](28800/113215), loss: 1.9245, logits_loss: 1.9245, aux_loss: 0.0000, lr: 0.00000864, epoch_time: 49.0min
Epoch:[1/1](28820/113215), loss: 1.7093, logits_loss: 1.7093, aux_loss: 0.0000, lr: 0.00000864, epoch_time: 49.0min
Epoch:[1/1](28840/113215), loss: 1.8834, logits_loss: 1.8834, aux_loss: 0.0000, lr: 0.00000863, epoch_time: 49.0min
Epoch:[1/1](28860/113215), loss: 1.7714, logits_loss: 1.7714, aux_loss: 0.0000, lr: 0.00000863, epoch_time: 49.0min
Epoch:[1/1](28880/113215), loss: 1.7009, logits_loss: 1.7009, aux_loss: 0.0000, lr: 0.00000863, epoch_time: 49.0min
Epoch:[1/1](28900/113215), loss: 1.8049, logits_loss: 1.8049, aux_loss: 0.0000, lr: 0.00000863, epoch_time: 49.0min
Epoch:[1/1](28920/113215), loss: 1.7793, logits_loss: 1.7793, aux_loss: 0.0000, lr: 0.00000863, epoch_time: 49.0min
Epoch:[1/1](28940/113215), loss: 1.8131, logits_loss: 1.8131, aux_loss: 0.0000, lr: 0.00000863, epoch_time: 49.0min
Epoch:[1/1](28960/113215), loss: 1.9743, logits_loss: 1.9743, aux_loss: 0.0000, lr: 0.00000862, epoch_time: 49.0min
Epoch:[1/1](28980/113215), loss: 1.4851, logits_loss: 1.4851, aux_loss: 0.0000, lr: 0.00000862, epoch_time: 49.0min
Epoch:[1/1](29000/113215), loss: 1.3089, logits_loss: 1.3089, aux_loss: 0.0000, lr: 0.00000862, epoch_time: 49.0min
Epoch:[1/1](29020/113215), loss: 1.7970, logits_loss: 1.7970, aux_loss: 0.0000, lr: 0.00000862, epoch_time: 49.0min
Epoch:[1/1](29040/113215), loss: 1.7562, logits_loss: 1.7562, aux_loss: 0.0000, lr: 0.00000862, epoch_time: 49.0min
Epoch:[1/1](29060/113215), loss: 1.6788, logits_loss: 1.6788, aux_loss: 0.0000, lr: 0.00000861, epoch_time: 49.0min
Epoch:[1/1](29080/113215), loss: 1.6819, logits_loss: 1.6819, aux_loss: 0.0000, lr: 0.00000861, epoch_time: 49.0min
Epoch:[1/1](29100/113215), loss: 1.8291, logits_loss: 1.8291, aux_loss: 0.0000, lr: 0.00000861, epoch_time: 49.0min
Epoch:[1/1](29120/113215), loss: 1.9077, logits_loss: 1.9077, aux_loss: 0.0000, lr: 0.00000861, epoch_time: 49.0min
Epoch:[1/1](29140/113215), loss: 1.5790, logits_loss: 1.5790, aux_loss: 0.0000, lr: 0.00000861, epoch_time: 49.0min
Epoch:[1/1](29160/113215), loss: 2.1359, logits_loss: 2.1359, aux_loss: 0.0000, lr: 0.00000861, epoch_time: 49.0min
Epoch:[1/1](29180/113215), loss: 1.6238, logits_loss: 1.6238, aux_loss: 0.0000, lr: 0.00000860, epoch_time: 49.0min
Epoch:[1/1](29200/113215), loss: 2.0255, logits_loss: 2.0255, aux_loss: 0.0000, lr: 0.00000860, epoch_time: 49.0min
Epoch:[1/1](29220/113215), loss: 2.1820, logits_loss: 2.1820, aux_loss: 0.0000, lr: 0.00000860, epoch_time: 49.0min
Epoch:[1/1](29240/113215), loss: 1.8098, logits_loss: 1.8098, aux_loss: 0.0000, lr: 0.00000860, epoch_time: 49.0min
Epoch:[1/1](29260/113215), loss: 1.9589, logits_loss: 1.9589, aux_loss: 0.0000, lr: 0.00000860, epoch_time: 49.0min
Epoch:[1/1](29280/113215), loss: 1.6791, logits_loss: 1.6791, aux_loss: 0.0000, lr: 0.00000859, epoch_time: 49.0min
Epoch:[1/1](29300/113215), loss: 1.5723, logits_loss: 1.5723, aux_loss: 0.0000, lr: 0.00000859, epoch_time: 49.0min
Epoch:[1/1](29320/113215), loss: 1.9307, logits_loss: 1.9307, aux_loss: 0.0000, lr: 0.00000859, epoch_time: 49.0min
Epoch:[1/1](29340/113215), loss: 1.9733, logits_loss: 1.9733, aux_loss: 0.0000, lr: 0.00000859, epoch_time: 49.0min
Epoch:[1/1](29360/113215), loss: 1.8698, logits_loss: 1.8698, aux_loss: 0.0000, lr: 0.00000859, epoch_time: 49.0min
Epoch:[1/1](29380/113215), loss: 1.7701, logits_loss: 1.7701, aux_loss: 0.0000, lr: 0.00000859, epoch_time: 49.0min
Epoch:[1/1](29400/113215), loss: 1.7217, logits_loss: 1.7217, aux_loss: 0.0000, lr: 0.00000858, epoch_time: 49.0min
Epoch:[1/1](29420/113215), loss: 1.5686, logits_loss: 1.5686, aux_loss: 0.0000, lr: 0.00000858, epoch_time: 49.0min
Epoch:[1/1](29440/113215), loss: 1.5873, logits_loss: 1.5873, aux_loss: 0.0000, lr: 0.00000858, epoch_time: 49.0min
Epoch:[1/1](29460/113215), loss: 1.7123, logits_loss: 1.7123, aux_loss: 0.0000, lr: 0.00000858, epoch_time: 49.0min
Epoch:[1/1](29480/113215), loss: 1.7346, logits_loss: 1.7346, aux_loss: 0.0000, lr: 0.00000858, epoch_time: 49.0min
Epoch:[1/1](29500/113215), loss: 1.7596, logits_loss: 1.7596, aux_loss: 0.0000, lr: 0.00000857, epoch_time: 49.0min
Epoch:[1/1](29520/113215), loss: 1.5709, logits_loss: 1.5709, aux_loss: 0.0000, lr: 0.00000857, epoch_time: 49.0min
Epoch:[1/1](29540/113215), loss: 1.8853, logits_loss: 1.8853, aux_loss: 0.0000, lr: 0.00000857, epoch_time: 49.0min
Epoch:[1/1](29560/113215), loss: 1.8254, logits_loss: 1.8254, aux_loss: 0.0000, lr: 0.00000857, epoch_time: 49.0min
Epoch:[1/1](29580/113215), loss: 1.7300, logits_loss: 1.7300, aux_loss: 0.0000, lr: 0.00000857, epoch_time: 49.0min
Epoch:[1/1](29600/113215), loss: 1.7124, logits_loss: 1.7124, aux_loss: 0.0000, lr: 0.00000857, epoch_time: 49.0min
Epoch:[1/1](29620/113215), loss: 1.8236, logits_loss: 1.8236, aux_loss: 0.0000, lr: 0.00000856, epoch_time: 49.0min
Epoch:[1/1](29640/113215), loss: 1.8161, logits_loss: 1.8161, aux_loss: 0.0000, lr: 0.00000856, epoch_time: 49.0min
Epoch:[1/1](29660/113215), loss: 1.6284, logits_loss: 1.6284, aux_loss: 0.0000, lr: 0.00000856, epoch_time: 49.0min
Epoch:[1/1](29680/113215), loss: 1.8616, logits_loss: 1.8616, aux_loss: 0.0000, lr: 0.00000856, epoch_time: 49.0min
Epoch:[1/1](29700/113215), loss: 1.7944, logits_loss: 1.7944, aux_loss: 0.0000, lr: 0.00000856, epoch_time: 49.0min
Epoch:[1/1](29720/113215), loss: 1.7908, logits_loss: 1.7908, aux_loss: 0.0000, lr: 0.00000855, epoch_time: 49.0min
Epoch:[1/1](29740/113215), loss: 1.8844, logits_loss: 1.8844, aux_loss: 0.0000, lr: 0.00000855, epoch_time: 49.0min
Epoch:[1/1](29760/113215), loss: 1.8969, logits_loss: 1.8969, aux_loss: 0.0000, lr: 0.00000855, epoch_time: 49.0min
Epoch:[1/1](29780/113215), loss: 1.7670, logits_loss: 1.7670, aux_loss: 0.0000, lr: 0.00000855, epoch_time: 49.0min
Epoch:[1/1](29800/113215), loss: 1.9767, logits_loss: 1.9767, aux_loss: 0.0000, lr: 0.00000855, epoch_time: 49.0min
Epoch:[1/1](29820/113215), loss: 1.8086, logits_loss: 1.8086, aux_loss: 0.0000, lr: 0.00000855, epoch_time: 49.0min
Epoch:[1/1](29840/113215), loss: 2.0978, logits_loss: 2.0978, aux_loss: 0.0000, lr: 0.00000854, epoch_time: 49.0min
Epoch:[1/1](29860/113215), loss: 1.7409, logits_loss: 1.7409, aux_loss: 0.0000, lr: 0.00000854, epoch_time: 49.0min
Epoch:[1/1](29880/113215), loss: 1.6779, logits_loss: 1.6779, aux_loss: 0.0000, lr: 0.00000854, epoch_time: 49.0min
Epoch:[1/1](29900/113215), loss: 1.6682, logits_loss: 1.6682, aux_loss: 0.0000, lr: 0.00000854, epoch_time: 49.0min
Epoch:[1/1](29920/113215), loss: 1.7765, logits_loss: 1.7765, aux_loss: 0.0000, lr: 0.00000854, epoch_time: 49.0min
Epoch:[1/1](29940/113215), loss: 1.7853, logits_loss: 1.7853, aux_loss: 0.0000, lr: 0.00000853, epoch_time: 49.0min
Epoch:[1/1](29960/113215), loss: 1.7762, logits_loss: 1.7762, aux_loss: 0.0000, lr: 0.00000853, epoch_time: 49.0min
Epoch:[1/1](29980/113215), loss: 1.9596, logits_loss: 1.9596, aux_loss: 0.0000, lr: 0.00000853, epoch_time: 48.0min
Epoch:[1/1](30000/113215), loss: 1.7965, logits_loss: 1.7965, aux_loss: 0.0000, lr: 0.00000853, epoch_time: 48.0min
Epoch:[1/1](30020/113215), loss: 1.9198, logits_loss: 1.9198, aux_loss: 0.0000, lr: 0.00000853, epoch_time: 49.0min
Epoch:[1/1](30040/113215), loss: 1.9881, logits_loss: 1.9881, aux_loss: 0.0000, lr: 0.00000853, epoch_time: 49.0min
Epoch:[1/1](30060/113215), loss: 1.7191, logits_loss: 1.7191, aux_loss: 0.0000, lr: 0.00000852, epoch_time: 49.0min
Epoch:[1/1](30080/113215), loss: 1.9409, logits_loss: 1.9409, aux_loss: 0.0000, lr: 0.00000852, epoch_time: 49.0min
Epoch:[1/1](30100/113215), loss: 1.8123, logits_loss: 1.8123, aux_loss: 0.0000, lr: 0.00000852, epoch_time: 49.0min
Epoch:[1/1](30120/113215), loss: 1.8116, logits_loss: 1.8116, aux_loss: 0.0000, lr: 0.00000852, epoch_time: 49.0min
Epoch:[1/1](30140/113215), loss: 1.3125, logits_loss: 1.3125, aux_loss: 0.0000, lr: 0.00000852, epoch_time: 49.0min
Epoch:[1/1](30160/113215), loss: 1.3233, logits_loss: 1.3233, aux_loss: 0.0000, lr: 0.00000851, epoch_time: 49.0min
Epoch:[1/1](30180/113215), loss: 1.7742, logits_loss: 1.7742, aux_loss: 0.0000, lr: 0.00000851, epoch_time: 49.0min
Epoch:[1/1](30200/113215), loss: 1.7843, logits_loss: 1.7843, aux_loss: 0.0000, lr: 0.00000851, epoch_time: 48.0min
Epoch:[1/1](30220/113215), loss: 1.6827, logits_loss: 1.6827, aux_loss: 0.0000, lr: 0.00000851, epoch_time: 48.0min
Epoch:[1/1](30240/113215), loss: 1.6931, logits_loss: 1.6931, aux_loss: 0.0000, lr: 0.00000851, epoch_time: 48.0min
Epoch:[1/1](30260/113215), loss: 1.7546, logits_loss: 1.7546, aux_loss: 0.0000, lr: 0.00000850, epoch_time: 48.0min
Epoch:[1/1](30280/113215), loss: 1.7718, logits_loss: 1.7718, aux_loss: 0.0000, lr: 0.00000850, epoch_time: 48.0min
Epoch:[1/1](30300/113215), loss: 1.9078, logits_loss: 1.9078, aux_loss: 0.0000, lr: 0.00000850, epoch_time: 48.0min
Epoch:[1/1](30320/113215), loss: 1.8899, logits_loss: 1.8899, aux_loss: 0.0000, lr: 0.00000850, epoch_time: 48.0min
Epoch:[1/1](30340/113215), loss: 2.0392, logits_loss: 2.0392, aux_loss: 0.0000, lr: 0.00000850, epoch_time: 48.0min
Epoch:[1/1](30360/113215), loss: 2.0237, logits_loss: 2.0237, aux_loss: 0.0000, lr: 0.00000850, epoch_time: 48.0min
Epoch:[1/1](30380/113215), loss: 1.6869, logits_loss: 1.6869, aux_loss: 0.0000, lr: 0.00000849, epoch_time: 48.0min
Epoch:[1/1](30400/113215), loss: 2.0539, logits_loss: 2.0539, aux_loss: 0.0000, lr: 0.00000849, epoch_time: 48.0min
Epoch:[1/1](30420/113215), loss: 2.1320, logits_loss: 2.1320, aux_loss: 0.0000, lr: 0.00000849, epoch_time: 48.0min
Epoch:[1/1](30440/113215), loss: 1.5881, logits_loss: 1.5881, aux_loss: 0.0000, lr: 0.00000849, epoch_time: 48.0min
Epoch:[1/1](30460/113215), loss: 1.6411, logits_loss: 1.6411, aux_loss: 0.0000, lr: 0.00000849, epoch_time: 48.0min
Epoch:[1/1](30480/113215), loss: 1.8203, logits_loss: 1.8203, aux_loss: 0.0000, lr: 0.00000848, epoch_time: 48.0min
Epoch:[1/1](30500/113215), loss: 1.8505, logits_loss: 1.8505, aux_loss: 0.0000, lr: 0.00000848, epoch_time: 48.0min
Epoch:[1/1](30520/113215), loss: 1.7644, logits_loss: 1.7644, aux_loss: 0.0000, lr: 0.00000848, epoch_time: 48.0min
Epoch:[1/1](30540/113215), loss: 2.0591, logits_loss: 2.0591, aux_loss: 0.0000, lr: 0.00000848, epoch_time: 48.0min
Epoch:[1/1](30560/113215), loss: 1.7581, logits_loss: 1.7581, aux_loss: 0.0000, lr: 0.00000848, epoch_time: 48.0min
Epoch:[1/1](30580/113215), loss: 1.5506, logits_loss: 1.5506, aux_loss: 0.0000, lr: 0.00000847, epoch_time: 48.0min
Epoch:[1/1](30600/113215), loss: 1.6077, logits_loss: 1.6077, aux_loss: 0.0000, lr: 0.00000847, epoch_time: 48.0min
Epoch:[1/1](30620/113215), loss: 1.5479, logits_loss: 1.5479, aux_loss: 0.0000, lr: 0.00000847, epoch_time: 48.0min
Epoch:[1/1](30640/113215), loss: 1.8185, logits_loss: 1.8185, aux_loss: 0.0000, lr: 0.00000847, epoch_time: 48.0min
Epoch:[1/1](30660/113215), loss: 1.6629, logits_loss: 1.6629, aux_loss: 0.0000, lr: 0.00000847, epoch_time: 48.0min
Epoch:[1/1](30680/113215), loss: 1.7614, logits_loss: 1.7614, aux_loss: 0.0000, lr: 0.00000847, epoch_time: 48.0min
Epoch:[1/1](30700/113215), loss: 1.4545, logits_loss: 1.4545, aux_loss: 0.0000, lr: 0.00000846, epoch_time: 48.0min
Epoch:[1/1](30720/113215), loss: 1.9173, logits_loss: 1.9173, aux_loss: 0.0000, lr: 0.00000846, epoch_time: 48.0min
Epoch:[1/1](30740/113215), loss: 1.8130, logits_loss: 1.8130, aux_loss: 0.0000, lr: 0.00000846, epoch_time: 48.0min
Epoch:[1/1](30760/113215), loss: 1.8798, logits_loss: 1.8798, aux_loss: 0.0000, lr: 0.00000846, epoch_time: 48.0min
Epoch:[1/1](30780/113215), loss: 1.8321, logits_loss: 1.8321, aux_loss: 0.0000, lr: 0.00000846, epoch_time: 48.0min
Epoch:[1/1](30800/113215), loss: 1.8230, logits_loss: 1.8230, aux_loss: 0.0000, lr: 0.00000845, epoch_time: 48.0min
Epoch:[1/1](30820/113215), loss: 1.6246, logits_loss: 1.6246, aux_loss: 0.0000, lr: 0.00000845, epoch_time: 48.0min
Epoch:[1/1](30840/113215), loss: 1.7066, logits_loss: 1.7066, aux_loss: 0.0000, lr: 0.00000845, epoch_time: 48.0min
Epoch:[1/1](30860/113215), loss: 1.7510, logits_loss: 1.7510, aux_loss: 0.0000, lr: 0.00000845, epoch_time: 48.0min
Epoch:[1/1](30880/113215), loss: 1.6250, logits_loss: 1.6250, aux_loss: 0.0000, lr: 0.00000845, epoch_time: 48.0min
Epoch:[1/1](30900/113215), loss: 1.7632, logits_loss: 1.7632, aux_loss: 0.0000, lr: 0.00000844, epoch_time: 48.0min
Epoch:[1/1](30920/113215), loss: 1.9059, logits_loss: 1.9059, aux_loss: 0.0000, lr: 0.00000844, epoch_time: 48.0min
Epoch:[1/1](30940/113215), loss: 1.9139, logits_loss: 1.9139, aux_loss: 0.0000, lr: 0.00000844, epoch_time: 48.0min
Epoch:[1/1](30960/113215), loss: 1.9384, logits_loss: 1.9384, aux_loss: 0.0000, lr: 0.00000844, epoch_time: 48.0min
Epoch:[1/1](30980/113215), loss: 2.3208, logits_loss: 2.3208, aux_loss: 0.0000, lr: 0.00000844, epoch_time: 48.0min
Epoch:[1/1](31000/113215), loss: 1.7600, logits_loss: 1.7600, aux_loss: 0.0000, lr: 0.00000844, epoch_time: 48.0min
Epoch:[1/1](31020/113215), loss: 1.8462, logits_loss: 1.8462, aux_loss: 0.0000, lr: 0.00000843, epoch_time: 48.0min
Epoch:[1/1](31040/113215), loss: 1.8713, logits_loss: 1.8713, aux_loss: 0.0000, lr: 0.00000843, epoch_time: 48.0min
Epoch:[1/1](31060/113215), loss: 1.7568, logits_loss: 1.7568, aux_loss: 0.0000, lr: 0.00000843, epoch_time: 48.0min
Epoch:[1/1](31080/113215), loss: 1.8466, logits_loss: 1.8466, aux_loss: 0.0000, lr: 0.00000843, epoch_time: 48.0min
Epoch:[1/1](31100/113215), loss: 1.7352, logits_loss: 1.7352, aux_loss: 0.0000, lr: 0.00000843, epoch_time: 48.0min
Epoch:[1/1](31120/113215), loss: 1.9284, logits_loss: 1.9284, aux_loss: 0.0000, lr: 0.00000842, epoch_time: 48.0min
Epoch:[1/1](31140/113215), loss: 2.0050, logits_loss: 2.0050, aux_loss: 0.0000, lr: 0.00000842, epoch_time: 48.0min
Epoch:[1/1](31160/113215), loss: 2.0189, logits_loss: 2.0189, aux_loss: 0.0000, lr: 0.00000842, epoch_time: 48.0min
Epoch:[1/1](31180/113215), loss: 1.9048, logits_loss: 1.9048, aux_loss: 0.0000, lr: 0.00000842, epoch_time: 48.0min
Epoch:[1/1](31200/113215), loss: 1.7924, logits_loss: 1.7924, aux_loss: 0.0000, lr: 0.00000842, epoch_time: 48.0min
Epoch:[1/1](31220/113215), loss: 1.7671, logits_loss: 1.7671, aux_loss: 0.0000, lr: 0.00000841, epoch_time: 48.0min
Epoch:[1/1](31240/113215), loss: 1.7452, logits_loss: 1.7452, aux_loss: 0.0000, lr: 0.00000841, epoch_time: 48.0min
Epoch:[1/1](31260/113215), loss: 1.8305, logits_loss: 1.8305, aux_loss: 0.0000, lr: 0.00000841, epoch_time: 48.0min
Epoch:[1/1](31280/113215), loss: 1.7923, logits_loss: 1.7923, aux_loss: 0.0000, lr: 0.00000841, epoch_time: 48.0min
Epoch:[1/1](31300/113215), loss: 1.7748, logits_loss: 1.7748, aux_loss: 0.0000, lr: 0.00000841, epoch_time: 48.0min
Epoch:[1/1](31320/113215), loss: 1.8845, logits_loss: 1.8845, aux_loss: 0.0000, lr: 0.00000840, epoch_time: 48.0min
Epoch:[1/1](31340/113215), loss: 1.8733, logits_loss: 1.8733, aux_loss: 0.0000, lr: 0.00000840, epoch_time: 48.0min
Epoch:[1/1](31360/113215), loss: 1.9412, logits_loss: 1.9412, aux_loss: 0.0000, lr: 0.00000840, epoch_time: 48.0min
Epoch:[1/1](31380/113215), loss: 1.7200, logits_loss: 1.7200, aux_loss: 0.0000, lr: 0.00000840, epoch_time: 48.0min
Epoch:[1/1](31400/113215), loss: 1.6701, logits_loss: 1.6701, aux_loss: 0.0000, lr: 0.00000840, epoch_time: 48.0min
Epoch:[1/1](31420/113215), loss: 1.7193, logits_loss: 1.7193, aux_loss: 0.0000, lr: 0.00000840, epoch_time: 48.0min
Epoch:[1/1](31440/113215), loss: 1.6546, logits_loss: 1.6546, aux_loss: 0.0000, lr: 0.00000839, epoch_time: 48.0min
Epoch:[1/1](31460/113215), loss: 1.5668, logits_loss: 1.5668, aux_loss: 0.0000, lr: 0.00000839, epoch_time: 48.0min
Epoch:[1/1](31480/113215), loss: 2.2237, logits_loss: 2.2237, aux_loss: 0.0000, lr: 0.00000839, epoch_time: 48.0min
Epoch:[1/1](31500/113215), loss: 2.0755, logits_loss: 2.0755, aux_loss: 0.0000, lr: 0.00000839, epoch_time: 48.0min
Epoch:[1/1](31520/113215), loss: 1.5532, logits_loss: 1.5532, aux_loss: 0.0000, lr: 0.00000839, epoch_time: 48.0min
Epoch:[1/1](31540/113215), loss: 1.7929, logits_loss: 1.7929, aux_loss: 0.0000, lr: 0.00000838, epoch_time: 48.0min
Epoch:[1/1](31560/113215), loss: 1.6901, logits_loss: 1.6901, aux_loss: 0.0000, lr: 0.00000838, epoch_time: 48.0min
Epoch:[1/1](31580/113215), loss: 1.9169, logits_loss: 1.9169, aux_loss: 0.0000, lr: 0.00000838, epoch_time: 48.0min
Epoch:[1/1](31600/113215), loss: 1.8533, logits_loss: 1.8533, aux_loss: 0.0000, lr: 0.00000838, epoch_time: 48.0min
Epoch:[1/1](31620/113215), loss: 1.5518, logits_loss: 1.5518, aux_loss: 0.0000, lr: 0.00000838, epoch_time: 48.0min
Epoch:[1/1](31640/113215), loss: 1.5849, logits_loss: 1.5849, aux_loss: 0.0000, lr: 0.00000837, epoch_time: 48.0min
Epoch:[1/1](31660/113215), loss: 1.9182, logits_loss: 1.9182, aux_loss: 0.0000, lr: 0.00000837, epoch_time: 48.0min
Epoch:[1/1](31680/113215), loss: 1.3167, logits_loss: 1.3167, aux_loss: 0.0000, lr: 0.00000837, epoch_time: 47.0min
Epoch:[1/1](31700/113215), loss: 1.7833, logits_loss: 1.7833, aux_loss: 0.0000, lr: 0.00000837, epoch_time: 47.0min
Epoch:[1/1](31720/113215), loss: 1.7248, logits_loss: 1.7248, aux_loss: 0.0000, lr: 0.00000837, epoch_time: 47.0min
Epoch:[1/1](31740/113215), loss: 1.7570, logits_loss: 1.7570, aux_loss: 0.0000, lr: 0.00000836, epoch_time: 47.0min
Epoch:[1/1](31760/113215), loss: 2.0836, logits_loss: 2.0836, aux_loss: 0.0000, lr: 0.00000836, epoch_time: 47.0min
Epoch:[1/1](31780/113215), loss: 2.0418, logits_loss: 2.0418, aux_loss: 0.0000, lr: 0.00000836, epoch_time: 47.0min
Epoch:[1/1](31800/113215), loss: 1.6111, logits_loss: 1.6111, aux_loss: 0.0000, lr: 0.00000836, epoch_time: 47.0min
Epoch:[1/1](31820/113215), loss: 1.8328, logits_loss: 1.8328, aux_loss: 0.0000, lr: 0.00000836, epoch_time: 47.0min
Epoch:[1/1](31840/113215), loss: 1.7213, logits_loss: 1.7213, aux_loss: 0.0000, lr: 0.00000835, epoch_time: 47.0min
Epoch:[1/1](31860/113215), loss: 1.6626, logits_loss: 1.6626, aux_loss: 0.0000, lr: 0.00000835, epoch_time: 47.0min
Epoch:[1/1](31880/113215), loss: 1.9060, logits_loss: 1.9060, aux_loss: 0.0000, lr: 0.00000835, epoch_time: 47.0min
Epoch:[1/1](31900/113215), loss: 1.9202, logits_loss: 1.9202, aux_loss: 0.0000, lr: 0.00000835, epoch_time: 47.0min
Epoch:[1/1](31920/113215), loss: 1.4146, logits_loss: 1.4146, aux_loss: 0.0000, lr: 0.00000835, epoch_time: 47.0min
Epoch:[1/1](31940/113215), loss: 1.8082, logits_loss: 1.8082, aux_loss: 0.0000, lr: 0.00000835, epoch_time: 47.0min
Epoch:[1/1](31960/113215), loss: 1.7942, logits_loss: 1.7942, aux_loss: 0.0000, lr: 0.00000834, epoch_time: 47.0min
Epoch:[1/1](31980/113215), loss: 1.6399, logits_loss: 1.6399, aux_loss: 0.0000, lr: 0.00000834, epoch_time: 47.0min
Epoch:[1/1](32000/113215), loss: 1.8364, logits_loss: 1.8364, aux_loss: 0.0000, lr: 0.00000834, epoch_time: 47.0min
Epoch:[1/1](32020/113215), loss: 1.8490, logits_loss: 1.8490, aux_loss: 0.0000, lr: 0.00000834, epoch_time: 47.0min
Epoch:[1/1](32040/113215), loss: 2.0107, logits_loss: 2.0107, aux_loss: 0.0000, lr: 0.00000834, epoch_time: 47.0min
Epoch:[1/1](32060/113215), loss: 1.8257, logits_loss: 1.8257, aux_loss: 0.0000, lr: 0.00000833, epoch_time: 47.0min
Epoch:[1/1](32080/113215), loss: 1.8467, logits_loss: 1.8467, aux_loss: 0.0000, lr: 0.00000833, epoch_time: 47.0min
Epoch:[1/1](32100/113215), loss: 1.7486, logits_loss: 1.7486, aux_loss: 0.0000, lr: 0.00000833, epoch_time: 47.0min
Epoch:[1/1](32120/113215), loss: 1.6069, logits_loss: 1.6069, aux_loss: 0.0000, lr: 0.00000833, epoch_time: 47.0min
Epoch:[1/1](32140/113215), loss: 1.6738, logits_loss: 1.6738, aux_loss: 0.0000, lr: 0.00000833, epoch_time: 47.0min
Epoch:[1/1](32160/113215), loss: 1.7111, logits_loss: 1.7111, aux_loss: 0.0000, lr: 0.00000832, epoch_time: 47.0min
Epoch:[1/1](32180/113215), loss: 1.6798, logits_loss: 1.6798, aux_loss: 0.0000, lr: 0.00000832, epoch_time: 47.0min
Epoch:[1/1](32200/113215), loss: 1.5564, logits_loss: 1.5564, aux_loss: 0.0000, lr: 0.00000832, epoch_time: 47.0min
Epoch:[1/1](32220/113215), loss: 1.8261, logits_loss: 1.8261, aux_loss: 0.0000, lr: 0.00000832, epoch_time: 47.0min
Epoch:[1/1](32240/113215), loss: 1.7725, logits_loss: 1.7725, aux_loss: 0.0000, lr: 0.00000832, epoch_time: 47.0min
Epoch:[1/1](32260/113215), loss: 1.9325, logits_loss: 1.9325, aux_loss: 0.0000, lr: 0.00000831, epoch_time: 47.0min
Epoch:[1/1](32280/113215), loss: 1.9025, logits_loss: 1.9025, aux_loss: 0.0000, lr: 0.00000831, epoch_time: 47.0min
Epoch:[1/1](32300/113215), loss: 1.9327, logits_loss: 1.9327, aux_loss: 0.0000, lr: 0.00000831, epoch_time: 47.0min
Epoch:[1/1](32320/113215), loss: 1.9391, logits_loss: 1.9391, aux_loss: 0.0000, lr: 0.00000831, epoch_time: 47.0min
Epoch:[1/1](32340/113215), loss: 1.6569, logits_loss: 1.6569, aux_loss: 0.0000, lr: 0.00000831, epoch_time: 47.0min
Epoch:[1/1](32360/113215), loss: 1.7567, logits_loss: 1.7567, aux_loss: 0.0000, lr: 0.00000830, epoch_time: 47.0min
Epoch:[1/1](32380/113215), loss: 1.9098, logits_loss: 1.9098, aux_loss: 0.0000, lr: 0.00000830, epoch_time: 47.0min
Epoch:[1/1](32400/113215), loss: 1.5641, logits_loss: 1.5641, aux_loss: 0.0000, lr: 0.00000830, epoch_time: 47.0min
Epoch:[1/1](32420/113215), loss: 1.7961, logits_loss: 1.7961, aux_loss: 0.0000, lr: 0.00000830, epoch_time: 47.0min
Epoch:[1/1](32440/113215), loss: 2.0546, logits_loss: 2.0546, aux_loss: 0.0000, lr: 0.00000830, epoch_time: 47.0min
Epoch:[1/1](32460/113215), loss: 2.2429, logits_loss: 2.2429, aux_loss: 0.0000, lr: 0.00000829, epoch_time: 47.0min
Epoch:[1/1](32480/113215), loss: 1.4787, logits_loss: 1.4787, aux_loss: 0.0000, lr: 0.00000829, epoch_time: 47.0min
Epoch:[1/1](32500/113215), loss: 1.6080, logits_loss: 1.6080, aux_loss: 0.0000, lr: 0.00000829, epoch_time: 47.0min
Epoch:[1/1](32520/113215), loss: 1.7577, logits_loss: 1.7577, aux_loss: 0.0000, lr: 0.00000829, epoch_time: 47.0min
Epoch:[1/1](32540/113215), loss: 1.7856, logits_loss: 1.7856, aux_loss: 0.0000, lr: 0.00000829, epoch_time: 47.0min
Epoch:[1/1](32560/113215), loss: 1.4882, logits_loss: 1.4882, aux_loss: 0.0000, lr: 0.00000828, epoch_time: 47.0min
Epoch:[1/1](32580/113215), loss: 1.6794, logits_loss: 1.6794, aux_loss: 0.0000, lr: 0.00000828, epoch_time: 47.0min
Epoch:[1/1](32600/113215), loss: 1.8323, logits_loss: 1.8323, aux_loss: 0.0000, lr: 0.00000828, epoch_time: 47.0min
Epoch:[1/1](32620/113215), loss: 1.8184, logits_loss: 1.8184, aux_loss: 0.0000, lr: 0.00000828, epoch_time: 47.0min
Epoch:[1/1](32640/113215), loss: 1.8751, logits_loss: 1.8751, aux_loss: 0.0000, lr: 0.00000828, epoch_time: 47.0min
Epoch:[1/1](32660/113215), loss: 1.6637, logits_loss: 1.6637, aux_loss: 0.0000, lr: 0.00000828, epoch_time: 47.0min
Epoch:[1/1](32680/113215), loss: 1.8468, logits_loss: 1.8468, aux_loss: 0.0000, lr: 0.00000827, epoch_time: 47.0min
Epoch:[1/1](32700/113215), loss: 1.5975, logits_loss: 1.5975, aux_loss: 0.0000, lr: 0.00000827, epoch_time: 47.0min
Epoch:[1/1](32720/113215), loss: 1.9878, logits_loss: 1.9878, aux_loss: 0.0000, lr: 0.00000827, epoch_time: 47.0min
Epoch:[1/1](32740/113215), loss: 1.8681, logits_loss: 1.8681, aux_loss: 0.0000, lr: 0.00000827, epoch_time: 47.0min
Epoch:[1/1](32760/113215), loss: 1.8080, logits_loss: 1.8080, aux_loss: 0.0000, lr: 0.00000827, epoch_time: 47.0min
Epoch:[1/1](32780/113215), loss: 1.9339, logits_loss: 1.9339, aux_loss: 0.0000, lr: 0.00000826, epoch_time: 47.0min
Epoch:[1/1](32800/113215), loss: 1.6356, logits_loss: 1.6356, aux_loss: 0.0000, lr: 0.00000826, epoch_time: 47.0min
Epoch:[1/1](32820/113215), loss: 1.6130, logits_loss: 1.6130, aux_loss: 0.0000, lr: 0.00000826, epoch_time: 47.0min
Epoch:[1/1](32840/113215), loss: 1.8852, logits_loss: 1.8852, aux_loss: 0.0000, lr: 0.00000826, epoch_time: 47.0min
Epoch:[1/1](32860/113215), loss: 1.6226, logits_loss: 1.6226, aux_loss: 0.0000, lr: 0.00000826, epoch_time: 47.0min
Epoch:[1/1](32880/113215), loss: 1.2796, logits_loss: 1.2796, aux_loss: 0.0000, lr: 0.00000825, epoch_time: 47.0min
Epoch:[1/1](32900/113215), loss: 1.8184, logits_loss: 1.8184, aux_loss: 0.0000, lr: 0.00000825, epoch_time: 47.0min
Epoch:[1/1](32920/113215), loss: 1.8595, logits_loss: 1.8595, aux_loss: 0.0000, lr: 0.00000825, epoch_time: 47.0min
Epoch:[1/1](32940/113215), loss: 1.6024, logits_loss: 1.6024, aux_loss: 0.0000, lr: 0.00000825, epoch_time: 47.0min
Epoch:[1/1](32960/113215), loss: 1.5711, logits_loss: 1.5711, aux_loss: 0.0000, lr: 0.00000825, epoch_time: 47.0min
Epoch:[1/1](32980/113215), loss: 1.5633, logits_loss: 1.5633, aux_loss: 0.0000, lr: 0.00000824, epoch_time: 47.0min
Epoch:[1/1](33000/113215), loss: 1.9025, logits_loss: 1.9025, aux_loss: 0.0000, lr: 0.00000824, epoch_time: 47.0min
Epoch:[1/1](33020/113215), loss: 1.6013, logits_loss: 1.6013, aux_loss: 0.0000, lr: 0.00000824, epoch_time: 47.0min
Epoch:[1/1](33040/113215), loss: 1.8105, logits_loss: 1.8105, aux_loss: 0.0000, lr: 0.00000824, epoch_time: 47.0min
Epoch:[1/1](33060/113215), loss: 1.6570, logits_loss: 1.6570, aux_loss: 0.0000, lr: 0.00000824, epoch_time: 47.0min
Epoch:[1/1](33080/113215), loss: 1.7249, logits_loss: 1.7249, aux_loss: 0.0000, lr: 0.00000823, epoch_time: 47.0min
Epoch:[1/1](33100/113215), loss: 1.6691, logits_loss: 1.6691, aux_loss: 0.0000, lr: 0.00000823, epoch_time: 47.0min
Epoch:[1/1](33120/113215), loss: 1.7034, logits_loss: 1.7034, aux_loss: 0.0000, lr: 0.00000823, epoch_time: 47.0min
Epoch:[1/1](33140/113215), loss: 1.9667, logits_loss: 1.9667, aux_loss: 0.0000, lr: 0.00000823, epoch_time: 47.0min
Epoch:[1/1](33160/113215), loss: 1.7687, logits_loss: 1.7687, aux_loss: 0.0000, lr: 0.00000823, epoch_time: 47.0min
Epoch:[1/1](33180/113215), loss: 1.7897, logits_loss: 1.7897, aux_loss: 0.0000, lr: 0.00000822, epoch_time: 47.0min
Epoch:[1/1](33200/113215), loss: 1.9252, logits_loss: 1.9252, aux_loss: 0.0000, lr: 0.00000822, epoch_time: 47.0min
Epoch:[1/1](33220/113215), loss: 1.7866, logits_loss: 1.7866, aux_loss: 0.0000, lr: 0.00000822, epoch_time: 47.0min
Epoch:[1/1](33240/113215), loss: 1.8972, logits_loss: 1.8972, aux_loss: 0.0000, lr: 0.00000822, epoch_time: 47.0min
Epoch:[1/1](33260/113215), loss: 1.9431, logits_loss: 1.9431, aux_loss: 0.0000, lr: 0.00000822, epoch_time: 47.0min
Epoch:[1/1](33280/113215), loss: 1.7174, logits_loss: 1.7174, aux_loss: 0.0000, lr: 0.00000821, epoch_time: 47.0min
Epoch:[1/1](33300/113215), loss: 1.6363, logits_loss: 1.6363, aux_loss: 0.0000, lr: 0.00000821, epoch_time: 47.0min
Epoch:[1/1](33320/113215), loss: 1.7950, logits_loss: 1.7950, aux_loss: 0.0000, lr: 0.00000821, epoch_time: 47.0min
Epoch:[1/1](33340/113215), loss: 1.8233, logits_loss: 1.8233, aux_loss: 0.0000, lr: 0.00000821, epoch_time: 47.0min
Epoch:[1/1](33360/113215), loss: 1.7101, logits_loss: 1.7101, aux_loss: 0.0000, lr: 0.00000821, epoch_time: 47.0min
Epoch:[1/1](33380/113215), loss: 1.8402, logits_loss: 1.8402, aux_loss: 0.0000, lr: 0.00000820, epoch_time: 46.0min
Epoch:[1/1](33400/113215), loss: 2.0104, logits_loss: 2.0104, aux_loss: 0.0000, lr: 0.00000820, epoch_time: 46.0min
Epoch:[1/1](33420/113215), loss: 1.8852, logits_loss: 1.8852, aux_loss: 0.0000, lr: 0.00000820, epoch_time: 46.0min
Epoch:[1/1](33440/113215), loss: 1.9048, logits_loss: 1.9048, aux_loss: 0.0000, lr: 0.00000820, epoch_time: 46.0min
Epoch:[1/1](33460/113215), loss: 1.7203, logits_loss: 1.7203, aux_loss: 0.0000, lr: 0.00000820, epoch_time: 46.0min
Epoch:[1/1](33480/113215), loss: 1.5880, logits_loss: 1.5880, aux_loss: 0.0000, lr: 0.00000819, epoch_time: 46.0min
Epoch:[1/1](33500/113215), loss: 1.5731, logits_loss: 1.5731, aux_loss: 0.0000, lr: 0.00000819, epoch_time: 46.0min
Epoch:[1/1](33520/113215), loss: 2.0614, logits_loss: 2.0614, aux_loss: 0.0000, lr: 0.00000819, epoch_time: 46.0min
Epoch:[1/1](33540/113215), loss: 1.8580, logits_loss: 1.8580, aux_loss: 0.0000, lr: 0.00000819, epoch_time: 46.0min
Epoch:[1/1](33560/113215), loss: 1.7469, logits_loss: 1.7469, aux_loss: 0.0000, lr: 0.00000819, epoch_time: 46.0min
Epoch:[1/1](33580/113215), loss: 1.4555, logits_loss: 1.4555, aux_loss: 0.0000, lr: 0.00000818, epoch_time: 46.0min
Epoch:[1/1](33600/113215), loss: 1.8594, logits_loss: 1.8594, aux_loss: 0.0000, lr: 0.00000818, epoch_time: 46.0min
Epoch:[1/1](33620/113215), loss: 2.0463, logits_loss: 2.0463, aux_loss: 0.0000, lr: 0.00000818, epoch_time: 46.0min
Epoch:[1/1](33640/113215), loss: 1.4534, logits_loss: 1.4534, aux_loss: 0.0000, lr: 0.00000818, epoch_time: 46.0min
Epoch:[1/1](33660/113215), loss: 1.6799, logits_loss: 1.6799, aux_loss: 0.0000, lr: 0.00000818, epoch_time: 46.0min
Epoch:[1/1](33680/113215), loss: 2.0059, logits_loss: 2.0059, aux_loss: 0.0000, lr: 0.00000817, epoch_time: 46.0min
Epoch:[1/1](33700/113215), loss: 1.7926, logits_loss: 1.7926, aux_loss: 0.0000, lr: 0.00000817, epoch_time: 46.0min
Epoch:[1/1](33720/113215), loss: 2.1074, logits_loss: 2.1074, aux_loss: 0.0000, lr: 0.00000817, epoch_time: 46.0min
Epoch:[1/1](33740/113215), loss: 1.9454, logits_loss: 1.9454, aux_loss: 0.0000, lr: 0.00000817, epoch_time: 46.0min
Epoch:[1/1](33760/113215), loss: 1.6619, logits_loss: 1.6619, aux_loss: 0.0000, lr: 0.00000817, epoch_time: 46.0min
Epoch:[1/1](33780/113215), loss: 1.7875, logits_loss: 1.7875, aux_loss: 0.0000, lr: 0.00000816, epoch_time: 46.0min
Epoch:[1/1](33800/113215), loss: 1.8484, logits_loss: 1.8484, aux_loss: 0.0000, lr: 0.00000816, epoch_time: 46.0min
Epoch:[1/1](33820/113215), loss: 1.5211, logits_loss: 1.5211, aux_loss: 0.0000, lr: 0.00000816, epoch_time: 46.0min
Epoch:[1/1](33840/113215), loss: 1.5069, logits_loss: 1.5069, aux_loss: 0.0000, lr: 0.00000816, epoch_time: 46.0min
Epoch:[1/1](33860/113215), loss: 1.6809, logits_loss: 1.6809, aux_loss: 0.0000, lr: 0.00000816, epoch_time: 46.0min
Epoch:[1/1](33880/113215), loss: 1.6708, logits_loss: 1.6708, aux_loss: 0.0000, lr: 0.00000815, epoch_time: 46.0min
Epoch:[1/1](33900/113215), loss: 1.8392, logits_loss: 1.8392, aux_loss: 0.0000, lr: 0.00000815, epoch_time: 46.0min
Epoch:[1/1](33920/113215), loss: 1.8965, logits_loss: 1.8965, aux_loss: 0.0000, lr: 0.00000815, epoch_time: 46.0min
Epoch:[1/1](33940/113215), loss: 1.8224, logits_loss: 1.8224, aux_loss: 0.0000, lr: 0.00000815, epoch_time: 46.0min
Epoch:[1/1](33960/113215), loss: 1.6073, logits_loss: 1.6073, aux_loss: 0.0000, lr: 0.00000815, epoch_time: 46.0min
Epoch:[1/1](33980/113215), loss: 1.7831, logits_loss: 1.7831, aux_loss: 0.0000, lr: 0.00000814, epoch_time: 46.0min
Epoch:[1/1](34000/113215), loss: 1.7164, logits_loss: 1.7164, aux_loss: 0.0000, lr: 0.00000814, epoch_time: 46.0min
Epoch:[1/1](34020/113215), loss: 1.5223, logits_loss: 1.5223, aux_loss: 0.0000, lr: 0.00000814, epoch_time: 46.0min
Epoch:[1/1](34040/113215), loss: 1.5224, logits_loss: 1.5224, aux_loss: 0.0000, lr: 0.00000814, epoch_time: 46.0min
Epoch:[1/1](34060/113215), loss: 1.7495, logits_loss: 1.7495, aux_loss: 0.0000, lr: 0.00000814, epoch_time: 46.0min
Epoch:[1/1](34080/113215), loss: 1.8577, logits_loss: 1.8577, aux_loss: 0.0000, lr: 0.00000813, epoch_time: 46.0min
Epoch:[1/1](34100/113215), loss: 1.9241, logits_loss: 1.9241, aux_loss: 0.0000, lr: 0.00000813, epoch_time: 46.0min
Epoch:[1/1](34120/113215), loss: 1.7123, logits_loss: 1.7123, aux_loss: 0.0000, lr: 0.00000813, epoch_time: 46.0min
Epoch:[1/1](34140/113215), loss: 1.6792, logits_loss: 1.6792, aux_loss: 0.0000, lr: 0.00000813, epoch_time: 46.0min
Epoch:[1/1](34160/113215), loss: 1.5537, logits_loss: 1.5537, aux_loss: 0.0000, lr: 0.00000813, epoch_time: 46.0min
Epoch:[1/1](34180/113215), loss: 1.7498, logits_loss: 1.7498, aux_loss: 0.0000, lr: 0.00000812, epoch_time: 46.0min
Epoch:[1/1](34200/113215), loss: 1.8474, logits_loss: 1.8474, aux_loss: 0.0000, lr: 0.00000812, epoch_time: 46.0min
Epoch:[1/1](34220/113215), loss: 1.8528, logits_loss: 1.8528, aux_loss: 0.0000, lr: 0.00000812, epoch_time: 46.0min
Epoch:[1/1](34240/113215), loss: 1.5737, logits_loss: 1.5737, aux_loss: 0.0000, lr: 0.00000812, epoch_time: 46.0min
Epoch:[1/1](34260/113215), loss: 1.5528, logits_loss: 1.5528, aux_loss: 0.0000, lr: 0.00000812, epoch_time: 46.0min
Epoch:[1/1](34280/113215), loss: 1.7485, logits_loss: 1.7485, aux_loss: 0.0000, lr: 0.00000811, epoch_time: 46.0min
Epoch:[1/1](34300/113215), loss: 1.7807, logits_loss: 1.7807, aux_loss: 0.0000, lr: 0.00000811, epoch_time: 46.0min
Epoch:[1/1](34320/113215), loss: 1.7242, logits_loss: 1.7242, aux_loss: 0.0000, lr: 0.00000811, epoch_time: 46.0min
Epoch:[1/1](34340/113215), loss: 1.7036, logits_loss: 1.7036, aux_loss: 0.0000, lr: 0.00000811, epoch_time: 46.0min
Epoch:[1/1](34360/113215), loss: 1.7643, logits_loss: 1.7643, aux_loss: 0.0000, lr: 0.00000810, epoch_time: 46.0min
Epoch:[1/1](34380/113215), loss: 1.9699, logits_loss: 1.9699, aux_loss: 0.0000, lr: 0.00000810, epoch_time: 46.0min
Epoch:[1/1](34400/113215), loss: 1.8319, logits_loss: 1.8319, aux_loss: 0.0000, lr: 0.00000810, epoch_time: 46.0min
Epoch:[1/1](34420/113215), loss: 1.6075, logits_loss: 1.6075, aux_loss: 0.0000, lr: 0.00000810, epoch_time: 46.0min
Epoch:[1/1](34440/113215), loss: 1.6901, logits_loss: 1.6901, aux_loss: 0.0000, lr: 0.00000810, epoch_time: 46.0min
Epoch:[1/1](34460/113215), loss: 1.6021, logits_loss: 1.6021, aux_loss: 0.0000, lr: 0.00000809, epoch_time: 46.0min
Epoch:[1/1](34480/113215), loss: 1.8661, logits_loss: 1.8661, aux_loss: 0.0000, lr: 0.00000809, epoch_time: 46.0min
Epoch:[1/1](34500/113215), loss: 1.7253, logits_loss: 1.7253, aux_loss: 0.0000, lr: 0.00000809, epoch_time: 46.0min
Epoch:[1/1](34520/113215), loss: 1.6732, logits_loss: 1.6732, aux_loss: 0.0000, lr: 0.00000809, epoch_time: 46.0min
Epoch:[1/1](34540/113215), loss: 1.6624, logits_loss: 1.6624, aux_loss: 0.0000, lr: 0.00000809, epoch_time: 46.0min
Epoch:[1/1](34560/113215), loss: 2.0152, logits_loss: 2.0152, aux_loss: 0.0000, lr: 0.00000808, epoch_time: 46.0min
Epoch:[1/1](34580/113215), loss: 1.9066, logits_loss: 1.9066, aux_loss: 0.0000, lr: 0.00000808, epoch_time: 46.0min
Epoch:[1/1](34600/113215), loss: 1.6890, logits_loss: 1.6890, aux_loss: 0.0000, lr: 0.00000808, epoch_time: 46.0min
Epoch:[1/1](34620/113215), loss: 1.9629, logits_loss: 1.9629, aux_loss: 0.0000, lr: 0.00000808, epoch_time: 46.0min
Epoch:[1/1](34640/113215), loss: 1.8932, logits_loss: 1.8932, aux_loss: 0.0000, lr: 0.00000808, epoch_time: 46.0min
Epoch:[1/1](34660/113215), loss: 1.7742, logits_loss: 1.7742, aux_loss: 0.0000, lr: 0.00000807, epoch_time: 46.0min
Epoch:[1/1](34680/113215), loss: 1.7308, logits_loss: 1.7308, aux_loss: 0.0000, lr: 0.00000807, epoch_time: 46.0min
Epoch:[1/1](34700/113215), loss: 1.8045, logits_loss: 1.8045, aux_loss: 0.0000, lr: 0.00000807, epoch_time: 46.0min
Epoch:[1/1](34720/113215), loss: 1.9111, logits_loss: 1.9111, aux_loss: 0.0000, lr: 0.00000807, epoch_time: 46.0min
Epoch:[1/1](34740/113215), loss: 1.6602, logits_loss: 1.6602, aux_loss: 0.0000, lr: 0.00000807, epoch_time: 46.0min
Epoch:[1/1](34760/113215), loss: 1.8905, logits_loss: 1.8905, aux_loss: 0.0000, lr: 0.00000806, epoch_time: 46.0min
Epoch:[1/1](34780/113215), loss: 1.6655, logits_loss: 1.6655, aux_loss: 0.0000, lr: 0.00000806, epoch_time: 46.0min
Epoch:[1/1](34800/113215), loss: 1.5782, logits_loss: 1.5782, aux_loss: 0.0000, lr: 0.00000806, epoch_time: 46.0min
Epoch:[1/1](34820/113215), loss: 1.6085, logits_loss: 1.6085, aux_loss: 0.0000, lr: 0.00000806, epoch_time: 46.0min
Epoch:[1/1](34840/113215), loss: 2.1385, logits_loss: 2.1385, aux_loss: 0.0000, lr: 0.00000806, epoch_time: 46.0min
Epoch:[1/1](34860/113215), loss: 1.9376, logits_loss: 1.9376, aux_loss: 0.0000, lr: 0.00000805, epoch_time: 46.0min
Epoch:[1/1](34880/113215), loss: 1.6306, logits_loss: 1.6306, aux_loss: 0.0000, lr: 0.00000805, epoch_time: 46.0min
Epoch:[1/1](34900/113215), loss: 1.8241, logits_loss: 1.8241, aux_loss: 0.0000, lr: 0.00000805, epoch_time: 45.0min
Epoch:[1/1](34920/113215), loss: 1.7400, logits_loss: 1.7400, aux_loss: 0.0000, lr: 0.00000805, epoch_time: 45.0min
Epoch:[1/1](34940/113215), loss: 1.9649, logits_loss: 1.9649, aux_loss: 0.0000, lr: 0.00000805, epoch_time: 45.0min
Epoch:[1/1](34960/113215), loss: 1.7465, logits_loss: 1.7465, aux_loss: 0.0000, lr: 0.00000804, epoch_time: 45.0min
Epoch:[1/1](34980/113215), loss: 1.7390, logits_loss: 1.7390, aux_loss: 0.0000, lr: 0.00000804, epoch_time: 45.0min
Epoch:[1/1](35000/113215), loss: 2.0512, logits_loss: 2.0512, aux_loss: 0.0000, lr: 0.00000804, epoch_time: 45.0min
Epoch:[1/1](35020/113215), loss: 1.8414, logits_loss: 1.8414, aux_loss: 0.0000, lr: 0.00000804, epoch_time: 46.0min
Epoch:[1/1](35040/113215), loss: 1.8446, logits_loss: 1.8446, aux_loss: 0.0000, lr: 0.00000804, epoch_time: 46.0min
Epoch:[1/1](35060/113215), loss: 1.6872, logits_loss: 1.6872, aux_loss: 0.0000, lr: 0.00000803, epoch_time: 46.0min
Epoch:[1/1](35080/113215), loss: 1.4552, logits_loss: 1.4552, aux_loss: 0.0000, lr: 0.00000803, epoch_time: 46.0min
Epoch:[1/1](35100/113215), loss: 1.7461, logits_loss: 1.7461, aux_loss: 0.0000, lr: 0.00000803, epoch_time: 46.0min
Epoch:[1/1](35120/113215), loss: 1.9466, logits_loss: 1.9466, aux_loss: 0.0000, lr: 0.00000803, epoch_time: 46.0min
Epoch:[1/1](35140/113215), loss: 1.8158, logits_loss: 1.8158, aux_loss: 0.0000, lr: 0.00000802, epoch_time: 46.0min
Epoch:[1/1](35160/113215), loss: 1.7487, logits_loss: 1.7487, aux_loss: 0.0000, lr: 0.00000802, epoch_time: 46.0min
Epoch:[1/1](35180/113215), loss: 1.7494, logits_loss: 1.7494, aux_loss: 0.0000, lr: 0.00000802, epoch_time: 46.0min
Epoch:[1/1](35200/113215), loss: 1.8456, logits_loss: 1.8456, aux_loss: 0.0000, lr: 0.00000802, epoch_time: 45.0min
Epoch:[1/1](35220/113215), loss: 1.9544, logits_loss: 1.9544, aux_loss: 0.0000, lr: 0.00000802, epoch_time: 45.0min
Epoch:[1/1](35240/113215), loss: 1.6520, logits_loss: 1.6520, aux_loss: 0.0000, lr: 0.00000801, epoch_time: 45.0min
Epoch:[1/1](35260/113215), loss: 1.6977, logits_loss: 1.6977, aux_loss: 0.0000, lr: 0.00000801, epoch_time: 45.0min
Epoch:[1/1](35280/113215), loss: 2.0351, logits_loss: 2.0351, aux_loss: 0.0000, lr: 0.00000801, epoch_time: 45.0min
Epoch:[1/1](35300/113215), loss: 2.0091, logits_loss: 2.0091, aux_loss: 0.0000, lr: 0.00000801, epoch_time: 45.0min
Epoch:[1/1](35320/113215), loss: 2.1373, logits_loss: 2.1373, aux_loss: 0.0000, lr: 0.00000801, epoch_time: 45.0min
Epoch:[1/1](35340/113215), loss: 1.7681, logits_loss: 1.7681, aux_loss: 0.0000, lr: 0.00000800, epoch_time: 45.0min
Epoch:[1/1](35360/113215), loss: 1.9479, logits_loss: 1.9479, aux_loss: 0.0000, lr: 0.00000800, epoch_time: 45.0min
Epoch:[1/1](35380/113215), loss: 1.6965, logits_loss: 1.6965, aux_loss: 0.0000, lr: 0.00000800, epoch_time: 45.0min
Epoch:[1/1](35400/113215), loss: 1.7562, logits_loss: 1.7562, aux_loss: 0.0000, lr: 0.00000800, epoch_time: 45.0min
Epoch:[1/1](35420/113215), loss: 2.0359, logits_loss: 2.0359, aux_loss: 0.0000, lr: 0.00000800, epoch_time: 45.0min
Epoch:[1/1](35440/113215), loss: 1.8709, logits_loss: 1.8709, aux_loss: 0.0000, lr: 0.00000799, epoch_time: 45.0min
Epoch:[1/1](35460/113215), loss: 1.7707, logits_loss: 1.7707, aux_loss: 0.0000, lr: 0.00000799, epoch_time: 45.0min
Epoch:[1/1](35480/113215), loss: 1.7281, logits_loss: 1.7281, aux_loss: 0.0000, lr: 0.00000799, epoch_time: 45.0min
Epoch:[1/1](35500/113215), loss: 1.7855, logits_loss: 1.7855, aux_loss: 0.0000, lr: 0.00000799, epoch_time: 45.0min
Epoch:[1/1](35520/113215), loss: 1.7082, logits_loss: 1.7082, aux_loss: 0.0000, lr: 0.00000799, epoch_time: 45.0min
Epoch:[1/1](35540/113215), loss: 1.6337, logits_loss: 1.6337, aux_loss: 0.0000, lr: 0.00000798, epoch_time: 45.0min
Epoch:[1/1](35560/113215), loss: 1.7748, logits_loss: 1.7748, aux_loss: 0.0000, lr: 0.00000798, epoch_time: 45.0min
Epoch:[1/1](35580/113215), loss: 1.7139, logits_loss: 1.7139, aux_loss: 0.0000, lr: 0.00000798, epoch_time: 45.0min
Epoch:[1/1](35600/113215), loss: 1.8611, logits_loss: 1.8611, aux_loss: 0.0000, lr: 0.00000798, epoch_time: 45.0min
Epoch:[1/1](35620/113215), loss: 1.9672, logits_loss: 1.9672, aux_loss: 0.0000, lr: 0.00000798, epoch_time: 45.0min
Epoch:[1/1](35640/113215), loss: 1.5736, logits_loss: 1.5736, aux_loss: 0.0000, lr: 0.00000797, epoch_time: 45.0min
Epoch:[1/1](35660/113215), loss: 1.9562, logits_loss: 1.9562, aux_loss: 0.0000, lr: 0.00000797, epoch_time: 45.0min
Epoch:[1/1](35680/113215), loss: 1.8232, logits_loss: 1.8232, aux_loss: 0.0000, lr: 0.00000797, epoch_time: 45.0min
Epoch:[1/1](35700/113215), loss: 1.9724, logits_loss: 1.9724, aux_loss: 0.0000, lr: 0.00000797, epoch_time: 45.0min
Epoch:[1/1](35720/113215), loss: 1.6982, logits_loss: 1.6982, aux_loss: 0.0000, lr: 0.00000796, epoch_time: 45.0min
Epoch:[1/1](35740/113215), loss: 1.8639, logits_loss: 1.8639, aux_loss: 0.0000, lr: 0.00000796, epoch_time: 45.0min
Epoch:[1/1](35760/113215), loss: 2.0408, logits_loss: 2.0408, aux_loss: 0.0000, lr: 0.00000796, epoch_time: 45.0min
Epoch:[1/1](35780/113215), loss: 1.5184, logits_loss: 1.5184, aux_loss: 0.0000, lr: 0.00000796, epoch_time: 45.0min
Epoch:[1/1](35800/113215), loss: 1.8505, logits_loss: 1.8505, aux_loss: 0.0000, lr: 0.00000796, epoch_time: 45.0min
Epoch:[1/1](35820/113215), loss: 1.7983, logits_loss: 1.7983, aux_loss: 0.0000, lr: 0.00000795, epoch_time: 45.0min
Epoch:[1/1](35840/113215), loss: 1.6737, logits_loss: 1.6737, aux_loss: 0.0000, lr: 0.00000795, epoch_time: 45.0min
Epoch:[1/1](35860/113215), loss: 1.7875, logits_loss: 1.7875, aux_loss: 0.0000, lr: 0.00000795, epoch_time: 45.0min
Epoch:[1/1](35880/113215), loss: 1.8514, logits_loss: 1.8514, aux_loss: 0.0000, lr: 0.00000795, epoch_time: 45.0min
Epoch:[1/1](35900/113215), loss: 1.5333, logits_loss: 1.5333, aux_loss: 0.0000, lr: 0.00000795, epoch_time: 45.0min
Epoch:[1/1](35920/113215), loss: 1.6781, logits_loss: 1.6781, aux_loss: 0.0000, lr: 0.00000794, epoch_time: 45.0min
Epoch:[1/1](35940/113215), loss: 1.9840, logits_loss: 1.9840, aux_loss: 0.0000, lr: 0.00000794, epoch_time: 45.0min
Epoch:[1/1](35960/113215), loss: 1.9805, logits_loss: 1.9805, aux_loss: 0.0000, lr: 0.00000794, epoch_time: 45.0min
Epoch:[1/1](35980/113215), loss: 1.7877, logits_loss: 1.7877, aux_loss: 0.0000, lr: 0.00000794, epoch_time: 45.0min
Epoch:[1/1](36000/113215), loss: 1.6362, logits_loss: 1.6362, aux_loss: 0.0000, lr: 0.00000794, epoch_time: 45.0min
Epoch:[1/1](36020/113215), loss: 1.7710, logits_loss: 1.7710, aux_loss: 0.0000, lr: 0.00000793, epoch_time: 45.0min
Epoch:[1/1](36040/113215), loss: 1.8651, logits_loss: 1.8651, aux_loss: 0.0000, lr: 0.00000793, epoch_time: 45.0min
Epoch:[1/1](36060/113215), loss: 1.6800, logits_loss: 1.6800, aux_loss: 0.0000, lr: 0.00000793, epoch_time: 45.0min
Epoch:[1/1](36080/113215), loss: 1.6974, logits_loss: 1.6974, aux_loss: 0.0000, lr: 0.00000793, epoch_time: 45.0min
Epoch:[1/1](36100/113215), loss: 2.1111, logits_loss: 2.1111, aux_loss: 0.0000, lr: 0.00000792, epoch_time: 45.0min
Epoch:[1/1](36120/113215), loss: 1.8294, logits_loss: 1.8294, aux_loss: 0.0000, lr: 0.00000792, epoch_time: 45.0min
Epoch:[1/1](36140/113215), loss: 2.1893, logits_loss: 2.1893, aux_loss: 0.0000, lr: 0.00000792, epoch_time: 45.0min
Epoch:[1/1](36160/113215), loss: 1.7770, logits_loss: 1.7770, aux_loss: 0.0000, lr: 0.00000792, epoch_time: 45.0min
Epoch:[1/1](36180/113215), loss: 1.7766, logits_loss: 1.7766, aux_loss: 0.0000, lr: 0.00000792, epoch_time: 45.0min
Epoch:[1/1](36200/113215), loss: 1.8856, logits_loss: 1.8856, aux_loss: 0.0000, lr: 0.00000791, epoch_time: 45.0min
Epoch:[1/1](36220/113215), loss: 1.6874, logits_loss: 1.6874, aux_loss: 0.0000, lr: 0.00000791, epoch_time: 45.0min
Epoch:[1/1](36240/113215), loss: 1.5660, logits_loss: 1.5660, aux_loss: 0.0000, lr: 0.00000791, epoch_time: 45.0min
Epoch:[1/1](36260/113215), loss: 1.8933, logits_loss: 1.8933, aux_loss: 0.0000, lr: 0.00000791, epoch_time: 45.0min
Epoch:[1/1](36280/113215), loss: 1.7846, logits_loss: 1.7846, aux_loss: 0.0000, lr: 0.00000791, epoch_time: 45.0min
Epoch:[1/1](36300/113215), loss: 1.7141, logits_loss: 1.7141, aux_loss: 0.0000, lr: 0.00000790, epoch_time: 45.0min
Epoch:[1/1](36320/113215), loss: 2.3218, logits_loss: 2.3218, aux_loss: 0.0000, lr: 0.00000790, epoch_time: 45.0min
Epoch:[1/1](36340/113215), loss: 1.6576, logits_loss: 1.6576, aux_loss: 0.0000, lr: 0.00000790, epoch_time: 45.0min
Epoch:[1/1](36360/113215), loss: 1.7493, logits_loss: 1.7493, aux_loss: 0.0000, lr: 0.00000790, epoch_time: 45.0min
Epoch:[1/1](36380/113215), loss: 1.7602, logits_loss: 1.7602, aux_loss: 0.0000, lr: 0.00000790, epoch_time: 45.0min
Epoch:[1/1](36400/113215), loss: 1.9686, logits_loss: 1.9686, aux_loss: 0.0000, lr: 0.00000789, epoch_time: 45.0min
Epoch:[1/1](36420/113215), loss: 1.3958, logits_loss: 1.3958, aux_loss: 0.0000, lr: 0.00000789, epoch_time: 45.0min
Epoch:[1/1](36440/113215), loss: 1.8954, logits_loss: 1.8954, aux_loss: 0.0000, lr: 0.00000789, epoch_time: 45.0min
Epoch:[1/1](36460/113215), loss: 1.8719, logits_loss: 1.8719, aux_loss: 0.0000, lr: 0.00000789, epoch_time: 45.0min
Epoch:[1/1](36480/113215), loss: 1.8815, logits_loss: 1.8815, aux_loss: 0.0000, lr: 0.00000788, epoch_time: 45.0min
Epoch:[1/1](36500/113215), loss: 1.7050, logits_loss: 1.7050, aux_loss: 0.0000, lr: 0.00000788, epoch_time: 45.0min
Epoch:[1/1](36520/113215), loss: 1.7301, logits_loss: 1.7301, aux_loss: 0.0000, lr: 0.00000788, epoch_time: 45.0min
Epoch:[1/1](36540/113215), loss: 1.7158, logits_loss: 1.7158, aux_loss: 0.0000, lr: 0.00000788, epoch_time: 45.0min
Epoch:[1/1](36560/113215), loss: 2.0700, logits_loss: 2.0700, aux_loss: 0.0000, lr: 0.00000788, epoch_time: 45.0min
Epoch:[1/1](36580/113215), loss: 1.8967, logits_loss: 1.8967, aux_loss: 0.0000, lr: 0.00000787, epoch_time: 45.0min
Epoch:[1/1](36600/113215), loss: 1.7443, logits_loss: 1.7443, aux_loss: 0.0000, lr: 0.00000787, epoch_time: 45.0min
Epoch:[1/1](36620/113215), loss: 1.8194, logits_loss: 1.8194, aux_loss: 0.0000, lr: 0.00000787, epoch_time: 45.0min
Epoch:[1/1](36640/113215), loss: 1.6657, logits_loss: 1.6657, aux_loss: 0.0000, lr: 0.00000787, epoch_time: 45.0min
Epoch:[1/1](36660/113215), loss: 1.7107, logits_loss: 1.7107, aux_loss: 0.0000, lr: 0.00000787, epoch_time: 45.0min
Epoch:[1/1](36680/113215), loss: 1.9517, logits_loss: 1.9517, aux_loss: 0.0000, lr: 0.00000786, epoch_time: 45.0min
Epoch:[1/1](36700/113215), loss: 1.8705, logits_loss: 1.8705, aux_loss: 0.0000, lr: 0.00000786, epoch_time: 45.0min
Epoch:[1/1](36720/113215), loss: 1.8703, logits_loss: 1.8703, aux_loss: 0.0000, lr: 0.00000786, epoch_time: 44.0min
Epoch:[1/1](36740/113215), loss: 1.7686, logits_loss: 1.7686, aux_loss: 0.0000, lr: 0.00000786, epoch_time: 44.0min
Epoch:[1/1](36760/113215), loss: 1.7220, logits_loss: 1.7220, aux_loss: 0.0000, lr: 0.00000785, epoch_time: 44.0min
Epoch:[1/1](36780/113215), loss: 1.7074, logits_loss: 1.7074, aux_loss: 0.0000, lr: 0.00000785, epoch_time: 44.0min
Epoch:[1/1](36800/113215), loss: 1.6996, logits_loss: 1.6996, aux_loss: 0.0000, lr: 0.00000785, epoch_time: 44.0min
Epoch:[1/1](36820/113215), loss: 1.8009, logits_loss: 1.8009, aux_loss: 0.0000, lr: 0.00000785, epoch_time: 44.0min
Epoch:[1/1](36840/113215), loss: 1.9827, logits_loss: 1.9827, aux_loss: 0.0000, lr: 0.00000785, epoch_time: 44.0min
Epoch:[1/1](36860/113215), loss: 1.8870, logits_loss: 1.8870, aux_loss: 0.0000, lr: 0.00000784, epoch_time: 44.0min
Epoch:[1/1](36880/113215), loss: 1.9151, logits_loss: 1.9151, aux_loss: 0.0000, lr: 0.00000784, epoch_time: 44.0min
Epoch:[1/1](36900/113215), loss: 1.8155, logits_loss: 1.8155, aux_loss: 0.0000, lr: 0.00000784, epoch_time: 44.0min
Epoch:[1/1](36920/113215), loss: 1.8839, logits_loss: 1.8839, aux_loss: 0.0000, lr: 0.00000784, epoch_time: 44.0min
Epoch:[1/1](36940/113215), loss: 1.3451, logits_loss: 1.3451, aux_loss: 0.0000, lr: 0.00000784, epoch_time: 44.0min
Epoch:[1/1](36960/113215), loss: 1.7078, logits_loss: 1.7078, aux_loss: 0.0000, lr: 0.00000783, epoch_time: 44.0min
Epoch:[1/1](36980/113215), loss: 1.7989, logits_loss: 1.7989, aux_loss: 0.0000, lr: 0.00000783, epoch_time: 44.0min
Epoch:[1/1](37000/113215), loss: 1.8875, logits_loss: 1.8875, aux_loss: 0.0000, lr: 0.00000783, epoch_time: 44.0min
Epoch:[1/1](37020/113215), loss: 2.0260, logits_loss: 2.0260, aux_loss: 0.0000, lr: 0.00000783, epoch_time: 44.0min
Epoch:[1/1](37040/113215), loss: 1.7968, logits_loss: 1.7968, aux_loss: 0.0000, lr: 0.00000783, epoch_time: 44.0min
Epoch:[1/1](37060/113215), loss: 1.7635, logits_loss: 1.7635, aux_loss: 0.0000, lr: 0.00000782, epoch_time: 44.0min
Epoch:[1/1](37080/113215), loss: 1.8996, logits_loss: 1.8996, aux_loss: 0.0000, lr: 0.00000782, epoch_time: 44.0min
Epoch:[1/1](37100/113215), loss: 1.7177, logits_loss: 1.7177, aux_loss: 0.0000, lr: 0.00000782, epoch_time: 44.0min
Epoch:[1/1](37120/113215), loss: 1.7473, logits_loss: 1.7473, aux_loss: 0.0000, lr: 0.00000782, epoch_time: 44.0min
Epoch:[1/1](37140/113215), loss: 1.9753, logits_loss: 1.9753, aux_loss: 0.0000, lr: 0.00000781, epoch_time: 44.0min
Epoch:[1/1](37160/113215), loss: 1.7504, logits_loss: 1.7504, aux_loss: 0.0000, lr: 0.00000781, epoch_time: 44.0min
Epoch:[1/1](37180/113215), loss: 1.5129, logits_loss: 1.5129, aux_loss: 0.0000, lr: 0.00000781, epoch_time: 44.0min
Epoch:[1/1](37200/113215), loss: 1.8528, logits_loss: 1.8528, aux_loss: 0.0000, lr: 0.00000781, epoch_time: 44.0min
Epoch:[1/1](37220/113215), loss: 1.8759, logits_loss: 1.8759, aux_loss: 0.0000, lr: 0.00000781, epoch_time: 44.0min
Epoch:[1/1](37240/113215), loss: 1.6824, logits_loss: 1.6824, aux_loss: 0.0000, lr: 0.00000780, epoch_time: 44.0min
Epoch:[1/1](37260/113215), loss: 1.7678, logits_loss: 1.7678, aux_loss: 0.0000, lr: 0.00000780, epoch_time: 44.0min
Epoch:[1/1](37280/113215), loss: 1.7641, logits_loss: 1.7641, aux_loss: 0.0000, lr: 0.00000780, epoch_time: 44.0min
Epoch:[1/1](37300/113215), loss: 1.9262, logits_loss: 1.9262, aux_loss: 0.0000, lr: 0.00000780, epoch_time: 44.0min
Epoch:[1/1](37320/113215), loss: 1.5619, logits_loss: 1.5619, aux_loss: 0.0000, lr: 0.00000780, epoch_time: 44.0min
Epoch:[1/1](37340/113215), loss: 1.8588, logits_loss: 1.8588, aux_loss: 0.0000, lr: 0.00000779, epoch_time: 44.0min
Epoch:[1/1](37360/113215), loss: 1.7342, logits_loss: 1.7342, aux_loss: 0.0000, lr: 0.00000779, epoch_time: 44.0min
Epoch:[1/1](37380/113215), loss: 1.8041, logits_loss: 1.8041, aux_loss: 0.0000, lr: 0.00000779, epoch_time: 44.0min
Epoch:[1/1](37400/113215), loss: 1.6081, logits_loss: 1.6081, aux_loss: 0.0000, lr: 0.00000779, epoch_time: 44.0min
Epoch:[1/1](37420/113215), loss: 1.3922, logits_loss: 1.3922, aux_loss: 0.0000, lr: 0.00000778, epoch_time: 44.0min
Epoch:[1/1](37440/113215), loss: 2.0245, logits_loss: 2.0245, aux_loss: 0.0000, lr: 0.00000778, epoch_time: 44.0min
Epoch:[1/1](37460/113215), loss: 1.8423, logits_loss: 1.8423, aux_loss: 0.0000, lr: 0.00000778, epoch_time: 44.0min
Epoch:[1/1](37480/113215), loss: 2.1496, logits_loss: 2.1496, aux_loss: 0.0000, lr: 0.00000778, epoch_time: 44.0min
Epoch:[1/1](37500/113215), loss: 1.8853, logits_loss: 1.8853, aux_loss: 0.0000, lr: 0.00000778, epoch_time: 44.0min
Epoch:[1/1](37520/113215), loss: 1.6220, logits_loss: 1.6220, aux_loss: 0.0000, lr: 0.00000777, epoch_time: 44.0min
Epoch:[1/1](37540/113215), loss: 2.2101, logits_loss: 2.2101, aux_loss: 0.0000, lr: 0.00000777, epoch_time: 44.0min
Epoch:[1/1](37560/113215), loss: 1.7295, logits_loss: 1.7295, aux_loss: 0.0000, lr: 0.00000777, epoch_time: 44.0min
Epoch:[1/1](37580/113215), loss: 1.5790, logits_loss: 1.5790, aux_loss: 0.0000, lr: 0.00000777, epoch_time: 44.0min
Epoch:[1/1](37600/113215), loss: 1.8837, logits_loss: 1.8837, aux_loss: 0.0000, lr: 0.00000776, epoch_time: 44.0min
Epoch:[1/1](37620/113215), loss: 1.8529, logits_loss: 1.8529, aux_loss: 0.0000, lr: 0.00000776, epoch_time: 44.0min
Epoch:[1/1](37640/113215), loss: 1.6480, logits_loss: 1.6480, aux_loss: 0.0000, lr: 0.00000776, epoch_time: 44.0min
Epoch:[1/1](37660/113215), loss: 1.8316, logits_loss: 1.8316, aux_loss: 0.0000, lr: 0.00000776, epoch_time: 44.0min
Epoch:[1/1](37680/113215), loss: 1.6938, logits_loss: 1.6938, aux_loss: 0.0000, lr: 0.00000776, epoch_time: 44.0min
Epoch:[1/1](37700/113215), loss: 1.9026, logits_loss: 1.9026, aux_loss: 0.0000, lr: 0.00000775, epoch_time: 44.0min
Epoch:[1/1](37720/113215), loss: 1.6173, logits_loss: 1.6173, aux_loss: 0.0000, lr: 0.00000775, epoch_time: 44.0min
Epoch:[1/1](37740/113215), loss: 1.9221, logits_loss: 1.9221, aux_loss: 0.0000, lr: 0.00000775, epoch_time: 44.0min
Epoch:[1/1](37760/113215), loss: 1.8820, logits_loss: 1.8820, aux_loss: 0.0000, lr: 0.00000775, epoch_time: 44.0min
Epoch:[1/1](37780/113215), loss: 1.8878, logits_loss: 1.8878, aux_loss: 0.0000, lr: 0.00000775, epoch_time: 44.0min
Epoch:[1/1](37800/113215), loss: 1.8200, logits_loss: 1.8200, aux_loss: 0.0000, lr: 0.00000774, epoch_time: 44.0min
Epoch:[1/1](37820/113215), loss: 1.7483, logits_loss: 1.7483, aux_loss: 0.0000, lr: 0.00000774, epoch_time: 44.0min
Epoch:[1/1](37840/113215), loss: 1.9907, logits_loss: 1.9907, aux_loss: 0.0000, lr: 0.00000774, epoch_time: 44.0min
Epoch:[1/1](37860/113215), loss: 2.0173, logits_loss: 2.0173, aux_loss: 0.0000, lr: 0.00000774, epoch_time: 44.0min
Epoch:[1/1](37880/113215), loss: 1.9698, logits_loss: 1.9698, aux_loss: 0.0000, lr: 0.00000773, epoch_time: 44.0min
Epoch:[1/1](37900/113215), loss: 1.7380, logits_loss: 1.7380, aux_loss: 0.0000, lr: 0.00000773, epoch_time: 44.0min
Epoch:[1/1](37920/113215), loss: 1.8244, logits_loss: 1.8244, aux_loss: 0.0000, lr: 0.00000773, epoch_time: 44.0min
Epoch:[1/1](37940/113215), loss: 1.8575, logits_loss: 1.8575, aux_loss: 0.0000, lr: 0.00000773, epoch_time: 44.0min
Epoch:[1/1](37960/113215), loss: 1.7011, logits_loss: 1.7011, aux_loss: 0.0000, lr: 0.00000773, epoch_time: 44.0min
Epoch:[1/1](37980/113215), loss: 1.5377, logits_loss: 1.5377, aux_loss: 0.0000, lr: 0.00000772, epoch_time: 44.0min
Epoch:[1/1](38000/113215), loss: 1.8281, logits_loss: 1.8281, aux_loss: 0.0000, lr: 0.00000772, epoch_time: 44.0min
Epoch:[1/1](38020/113215), loss: 1.9916, logits_loss: 1.9916, aux_loss: 0.0000, lr: 0.00000772, epoch_time: 44.0min
Epoch:[1/1](38040/113215), loss: 1.8912, logits_loss: 1.8912, aux_loss: 0.0000, lr: 0.00000772, epoch_time: 44.0min
Epoch:[1/1](38060/113215), loss: 1.5383, logits_loss: 1.5383, aux_loss: 0.0000, lr: 0.00000772, epoch_time: 44.0min
Epoch:[1/1](38080/113215), loss: 1.6774, logits_loss: 1.6774, aux_loss: 0.0000, lr: 0.00000771, epoch_time: 44.0min
Epoch:[1/1](38100/113215), loss: 1.5344, logits_loss: 1.5344, aux_loss: 0.0000, lr: 0.00000771, epoch_time: 44.0min
Epoch:[1/1](38120/113215), loss: 1.7607, logits_loss: 1.7607, aux_loss: 0.0000, lr: 0.00000771, epoch_time: 44.0min
Epoch:[1/1](38140/113215), loss: 1.7172, logits_loss: 1.7172, aux_loss: 0.0000, lr: 0.00000771, epoch_time: 44.0min
Epoch:[1/1](38160/113215), loss: 1.9941, logits_loss: 1.9941, aux_loss: 0.0000, lr: 0.00000770, epoch_time: 44.0min
Epoch:[1/1](38180/113215), loss: 2.0029, logits_loss: 2.0029, aux_loss: 0.0000, lr: 0.00000770, epoch_time: 44.0min
Epoch:[1/1](38200/113215), loss: 1.7161, logits_loss: 1.7161, aux_loss: 0.0000, lr: 0.00000770, epoch_time: 44.0min
Epoch:[1/1](38220/113215), loss: 1.9010, logits_loss: 1.9010, aux_loss: 0.0000, lr: 0.00000770, epoch_time: 44.0min
Epoch:[1/1](38240/113215), loss: 1.5412, logits_loss: 1.5412, aux_loss: 0.0000, lr: 0.00000770, epoch_time: 44.0min
Epoch:[1/1](38260/113215), loss: 1.7646, logits_loss: 1.7646, aux_loss: 0.0000, lr: 0.00000769, epoch_time: 44.0min
Epoch:[1/1](38280/113215), loss: 1.8144, logits_loss: 1.8144, aux_loss: 0.0000, lr: 0.00000769, epoch_time: 44.0min
Epoch:[1/1](38300/113215), loss: 1.8769, logits_loss: 1.8769, aux_loss: 0.0000, lr: 0.00000769, epoch_time: 44.0min
Epoch:[1/1](38320/113215), loss: 2.0275, logits_loss: 2.0275, aux_loss: 0.0000, lr: 0.00000769, epoch_time: 44.0min
Epoch:[1/1](38340/113215), loss: 2.0547, logits_loss: 2.0547, aux_loss: 0.0000, lr: 0.00000768, epoch_time: 44.0min
Epoch:[1/1](38360/113215), loss: 1.8383, logits_loss: 1.8383, aux_loss: 0.0000, lr: 0.00000768, epoch_time: 44.0min
Epoch:[1/1](38380/113215), loss: 1.7692, logits_loss: 1.7692, aux_loss: 0.0000, lr: 0.00000768, epoch_time: 44.0min
Epoch:[1/1](38400/113215), loss: 1.7889, logits_loss: 1.7889, aux_loss: 0.0000, lr: 0.00000768, epoch_time: 44.0min
Epoch:[1/1](38420/113215), loss: 1.7447, logits_loss: 1.7447, aux_loss: 0.0000, lr: 0.00000768, epoch_time: 43.0min
Epoch:[1/1](38440/113215), loss: 1.6807, logits_loss: 1.6807, aux_loss: 0.0000, lr: 0.00000767, epoch_time: 43.0min
Epoch:[1/1](38460/113215), loss: 1.5650, logits_loss: 1.5650, aux_loss: 0.0000, lr: 0.00000767, epoch_time: 43.0min
Epoch:[1/1](38480/113215), loss: 1.7092, logits_loss: 1.7092, aux_loss: 0.0000, lr: 0.00000767, epoch_time: 43.0min
Epoch:[1/1](38500/113215), loss: 1.7451, logits_loss: 1.7451, aux_loss: 0.0000, lr: 0.00000767, epoch_time: 43.0min
Epoch:[1/1](38520/113215), loss: 1.6822, logits_loss: 1.6822, aux_loss: 0.0000, lr: 0.00000766, epoch_time: 43.0min
Epoch:[1/1](38540/113215), loss: 1.6892, logits_loss: 1.6892, aux_loss: 0.0000, lr: 0.00000766, epoch_time: 43.0min
Epoch:[1/1](38560/113215), loss: 1.8479, logits_loss: 1.8479, aux_loss: 0.0000, lr: 0.00000766, epoch_time: 43.0min
Epoch:[1/1](38580/113215), loss: 1.9063, logits_loss: 1.9063, aux_loss: 0.0000, lr: 0.00000766, epoch_time: 43.0min
Epoch:[1/1](38600/113215), loss: 1.6938, logits_loss: 1.6938, aux_loss: 0.0000, lr: 0.00000766, epoch_time: 43.0min
Epoch:[1/1](38620/113215), loss: 1.8719, logits_loss: 1.8719, aux_loss: 0.0000, lr: 0.00000765, epoch_time: 43.0min
Epoch:[1/1](38640/113215), loss: 1.7298, logits_loss: 1.7298, aux_loss: 0.0000, lr: 0.00000765, epoch_time: 43.0min
Epoch:[1/1](38660/113215), loss: 1.6825, logits_loss: 1.6825, aux_loss: 0.0000, lr: 0.00000765, epoch_time: 43.0min
Epoch:[1/1](38680/113215), loss: 2.0406, logits_loss: 2.0406, aux_loss: 0.0000, lr: 0.00000765, epoch_time: 43.0min
Epoch:[1/1](38700/113215), loss: 2.0281, logits_loss: 2.0281, aux_loss: 0.0000, lr: 0.00000765, epoch_time: 43.0min
Epoch:[1/1](38720/113215), loss: 1.8398, logits_loss: 1.8398, aux_loss: 0.0000, lr: 0.00000764, epoch_time: 43.0min
Epoch:[1/1](38740/113215), loss: 1.4745, logits_loss: 1.4745, aux_loss: 0.0000, lr: 0.00000764, epoch_time: 43.0min
Epoch:[1/1](38760/113215), loss: 1.3474, logits_loss: 1.3474, aux_loss: 0.0000, lr: 0.00000764, epoch_time: 43.0min
Epoch:[1/1](38780/113215), loss: 1.4699, logits_loss: 1.4699, aux_loss: 0.0000, lr: 0.00000764, epoch_time: 43.0min
Epoch:[1/1](38800/113215), loss: 2.0503, logits_loss: 2.0503, aux_loss: 0.0000, lr: 0.00000763, epoch_time: 43.0min
Epoch:[1/1](38820/113215), loss: 1.8372, logits_loss: 1.8372, aux_loss: 0.0000, lr: 0.00000763, epoch_time: 43.0min
Epoch:[1/1](38840/113215), loss: 1.7937, logits_loss: 1.7937, aux_loss: 0.0000, lr: 0.00000763, epoch_time: 43.0min
Epoch:[1/1](38860/113215), loss: 1.7185, logits_loss: 1.7185, aux_loss: 0.0000, lr: 0.00000763, epoch_time: 43.0min
Epoch:[1/1](38880/113215), loss: 1.6911, logits_loss: 1.6911, aux_loss: 0.0000, lr: 0.00000763, epoch_time: 43.0min
Epoch:[1/1](38900/113215), loss: 1.6975, logits_loss: 1.6975, aux_loss: 0.0000, lr: 0.00000762, epoch_time: 43.0min
Epoch:[1/1](38920/113215), loss: 2.0203, logits_loss: 2.0203, aux_loss: 0.0000, lr: 0.00000762, epoch_time: 43.0min
Epoch:[1/1](38940/113215), loss: 1.9646, logits_loss: 1.9646, aux_loss: 0.0000, lr: 0.00000762, epoch_time: 43.0min
Epoch:[1/1](38960/113215), loss: 1.9449, logits_loss: 1.9449, aux_loss: 0.0000, lr: 0.00000762, epoch_time: 43.0min
Epoch:[1/1](38980/113215), loss: 1.6146, logits_loss: 1.6146, aux_loss: 0.0000, lr: 0.00000761, epoch_time: 43.0min
Epoch:[1/1](39000/113215), loss: 1.5254, logits_loss: 1.5254, aux_loss: 0.0000, lr: 0.00000761, epoch_time: 43.0min
Epoch:[1/1](39020/113215), loss: 1.7906, logits_loss: 1.7906, aux_loss: 0.0000, lr: 0.00000761, epoch_time: 43.0min
Epoch:[1/1](39040/113215), loss: 1.6726, logits_loss: 1.6726, aux_loss: 0.0000, lr: 0.00000761, epoch_time: 43.0min
Epoch:[1/1](39060/113215), loss: 1.7454, logits_loss: 1.7454, aux_loss: 0.0000, lr: 0.00000761, epoch_time: 43.0min
Epoch:[1/1](39080/113215), loss: 1.9592, logits_loss: 1.9592, aux_loss: 0.0000, lr: 0.00000760, epoch_time: 43.0min
Epoch:[1/1](39100/113215), loss: 1.5474, logits_loss: 1.5474, aux_loss: 0.0000, lr: 0.00000760, epoch_time: 43.0min
Epoch:[1/1](39120/113215), loss: 1.7693, logits_loss: 1.7693, aux_loss: 0.0000, lr: 0.00000760, epoch_time: 43.0min
Epoch:[1/1](39140/113215), loss: 1.8781, logits_loss: 1.8781, aux_loss: 0.0000, lr: 0.00000760, epoch_time: 43.0min
Epoch:[1/1](39160/113215), loss: 1.6207, logits_loss: 1.6207, aux_loss: 0.0000, lr: 0.00000759, epoch_time: 43.0min
Epoch:[1/1](39180/113215), loss: 1.9042, logits_loss: 1.9042, aux_loss: 0.0000, lr: 0.00000759, epoch_time: 43.0min
Epoch:[1/1](39200/113215), loss: 1.7840, logits_loss: 1.7840, aux_loss: 0.0000, lr: 0.00000759, epoch_time: 43.0min
Epoch:[1/1](39220/113215), loss: 1.9135, logits_loss: 1.9135, aux_loss: 0.0000, lr: 0.00000759, epoch_time: 43.0min
Epoch:[1/1](39240/113215), loss: 1.8078, logits_loss: 1.8078, aux_loss: 0.0000, lr: 0.00000759, epoch_time: 43.0min
Epoch:[1/1](39260/113215), loss: 1.7233, logits_loss: 1.7233, aux_loss: 0.0000, lr: 0.00000758, epoch_time: 43.0min
Epoch:[1/1](39280/113215), loss: 1.7858, logits_loss: 1.7858, aux_loss: 0.0000, lr: 0.00000758, epoch_time: 43.0min
Epoch:[1/1](39300/113215), loss: 1.4463, logits_loss: 1.4463, aux_loss: 0.0000, lr: 0.00000758, epoch_time: 43.0min
Epoch:[1/1](39320/113215), loss: 1.9022, logits_loss: 1.9022, aux_loss: 0.0000, lr: 0.00000758, epoch_time: 43.0min
Epoch:[1/1](39340/113215), loss: 1.8498, logits_loss: 1.8498, aux_loss: 0.0000, lr: 0.00000757, epoch_time: 43.0min
Epoch:[1/1](39360/113215), loss: 1.5217, logits_loss: 1.5217, aux_loss: 0.0000, lr: 0.00000757, epoch_time: 43.0min
Epoch:[1/1](39380/113215), loss: 1.8852, logits_loss: 1.8852, aux_loss: 0.0000, lr: 0.00000757, epoch_time: 43.0min
Epoch:[1/1](39400/113215), loss: 1.9979, logits_loss: 1.9979, aux_loss: 0.0000, lr: 0.00000757, epoch_time: 43.0min
Epoch:[1/1](39420/113215), loss: 1.7720, logits_loss: 1.7720, aux_loss: 0.0000, lr: 0.00000757, epoch_time: 43.0min
Epoch:[1/1](39440/113215), loss: 1.9997, logits_loss: 1.9997, aux_loss: 0.0000, lr: 0.00000756, epoch_time: 43.0min
Epoch:[1/1](39460/113215), loss: 1.7885, logits_loss: 1.7885, aux_loss: 0.0000, lr: 0.00000756, epoch_time: 43.0min
Epoch:[1/1](39480/113215), loss: 1.6515, logits_loss: 1.6515, aux_loss: 0.0000, lr: 0.00000756, epoch_time: 43.0min
Epoch:[1/1](39500/113215), loss: 1.6519, logits_loss: 1.6519, aux_loss: 0.0000, lr: 0.00000756, epoch_time: 43.0min
Epoch:[1/1](39520/113215), loss: 1.9368, logits_loss: 1.9368, aux_loss: 0.0000, lr: 0.00000755, epoch_time: 43.0min
Epoch:[1/1](39540/113215), loss: 1.7381, logits_loss: 1.7381, aux_loss: 0.0000, lr: 0.00000755, epoch_time: 43.0min
Epoch:[1/1](39560/113215), loss: 2.0379, logits_loss: 2.0379, aux_loss: 0.0000, lr: 0.00000755, epoch_time: 43.0min
Epoch:[1/1](39580/113215), loss: 1.5122, logits_loss: 1.5122, aux_loss: 0.0000, lr: 0.00000755, epoch_time: 43.0min
Epoch:[1/1](39600/113215), loss: 1.5934, logits_loss: 1.5934, aux_loss: 0.0000, lr: 0.00000755, epoch_time: 43.0min
Epoch:[1/1](39620/113215), loss: 1.8648, logits_loss: 1.8648, aux_loss: 0.0000, lr: 0.00000754, epoch_time: 43.0min
Epoch:[1/1](39640/113215), loss: 1.7805, logits_loss: 1.7805, aux_loss: 0.0000, lr: 0.00000754, epoch_time: 43.0min
Epoch:[1/1](39660/113215), loss: 1.7134, logits_loss: 1.7134, aux_loss: 0.0000, lr: 0.00000754, epoch_time: 43.0min
Epoch:[1/1](39680/113215), loss: 1.6798, logits_loss: 1.6798, aux_loss: 0.0000, lr: 0.00000754, epoch_time: 43.0min
Epoch:[1/1](39700/113215), loss: 1.6729, logits_loss: 1.6729, aux_loss: 0.0000, lr: 0.00000753, epoch_time: 43.0min
Epoch:[1/1](39720/113215), loss: 1.8424, logits_loss: 1.8424, aux_loss: 0.0000, lr: 0.00000753, epoch_time: 43.0min
Epoch:[1/1](39740/113215), loss: 2.2177, logits_loss: 2.2177, aux_loss: 0.0000, lr: 0.00000753, epoch_time: 43.0min
Epoch:[1/1](39760/113215), loss: 1.6471, logits_loss: 1.6471, aux_loss: 0.0000, lr: 0.00000753, epoch_time: 43.0min
Epoch:[1/1](39780/113215), loss: 1.8460, logits_loss: 1.8460, aux_loss: 0.0000, lr: 0.00000753, epoch_time: 43.0min
Epoch:[1/1](39800/113215), loss: 1.8971, logits_loss: 1.8971, aux_loss: 0.0000, lr: 0.00000752, epoch_time: 43.0min
Epoch:[1/1](39820/113215), loss: 1.8357, logits_loss: 1.8357, aux_loss: 0.0000, lr: 0.00000752, epoch_time: 43.0min
Epoch:[1/1](39840/113215), loss: 1.8360, logits_loss: 1.8360, aux_loss: 0.0000, lr: 0.00000752, epoch_time: 43.0min
Epoch:[1/1](39860/113215), loss: 1.9613, logits_loss: 1.9613, aux_loss: 0.0000, lr: 0.00000752, epoch_time: 43.0min
Epoch:[1/1](39880/113215), loss: 1.9425, logits_loss: 1.9425, aux_loss: 0.0000, lr: 0.00000751, epoch_time: 43.0min
Epoch:[1/1](39900/113215), loss: 1.6553, logits_loss: 1.6553, aux_loss: 0.0000, lr: 0.00000751, epoch_time: 43.0min
Epoch:[1/1](39920/113215), loss: 1.8618, logits_loss: 1.8618, aux_loss: 0.0000, lr: 0.00000751, epoch_time: 43.0min
Epoch:[1/1](39940/113215), loss: 2.0180, logits_loss: 2.0180, aux_loss: 0.0000, lr: 0.00000751, epoch_time: 43.0min
Epoch:[1/1](39960/113215), loss: 1.7969, logits_loss: 1.7969, aux_loss: 0.0000, lr: 0.00000751, epoch_time: 43.0min
Epoch:[1/1](39980/113215), loss: 1.9013, logits_loss: 1.9013, aux_loss: 0.0000, lr: 0.00000750, epoch_time: 43.0min
Epoch:[1/1](40000/113215), loss: 1.5702, logits_loss: 1.5702, aux_loss: 0.0000, lr: 0.00000750, epoch_time: 42.0min
Epoch:[1/1](40020/113215), loss: 1.5308, logits_loss: 1.5308, aux_loss: 0.0000, lr: 0.00000750, epoch_time: 43.0min
Epoch:[1/1](40040/113215), loss: 1.9089, logits_loss: 1.9089, aux_loss: 0.0000, lr: 0.00000750, epoch_time: 43.0min
Epoch:[1/1](40060/113215), loss: 1.6465, logits_loss: 1.6465, aux_loss: 0.0000, lr: 0.00000749, epoch_time: 43.0min
Epoch:[1/1](40080/113215), loss: 1.7707, logits_loss: 1.7707, aux_loss: 0.0000, lr: 0.00000749, epoch_time: 43.0min
Epoch:[1/1](40100/113215), loss: 1.4741, logits_loss: 1.4741, aux_loss: 0.0000, lr: 0.00000749, epoch_time: 43.0min
Epoch:[1/1](40120/113215), loss: 1.8837, logits_loss: 1.8837, aux_loss: 0.0000, lr: 0.00000749, epoch_time: 43.0min
Epoch:[1/1](40140/113215), loss: 1.9886, logits_loss: 1.9886, aux_loss: 0.0000, lr: 0.00000749, epoch_time: 43.0min
Epoch:[1/1](40160/113215), loss: 1.6804, logits_loss: 1.6804, aux_loss: 0.0000, lr: 0.00000748, epoch_time: 43.0min
Epoch:[1/1](40180/113215), loss: 1.8210, logits_loss: 1.8210, aux_loss: 0.0000, lr: 0.00000748, epoch_time: 43.0min
Epoch:[1/1](40200/113215), loss: 1.8450, logits_loss: 1.8450, aux_loss: 0.0000, lr: 0.00000748, epoch_time: 42.0min
Epoch:[1/1](40220/113215), loss: 1.5658, logits_loss: 1.5658, aux_loss: 0.0000, lr: 0.00000748, epoch_time: 42.0min
Epoch:[1/1](40240/113215), loss: 1.6902, logits_loss: 1.6902, aux_loss: 0.0000, lr: 0.00000747, epoch_time: 42.0min
Epoch:[1/1](40260/113215), loss: 1.7158, logits_loss: 1.7158, aux_loss: 0.0000, lr: 0.00000747, epoch_time: 42.0min
Epoch:[1/1](40280/113215), loss: 1.7544, logits_loss: 1.7544, aux_loss: 0.0000, lr: 0.00000747, epoch_time: 42.0min
Epoch:[1/1](40300/113215), loss: 1.8332, logits_loss: 1.8332, aux_loss: 0.0000, lr: 0.00000747, epoch_time: 42.0min
Epoch:[1/1](40320/113215), loss: 1.7022, logits_loss: 1.7022, aux_loss: 0.0000, lr: 0.00000747, epoch_time: 42.0min
Epoch:[1/1](40340/113215), loss: 1.5842, logits_loss: 1.5842, aux_loss: 0.0000, lr: 0.00000746, epoch_time: 42.0min
Epoch:[1/1](40360/113215), loss: 1.3912, logits_loss: 1.3912, aux_loss: 0.0000, lr: 0.00000746, epoch_time: 42.0min
Epoch:[1/1](40380/113215), loss: 1.8954, logits_loss: 1.8954, aux_loss: 0.0000, lr: 0.00000746, epoch_time: 42.0min
Epoch:[1/1](40400/113215), loss: 1.9094, logits_loss: 1.9094, aux_loss: 0.0000, lr: 0.00000746, epoch_time: 42.0min
Epoch:[1/1](40420/113215), loss: 1.4786, logits_loss: 1.4786, aux_loss: 0.0000, lr: 0.00000745, epoch_time: 42.0min
Epoch:[1/1](40440/113215), loss: 1.6071, logits_loss: 1.6071, aux_loss: 0.0000, lr: 0.00000745, epoch_time: 42.0min
Epoch:[1/1](40460/113215), loss: 1.7849, logits_loss: 1.7849, aux_loss: 0.0000, lr: 0.00000745, epoch_time: 42.0min
Epoch:[1/1](40480/113215), loss: 1.9057, logits_loss: 1.9057, aux_loss: 0.0000, lr: 0.00000745, epoch_time: 42.0min
Epoch:[1/1](40500/113215), loss: 1.8032, logits_loss: 1.8032, aux_loss: 0.0000, lr: 0.00000745, epoch_time: 42.0min
Epoch:[1/1](40520/113215), loss: 1.9502, logits_loss: 1.9502, aux_loss: 0.0000, lr: 0.00000744, epoch_time: 42.0min
Epoch:[1/1](40540/113215), loss: 1.7209, logits_loss: 1.7209, aux_loss: 0.0000, lr: 0.00000744, epoch_time: 42.0min
Epoch:[1/1](40560/113215), loss: 1.7995, logits_loss: 1.7995, aux_loss: 0.0000, lr: 0.00000744, epoch_time: 42.0min
Epoch:[1/1](40580/113215), loss: 1.6486, logits_loss: 1.6486, aux_loss: 0.0000, lr: 0.00000744, epoch_time: 42.0min
Epoch:[1/1](40600/113215), loss: 1.9889, logits_loss: 1.9889, aux_loss: 0.0000, lr: 0.00000743, epoch_time: 42.0min
Epoch:[1/1](40620/113215), loss: 1.8784, logits_loss: 1.8784, aux_loss: 0.0000, lr: 0.00000743, epoch_time: 42.0min
Epoch:[1/1](40640/113215), loss: 1.3952, logits_loss: 1.3952, aux_loss: 0.0000, lr: 0.00000743, epoch_time: 42.0min
Epoch:[1/1](40660/113215), loss: 1.8850, logits_loss: 1.8850, aux_loss: 0.0000, lr: 0.00000743, epoch_time: 42.0min
Epoch:[1/1](40680/113215), loss: 1.8708, logits_loss: 1.8708, aux_loss: 0.0000, lr: 0.00000742, epoch_time: 42.0min
Epoch:[1/1](40700/113215), loss: 1.8336, logits_loss: 1.8336, aux_loss: 0.0000, lr: 0.00000742, epoch_time: 42.0min
Epoch:[1/1](40720/113215), loss: 1.7962, logits_loss: 1.7962, aux_loss: 0.0000, lr: 0.00000742, epoch_time: 42.0min
Epoch:[1/1](40740/113215), loss: 1.8676, logits_loss: 1.8676, aux_loss: 0.0000, lr: 0.00000742, epoch_time: 42.0min
Epoch:[1/1](40760/113215), loss: 1.6158, logits_loss: 1.6158, aux_loss: 0.0000, lr: 0.00000742, epoch_time: 42.0min
Epoch:[1/1](40780/113215), loss: 1.7746, logits_loss: 1.7746, aux_loss: 0.0000, lr: 0.00000741, epoch_time: 42.0min
Epoch:[1/1](40800/113215), loss: 1.8080, logits_loss: 1.8080, aux_loss: 0.0000, lr: 0.00000741, epoch_time: 42.0min
Epoch:[1/1](40820/113215), loss: 1.7661, logits_loss: 1.7661, aux_loss: 0.0000, lr: 0.00000741, epoch_time: 42.0min
Epoch:[1/1](40840/113215), loss: 1.7846, logits_loss: 1.7846, aux_loss: 0.0000, lr: 0.00000741, epoch_time: 42.0min
Epoch:[1/1](40860/113215), loss: 1.9317, logits_loss: 1.9317, aux_loss: 0.0000, lr: 0.00000740, epoch_time: 42.0min
Epoch:[1/1](40880/113215), loss: 1.6150, logits_loss: 1.6150, aux_loss: 0.0000, lr: 0.00000740, epoch_time: 42.0min
Epoch:[1/1](40900/113215), loss: 1.9018, logits_loss: 1.9018, aux_loss: 0.0000, lr: 0.00000740, epoch_time: 42.0min
Epoch:[1/1](40920/113215), loss: 1.7620, logits_loss: 1.7620, aux_loss: 0.0000, lr: 0.00000740, epoch_time: 42.0min
Epoch:[1/1](40940/113215), loss: 1.8075, logits_loss: 1.8075, aux_loss: 0.0000, lr: 0.00000740, epoch_time: 42.0min
Epoch:[1/1](40960/113215), loss: 1.6965, logits_loss: 1.6965, aux_loss: 0.0000, lr: 0.00000739, epoch_time: 42.0min
Epoch:[1/1](40980/113215), loss: 1.5467, logits_loss: 1.5467, aux_loss: 0.0000, lr: 0.00000739, epoch_time: 42.0min
Epoch:[1/1](41000/113215), loss: 1.4397, logits_loss: 1.4397, aux_loss: 0.0000, lr: 0.00000739, epoch_time: 42.0min
Epoch:[1/1](41020/113215), loss: 1.9476, logits_loss: 1.9476, aux_loss: 0.0000, lr: 0.00000739, epoch_time: 42.0min
Epoch:[1/1](41040/113215), loss: 1.9045, logits_loss: 1.9045, aux_loss: 0.0000, lr: 0.00000738, epoch_time: 42.0min
Epoch:[1/1](41060/113215), loss: 1.7632, logits_loss: 1.7632, aux_loss: 0.0000, lr: 0.00000738, epoch_time: 42.0min
Epoch:[1/1](41080/113215), loss: 2.0205, logits_loss: 2.0205, aux_loss: 0.0000, lr: 0.00000738, epoch_time: 42.0min
Epoch:[1/1](41100/113215), loss: 1.8682, logits_loss: 1.8682, aux_loss: 0.0000, lr: 0.00000738, epoch_time: 42.0min
Epoch:[1/1](41120/113215), loss: 1.8712, logits_loss: 1.8712, aux_loss: 0.0000, lr: 0.00000737, epoch_time: 42.0min
Epoch:[1/1](41140/113215), loss: 1.7280, logits_loss: 1.7280, aux_loss: 0.0000, lr: 0.00000737, epoch_time: 42.0min
Epoch:[1/1](41160/113215), loss: 1.5226, logits_loss: 1.5226, aux_loss: 0.0000, lr: 0.00000737, epoch_time: 42.0min
Epoch:[1/1](41180/113215), loss: 1.8210, logits_loss: 1.8210, aux_loss: 0.0000, lr: 0.00000737, epoch_time: 42.0min
Epoch:[1/1](41200/113215), loss: 1.7966, logits_loss: 1.7966, aux_loss: 0.0000, lr: 0.00000737, epoch_time: 42.0min
Epoch:[1/1](41220/113215), loss: 1.9036, logits_loss: 1.9036, aux_loss: 0.0000, lr: 0.00000736, epoch_time: 42.0min
Epoch:[1/1](41240/113215), loss: 1.9560, logits_loss: 1.9560, aux_loss: 0.0000, lr: 0.00000736, epoch_time: 42.0min
Epoch:[1/1](41260/113215), loss: 1.8005, logits_loss: 1.8005, aux_loss: 0.0000, lr: 0.00000736, epoch_time: 42.0min
Epoch:[1/1](41280/113215), loss: 1.7053, logits_loss: 1.7053, aux_loss: 0.0000, lr: 0.00000736, epoch_time: 42.0min
Epoch:[1/1](41300/113215), loss: 1.8799, logits_loss: 1.8799, aux_loss: 0.0000, lr: 0.00000735, epoch_time: 42.0min
Epoch:[1/1](41320/113215), loss: 1.6787, logits_loss: 1.6787, aux_loss: 0.0000, lr: 0.00000735, epoch_time: 42.0min
Epoch:[1/1](41340/113215), loss: 1.6281, logits_loss: 1.6281, aux_loss: 0.0000, lr: 0.00000735, epoch_time: 42.0min
Epoch:[1/1](41360/113215), loss: 1.6398, logits_loss: 1.6398, aux_loss: 0.0000, lr: 0.00000735, epoch_time: 42.0min
Epoch:[1/1](41380/113215), loss: 1.9171, logits_loss: 1.9171, aux_loss: 0.0000, lr: 0.00000735, epoch_time: 42.0min
Epoch:[1/1](41400/113215), loss: 1.4746, logits_loss: 1.4746, aux_loss: 0.0000, lr: 0.00000734, epoch_time: 42.0min
Epoch:[1/1](41420/113215), loss: 2.0216, logits_loss: 2.0216, aux_loss: 0.0000, lr: 0.00000734, epoch_time: 42.0min
Epoch:[1/1](41440/113215), loss: 1.7455, logits_loss: 1.7455, aux_loss: 0.0000, lr: 0.00000734, epoch_time: 42.0min
Epoch:[1/1](41460/113215), loss: 1.5971, logits_loss: 1.5971, aux_loss: 0.0000, lr: 0.00000734, epoch_time: 42.0min
Epoch:[1/1](41480/113215), loss: 1.3282, logits_loss: 1.3282, aux_loss: 0.0000, lr: 0.00000733, epoch_time: 42.0min
Epoch:[1/1](41500/113215), loss: 2.0514, logits_loss: 2.0514, aux_loss: 0.0000, lr: 0.00000733, epoch_time: 42.0min
Epoch:[1/1](41520/113215), loss: 1.6507, logits_loss: 1.6507, aux_loss: 0.0000, lr: 0.00000733, epoch_time: 42.0min
Epoch:[1/1](41540/113215), loss: 2.0178, logits_loss: 2.0178, aux_loss: 0.0000, lr: 0.00000733, epoch_time: 42.0min
Epoch:[1/1](41560/113215), loss: 1.5784, logits_loss: 1.5784, aux_loss: 0.0000, lr: 0.00000732, epoch_time: 42.0min
Epoch:[1/1](41580/113215), loss: 1.8669, logits_loss: 1.8669, aux_loss: 0.0000, lr: 0.00000732, epoch_time: 42.0min
Epoch:[1/1](41600/113215), loss: 1.7133, logits_loss: 1.7133, aux_loss: 0.0000, lr: 0.00000732, epoch_time: 42.0min
Epoch:[1/1](41620/113215), loss: 1.9765, logits_loss: 1.9765, aux_loss: 0.0000, lr: 0.00000732, epoch_time: 42.0min
Epoch:[1/1](41640/113215), loss: 2.1664, logits_loss: 2.1664, aux_loss: 0.0000, lr: 0.00000732, epoch_time: 42.0min
Epoch:[1/1](41660/113215), loss: 1.5260, logits_loss: 1.5260, aux_loss: 0.0000, lr: 0.00000731, epoch_time: 42.0min
Epoch:[1/1](41680/113215), loss: 1.9934, logits_loss: 1.9934, aux_loss: 0.0000, lr: 0.00000731, epoch_time: 42.0min
Epoch:[1/1](41700/113215), loss: 1.8288, logits_loss: 1.8288, aux_loss: 0.0000, lr: 0.00000731, epoch_time: 42.0min
Epoch:[1/1](41720/113215), loss: 2.0777, logits_loss: 2.0777, aux_loss: 0.0000, lr: 0.00000731, epoch_time: 42.0min
Epoch:[1/1](41740/113215), loss: 1.8572, logits_loss: 1.8572, aux_loss: 0.0000, lr: 0.00000730, epoch_time: 42.0min
Epoch:[1/1](41760/113215), loss: 1.6251, logits_loss: 1.6251, aux_loss: 0.0000, lr: 0.00000730, epoch_time: 42.0min
Epoch:[1/1](41780/113215), loss: 1.7632, logits_loss: 1.7632, aux_loss: 0.0000, lr: 0.00000730, epoch_time: 41.0min
Epoch:[1/1](41800/113215), loss: 1.7471, logits_loss: 1.7471, aux_loss: 0.0000, lr: 0.00000730, epoch_time: 41.0min
Epoch:[1/1](41820/113215), loss: 1.8050, logits_loss: 1.8050, aux_loss: 0.0000, lr: 0.00000730, epoch_time: 41.0min
Epoch:[1/1](41840/113215), loss: 1.5719, logits_loss: 1.5719, aux_loss: 0.0000, lr: 0.00000729, epoch_time: 41.0min
Epoch:[1/1](41860/113215), loss: 1.7277, logits_loss: 1.7277, aux_loss: 0.0000, lr: 0.00000729, epoch_time: 41.0min
Epoch:[1/1](41880/113215), loss: 1.7273, logits_loss: 1.7273, aux_loss: 0.0000, lr: 0.00000729, epoch_time: 41.0min
Epoch:[1/1](41900/113215), loss: 1.8169, logits_loss: 1.8169, aux_loss: 0.0000, lr: 0.00000729, epoch_time: 41.0min
Epoch:[1/1](41920/113215), loss: 1.9729, logits_loss: 1.9729, aux_loss: 0.0000, lr: 0.00000728, epoch_time: 41.0min
Epoch:[1/1](41940/113215), loss: 1.9151, logits_loss: 1.9151, aux_loss: 0.0000, lr: 0.00000728, epoch_time: 41.0min
Epoch:[1/1](41960/113215), loss: 1.7798, logits_loss: 1.7798, aux_loss: 0.0000, lr: 0.00000728, epoch_time: 41.0min
Epoch:[1/1](41980/113215), loss: 1.5050, logits_loss: 1.5050, aux_loss: 0.0000, lr: 0.00000728, epoch_time: 41.0min
Epoch:[1/1](42000/113215), loss: 2.2951, logits_loss: 2.2951, aux_loss: 0.0000, lr: 0.00000727, epoch_time: 41.0min
Epoch:[1/1](42020/113215), loss: 1.8785, logits_loss: 1.8785, aux_loss: 0.0000, lr: 0.00000727, epoch_time: 41.0min
Epoch:[1/1](42040/113215), loss: 1.8594, logits_loss: 1.8594, aux_loss: 0.0000, lr: 0.00000727, epoch_time: 41.0min
Epoch:[1/1](42060/113215), loss: 1.9759, logits_loss: 1.9759, aux_loss: 0.0000, lr: 0.00000727, epoch_time: 41.0min
Epoch:[1/1](42080/113215), loss: 1.6994, logits_loss: 1.6994, aux_loss: 0.0000, lr: 0.00000727, epoch_time: 41.0min
Epoch:[1/1](42100/113215), loss: 2.0031, logits_loss: 2.0031, aux_loss: 0.0000, lr: 0.00000726, epoch_time: 41.0min
Epoch:[1/1](42120/113215), loss: 2.1028, logits_loss: 2.1028, aux_loss: 0.0000, lr: 0.00000726, epoch_time: 41.0min
Epoch:[1/1](42140/113215), loss: 1.7369, logits_loss: 1.7369, aux_loss: 0.0000, lr: 0.00000726, epoch_time: 41.0min
Epoch:[1/1](42160/113215), loss: 1.6577, logits_loss: 1.6577, aux_loss: 0.0000, lr: 0.00000726, epoch_time: 41.0min
Epoch:[1/1](42180/113215), loss: 1.8511, logits_loss: 1.8511, aux_loss: 0.0000, lr: 0.00000725, epoch_time: 41.0min
Epoch:[1/1](42200/113215), loss: 1.8591, logits_loss: 1.8591, aux_loss: 0.0000, lr: 0.00000725, epoch_time: 41.0min
Epoch:[1/1](42220/113215), loss: 1.7467, logits_loss: 1.7467, aux_loss: 0.0000, lr: 0.00000725, epoch_time: 41.0min
Epoch:[1/1](42240/113215), loss: 1.7460, logits_loss: 1.7460, aux_loss: 0.0000, lr: 0.00000725, epoch_time: 41.0min
Epoch:[1/1](42260/113215), loss: 1.8595, logits_loss: 1.8595, aux_loss: 0.0000, lr: 0.00000724, epoch_time: 41.0min
Epoch:[1/1](42280/113215), loss: 1.8932, logits_loss: 1.8932, aux_loss: 0.0000, lr: 0.00000724, epoch_time: 41.0min
Epoch:[1/1](42300/113215), loss: 1.6653, logits_loss: 1.6653, aux_loss: 0.0000, lr: 0.00000724, epoch_time: 41.0min
Epoch:[1/1](42320/113215), loss: 1.8720, logits_loss: 1.8720, aux_loss: 0.0000, lr: 0.00000724, epoch_time: 41.0min
Epoch:[1/1](42340/113215), loss: 2.0711, logits_loss: 2.0711, aux_loss: 0.0000, lr: 0.00000724, epoch_time: 41.0min
Epoch:[1/1](42360/113215), loss: 1.8837, logits_loss: 1.8837, aux_loss: 0.0000, lr: 0.00000723, epoch_time: 41.0min
Epoch:[1/1](42380/113215), loss: 1.7818, logits_loss: 1.7818, aux_loss: 0.0000, lr: 0.00000723, epoch_time: 41.0min
Epoch:[1/1](42400/113215), loss: 1.5820, logits_loss: 1.5820, aux_loss: 0.0000, lr: 0.00000723, epoch_time: 41.0min
Epoch:[1/1](42420/113215), loss: 1.6945, logits_loss: 1.6945, aux_loss: 0.0000, lr: 0.00000723, epoch_time: 41.0min
Epoch:[1/1](42440/113215), loss: 1.7830, logits_loss: 1.7830, aux_loss: 0.0000, lr: 0.00000722, epoch_time: 41.0min
Epoch:[1/1](42460/113215), loss: 1.7419, logits_loss: 1.7419, aux_loss: 0.0000, lr: 0.00000722, epoch_time: 41.0min
Epoch:[1/1](42480/113215), loss: 1.8022, logits_loss: 1.8022, aux_loss: 0.0000, lr: 0.00000722, epoch_time: 41.0min
Epoch:[1/1](42500/113215), loss: 1.7476, logits_loss: 1.7476, aux_loss: 0.0000, lr: 0.00000722, epoch_time: 41.0min
Epoch:[1/1](42520/113215), loss: 1.8121, logits_loss: 1.8121, aux_loss: 0.0000, lr: 0.00000721, epoch_time: 41.0min
Epoch:[1/1](42540/113215), loss: 1.6596, logits_loss: 1.6596, aux_loss: 0.0000, lr: 0.00000721, epoch_time: 41.0min
Epoch:[1/1](42560/113215), loss: 1.7770, logits_loss: 1.7770, aux_loss: 0.0000, lr: 0.00000721, epoch_time: 41.0min
Epoch:[1/1](42580/113215), loss: 1.8655, logits_loss: 1.8655, aux_loss: 0.0000, lr: 0.00000721, epoch_time: 41.0min
Epoch:[1/1](42600/113215), loss: 1.7720, logits_loss: 1.7720, aux_loss: 0.0000, lr: 0.00000721, epoch_time: 41.0min
Epoch:[1/1](42620/113215), loss: 1.8954, logits_loss: 1.8954, aux_loss: 0.0000, lr: 0.00000720, epoch_time: 41.0min
Epoch:[1/1](42640/113215), loss: 1.6037, logits_loss: 1.6037, aux_loss: 0.0000, lr: 0.00000720, epoch_time: 41.0min
Epoch:[1/1](42660/113215), loss: 1.9742, logits_loss: 1.9742, aux_loss: 0.0000, lr: 0.00000720, epoch_time: 41.0min
Epoch:[1/1](42680/113215), loss: 1.8988, logits_loss: 1.8988, aux_loss: 0.0000, lr: 0.00000720, epoch_time: 41.0min
Epoch:[1/1](42700/113215), loss: 1.6794, logits_loss: 1.6794, aux_loss: 0.0000, lr: 0.00000719, epoch_time: 41.0min
Epoch:[1/1](42720/113215), loss: 1.7497, logits_loss: 1.7497, aux_loss: 0.0000, lr: 0.00000719, epoch_time: 41.0min
Epoch:[1/1](42740/113215), loss: 1.4754, logits_loss: 1.4754, aux_loss: 0.0000, lr: 0.00000719, epoch_time: 41.0min
Epoch:[1/1](42760/113215), loss: 1.7815, logits_loss: 1.7815, aux_loss: 0.0000, lr: 0.00000719, epoch_time: 41.0min
Epoch:[1/1](42780/113215), loss: 1.7442, logits_loss: 1.7442, aux_loss: 0.0000, lr: 0.00000718, epoch_time: 41.0min
Epoch:[1/1](42800/113215), loss: 1.8041, logits_loss: 1.8041, aux_loss: 0.0000, lr: 0.00000718, epoch_time: 41.0min
Epoch:[1/1](42820/113215), loss: 1.6322, logits_loss: 1.6322, aux_loss: 0.0000, lr: 0.00000718, epoch_time: 41.0min
Epoch:[1/1](42840/113215), loss: 1.7530, logits_loss: 1.7530, aux_loss: 0.0000, lr: 0.00000718, epoch_time: 41.0min
Epoch:[1/1](42860/113215), loss: 1.9476, logits_loss: 1.9476, aux_loss: 0.0000, lr: 0.00000718, epoch_time: 41.0min
Epoch:[1/1](42880/113215), loss: 1.8856, logits_loss: 1.8856, aux_loss: 0.0000, lr: 0.00000717, epoch_time: 41.0min
Epoch:[1/1](42900/113215), loss: 1.9871, logits_loss: 1.9871, aux_loss: 0.0000, lr: 0.00000717, epoch_time: 41.0min
Epoch:[1/1](42920/113215), loss: 1.9026, logits_loss: 1.9026, aux_loss: 0.0000, lr: 0.00000717, epoch_time: 41.0min
Epoch:[1/1](42940/113215), loss: 1.7743, logits_loss: 1.7743, aux_loss: 0.0000, lr: 0.00000717, epoch_time: 41.0min
Epoch:[1/1](42960/113215), loss: 1.6568, logits_loss: 1.6568, aux_loss: 0.0000, lr: 0.00000716, epoch_time: 41.0min
Epoch:[1/1](42980/113215), loss: 2.0660, logits_loss: 2.0660, aux_loss: 0.0000, lr: 0.00000716, epoch_time: 41.0min
Epoch:[1/1](43000/113215), loss: 1.9336, logits_loss: 1.9336, aux_loss: 0.0000, lr: 0.00000716, epoch_time: 41.0min
Epoch:[1/1](43020/113215), loss: 1.8819, logits_loss: 1.8819, aux_loss: 0.0000, lr: 0.00000716, epoch_time: 41.0min
Epoch:[1/1](43040/113215), loss: 1.8932, logits_loss: 1.8932, aux_loss: 0.0000, lr: 0.00000715, epoch_time: 41.0min
Epoch:[1/1](43060/113215), loss: 1.8589, logits_loss: 1.8589, aux_loss: 0.0000, lr: 0.00000715, epoch_time: 41.0min
Epoch:[1/1](43080/113215), loss: 1.6901, logits_loss: 1.6901, aux_loss: 0.0000, lr: 0.00000715, epoch_time: 41.0min
Epoch:[1/1](43100/113215), loss: 1.7706, logits_loss: 1.7706, aux_loss: 0.0000, lr: 0.00000715, epoch_time: 41.0min
Epoch:[1/1](43120/113215), loss: 1.8321, logits_loss: 1.8321, aux_loss: 0.0000, lr: 0.00000715, epoch_time: 41.0min
Epoch:[1/1](43140/113215), loss: 1.6563, logits_loss: 1.6563, aux_loss: 0.0000, lr: 0.00000714, epoch_time: 41.0min
Epoch:[1/1](43160/113215), loss: 1.8622, logits_loss: 1.8622, aux_loss: 0.0000, lr: 0.00000714, epoch_time: 41.0min
Epoch:[1/1](43180/113215), loss: 1.9515, logits_loss: 1.9515, aux_loss: 0.0000, lr: 0.00000714, epoch_time: 41.0min
Epoch:[1/1](43200/113215), loss: 2.0861, logits_loss: 2.0861, aux_loss: 0.0000, lr: 0.00000714, epoch_time: 41.0min
Epoch:[1/1](43220/113215), loss: 1.6203, logits_loss: 1.6203, aux_loss: 0.0000, lr: 0.00000713, epoch_time: 41.0min
Epoch:[1/1](43240/113215), loss: 1.7879, logits_loss: 1.7879, aux_loss: 0.0000, lr: 0.00000713, epoch_time: 41.0min
Epoch:[1/1](43260/113215), loss: 1.5959, logits_loss: 1.5959, aux_loss: 0.0000, lr: 0.00000713, epoch_time: 41.0min
Epoch:[1/1](43280/113215), loss: 1.7439, logits_loss: 1.7439, aux_loss: 0.0000, lr: 0.00000713, epoch_time: 41.0min
Epoch:[1/1](43300/113215), loss: 1.7415, logits_loss: 1.7415, aux_loss: 0.0000, lr: 0.00000712, epoch_time: 41.0min
Epoch:[1/1](43320/113215), loss: 1.8553, logits_loss: 1.8553, aux_loss: 0.0000, lr: 0.00000712, epoch_time: 41.0min
Epoch:[1/1](43340/113215), loss: 1.5560, logits_loss: 1.5560, aux_loss: 0.0000, lr: 0.00000712, epoch_time: 41.0min
Epoch:[1/1](43360/113215), loss: 1.3890, logits_loss: 1.3890, aux_loss: 0.0000, lr: 0.00000712, epoch_time: 41.0min
Epoch:[1/1](43380/113215), loss: 1.5352, logits_loss: 1.5352, aux_loss: 0.0000, lr: 0.00000711, epoch_time: 41.0min
Epoch:[1/1](43400/113215), loss: 1.7022, logits_loss: 1.7022, aux_loss: 0.0000, lr: 0.00000711, epoch_time: 41.0min
Epoch:[1/1](43420/113215), loss: 1.6436, logits_loss: 1.6436, aux_loss: 0.0000, lr: 0.00000711, epoch_time: 41.0min
Epoch:[1/1](43440/113215), loss: 1.9060, logits_loss: 1.9060, aux_loss: 0.0000, lr: 0.00000711, epoch_time: 41.0min
Epoch:[1/1](43460/113215), loss: 1.8240, logits_loss: 1.8240, aux_loss: 0.0000, lr: 0.00000711, epoch_time: 41.0min
Epoch:[1/1](43480/113215), loss: 1.8981, logits_loss: 1.8981, aux_loss: 0.0000, lr: 0.00000710, epoch_time: 41.0min
Epoch:[1/1](43500/113215), loss: 2.1385, logits_loss: 2.1385, aux_loss: 0.0000, lr: 0.00000710, epoch_time: 41.0min
Epoch:[1/1](43520/113215), loss: 1.7746, logits_loss: 1.7746, aux_loss: 0.0000, lr: 0.00000710, epoch_time: 40.0min
Epoch:[1/1](43540/113215), loss: 1.7649, logits_loss: 1.7649, aux_loss: 0.0000, lr: 0.00000710, epoch_time: 40.0min
Epoch:[1/1](43560/113215), loss: 1.5106, logits_loss: 1.5106, aux_loss: 0.0000, lr: 0.00000709, epoch_time: 40.0min
Epoch:[1/1](43580/113215), loss: 1.9108, logits_loss: 1.9108, aux_loss: 0.0000, lr: 0.00000709, epoch_time: 40.0min
Epoch:[1/1](43600/113215), loss: 1.9078, logits_loss: 1.9078, aux_loss: 0.0000, lr: 0.00000709, epoch_time: 40.0min
Epoch:[1/1](43620/113215), loss: 1.7455, logits_loss: 1.7455, aux_loss: 0.0000, lr: 0.00000709, epoch_time: 40.0min
Epoch:[1/1](43640/113215), loss: 1.7214, logits_loss: 1.7214, aux_loss: 0.0000, lr: 0.00000708, epoch_time: 40.0min
Epoch:[1/1](43660/113215), loss: 1.7568, logits_loss: 1.7568, aux_loss: 0.0000, lr: 0.00000708, epoch_time: 40.0min
Epoch:[1/1](43680/113215), loss: 1.8628, logits_loss: 1.8628, aux_loss: 0.0000, lr: 0.00000708, epoch_time: 40.0min
Epoch:[1/1](43700/113215), loss: 1.7118, logits_loss: 1.7118, aux_loss: 0.0000, lr: 0.00000708, epoch_time: 40.0min
Epoch:[1/1](43720/113215), loss: 1.9147, logits_loss: 1.9147, aux_loss: 0.0000, lr: 0.00000708, epoch_time: 40.0min
Epoch:[1/1](43740/113215), loss: 1.8789, logits_loss: 1.8789, aux_loss: 0.0000, lr: 0.00000707, epoch_time: 40.0min
Epoch:[1/1](43760/113215), loss: 1.8654, logits_loss: 1.8654, aux_loss: 0.0000, lr: 0.00000707, epoch_time: 40.0min
Epoch:[1/1](43780/113215), loss: 1.7202, logits_loss: 1.7202, aux_loss: 0.0000, lr: 0.00000707, epoch_time: 40.0min
Epoch:[1/1](43800/113215), loss: 1.6408, logits_loss: 1.6408, aux_loss: 0.0000, lr: 0.00000707, epoch_time: 40.0min
Epoch:[1/1](43820/113215), loss: 1.7703, logits_loss: 1.7703, aux_loss: 0.0000, lr: 0.00000706, epoch_time: 40.0min
Epoch:[1/1](43840/113215), loss: 1.8590, logits_loss: 1.8590, aux_loss: 0.0000, lr: 0.00000706, epoch_time: 40.0min
Epoch:[1/1](43860/113215), loss: 1.8977, logits_loss: 1.8977, aux_loss: 0.0000, lr: 0.00000706, epoch_time: 40.0min
Epoch:[1/1](43880/113215), loss: 1.4626, logits_loss: 1.4626, aux_loss: 0.0000, lr: 0.00000706, epoch_time: 40.0min
Epoch:[1/1](43900/113215), loss: 1.8928, logits_loss: 1.8928, aux_loss: 0.0000, lr: 0.00000705, epoch_time: 40.0min
Epoch:[1/1](43920/113215), loss: 1.6411, logits_loss: 1.6411, aux_loss: 0.0000, lr: 0.00000705, epoch_time: 40.0min
Epoch:[1/1](43940/113215), loss: 2.1445, logits_loss: 2.1445, aux_loss: 0.0000, lr: 0.00000705, epoch_time: 40.0min
Epoch:[1/1](43960/113215), loss: 1.6323, logits_loss: 1.6323, aux_loss: 0.0000, lr: 0.00000705, epoch_time: 40.0min
Epoch:[1/1](43980/113215), loss: 1.8446, logits_loss: 1.8446, aux_loss: 0.0000, lr: 0.00000704, epoch_time: 40.0min
Epoch:[1/1](44000/113215), loss: 1.8352, logits_loss: 1.8352, aux_loss: 0.0000, lr: 0.00000704, epoch_time: 40.0min
Epoch:[1/1](44020/113215), loss: 2.0905, logits_loss: 2.0905, aux_loss: 0.0000, lr: 0.00000704, epoch_time: 40.0min
Epoch:[1/1](44040/113215), loss: 1.7989, logits_loss: 1.7989, aux_loss: 0.0000, lr: 0.00000704, epoch_time: 40.0min
Epoch:[1/1](44060/113215), loss: 1.7412, logits_loss: 1.7412, aux_loss: 0.0000, lr: 0.00000704, epoch_time: 40.0min
Epoch:[1/1](44080/113215), loss: 1.5864, logits_loss: 1.5864, aux_loss: 0.0000, lr: 0.00000703, epoch_time: 40.0min
Epoch:[1/1](44100/113215), loss: 1.3907, logits_loss: 1.3907, aux_loss: 0.0000, lr: 0.00000703, epoch_time: 40.0min
Epoch:[1/1](44120/113215), loss: 1.8873, logits_loss: 1.8873, aux_loss: 0.0000, lr: 0.00000703, epoch_time: 40.0min
Epoch:[1/1](44140/113215), loss: 1.7690, logits_loss: 1.7690, aux_loss: 0.0000, lr: 0.00000703, epoch_time: 40.0min
Epoch:[1/1](44160/113215), loss: 1.5323, logits_loss: 1.5323, aux_loss: 0.0000, lr: 0.00000702, epoch_time: 40.0min
Epoch:[1/1](44180/113215), loss: 1.7896, logits_loss: 1.7896, aux_loss: 0.0000, lr: 0.00000702, epoch_time: 40.0min
Epoch:[1/1](44200/113215), loss: 1.7121, logits_loss: 1.7121, aux_loss: 0.0000, lr: 0.00000702, epoch_time: 40.0min
Epoch:[1/1](44220/113215), loss: 1.9073, logits_loss: 1.9073, aux_loss: 0.0000, lr: 0.00000702, epoch_time: 40.0min
Epoch:[1/1](44240/113215), loss: 1.8065, logits_loss: 1.8065, aux_loss: 0.0000, lr: 0.00000701, epoch_time: 40.0min
Epoch:[1/1](44260/113215), loss: 1.6957, logits_loss: 1.6957, aux_loss: 0.0000, lr: 0.00000701, epoch_time: 40.0min
Epoch:[1/1](44280/113215), loss: 1.4276, logits_loss: 1.4276, aux_loss: 0.0000, lr: 0.00000701, epoch_time: 40.0min
Epoch:[1/1](44300/113215), loss: 1.8557, logits_loss: 1.8557, aux_loss: 0.0000, lr: 0.00000701, epoch_time: 40.0min
Epoch:[1/1](44320/113215), loss: 1.7602, logits_loss: 1.7602, aux_loss: 0.0000, lr: 0.00000700, epoch_time: 40.0min
Epoch:[1/1](44340/113215), loss: 1.9155, logits_loss: 1.9155, aux_loss: 0.0000, lr: 0.00000700, epoch_time: 40.0min
Epoch:[1/1](44360/113215), loss: 1.5306, logits_loss: 1.5306, aux_loss: 0.0000, lr: 0.00000700, epoch_time: 40.0min
Epoch:[1/1](44380/113215), loss: 1.8608, logits_loss: 1.8608, aux_loss: 0.0000, lr: 0.00000700, epoch_time: 40.0min
Epoch:[1/1](44400/113215), loss: 2.1206, logits_loss: 2.1206, aux_loss: 0.0000, lr: 0.00000700, epoch_time: 40.0min
Epoch:[1/1](44420/113215), loss: 1.8639, logits_loss: 1.8639, aux_loss: 0.0000, lr: 0.00000699, epoch_time: 40.0min
Epoch:[1/1](44440/113215), loss: 1.7608, logits_loss: 1.7608, aux_loss: 0.0000, lr: 0.00000699, epoch_time: 40.0min
Epoch:[1/1](44460/113215), loss: 1.5347, logits_loss: 1.5347, aux_loss: 0.0000, lr: 0.00000699, epoch_time: 40.0min
Epoch:[1/1](44480/113215), loss: 1.4842, logits_loss: 1.4842, aux_loss: 0.0000, lr: 0.00000699, epoch_time: 40.0min
Epoch:[1/1](44500/113215), loss: 1.5967, logits_loss: 1.5967, aux_loss: 0.0000, lr: 0.00000698, epoch_time: 40.0min
Epoch:[1/1](44520/113215), loss: 1.9409, logits_loss: 1.9409, aux_loss: 0.0000, lr: 0.00000698, epoch_time: 40.0min
Epoch:[1/1](44540/113215), loss: 1.3299, logits_loss: 1.3299, aux_loss: 0.0000, lr: 0.00000698, epoch_time: 40.0min
Epoch:[1/1](44560/113215), loss: 1.8588, logits_loss: 1.8588, aux_loss: 0.0000, lr: 0.00000698, epoch_time: 40.0min
Epoch:[1/1](44580/113215), loss: 1.5817, logits_loss: 1.5817, aux_loss: 0.0000, lr: 0.00000697, epoch_time: 40.0min
Epoch:[1/1](44600/113215), loss: 1.4441, logits_loss: 1.4441, aux_loss: 0.0000, lr: 0.00000697, epoch_time: 40.0min
Epoch:[1/1](44620/113215), loss: 2.0180, logits_loss: 2.0180, aux_loss: 0.0000, lr: 0.00000697, epoch_time: 40.0min
Epoch:[1/1](44640/113215), loss: 1.8646, logits_loss: 1.8646, aux_loss: 0.0000, lr: 0.00000697, epoch_time: 40.0min
Epoch:[1/1](44660/113215), loss: 1.7194, logits_loss: 1.7194, aux_loss: 0.0000, lr: 0.00000696, epoch_time: 40.0min
Epoch:[1/1](44680/113215), loss: 1.7718, logits_loss: 1.7718, aux_loss: 0.0000, lr: 0.00000696, epoch_time: 40.0min
Epoch:[1/1](44700/113215), loss: 1.6898, logits_loss: 1.6898, aux_loss: 0.0000, lr: 0.00000696, epoch_time: 40.0min
Epoch:[1/1](44720/113215), loss: 1.8214, logits_loss: 1.8214, aux_loss: 0.0000, lr: 0.00000696, epoch_time: 40.0min
Epoch:[1/1](44740/113215), loss: 1.7914, logits_loss: 1.7914, aux_loss: 0.0000, lr: 0.00000696, epoch_time: 40.0min
Epoch:[1/1](44760/113215), loss: 1.9157, logits_loss: 1.9157, aux_loss: 0.0000, lr: 0.00000695, epoch_time: 40.0min
Epoch:[1/1](44780/113215), loss: 1.7153, logits_loss: 1.7153, aux_loss: 0.0000, lr: 0.00000695, epoch_time: 40.0min
Epoch:[1/1](44800/113215), loss: 1.6619, logits_loss: 1.6619, aux_loss: 0.0000, lr: 0.00000695, epoch_time: 40.0min
Epoch:[1/1](44820/113215), loss: 1.8370, logits_loss: 1.8370, aux_loss: 0.0000, lr: 0.00000695, epoch_time: 40.0min
Epoch:[1/1](44840/113215), loss: 1.7418, logits_loss: 1.7418, aux_loss: 0.0000, lr: 0.00000694, epoch_time: 40.0min
Epoch:[1/1](44860/113215), loss: 1.9282, logits_loss: 1.9282, aux_loss: 0.0000, lr: 0.00000694, epoch_time: 40.0min
Epoch:[1/1](44880/113215), loss: 1.8496, logits_loss: 1.8496, aux_loss: 0.0000, lr: 0.00000694, epoch_time: 40.0min
Epoch:[1/1](44900/113215), loss: 1.9400, logits_loss: 1.9400, aux_loss: 0.0000, lr: 0.00000694, epoch_time: 40.0min
Epoch:[1/1](44920/113215), loss: 1.9609, logits_loss: 1.9609, aux_loss: 0.0000, lr: 0.00000693, epoch_time: 40.0min
Epoch:[1/1](44940/113215), loss: 1.6937, logits_loss: 1.6937, aux_loss: 0.0000, lr: 0.00000693, epoch_time: 40.0min
Epoch:[1/1](44960/113215), loss: 1.5322, logits_loss: 1.5322, aux_loss: 0.0000, lr: 0.00000693, epoch_time: 40.0min
Epoch:[1/1](44980/113215), loss: 2.0044, logits_loss: 2.0044, aux_loss: 0.0000, lr: 0.00000693, epoch_time: 40.0min
Epoch:[1/1](45000/113215), loss: 1.6864, logits_loss: 1.6864, aux_loss: 0.0000, lr: 0.00000692, epoch_time: 40.0min
Epoch:[1/1](45020/113215), loss: 1.8669, logits_loss: 1.8669, aux_loss: 0.0000, lr: 0.00000692, epoch_time: 40.0min
Epoch:[1/1](45040/113215), loss: 1.8196, logits_loss: 1.8196, aux_loss: 0.0000, lr: 0.00000692, epoch_time: 40.0min
Epoch:[1/1](45060/113215), loss: 1.6044, logits_loss: 1.6044, aux_loss: 0.0000, lr: 0.00000692, epoch_time: 40.0min
Epoch:[1/1](45080/113215), loss: 1.5694, logits_loss: 1.5694, aux_loss: 0.0000, lr: 0.00000692, epoch_time: 40.0min
Epoch:[1/1](45100/113215), loss: 1.7486, logits_loss: 1.7486, aux_loss: 0.0000, lr: 0.00000691, epoch_time: 40.0min
Epoch:[1/1](45120/113215), loss: 2.0469, logits_loss: 2.0469, aux_loss: 0.0000, lr: 0.00000691, epoch_time: 40.0min
Epoch:[1/1](45140/113215), loss: 1.5390, logits_loss: 1.5390, aux_loss: 0.0000, lr: 0.00000691, epoch_time: 40.0min
Epoch:[1/1](45160/113215), loss: 1.6229, logits_loss: 1.6229, aux_loss: 0.0000, lr: 0.00000691, epoch_time: 40.0min
Epoch:[1/1](45180/113215), loss: 1.8289, logits_loss: 1.8289, aux_loss: 0.0000, lr: 0.00000690, epoch_time: 40.0min
Epoch:[1/1](45200/113215), loss: 2.0400, logits_loss: 2.0400, aux_loss: 0.0000, lr: 0.00000690, epoch_time: 40.0min
Epoch:[1/1](45220/113215), loss: 1.8051, logits_loss: 1.8051, aux_loss: 0.0000, lr: 0.00000690, epoch_time: 40.0min
Epoch:[1/1](45240/113215), loss: 1.7898, logits_loss: 1.7898, aux_loss: 0.0000, lr: 0.00000690, epoch_time: 40.0min
Epoch:[1/1](45260/113215), loss: 1.5575, logits_loss: 1.5575, aux_loss: 0.0000, lr: 0.00000689, epoch_time: 40.0min
Epoch:[1/1](45280/113215), loss: 1.9032, logits_loss: 1.9032, aux_loss: 0.0000, lr: 0.00000689, epoch_time: 39.0min
Epoch:[1/1](45300/113215), loss: 1.7931, logits_loss: 1.7931, aux_loss: 0.0000, lr: 0.00000689, epoch_time: 39.0min
Epoch:[1/1](45320/113215), loss: 1.9251, logits_loss: 1.9251, aux_loss: 0.0000, lr: 0.00000689, epoch_time: 39.0min
Epoch:[1/1](45340/113215), loss: 1.7933, logits_loss: 1.7933, aux_loss: 0.0000, lr: 0.00000688, epoch_time: 39.0min
Epoch:[1/1](45360/113215), loss: 1.7647, logits_loss: 1.7647, aux_loss: 0.0000, lr: 0.00000688, epoch_time: 39.0min
Epoch:[1/1](45380/113215), loss: 1.8212, logits_loss: 1.8212, aux_loss: 0.0000, lr: 0.00000688, epoch_time: 39.0min
Epoch:[1/1](45400/113215), loss: 2.0645, logits_loss: 2.0645, aux_loss: 0.0000, lr: 0.00000688, epoch_time: 39.0min
Epoch:[1/1](45420/113215), loss: 1.7515, logits_loss: 1.7515, aux_loss: 0.0000, lr: 0.00000687, epoch_time: 39.0min
Epoch:[1/1](45440/113215), loss: 1.7282, logits_loss: 1.7282, aux_loss: 0.0000, lr: 0.00000687, epoch_time: 39.0min
Epoch:[1/1](45460/113215), loss: 1.6654, logits_loss: 1.6654, aux_loss: 0.0000, lr: 0.00000687, epoch_time: 39.0min
Epoch:[1/1](45480/113215), loss: 1.4055, logits_loss: 1.4055, aux_loss: 0.0000, lr: 0.00000687, epoch_time: 39.0min
Epoch:[1/1](45500/113215), loss: 1.8278, logits_loss: 1.8278, aux_loss: 0.0000, lr: 0.00000687, epoch_time: 39.0min
Epoch:[1/1](45520/113215), loss: 1.8296, logits_loss: 1.8296, aux_loss: 0.0000, lr: 0.00000686, epoch_time: 39.0min
Epoch:[1/1](45540/113215), loss: 2.2623, logits_loss: 2.2623, aux_loss: 0.0000, lr: 0.00000686, epoch_time: 39.0min
Epoch:[1/1](45560/113215), loss: 1.6115, logits_loss: 1.6115, aux_loss: 0.0000, lr: 0.00000686, epoch_time: 39.0min
Epoch:[1/1](45580/113215), loss: 1.8747, logits_loss: 1.8747, aux_loss: 0.0000, lr: 0.00000686, epoch_time: 39.0min
Epoch:[1/1](45600/113215), loss: 1.7450, logits_loss: 1.7450, aux_loss: 0.0000, lr: 0.00000685, epoch_time: 39.0min
Epoch:[1/1](45620/113215), loss: 1.9155, logits_loss: 1.9155, aux_loss: 0.0000, lr: 0.00000685, epoch_time: 39.0min
Epoch:[1/1](45640/113215), loss: 1.7510, logits_loss: 1.7510, aux_loss: 0.0000, lr: 0.00000685, epoch_time: 39.0min
Epoch:[1/1](45660/113215), loss: 1.8253, logits_loss: 1.8253, aux_loss: 0.0000, lr: 0.00000685, epoch_time: 39.0min
Epoch:[1/1](45680/113215), loss: 1.8386, logits_loss: 1.8386, aux_loss: 0.0000, lr: 0.00000684, epoch_time: 39.0min
Epoch:[1/1](45700/113215), loss: 1.6560, logits_loss: 1.6560, aux_loss: 0.0000, lr: 0.00000684, epoch_time: 39.0min
Epoch:[1/1](45720/113215), loss: 1.9658, logits_loss: 1.9658, aux_loss: 0.0000, lr: 0.00000684, epoch_time: 39.0min
Epoch:[1/1](45740/113215), loss: 1.7259, logits_loss: 1.7259, aux_loss: 0.0000, lr: 0.00000684, epoch_time: 39.0min
Epoch:[1/1](45760/113215), loss: 1.9096, logits_loss: 1.9096, aux_loss: 0.0000, lr: 0.00000683, epoch_time: 39.0min
Epoch:[1/1](45780/113215), loss: 1.8825, logits_loss: 1.8825, aux_loss: 0.0000, lr: 0.00000683, epoch_time: 39.0min
Epoch:[1/1](45800/113215), loss: 1.6581, logits_loss: 1.6581, aux_loss: 0.0000, lr: 0.00000683, epoch_time: 39.0min
Epoch:[1/1](45820/113215), loss: 1.8194, logits_loss: 1.8194, aux_loss: 0.0000, lr: 0.00000683, epoch_time: 39.0min
Epoch:[1/1](45840/113215), loss: 1.7100, logits_loss: 1.7100, aux_loss: 0.0000, lr: 0.00000682, epoch_time: 39.0min
Epoch:[1/1](45860/113215), loss: 1.5991, logits_loss: 1.5991, aux_loss: 0.0000, lr: 0.00000682, epoch_time: 39.0min
Epoch:[1/1](45880/113215), loss: 1.6815, logits_loss: 1.6815, aux_loss: 0.0000, lr: 0.00000682, epoch_time: 39.0min
Epoch:[1/1](45900/113215), loss: 1.5734, logits_loss: 1.5734, aux_loss: 0.0000, lr: 0.00000682, epoch_time: 39.0min
Epoch:[1/1](45920/113215), loss: 1.3554, logits_loss: 1.3554, aux_loss: 0.0000, lr: 0.00000682, epoch_time: 39.0min
Epoch:[1/1](45940/113215), loss: 1.6785, logits_loss: 1.6785, aux_loss: 0.0000, lr: 0.00000681, epoch_time: 39.0min
Epoch:[1/1](45960/113215), loss: 1.8708, logits_loss: 1.8708, aux_loss: 0.0000, lr: 0.00000681, epoch_time: 39.0min
Epoch:[1/1](45980/113215), loss: 1.8222, logits_loss: 1.8222, aux_loss: 0.0000, lr: 0.00000681, epoch_time: 39.0min
Epoch:[1/1](46000/113215), loss: 1.5496, logits_loss: 1.5496, aux_loss: 0.0000, lr: 0.00000681, epoch_time: 39.0min
Epoch:[1/1](46020/113215), loss: 1.7907, logits_loss: 1.7907, aux_loss: 0.0000, lr: 0.00000680, epoch_time: 39.0min
Epoch:[1/1](46040/113215), loss: 1.6878, logits_loss: 1.6878, aux_loss: 0.0000, lr: 0.00000680, epoch_time: 39.0min
Epoch:[1/1](46060/113215), loss: 1.4188, logits_loss: 1.4188, aux_loss: 0.0000, lr: 0.00000680, epoch_time: 39.0min
Epoch:[1/1](46080/113215), loss: 1.6260, logits_loss: 1.6260, aux_loss: 0.0000, lr: 0.00000680, epoch_time: 39.0min
Epoch:[1/1](46100/113215), loss: 1.9557, logits_loss: 1.9557, aux_loss: 0.0000, lr: 0.00000679, epoch_time: 39.0min
Epoch:[1/1](46120/113215), loss: 1.8166, logits_loss: 1.8166, aux_loss: 0.0000, lr: 0.00000679, epoch_time: 39.0min
Epoch:[1/1](46140/113215), loss: 1.8078, logits_loss: 1.8078, aux_loss: 0.0000, lr: 0.00000679, epoch_time: 39.0min
Epoch:[1/1](46160/113215), loss: 1.8883, logits_loss: 1.8883, aux_loss: 0.0000, lr: 0.00000679, epoch_time: 39.0min
Epoch:[1/1](46180/113215), loss: 1.9444, logits_loss: 1.9444, aux_loss: 0.0000, lr: 0.00000678, epoch_time: 39.0min
Epoch:[1/1](46200/113215), loss: 1.6169, logits_loss: 1.6169, aux_loss: 0.0000, lr: 0.00000678, epoch_time: 39.0min
Epoch:[1/1](46220/113215), loss: 1.6767, logits_loss: 1.6767, aux_loss: 0.0000, lr: 0.00000678, epoch_time: 39.0min
Epoch:[1/1](46240/113215), loss: 1.6320, logits_loss: 1.6320, aux_loss: 0.0000, lr: 0.00000678, epoch_time: 39.0min
Epoch:[1/1](46260/113215), loss: 1.7120, logits_loss: 1.7120, aux_loss: 0.0000, lr: 0.00000677, epoch_time: 39.0min
Epoch:[1/1](46280/113215), loss: 1.7256, logits_loss: 1.7256, aux_loss: 0.0000, lr: 0.00000677, epoch_time: 39.0min
Epoch:[1/1](46300/113215), loss: 1.8958, logits_loss: 1.8958, aux_loss: 0.0000, lr: 0.00000677, epoch_time: 39.0min
Epoch:[1/1](46320/113215), loss: 1.5944, logits_loss: 1.5944, aux_loss: 0.0000, lr: 0.00000677, epoch_time: 39.0min
Epoch:[1/1](46340/113215), loss: 1.6215, logits_loss: 1.6215, aux_loss: 0.0000, lr: 0.00000676, epoch_time: 39.0min
Epoch:[1/1](46360/113215), loss: 1.8926, logits_loss: 1.8926, aux_loss: 0.0000, lr: 0.00000676, epoch_time: 39.0min
Epoch:[1/1](46380/113215), loss: 1.9895, logits_loss: 1.9895, aux_loss: 0.0000, lr: 0.00000676, epoch_time: 39.0min
Epoch:[1/1](46400/113215), loss: 1.7395, logits_loss: 1.7395, aux_loss: 0.0000, lr: 0.00000676, epoch_time: 39.0min
Epoch:[1/1](46420/113215), loss: 1.8616, logits_loss: 1.8616, aux_loss: 0.0000, lr: 0.00000676, epoch_time: 39.0min
Epoch:[1/1](46440/113215), loss: 1.6602, logits_loss: 1.6602, aux_loss: 0.0000, lr: 0.00000675, epoch_time: 39.0min
Epoch:[1/1](46460/113215), loss: 1.6676, logits_loss: 1.6676, aux_loss: 0.0000, lr: 0.00000675, epoch_time: 39.0min
Epoch:[1/1](46480/113215), loss: 1.9731, logits_loss: 1.9731, aux_loss: 0.0000, lr: 0.00000675, epoch_time: 39.0min
Epoch:[1/1](46500/113215), loss: 1.8011, logits_loss: 1.8011, aux_loss: 0.0000, lr: 0.00000675, epoch_time: 39.0min
Epoch:[1/1](46520/113215), loss: 1.9734, logits_loss: 1.9734, aux_loss: 0.0000, lr: 0.00000674, epoch_time: 39.0min
Epoch:[1/1](46540/113215), loss: 1.8359, logits_loss: 1.8359, aux_loss: 0.0000, lr: 0.00000674, epoch_time: 39.0min
Epoch:[1/1](46560/113215), loss: 1.9595, logits_loss: 1.9595, aux_loss: 0.0000, lr: 0.00000674, epoch_time: 39.0min
Epoch:[1/1](46580/113215), loss: 1.6188, logits_loss: 1.6188, aux_loss: 0.0000, lr: 0.00000674, epoch_time: 39.0min
Epoch:[1/1](46600/113215), loss: 1.6870, logits_loss: 1.6870, aux_loss: 0.0000, lr: 0.00000673, epoch_time: 39.0min
Epoch:[1/1](46620/113215), loss: 1.5852, logits_loss: 1.5852, aux_loss: 0.0000, lr: 0.00000673, epoch_time: 39.0min
Epoch:[1/1](46640/113215), loss: 1.9597, logits_loss: 1.9597, aux_loss: 0.0000, lr: 0.00000673, epoch_time: 39.0min
Epoch:[1/1](46660/113215), loss: 1.8999, logits_loss: 1.8999, aux_loss: 0.0000, lr: 0.00000673, epoch_time: 39.0min
Epoch:[1/1](46680/113215), loss: 1.5670, logits_loss: 1.5670, aux_loss: 0.0000, lr: 0.00000672, epoch_time: 39.0min
Epoch:[1/1](46700/113215), loss: 1.8162, logits_loss: 1.8162, aux_loss: 0.0000, lr: 0.00000672, epoch_time: 39.0min
Epoch:[1/1](46720/113215), loss: 1.4811, logits_loss: 1.4811, aux_loss: 0.0000, lr: 0.00000672, epoch_time: 39.0min
Epoch:[1/1](46740/113215), loss: 2.2200, logits_loss: 2.2200, aux_loss: 0.0000, lr: 0.00000672, epoch_time: 39.0min
Epoch:[1/1](46760/113215), loss: 1.7378, logits_loss: 1.7378, aux_loss: 0.0000, lr: 0.00000671, epoch_time: 39.0min
Epoch:[1/1](46780/113215), loss: 1.9504, logits_loss: 1.9504, aux_loss: 0.0000, lr: 0.00000671, epoch_time: 39.0min
Epoch:[1/1](46800/113215), loss: 1.5382, logits_loss: 1.5382, aux_loss: 0.0000, lr: 0.00000671, epoch_time: 39.0min
Epoch:[1/1](46820/113215), loss: 1.6971, logits_loss: 1.6971, aux_loss: 0.0000, lr: 0.00000671, epoch_time: 39.0min
Epoch:[1/1](46840/113215), loss: 1.8295, logits_loss: 1.8295, aux_loss: 0.0000, lr: 0.00000670, epoch_time: 39.0min
Epoch:[1/1](46860/113215), loss: 1.6892, logits_loss: 1.6892, aux_loss: 0.0000, lr: 0.00000670, epoch_time: 39.0min
Epoch:[1/1](46880/113215), loss: 1.5418, logits_loss: 1.5418, aux_loss: 0.0000, lr: 0.00000670, epoch_time: 38.0min
Epoch:[1/1](46900/113215), loss: 1.6705, logits_loss: 1.6705, aux_loss: 0.0000, lr: 0.00000670, epoch_time: 38.0min
Epoch:[1/1](46920/113215), loss: 1.8235, logits_loss: 1.8235, aux_loss: 0.0000, lr: 0.00000670, epoch_time: 38.0min
Epoch:[1/1](46940/113215), loss: 1.7231, logits_loss: 1.7231, aux_loss: 0.0000, lr: 0.00000669, epoch_time: 38.0min
Epoch:[1/1](46960/113215), loss: 1.9045, logits_loss: 1.9045, aux_loss: 0.0000, lr: 0.00000669, epoch_time: 38.0min
Epoch:[1/1](46980/113215), loss: 1.3806, logits_loss: 1.3806, aux_loss: 0.0000, lr: 0.00000669, epoch_time: 38.0min
Epoch:[1/1](47000/113215), loss: 1.6395, logits_loss: 1.6395, aux_loss: 0.0000, lr: 0.00000669, epoch_time: 38.0min
Epoch:[1/1](47020/113215), loss: 1.8844, logits_loss: 1.8844, aux_loss: 0.0000, lr: 0.00000668, epoch_time: 38.0min
Epoch:[1/1](47040/113215), loss: 1.8718, logits_loss: 1.8718, aux_loss: 0.0000, lr: 0.00000668, epoch_time: 38.0min
Epoch:[1/1](47060/113215), loss: 1.6725, logits_loss: 1.6725, aux_loss: 0.0000, lr: 0.00000668, epoch_time: 38.0min
Epoch:[1/1](47080/113215), loss: 1.9147, logits_loss: 1.9147, aux_loss: 0.0000, lr: 0.00000668, epoch_time: 38.0min
Epoch:[1/1](47100/113215), loss: 1.5928, logits_loss: 1.5928, aux_loss: 0.0000, lr: 0.00000667, epoch_time: 38.0min
Epoch:[1/1](47120/113215), loss: 1.7098, logits_loss: 1.7098, aux_loss: 0.0000, lr: 0.00000667, epoch_time: 38.0min
Epoch:[1/1](47140/113215), loss: 2.0358, logits_loss: 2.0358, aux_loss: 0.0000, lr: 0.00000667, epoch_time: 38.0min
Epoch:[1/1](47160/113215), loss: 1.6667, logits_loss: 1.6667, aux_loss: 0.0000, lr: 0.00000667, epoch_time: 38.0min
Epoch:[1/1](47180/113215), loss: 1.5677, logits_loss: 1.5677, aux_loss: 0.0000, lr: 0.00000666, epoch_time: 38.0min
Epoch:[1/1](47200/113215), loss: 1.8852, logits_loss: 1.8852, aux_loss: 0.0000, lr: 0.00000666, epoch_time: 38.0min
Epoch:[1/1](47220/113215), loss: 1.6038, logits_loss: 1.6038, aux_loss: 0.0000, lr: 0.00000666, epoch_time: 38.0min
Epoch:[1/1](47240/113215), loss: 1.9238, logits_loss: 1.9238, aux_loss: 0.0000, lr: 0.00000666, epoch_time: 38.0min
Epoch:[1/1](47260/113215), loss: 1.6174, logits_loss: 1.6174, aux_loss: 0.0000, lr: 0.00000665, epoch_time: 38.0min
Epoch:[1/1](47280/113215), loss: 1.7767, logits_loss: 1.7767, aux_loss: 0.0000, lr: 0.00000665, epoch_time: 38.0min
Epoch:[1/1](47300/113215), loss: 1.5429, logits_loss: 1.5429, aux_loss: 0.0000, lr: 0.00000665, epoch_time: 38.0min
Epoch:[1/1](47320/113215), loss: 2.0714, logits_loss: 2.0714, aux_loss: 0.0000, lr: 0.00000665, epoch_time: 38.0min
Epoch:[1/1](47340/113215), loss: 1.6446, logits_loss: 1.6446, aux_loss: 0.0000, lr: 0.00000664, epoch_time: 38.0min
Epoch:[1/1](47360/113215), loss: 1.7968, logits_loss: 1.7968, aux_loss: 0.0000, lr: 0.00000664, epoch_time: 38.0min
Epoch:[1/1](47380/113215), loss: 1.8552, logits_loss: 1.8552, aux_loss: 0.0000, lr: 0.00000664, epoch_time: 38.0min
Epoch:[1/1](47400/113215), loss: 1.8383, logits_loss: 1.8383, aux_loss: 0.0000, lr: 0.00000664, epoch_time: 38.0min
Epoch:[1/1](47420/113215), loss: 1.9035, logits_loss: 1.9035, aux_loss: 0.0000, lr: 0.00000663, epoch_time: 38.0min
Epoch:[1/1](47440/113215), loss: 1.9165, logits_loss: 1.9165, aux_loss: 0.0000, lr: 0.00000663, epoch_time: 38.0min
Epoch:[1/1](47460/113215), loss: 1.4177, logits_loss: 1.4177, aux_loss: 0.0000, lr: 0.00000663, epoch_time: 38.0min
Epoch:[1/1](47480/113215), loss: 1.8189, logits_loss: 1.8189, aux_loss: 0.0000, lr: 0.00000663, epoch_time: 38.0min
Epoch:[1/1](47500/113215), loss: 1.6024, logits_loss: 1.6024, aux_loss: 0.0000, lr: 0.00000663, epoch_time: 38.0min
Epoch:[1/1](47520/113215), loss: 1.7722, logits_loss: 1.7722, aux_loss: 0.0000, lr: 0.00000662, epoch_time: 38.0min
Epoch:[1/1](47540/113215), loss: 1.9124, logits_loss: 1.9124, aux_loss: 0.0000, lr: 0.00000662, epoch_time: 38.0min
Epoch:[1/1](47560/113215), loss: 1.8501, logits_loss: 1.8501, aux_loss: 0.0000, lr: 0.00000662, epoch_time: 38.0min
Epoch:[1/1](47580/113215), loss: 1.6745, logits_loss: 1.6745, aux_loss: 0.0000, lr: 0.00000662, epoch_time: 38.0min
Epoch:[1/1](47600/113215), loss: 2.1881, logits_loss: 2.1881, aux_loss: 0.0000, lr: 0.00000661, epoch_time: 38.0min
Epoch:[1/1](47620/113215), loss: 1.8709, logits_loss: 1.8709, aux_loss: 0.0000, lr: 0.00000661, epoch_time: 38.0min
Epoch:[1/1](47640/113215), loss: 1.6643, logits_loss: 1.6643, aux_loss: 0.0000, lr: 0.00000661, epoch_time: 38.0min
Epoch:[1/1](47660/113215), loss: 1.6694, logits_loss: 1.6694, aux_loss: 0.0000, lr: 0.00000661, epoch_time: 38.0min
Epoch:[1/1](47680/113215), loss: 1.6776, logits_loss: 1.6776, aux_loss: 0.0000, lr: 0.00000660, epoch_time: 38.0min
Epoch:[1/1](47700/113215), loss: 1.8855, logits_loss: 1.8855, aux_loss: 0.0000, lr: 0.00000660, epoch_time: 38.0min
Epoch:[1/1](47720/113215), loss: 1.8664, logits_loss: 1.8664, aux_loss: 0.0000, lr: 0.00000660, epoch_time: 38.0min
Epoch:[1/1](47740/113215), loss: 1.7914, logits_loss: 1.7914, aux_loss: 0.0000, lr: 0.00000660, epoch_time: 38.0min
Epoch:[1/1](47760/113215), loss: 1.4130, logits_loss: 1.4130, aux_loss: 0.0000, lr: 0.00000659, epoch_time: 38.0min
Epoch:[1/1](47780/113215), loss: 1.8308, logits_loss: 1.8308, aux_loss: 0.0000, lr: 0.00000659, epoch_time: 38.0min
Epoch:[1/1](47800/113215), loss: 1.4873, logits_loss: 1.4873, aux_loss: 0.0000, lr: 0.00000659, epoch_time: 38.0min
Epoch:[1/1](47820/113215), loss: 1.7658, logits_loss: 1.7658, aux_loss: 0.0000, lr: 0.00000659, epoch_time: 38.0min
Epoch:[1/1](47840/113215), loss: 1.9209, logits_loss: 1.9209, aux_loss: 0.0000, lr: 0.00000658, epoch_time: 38.0min
Epoch:[1/1](47860/113215), loss: 1.5212, logits_loss: 1.5212, aux_loss: 0.0000, lr: 0.00000658, epoch_time: 38.0min
Epoch:[1/1](47880/113215), loss: 1.6769, logits_loss: 1.6769, aux_loss: 0.0000, lr: 0.00000658, epoch_time: 38.0min
Epoch:[1/1](47900/113215), loss: 1.7582, logits_loss: 1.7582, aux_loss: 0.0000, lr: 0.00000658, epoch_time: 38.0min
Epoch:[1/1](47920/113215), loss: 1.9978, logits_loss: 1.9978, aux_loss: 0.0000, lr: 0.00000657, epoch_time: 38.0min
Epoch:[1/1](47940/113215), loss: 1.9533, logits_loss: 1.9533, aux_loss: 0.0000, lr: 0.00000657, epoch_time: 38.0min
Epoch:[1/1](47960/113215), loss: 1.4846, logits_loss: 1.4846, aux_loss: 0.0000, lr: 0.00000657, epoch_time: 38.0min
Epoch:[1/1](47980/113215), loss: 1.7393, logits_loss: 1.7393, aux_loss: 0.0000, lr: 0.00000657, epoch_time: 38.0min
Epoch:[1/1](48000/113215), loss: 1.7937, logits_loss: 1.7937, aux_loss: 0.0000, lr: 0.00000656, epoch_time: 38.0min
Epoch:[1/1](48020/113215), loss: 1.6139, logits_loss: 1.6139, aux_loss: 0.0000, lr: 0.00000656, epoch_time: 38.0min
Epoch:[1/1](48040/113215), loss: 1.7831, logits_loss: 1.7831, aux_loss: 0.0000, lr: 0.00000656, epoch_time: 38.0min
Epoch:[1/1](48060/113215), loss: 1.8477, logits_loss: 1.8477, aux_loss: 0.0000, lr: 0.00000656, epoch_time: 38.0min
Epoch:[1/1](48080/113215), loss: 1.7848, logits_loss: 1.7848, aux_loss: 0.0000, lr: 0.00000655, epoch_time: 38.0min
Epoch:[1/1](48100/113215), loss: 1.9938, logits_loss: 1.9938, aux_loss: 0.0000, lr: 0.00000655, epoch_time: 38.0min
Epoch:[1/1](48120/113215), loss: 1.4059, logits_loss: 1.4059, aux_loss: 0.0000, lr: 0.00000655, epoch_time: 38.0min
Epoch:[1/1](48140/113215), loss: 1.7153, logits_loss: 1.7153, aux_loss: 0.0000, lr: 0.00000655, epoch_time: 38.0min
Epoch:[1/1](48160/113215), loss: 1.6904, logits_loss: 1.6904, aux_loss: 0.0000, lr: 0.00000655, epoch_time: 38.0min
Epoch:[1/1](48180/113215), loss: 1.8547, logits_loss: 1.8547, aux_loss: 0.0000, lr: 0.00000654, epoch_time: 38.0min
Epoch:[1/1](48200/113215), loss: 2.1092, logits_loss: 2.1092, aux_loss: 0.0000, lr: 0.00000654, epoch_time: 38.0min
Epoch:[1/1](48220/113215), loss: 1.9385, logits_loss: 1.9385, aux_loss: 0.0000, lr: 0.00000654, epoch_time: 38.0min
Epoch:[1/1](48240/113215), loss: 1.5311, logits_loss: 1.5311, aux_loss: 0.0000, lr: 0.00000654, epoch_time: 38.0min
Epoch:[1/1](48260/113215), loss: 1.7702, logits_loss: 1.7702, aux_loss: 0.0000, lr: 0.00000653, epoch_time: 38.0min
Epoch:[1/1](48280/113215), loss: 1.7104, logits_loss: 1.7104, aux_loss: 0.0000, lr: 0.00000653, epoch_time: 38.0min
Epoch:[1/1](48300/113215), loss: 1.9388, logits_loss: 1.9388, aux_loss: 0.0000, lr: 0.00000653, epoch_time: 38.0min
Epoch:[1/1](48320/113215), loss: 1.9843, logits_loss: 1.9843, aux_loss: 0.0000, lr: 0.00000653, epoch_time: 38.0min
Epoch:[1/1](48340/113215), loss: 1.6877, logits_loss: 1.6877, aux_loss: 0.0000, lr: 0.00000652, epoch_time: 38.0min
Epoch:[1/1](48360/113215), loss: 1.8292, logits_loss: 1.8292, aux_loss: 0.0000, lr: 0.00000652, epoch_time: 38.0min
Epoch:[1/1](48380/113215), loss: 1.8874, logits_loss: 1.8874, aux_loss: 0.0000, lr: 0.00000652, epoch_time: 38.0min
Epoch:[1/1](48400/113215), loss: 1.8006, logits_loss: 1.8006, aux_loss: 0.0000, lr: 0.00000652, epoch_time: 38.0min
Epoch:[1/1](48420/113215), loss: 1.6541, logits_loss: 1.6541, aux_loss: 0.0000, lr: 0.00000651, epoch_time: 38.0min
Epoch:[1/1](48440/113215), loss: 1.6670, logits_loss: 1.6670, aux_loss: 0.0000, lr: 0.00000651, epoch_time: 38.0min
Epoch:[1/1](48460/113215), loss: 1.4844, logits_loss: 1.4844, aux_loss: 0.0000, lr: 0.00000651, epoch_time: 38.0min
Epoch:[1/1](48480/113215), loss: 1.7174, logits_loss: 1.7174, aux_loss: 0.0000, lr: 0.00000651, epoch_time: 38.0min
Epoch:[1/1](48500/113215), loss: 2.0181, logits_loss: 2.0181, aux_loss: 0.0000, lr: 0.00000650, epoch_time: 38.0min
Epoch:[1/1](48520/113215), loss: 1.9792, logits_loss: 1.9792, aux_loss: 0.0000, lr: 0.00000650, epoch_time: 38.0min
Epoch:[1/1](48540/113215), loss: 1.5421, logits_loss: 1.5421, aux_loss: 0.0000, lr: 0.00000650, epoch_time: 38.0min
Epoch:[1/1](48560/113215), loss: 1.7116, logits_loss: 1.7116, aux_loss: 0.0000, lr: 0.00000650, epoch_time: 38.0min
Epoch:[1/1](48580/113215), loss: 1.9244, logits_loss: 1.9244, aux_loss: 0.0000, lr: 0.00000649, epoch_time: 37.0min
Epoch:[1/1](48600/113215), loss: 1.8227, logits_loss: 1.8227, aux_loss: 0.0000, lr: 0.00000649, epoch_time: 37.0min
Epoch:[1/1](48620/113215), loss: 1.7235, logits_loss: 1.7235, aux_loss: 0.0000, lr: 0.00000649, epoch_time: 37.0min
Epoch:[1/1](48640/113215), loss: 1.8399, logits_loss: 1.8399, aux_loss: 0.0000, lr: 0.00000649, epoch_time: 37.0min
Epoch:[1/1](48660/113215), loss: 1.7946, logits_loss: 1.7946, aux_loss: 0.0000, lr: 0.00000648, epoch_time: 37.0min
Epoch:[1/1](48680/113215), loss: 1.7077, logits_loss: 1.7077, aux_loss: 0.0000, lr: 0.00000648, epoch_time: 37.0min
Epoch:[1/1](48700/113215), loss: 1.8319, logits_loss: 1.8319, aux_loss: 0.0000, lr: 0.00000648, epoch_time: 37.0min
Epoch:[1/1](48720/113215), loss: 1.7846, logits_loss: 1.7846, aux_loss: 0.0000, lr: 0.00000648, epoch_time: 37.0min
Epoch:[1/1](48740/113215), loss: 1.9180, logits_loss: 1.9180, aux_loss: 0.0000, lr: 0.00000647, epoch_time: 37.0min
Epoch:[1/1](48760/113215), loss: 1.8725, logits_loss: 1.8725, aux_loss: 0.0000, lr: 0.00000647, epoch_time: 37.0min
Epoch:[1/1](48780/113215), loss: 1.7870, logits_loss: 1.7870, aux_loss: 0.0000, lr: 0.00000647, epoch_time: 37.0min
Epoch:[1/1](48800/113215), loss: 1.9233, logits_loss: 1.9233, aux_loss: 0.0000, lr: 0.00000647, epoch_time: 37.0min
Epoch:[1/1](48820/113215), loss: 1.7720, logits_loss: 1.7720, aux_loss: 0.0000, lr: 0.00000646, epoch_time: 37.0min
Epoch:[1/1](48840/113215), loss: 1.8935, logits_loss: 1.8935, aux_loss: 0.0000, lr: 0.00000646, epoch_time: 37.0min
Epoch:[1/1](48860/113215), loss: 1.8209, logits_loss: 1.8209, aux_loss: 0.0000, lr: 0.00000646, epoch_time: 37.0min
Epoch:[1/1](48880/113215), loss: 1.8554, logits_loss: 1.8554, aux_loss: 0.0000, lr: 0.00000646, epoch_time: 37.0min
Epoch:[1/1](48900/113215), loss: 1.8688, logits_loss: 1.8688, aux_loss: 0.0000, lr: 0.00000646, epoch_time: 37.0min
Epoch:[1/1](48920/113215), loss: 2.0079, logits_loss: 2.0079, aux_loss: 0.0000, lr: 0.00000645, epoch_time: 37.0min
Epoch:[1/1](48940/113215), loss: 1.5751, logits_loss: 1.5751, aux_loss: 0.0000, lr: 0.00000645, epoch_time: 37.0min
Epoch:[1/1](48960/113215), loss: 1.9518, logits_loss: 1.9518, aux_loss: 0.0000, lr: 0.00000645, epoch_time: 37.0min
Epoch:[1/1](48980/113215), loss: 1.6854, logits_loss: 1.6854, aux_loss: 0.0000, lr: 0.00000645, epoch_time: 37.0min
Epoch:[1/1](49000/113215), loss: 1.9472, logits_loss: 1.9472, aux_loss: 0.0000, lr: 0.00000644, epoch_time: 37.0min
Epoch:[1/1](49020/113215), loss: 1.5295, logits_loss: 1.5295, aux_loss: 0.0000, lr: 0.00000644, epoch_time: 37.0min
Epoch:[1/1](49040/113215), loss: 1.9884, logits_loss: 1.9884, aux_loss: 0.0000, lr: 0.00000644, epoch_time: 37.0min
Epoch:[1/1](49060/113215), loss: 1.6955, logits_loss: 1.6955, aux_loss: 0.0000, lr: 0.00000644, epoch_time: 37.0min
Epoch:[1/1](49080/113215), loss: 1.7616, logits_loss: 1.7616, aux_loss: 0.0000, lr: 0.00000643, epoch_time: 37.0min
Epoch:[1/1](49100/113215), loss: 1.6730, logits_loss: 1.6730, aux_loss: 0.0000, lr: 0.00000643, epoch_time: 37.0min
Epoch:[1/1](49120/113215), loss: 1.8074, logits_loss: 1.8074, aux_loss: 0.0000, lr: 0.00000643, epoch_time: 37.0min
Epoch:[1/1](49140/113215), loss: 1.5926, logits_loss: 1.5926, aux_loss: 0.0000, lr: 0.00000643, epoch_time: 37.0min
Epoch:[1/1](49160/113215), loss: 1.6514, logits_loss: 1.6514, aux_loss: 0.0000, lr: 0.00000642, epoch_time: 37.0min
Epoch:[1/1](49180/113215), loss: 2.0073, logits_loss: 2.0073, aux_loss: 0.0000, lr: 0.00000642, epoch_time: 37.0min
Epoch:[1/1](49200/113215), loss: 1.7579, logits_loss: 1.7579, aux_loss: 0.0000, lr: 0.00000642, epoch_time: 37.0min
Epoch:[1/1](49220/113215), loss: 1.6559, logits_loss: 1.6559, aux_loss: 0.0000, lr: 0.00000642, epoch_time: 37.0min
Epoch:[1/1](49240/113215), loss: 1.5943, logits_loss: 1.5943, aux_loss: 0.0000, lr: 0.00000641, epoch_time: 37.0min
Epoch:[1/1](49260/113215), loss: 1.7882, logits_loss: 1.7882, aux_loss: 0.0000, lr: 0.00000641, epoch_time: 37.0min
Epoch:[1/1](49280/113215), loss: 2.0799, logits_loss: 2.0799, aux_loss: 0.0000, lr: 0.00000641, epoch_time: 37.0min
Epoch:[1/1](49300/113215), loss: 1.7573, logits_loss: 1.7573, aux_loss: 0.0000, lr: 0.00000641, epoch_time: 37.0min
Epoch:[1/1](49320/113215), loss: 1.7785, logits_loss: 1.7785, aux_loss: 0.0000, lr: 0.00000640, epoch_time: 37.0min
Epoch:[1/1](49340/113215), loss: 1.6321, logits_loss: 1.6321, aux_loss: 0.0000, lr: 0.00000640, epoch_time: 37.0min
Epoch:[1/1](49360/113215), loss: 1.8786, logits_loss: 1.8786, aux_loss: 0.0000, lr: 0.00000640, epoch_time: 37.0min
Epoch:[1/1](49380/113215), loss: 1.6967, logits_loss: 1.6967, aux_loss: 0.0000, lr: 0.00000640, epoch_time: 37.0min
Epoch:[1/1](49400/113215), loss: 1.7639, logits_loss: 1.7639, aux_loss: 0.0000, lr: 0.00000639, epoch_time: 37.0min
Epoch:[1/1](49420/113215), loss: 1.7545, logits_loss: 1.7545, aux_loss: 0.0000, lr: 0.00000639, epoch_time: 37.0min
Epoch:[1/1](49440/113215), loss: 1.8042, logits_loss: 1.8042, aux_loss: 0.0000, lr: 0.00000639, epoch_time: 37.0min
Epoch:[1/1](49460/113215), loss: 1.7143, logits_loss: 1.7143, aux_loss: 0.0000, lr: 0.00000639, epoch_time: 37.0min
Epoch:[1/1](49480/113215), loss: 1.7222, logits_loss: 1.7222, aux_loss: 0.0000, lr: 0.00000638, epoch_time: 37.0min
Epoch:[1/1](49500/113215), loss: 1.3833, logits_loss: 1.3833, aux_loss: 0.0000, lr: 0.00000638, epoch_time: 37.0min
Epoch:[1/1](49520/113215), loss: 1.8951, logits_loss: 1.8951, aux_loss: 0.0000, lr: 0.00000638, epoch_time: 37.0min
Epoch:[1/1](49540/113215), loss: 1.6827, logits_loss: 1.6827, aux_loss: 0.0000, lr: 0.00000638, epoch_time: 37.0min
Epoch:[1/1](49560/113215), loss: 2.1526, logits_loss: 2.1526, aux_loss: 0.0000, lr: 0.00000637, epoch_time: 37.0min
Epoch:[1/1](49580/113215), loss: 1.7453, logits_loss: 1.7453, aux_loss: 0.0000, lr: 0.00000637, epoch_time: 37.0min
Epoch:[1/1](49600/113215), loss: 1.7120, logits_loss: 1.7120, aux_loss: 0.0000, lr: 0.00000637, epoch_time: 37.0min
Epoch:[1/1](49620/113215), loss: 1.3928, logits_loss: 1.3928, aux_loss: 0.0000, lr: 0.00000637, epoch_time: 37.0min
Epoch:[1/1](49640/113215), loss: 1.6899, logits_loss: 1.6899, aux_loss: 0.0000, lr: 0.00000636, epoch_time: 37.0min
Epoch:[1/1](49660/113215), loss: 1.8502, logits_loss: 1.8502, aux_loss: 0.0000, lr: 0.00000636, epoch_time: 37.0min
Epoch:[1/1](49680/113215), loss: 1.5536, logits_loss: 1.5536, aux_loss: 0.0000, lr: 0.00000636, epoch_time: 37.0min
Epoch:[1/1](49700/113215), loss: 1.7939, logits_loss: 1.7939, aux_loss: 0.0000, lr: 0.00000636, epoch_time: 37.0min
Epoch:[1/1](49720/113215), loss: 1.8309, logits_loss: 1.8309, aux_loss: 0.0000, lr: 0.00000635, epoch_time: 37.0min
Epoch:[1/1](49740/113215), loss: 1.9368, logits_loss: 1.9368, aux_loss: 0.0000, lr: 0.00000635, epoch_time: 37.0min
Epoch:[1/1](49760/113215), loss: 1.4403, logits_loss: 1.4403, aux_loss: 0.0000, lr: 0.00000635, epoch_time: 37.0min
Epoch:[1/1](49780/113215), loss: 1.8635, logits_loss: 1.8635, aux_loss: 0.0000, lr: 0.00000635, epoch_time: 37.0min
Epoch:[1/1](49800/113215), loss: 1.6109, logits_loss: 1.6109, aux_loss: 0.0000, lr: 0.00000635, epoch_time: 37.0min
Epoch:[1/1](49820/113215), loss: 1.8830, logits_loss: 1.8830, aux_loss: 0.0000, lr: 0.00000634, epoch_time: 37.0min
Epoch:[1/1](49840/113215), loss: 1.7071, logits_loss: 1.7071, aux_loss: 0.0000, lr: 0.00000634, epoch_time: 37.0min
Epoch:[1/1](49860/113215), loss: 1.8080, logits_loss: 1.8080, aux_loss: 0.0000, lr: 0.00000634, epoch_time: 37.0min
Epoch:[1/1](49880/113215), loss: 1.6114, logits_loss: 1.6114, aux_loss: 0.0000, lr: 0.00000634, epoch_time: 37.0min
Epoch:[1/1](49900/113215), loss: 2.1135, logits_loss: 2.1135, aux_loss: 0.0000, lr: 0.00000633, epoch_time: 37.0min
Epoch:[1/1](49920/113215), loss: 1.8525, logits_loss: 1.8525, aux_loss: 0.0000, lr: 0.00000633, epoch_time: 37.0min
Epoch:[1/1](49940/113215), loss: 1.7837, logits_loss: 1.7837, aux_loss: 0.0000, lr: 0.00000633, epoch_time: 37.0min
Epoch:[1/1](49960/113215), loss: 1.6859, logits_loss: 1.6859, aux_loss: 0.0000, lr: 0.00000633, epoch_time: 37.0min
Epoch:[1/1](49980/113215), loss: 1.8082, logits_loss: 1.8082, aux_loss: 0.0000, lr: 0.00000632, epoch_time: 37.0min
Epoch:[1/1](50000/113215), loss: 1.8647, logits_loss: 1.8647, aux_loss: 0.0000, lr: 0.00000632, epoch_time: 37.0min
Epoch:[1/1](50020/113215), loss: 1.8469, logits_loss: 1.8469, aux_loss: 0.0000, lr: 0.00000632, epoch_time: 37.0min
Epoch:[1/1](50040/113215), loss: 1.9959, logits_loss: 1.9959, aux_loss: 0.0000, lr: 0.00000632, epoch_time: 37.0min
Epoch:[1/1](50060/113215), loss: 2.0224, logits_loss: 2.0224, aux_loss: 0.0000, lr: 0.00000631, epoch_time: 37.0min
Epoch:[1/1](50080/113215), loss: 1.7573, logits_loss: 1.7573, aux_loss: 0.0000, lr: 0.00000631, epoch_time: 37.0min
Epoch:[1/1](50100/113215), loss: 1.5225, logits_loss: 1.5225, aux_loss: 0.0000, lr: 0.00000631, epoch_time: 37.0min
Epoch:[1/1](50120/113215), loss: 1.4797, logits_loss: 1.4797, aux_loss: 0.0000, lr: 0.00000631, epoch_time: 37.0min
Epoch:[1/1](50140/113215), loss: 1.8286, logits_loss: 1.8286, aux_loss: 0.0000, lr: 0.00000630, epoch_time: 37.0min
Epoch:[1/1](50160/113215), loss: 1.7725, logits_loss: 1.7725, aux_loss: 0.0000, lr: 0.00000630, epoch_time: 37.0min
Epoch:[1/1](50180/113215), loss: 1.4509, logits_loss: 1.4509, aux_loss: 0.0000, lr: 0.00000630, epoch_time: 37.0min
Epoch:[1/1](50200/113215), loss: 1.8824, logits_loss: 1.8824, aux_loss: 0.0000, lr: 0.00000630, epoch_time: 37.0min
Epoch:[1/1](50220/113215), loss: 1.6199, logits_loss: 1.6199, aux_loss: 0.0000, lr: 0.00000629, epoch_time: 37.0min
Epoch:[1/1](50240/113215), loss: 2.1748, logits_loss: 2.1748, aux_loss: 0.0000, lr: 0.00000629, epoch_time: 37.0min
Epoch:[1/1](50260/113215), loss: 1.8005, logits_loss: 1.8005, aux_loss: 0.0000, lr: 0.00000629, epoch_time: 37.0min
Epoch:[1/1](50280/113215), loss: 1.5049, logits_loss: 1.5049, aux_loss: 0.0000, lr: 0.00000629, epoch_time: 37.0min
Epoch:[1/1](50300/113215), loss: 1.6791, logits_loss: 1.6791, aux_loss: 0.0000, lr: 0.00000628, epoch_time: 37.0min
Epoch:[1/1](50320/113215), loss: 1.9563, logits_loss: 1.9563, aux_loss: 0.0000, lr: 0.00000628, epoch_time: 36.0min
Epoch:[1/1](50340/113215), loss: 1.7087, logits_loss: 1.7087, aux_loss: 0.0000, lr: 0.00000628, epoch_time: 36.0min
Epoch:[1/1](50360/113215), loss: 1.6698, logits_loss: 1.6698, aux_loss: 0.0000, lr: 0.00000628, epoch_time: 36.0min
Epoch:[1/1](50380/113215), loss: 1.7959, logits_loss: 1.7959, aux_loss: 0.0000, lr: 0.00000627, epoch_time: 36.0min
Epoch:[1/1](50400/113215), loss: 1.6545, logits_loss: 1.6545, aux_loss: 0.0000, lr: 0.00000627, epoch_time: 36.0min
Epoch:[1/1](50420/113215), loss: 1.6215, logits_loss: 1.6215, aux_loss: 0.0000, lr: 0.00000627, epoch_time: 36.0min
Epoch:[1/1](50440/113215), loss: 1.7192, logits_loss: 1.7192, aux_loss: 0.0000, lr: 0.00000627, epoch_time: 36.0min
Epoch:[1/1](50460/113215), loss: 1.8976, logits_loss: 1.8976, aux_loss: 0.0000, lr: 0.00000626, epoch_time: 36.0min
Epoch:[1/1](50480/113215), loss: 2.1199, logits_loss: 2.1199, aux_loss: 0.0000, lr: 0.00000626, epoch_time: 36.0min
Epoch:[1/1](50500/113215), loss: 2.0248, logits_loss: 2.0248, aux_loss: 0.0000, lr: 0.00000626, epoch_time: 36.0min
Epoch:[1/1](50520/113215), loss: 1.8832, logits_loss: 1.8832, aux_loss: 0.0000, lr: 0.00000626, epoch_time: 36.0min
Epoch:[1/1](50540/113215), loss: 1.8570, logits_loss: 1.8570, aux_loss: 0.0000, lr: 0.00000625, epoch_time: 36.0min
Epoch:[1/1](50560/113215), loss: 1.9138, logits_loss: 1.9138, aux_loss: 0.0000, lr: 0.00000625, epoch_time: 36.0min
Epoch:[1/1](50580/113215), loss: 1.6684, logits_loss: 1.6684, aux_loss: 0.0000, lr: 0.00000625, epoch_time: 36.0min
Epoch:[1/1](50600/113215), loss: 1.9447, logits_loss: 1.9447, aux_loss: 0.0000, lr: 0.00000625, epoch_time: 36.0min
Epoch:[1/1](50620/113215), loss: 1.9930, logits_loss: 1.9930, aux_loss: 0.0000, lr: 0.00000624, epoch_time: 36.0min
Epoch:[1/1](50640/113215), loss: 2.0068, logits_loss: 2.0068, aux_loss: 0.0000, lr: 0.00000624, epoch_time: 36.0min
Epoch:[1/1](50660/113215), loss: 1.7833, logits_loss: 1.7833, aux_loss: 0.0000, lr: 0.00000624, epoch_time: 36.0min
Epoch:[1/1](50680/113215), loss: 2.2165, logits_loss: 2.2165, aux_loss: 0.0000, lr: 0.00000624, epoch_time: 36.0min
Epoch:[1/1](50700/113215), loss: 1.7587, logits_loss: 1.7587, aux_loss: 0.0000, lr: 0.00000623, epoch_time: 36.0min
Epoch:[1/1](50720/113215), loss: 1.8948, logits_loss: 1.8948, aux_loss: 0.0000, lr: 0.00000623, epoch_time: 36.0min
Epoch:[1/1](50740/113215), loss: 1.8282, logits_loss: 1.8282, aux_loss: 0.0000, lr: 0.00000623, epoch_time: 36.0min
Epoch:[1/1](50760/113215), loss: 1.5550, logits_loss: 1.5550, aux_loss: 0.0000, lr: 0.00000623, epoch_time: 36.0min
Epoch:[1/1](50780/113215), loss: 1.8071, logits_loss: 1.8071, aux_loss: 0.0000, lr: 0.00000622, epoch_time: 36.0min
Epoch:[1/1](50800/113215), loss: 1.7750, logits_loss: 1.7750, aux_loss: 0.0000, lr: 0.00000622, epoch_time: 36.0min
Epoch:[1/1](50820/113215), loss: 1.6408, logits_loss: 1.6408, aux_loss: 0.0000, lr: 0.00000622, epoch_time: 36.0min
Epoch:[1/1](50840/113215), loss: 1.6892, logits_loss: 1.6892, aux_loss: 0.0000, lr: 0.00000622, epoch_time: 36.0min
Epoch:[1/1](50860/113215), loss: 1.8494, logits_loss: 1.8494, aux_loss: 0.0000, lr: 0.00000621, epoch_time: 36.0min
Epoch:[1/1](50880/113215), loss: 1.6783, logits_loss: 1.6783, aux_loss: 0.0000, lr: 0.00000621, epoch_time: 36.0min
Epoch:[1/1](50900/113215), loss: 1.9300, logits_loss: 1.9300, aux_loss: 0.0000, lr: 0.00000621, epoch_time: 36.0min
Epoch:[1/1](50920/113215), loss: 1.8364, logits_loss: 1.8364, aux_loss: 0.0000, lr: 0.00000621, epoch_time: 36.0min
Epoch:[1/1](50940/113215), loss: 1.6892, logits_loss: 1.6892, aux_loss: 0.0000, lr: 0.00000620, epoch_time: 36.0min
Epoch:[1/1](50960/113215), loss: 1.8469, logits_loss: 1.8469, aux_loss: 0.0000, lr: 0.00000620, epoch_time: 36.0min
Epoch:[1/1](50980/113215), loss: 1.8785, logits_loss: 1.8785, aux_loss: 0.0000, lr: 0.00000620, epoch_time: 36.0min
Epoch:[1/1](51000/113215), loss: 2.0373, logits_loss: 2.0373, aux_loss: 0.0000, lr: 0.00000620, epoch_time: 36.0min
Epoch:[1/1](51020/113215), loss: 1.7161, logits_loss: 1.7161, aux_loss: 0.0000, lr: 0.00000619, epoch_time: 36.0min
Epoch:[1/1](51040/113215), loss: 2.0781, logits_loss: 2.0781, aux_loss: 0.0000, lr: 0.00000619, epoch_time: 36.0min
Epoch:[1/1](51060/113215), loss: 1.6772, logits_loss: 1.6772, aux_loss: 0.0000, lr: 0.00000619, epoch_time: 36.0min
Epoch:[1/1](51080/113215), loss: 1.8654, logits_loss: 1.8654, aux_loss: 0.0000, lr: 0.00000619, epoch_time: 36.0min
Epoch:[1/1](51100/113215), loss: 1.3016, logits_loss: 1.3016, aux_loss: 0.0000, lr: 0.00000619, epoch_time: 36.0min
Epoch:[1/1](51120/113215), loss: 1.2077, logits_loss: 1.2077, aux_loss: 0.0000, lr: 0.00000618, epoch_time: 36.0min
Epoch:[1/1](51140/113215), loss: 1.9014, logits_loss: 1.9014, aux_loss: 0.0000, lr: 0.00000618, epoch_time: 36.0min
Epoch:[1/1](51160/113215), loss: 1.7828, logits_loss: 1.7828, aux_loss: 0.0000, lr: 0.00000618, epoch_time: 36.0min
Epoch:[1/1](51180/113215), loss: 1.8390, logits_loss: 1.8390, aux_loss: 0.0000, lr: 0.00000618, epoch_time: 36.0min
Epoch:[1/1](51200/113215), loss: 1.8104, logits_loss: 1.8104, aux_loss: 0.0000, lr: 0.00000617, epoch_time: 36.0min
Epoch:[1/1](51220/113215), loss: 2.0704, logits_loss: 2.0704, aux_loss: 0.0000, lr: 0.00000617, epoch_time: 36.0min
Epoch:[1/1](51240/113215), loss: 1.5839, logits_loss: 1.5839, aux_loss: 0.0000, lr: 0.00000617, epoch_time: 36.0min
Epoch:[1/1](51260/113215), loss: 1.6832, logits_loss: 1.6832, aux_loss: 0.0000, lr: 0.00000617, epoch_time: 36.0min
Epoch:[1/1](51280/113215), loss: 1.6759, logits_loss: 1.6759, aux_loss: 0.0000, lr: 0.00000616, epoch_time: 36.0min
Epoch:[1/1](51300/113215), loss: 1.5754, logits_loss: 1.5754, aux_loss: 0.0000, lr: 0.00000616, epoch_time: 36.0min
Epoch:[1/1](51320/113215), loss: 1.6050, logits_loss: 1.6050, aux_loss: 0.0000, lr: 0.00000616, epoch_time: 36.0min
Epoch:[1/1](51340/113215), loss: 1.8689, logits_loss: 1.8689, aux_loss: 0.0000, lr: 0.00000616, epoch_time: 36.0min
Epoch:[1/1](51360/113215), loss: 1.9636, logits_loss: 1.9636, aux_loss: 0.0000, lr: 0.00000615, epoch_time: 36.0min
Epoch:[1/1](51380/113215), loss: 1.6440, logits_loss: 1.6440, aux_loss: 0.0000, lr: 0.00000615, epoch_time: 36.0min
Epoch:[1/1](51400/113215), loss: 1.6896, logits_loss: 1.6896, aux_loss: 0.0000, lr: 0.00000615, epoch_time: 36.0min
Epoch:[1/1](51420/113215), loss: 1.8335, logits_loss: 1.8335, aux_loss: 0.0000, lr: 0.00000615, epoch_time: 36.0min
Epoch:[1/1](51440/113215), loss: 1.5630, logits_loss: 1.5630, aux_loss: 0.0000, lr: 0.00000614, epoch_time: 36.0min
Epoch:[1/1](51460/113215), loss: 1.7663, logits_loss: 1.7663, aux_loss: 0.0000, lr: 0.00000614, epoch_time: 36.0min
Epoch:[1/1](51480/113215), loss: 1.3584, logits_loss: 1.3584, aux_loss: 0.0000, lr: 0.00000614, epoch_time: 36.0min
Epoch:[1/1](51500/113215), loss: 1.6494, logits_loss: 1.6494, aux_loss: 0.0000, lr: 0.00000614, epoch_time: 36.0min
Epoch:[1/1](51520/113215), loss: 1.7176, logits_loss: 1.7176, aux_loss: 0.0000, lr: 0.00000613, epoch_time: 36.0min
Epoch:[1/1](51540/113215), loss: 1.7709, logits_loss: 1.7709, aux_loss: 0.0000, lr: 0.00000613, epoch_time: 36.0min
Epoch:[1/1](51560/113215), loss: 1.9330, logits_loss: 1.9330, aux_loss: 0.0000, lr: 0.00000613, epoch_time: 36.0min
Epoch:[1/1](51580/113215), loss: 1.9579, logits_loss: 1.9579, aux_loss: 0.0000, lr: 0.00000613, epoch_time: 36.0min
Epoch:[1/1](51600/113215), loss: 1.8035, logits_loss: 1.8035, aux_loss: 0.0000, lr: 0.00000612, epoch_time: 36.0min
Epoch:[1/1](51620/113215), loss: 1.9094, logits_loss: 1.9094, aux_loss: 0.0000, lr: 0.00000612, epoch_time: 36.0min
Epoch:[1/1](51640/113215), loss: 1.7077, logits_loss: 1.7077, aux_loss: 0.0000, lr: 0.00000612, epoch_time: 36.0min
Epoch:[1/1](51660/113215), loss: 1.6290, logits_loss: 1.6290, aux_loss: 0.0000, lr: 0.00000612, epoch_time: 36.0min
Epoch:[1/1](51680/113215), loss: 1.7329, logits_loss: 1.7329, aux_loss: 0.0000, lr: 0.00000611, epoch_time: 36.0min
Epoch:[1/1](51700/113215), loss: 1.6455, logits_loss: 1.6455, aux_loss: 0.0000, lr: 0.00000611, epoch_time: 36.0min
Epoch:[1/1](51720/113215), loss: 1.8016, logits_loss: 1.8016, aux_loss: 0.0000, lr: 0.00000611, epoch_time: 36.0min
Epoch:[1/1](51740/113215), loss: 1.7046, logits_loss: 1.7046, aux_loss: 0.0000, lr: 0.00000611, epoch_time: 36.0min
Epoch:[1/1](51760/113215), loss: 1.8201, logits_loss: 1.8201, aux_loss: 0.0000, lr: 0.00000610, epoch_time: 36.0min
Epoch:[1/1](51780/113215), loss: 1.5745, logits_loss: 1.5745, aux_loss: 0.0000, lr: 0.00000610, epoch_time: 36.0min
Epoch:[1/1](51800/113215), loss: 2.1068, logits_loss: 2.1068, aux_loss: 0.0000, lr: 0.00000610, epoch_time: 36.0min
Epoch:[1/1](51820/113215), loss: 1.6944, logits_loss: 1.6944, aux_loss: 0.0000, lr: 0.00000610, epoch_time: 36.0min
Epoch:[1/1](51840/113215), loss: 1.6841, logits_loss: 1.6841, aux_loss: 0.0000, lr: 0.00000609, epoch_time: 36.0min
Epoch:[1/1](51860/113215), loss: 1.7048, logits_loss: 1.7048, aux_loss: 0.0000, lr: 0.00000609, epoch_time: 36.0min
Epoch:[1/1](51880/113215), loss: 1.9552, logits_loss: 1.9552, aux_loss: 0.0000, lr: 0.00000609, epoch_time: 36.0min
Epoch:[1/1](51900/113215), loss: 1.7265, logits_loss: 1.7265, aux_loss: 0.0000, lr: 0.00000609, epoch_time: 36.0min
Epoch:[1/1](51920/113215), loss: 1.3906, logits_loss: 1.3906, aux_loss: 0.0000, lr: 0.00000608, epoch_time: 36.0min
Epoch:[1/1](51940/113215), loss: 1.7862, logits_loss: 1.7862, aux_loss: 0.0000, lr: 0.00000608, epoch_time: 36.0min
Epoch:[1/1](51960/113215), loss: 1.8311, logits_loss: 1.8311, aux_loss: 0.0000, lr: 0.00000608, epoch_time: 35.0min
Epoch:[1/1](51980/113215), loss: 1.4103, logits_loss: 1.4103, aux_loss: 0.0000, lr: 0.00000608, epoch_time: 35.0min
Epoch:[1/1](52000/113215), loss: 1.7639, logits_loss: 1.7639, aux_loss: 0.0000, lr: 0.00000607, epoch_time: 35.0min
Epoch:[1/1](52020/113215), loss: 1.6954, logits_loss: 1.6954, aux_loss: 0.0000, lr: 0.00000607, epoch_time: 36.0min
Epoch:[1/1](52040/113215), loss: 1.8619, logits_loss: 1.8619, aux_loss: 0.0000, lr: 0.00000607, epoch_time: 36.0min
Epoch:[1/1](52060/113215), loss: 1.3905, logits_loss: 1.3905, aux_loss: 0.0000, lr: 0.00000607, epoch_time: 36.0min
Epoch:[1/1](52080/113215), loss: 1.4774, logits_loss: 1.4774, aux_loss: 0.0000, lr: 0.00000606, epoch_time: 36.0min
Epoch:[1/1](52100/113215), loss: 1.7215, logits_loss: 1.7215, aux_loss: 0.0000, lr: 0.00000606, epoch_time: 36.0min
Epoch:[1/1](52120/113215), loss: 1.7576, logits_loss: 1.7576, aux_loss: 0.0000, lr: 0.00000606, epoch_time: 36.0min
Epoch:[1/1](52140/113215), loss: 1.8620, logits_loss: 1.8620, aux_loss: 0.0000, lr: 0.00000606, epoch_time: 36.0min
Epoch:[1/1](52160/113215), loss: 1.6569, logits_loss: 1.6569, aux_loss: 0.0000, lr: 0.00000605, epoch_time: 35.0min
Epoch:[1/1](52180/113215), loss: 1.7294, logits_loss: 1.7294, aux_loss: 0.0000, lr: 0.00000605, epoch_time: 35.0min
Epoch:[1/1](52200/113215), loss: 1.7184, logits_loss: 1.7184, aux_loss: 0.0000, lr: 0.00000605, epoch_time: 35.0min
Epoch:[1/1](52220/113215), loss: 1.7505, logits_loss: 1.7505, aux_loss: 0.0000, lr: 0.00000605, epoch_time: 35.0min
Epoch:[1/1](52240/113215), loss: 1.9671, logits_loss: 1.9671, aux_loss: 0.0000, lr: 0.00000604, epoch_time: 35.0min
Epoch:[1/1](52260/113215), loss: 1.4104, logits_loss: 1.4104, aux_loss: 0.0000, lr: 0.00000604, epoch_time: 35.0min
Epoch:[1/1](52280/113215), loss: 1.5813, logits_loss: 1.5813, aux_loss: 0.0000, lr: 0.00000604, epoch_time: 35.0min
Epoch:[1/1](52300/113215), loss: 1.9185, logits_loss: 1.9185, aux_loss: 0.0000, lr: 0.00000604, epoch_time: 35.0min
Epoch:[1/1](52320/113215), loss: 1.8866, logits_loss: 1.8866, aux_loss: 0.0000, lr: 0.00000603, epoch_time: 35.0min
Epoch:[1/1](52340/113215), loss: 1.4669, logits_loss: 1.4669, aux_loss: 0.0000, lr: 0.00000603, epoch_time: 35.0min
Epoch:[1/1](52360/113215), loss: 1.4463, logits_loss: 1.4463, aux_loss: 0.0000, lr: 0.00000603, epoch_time: 35.0min
Epoch:[1/1](52380/113215), loss: 2.1133, logits_loss: 2.1133, aux_loss: 0.0000, lr: 0.00000603, epoch_time: 35.0min
Epoch:[1/1](52400/113215), loss: 1.9230, logits_loss: 1.9230, aux_loss: 0.0000, lr: 0.00000602, epoch_time: 35.0min
Epoch:[1/1](52420/113215), loss: 1.7110, logits_loss: 1.7110, aux_loss: 0.0000, lr: 0.00000602, epoch_time: 35.0min
Epoch:[1/1](52440/113215), loss: 1.4662, logits_loss: 1.4662, aux_loss: 0.0000, lr: 0.00000602, epoch_time: 35.0min
Epoch:[1/1](52460/113215), loss: 1.7470, logits_loss: 1.7470, aux_loss: 0.0000, lr: 0.00000602, epoch_time: 35.0min
Epoch:[1/1](52480/113215), loss: 1.5741, logits_loss: 1.5741, aux_loss: 0.0000, lr: 0.00000601, epoch_time: 35.0min
Epoch:[1/1](52500/113215), loss: 1.8673, logits_loss: 1.8673, aux_loss: 0.0000, lr: 0.00000601, epoch_time: 35.0min
Epoch:[1/1](52520/113215), loss: 1.6789, logits_loss: 1.6789, aux_loss: 0.0000, lr: 0.00000601, epoch_time: 35.0min
Epoch:[1/1](52540/113215), loss: 1.7891, logits_loss: 1.7891, aux_loss: 0.0000, lr: 0.00000601, epoch_time: 35.0min
Epoch:[1/1](52560/113215), loss: 2.0055, logits_loss: 2.0055, aux_loss: 0.0000, lr: 0.00000600, epoch_time: 35.0min
Epoch:[1/1](52580/113215), loss: 1.4327, logits_loss: 1.4327, aux_loss: 0.0000, lr: 0.00000600, epoch_time: 35.0min
Epoch:[1/1](52600/113215), loss: 1.6516, logits_loss: 1.6516, aux_loss: 0.0000, lr: 0.00000600, epoch_time: 35.0min
Epoch:[1/1](52620/113215), loss: 1.6552, logits_loss: 1.6552, aux_loss: 0.0000, lr: 0.00000600, epoch_time: 35.0min
Epoch:[1/1](52640/113215), loss: 1.8215, logits_loss: 1.8215, aux_loss: 0.0000, lr: 0.00000599, epoch_time: 35.0min
Epoch:[1/1](52660/113215), loss: 1.9661, logits_loss: 1.9661, aux_loss: 0.0000, lr: 0.00000599, epoch_time: 35.0min
Epoch:[1/1](52680/113215), loss: 1.6561, logits_loss: 1.6561, aux_loss: 0.0000, lr: 0.00000599, epoch_time: 35.0min
Epoch:[1/1](52700/113215), loss: 1.4977, logits_loss: 1.4977, aux_loss: 0.0000, lr: 0.00000599, epoch_time: 35.0min
Epoch:[1/1](52720/113215), loss: 1.8935, logits_loss: 1.8935, aux_loss: 0.0000, lr: 0.00000598, epoch_time: 35.0min
Epoch:[1/1](52740/113215), loss: 1.9232, logits_loss: 1.9232, aux_loss: 0.0000, lr: 0.00000598, epoch_time: 35.0min
Epoch:[1/1](52760/113215), loss: 1.9782, logits_loss: 1.9782, aux_loss: 0.0000, lr: 0.00000598, epoch_time: 35.0min
Epoch:[1/1](52780/113215), loss: 1.6443, logits_loss: 1.6443, aux_loss: 0.0000, lr: 0.00000598, epoch_time: 35.0min
Epoch:[1/1](52800/113215), loss: 1.5177, logits_loss: 1.5177, aux_loss: 0.0000, lr: 0.00000597, epoch_time: 35.0min
Epoch:[1/1](52820/113215), loss: 2.0079, logits_loss: 2.0079, aux_loss: 0.0000, lr: 0.00000597, epoch_time: 35.0min
Epoch:[1/1](52840/113215), loss: 1.7219, logits_loss: 1.7219, aux_loss: 0.0000, lr: 0.00000597, epoch_time: 35.0min
Epoch:[1/1](52860/113215), loss: 1.6911, logits_loss: 1.6911, aux_loss: 0.0000, lr: 0.00000597, epoch_time: 35.0min
Epoch:[1/1](52880/113215), loss: 1.7296, logits_loss: 1.7296, aux_loss: 0.0000, lr: 0.00000596, epoch_time: 35.0min
Epoch:[1/1](52900/113215), loss: 1.6060, logits_loss: 1.6060, aux_loss: 0.0000, lr: 0.00000596, epoch_time: 35.0min
Epoch:[1/1](52920/113215), loss: 1.6543, logits_loss: 1.6543, aux_loss: 0.0000, lr: 0.00000596, epoch_time: 35.0min
Epoch:[1/1](52940/113215), loss: 1.7346, logits_loss: 1.7346, aux_loss: 0.0000, lr: 0.00000596, epoch_time: 35.0min
Epoch:[1/1](52960/113215), loss: 1.7530, logits_loss: 1.7530, aux_loss: 0.0000, lr: 0.00000595, epoch_time: 35.0min
Epoch:[1/1](52980/113215), loss: 1.6921, logits_loss: 1.6921, aux_loss: 0.0000, lr: 0.00000595, epoch_time: 35.0min
Epoch:[1/1](53000/113215), loss: 1.7557, logits_loss: 1.7557, aux_loss: 0.0000, lr: 0.00000595, epoch_time: 35.0min
Epoch:[1/1](53020/113215), loss: 1.8785, logits_loss: 1.8785, aux_loss: 0.0000, lr: 0.00000595, epoch_time: 35.0min
Epoch:[1/1](53040/113215), loss: 1.7507, logits_loss: 1.7507, aux_loss: 0.0000, lr: 0.00000594, epoch_time: 35.0min
Epoch:[1/1](53060/113215), loss: 1.5957, logits_loss: 1.5957, aux_loss: 0.0000, lr: 0.00000594, epoch_time: 35.0min
Epoch:[1/1](53080/113215), loss: 1.6647, logits_loss: 1.6647, aux_loss: 0.0000, lr: 0.00000594, epoch_time: 35.0min
Epoch:[1/1](53100/113215), loss: 1.7547, logits_loss: 1.7547, aux_loss: 0.0000, lr: 0.00000594, epoch_time: 35.0min
Epoch:[1/1](53120/113215), loss: 1.9273, logits_loss: 1.9273, aux_loss: 0.0000, lr: 0.00000593, epoch_time: 35.0min
Epoch:[1/1](53140/113215), loss: 1.9404, logits_loss: 1.9404, aux_loss: 0.0000, lr: 0.00000593, epoch_time: 35.0min
Epoch:[1/1](53160/113215), loss: 1.7543, logits_loss: 1.7543, aux_loss: 0.0000, lr: 0.00000593, epoch_time: 35.0min
Epoch:[1/1](53180/113215), loss: 1.6964, logits_loss: 1.6964, aux_loss: 0.0000, lr: 0.00000593, epoch_time: 35.0min
Epoch:[1/1](53200/113215), loss: 1.8974, logits_loss: 1.8974, aux_loss: 0.0000, lr: 0.00000592, epoch_time: 35.0min
Epoch:[1/1](53220/113215), loss: 1.9159, logits_loss: 1.9159, aux_loss: 0.0000, lr: 0.00000592, epoch_time: 35.0min
Epoch:[1/1](53240/113215), loss: 1.8437, logits_loss: 1.8437, aux_loss: 0.0000, lr: 0.00000592, epoch_time: 35.0min
Epoch:[1/1](53260/113215), loss: 1.7533, logits_loss: 1.7533, aux_loss: 0.0000, lr: 0.00000592, epoch_time: 35.0min
Epoch:[1/1](53280/113215), loss: 1.8418, logits_loss: 1.8418, aux_loss: 0.0000, lr: 0.00000591, epoch_time: 35.0min
Epoch:[1/1](53300/113215), loss: 1.3927, logits_loss: 1.3927, aux_loss: 0.0000, lr: 0.00000591, epoch_time: 35.0min
Epoch:[1/1](53320/113215), loss: 1.6706, logits_loss: 1.6706, aux_loss: 0.0000, lr: 0.00000591, epoch_time: 35.0min
Epoch:[1/1](53340/113215), loss: 1.8041, logits_loss: 1.8041, aux_loss: 0.0000, lr: 0.00000591, epoch_time: 35.0min
Epoch:[1/1](53360/113215), loss: 1.9656, logits_loss: 1.9656, aux_loss: 0.0000, lr: 0.00000590, epoch_time: 35.0min
Epoch:[1/1](53380/113215), loss: 1.5743, logits_loss: 1.5743, aux_loss: 0.0000, lr: 0.00000590, epoch_time: 35.0min
Epoch:[1/1](53400/113215), loss: 1.7910, logits_loss: 1.7910, aux_loss: 0.0000, lr: 0.00000590, epoch_time: 35.0min
Epoch:[1/1](53420/113215), loss: 1.9204, logits_loss: 1.9204, aux_loss: 0.0000, lr: 0.00000590, epoch_time: 35.0min
Epoch:[1/1](53440/113215), loss: 1.7917, logits_loss: 1.7917, aux_loss: 0.0000, lr: 0.00000590, epoch_time: 35.0min
Epoch:[1/1](53460/113215), loss: 1.6474, logits_loss: 1.6474, aux_loss: 0.0000, lr: 0.00000589, epoch_time: 35.0min
Epoch:[1/1](53480/113215), loss: 1.9908, logits_loss: 1.9908, aux_loss: 0.0000, lr: 0.00000589, epoch_time: 35.0min
Epoch:[1/1](53500/113215), loss: 1.9534, logits_loss: 1.9534, aux_loss: 0.0000, lr: 0.00000589, epoch_time: 35.0min
Epoch:[1/1](53520/113215), loss: 1.7549, logits_loss: 1.7549, aux_loss: 0.0000, lr: 0.00000589, epoch_time: 35.0min
Epoch:[1/1](53540/113215), loss: 1.7579, logits_loss: 1.7579, aux_loss: 0.0000, lr: 0.00000588, epoch_time: 35.0min
Epoch:[1/1](53560/113215), loss: 1.3933, logits_loss: 1.3933, aux_loss: 0.0000, lr: 0.00000588, epoch_time: 35.0min
Epoch:[1/1](53580/113215), loss: 1.7484, logits_loss: 1.7484, aux_loss: 0.0000, lr: 0.00000588, epoch_time: 35.0min
Epoch:[1/1](53600/113215), loss: 1.6070, logits_loss: 1.6070, aux_loss: 0.0000, lr: 0.00000588, epoch_time: 35.0min
Epoch:[1/1](53620/113215), loss: 1.7731, logits_loss: 1.7731, aux_loss: 0.0000, lr: 0.00000587, epoch_time: 35.0min
Epoch:[1/1](53640/113215), loss: 1.6465, logits_loss: 1.6465, aux_loss: 0.0000, lr: 0.00000587, epoch_time: 35.0min
Epoch:[1/1](53660/113215), loss: 1.7680, logits_loss: 1.7680, aux_loss: 0.0000, lr: 0.00000587, epoch_time: 35.0min
Epoch:[1/1](53680/113215), loss: 1.9144, logits_loss: 1.9144, aux_loss: 0.0000, lr: 0.00000587, epoch_time: 35.0min
Epoch:[1/1](53700/113215), loss: 1.8283, logits_loss: 1.8283, aux_loss: 0.0000, lr: 0.00000586, epoch_time: 35.0min
Epoch:[1/1](53720/113215), loss: 2.0106, logits_loss: 2.0106, aux_loss: 0.0000, lr: 0.00000586, epoch_time: 35.0min
Epoch:[1/1](53740/113215), loss: 1.8388, logits_loss: 1.8388, aux_loss: 0.0000, lr: 0.00000586, epoch_time: 35.0min
Epoch:[1/1](53760/113215), loss: 1.6700, logits_loss: 1.6700, aux_loss: 0.0000, lr: 0.00000586, epoch_time: 35.0min
Epoch:[1/1](53780/113215), loss: 1.3426, logits_loss: 1.3426, aux_loss: 0.0000, lr: 0.00000585, epoch_time: 35.0min
Epoch:[1/1](53800/113215), loss: 1.7643, logits_loss: 1.7643, aux_loss: 0.0000, lr: 0.00000585, epoch_time: 34.0min
Epoch:[1/1](53820/113215), loss: 1.8151, logits_loss: 1.8151, aux_loss: 0.0000, lr: 0.00000585, epoch_time: 34.0min
Epoch:[1/1](53840/113215), loss: 1.5979, logits_loss: 1.5979, aux_loss: 0.0000, lr: 0.00000585, epoch_time: 34.0min
Epoch:[1/1](53860/113215), loss: 1.9439, logits_loss: 1.9439, aux_loss: 0.0000, lr: 0.00000584, epoch_time: 34.0min
Epoch:[1/1](53880/113215), loss: 1.6194, logits_loss: 1.6194, aux_loss: 0.0000, lr: 0.00000584, epoch_time: 34.0min
Epoch:[1/1](53900/113215), loss: 1.4406, logits_loss: 1.4406, aux_loss: 0.0000, lr: 0.00000584, epoch_time: 34.0min
Epoch:[1/1](53920/113215), loss: 1.5610, logits_loss: 1.5610, aux_loss: 0.0000, lr: 0.00000584, epoch_time: 34.0min
Epoch:[1/1](53940/113215), loss: 1.6918, logits_loss: 1.6918, aux_loss: 0.0000, lr: 0.00000583, epoch_time: 34.0min
Epoch:[1/1](53960/113215), loss: 1.5566, logits_loss: 1.5566, aux_loss: 0.0000, lr: 0.00000583, epoch_time: 34.0min
Epoch:[1/1](53980/113215), loss: 1.9972, logits_loss: 1.9972, aux_loss: 0.0000, lr: 0.00000583, epoch_time: 34.0min
Epoch:[1/1](54000/113215), loss: 1.7553, logits_loss: 1.7553, aux_loss: 0.0000, lr: 0.00000583, epoch_time: 34.0min
Epoch:[1/1](54020/113215), loss: 1.5940, logits_loss: 1.5940, aux_loss: 0.0000, lr: 0.00000582, epoch_time: 34.0min
Epoch:[1/1](54040/113215), loss: 1.5781, logits_loss: 1.5781, aux_loss: 0.0000, lr: 0.00000582, epoch_time: 34.0min
Epoch:[1/1](54060/113215), loss: 1.8306, logits_loss: 1.8306, aux_loss: 0.0000, lr: 0.00000582, epoch_time: 34.0min
Epoch:[1/1](54080/113215), loss: 1.6962, logits_loss: 1.6962, aux_loss: 0.0000, lr: 0.00000582, epoch_time: 34.0min
Epoch:[1/1](54100/113215), loss: 1.5302, logits_loss: 1.5302, aux_loss: 0.0000, lr: 0.00000581, epoch_time: 34.0min
Epoch:[1/1](54120/113215), loss: 1.6848, logits_loss: 1.6848, aux_loss: 0.0000, lr: 0.00000581, epoch_time: 34.0min
Epoch:[1/1](54140/113215), loss: 1.5111, logits_loss: 1.5111, aux_loss: 0.0000, lr: 0.00000581, epoch_time: 34.0min
Epoch:[1/1](54160/113215), loss: 1.6792, logits_loss: 1.6792, aux_loss: 0.0000, lr: 0.00000581, epoch_time: 34.0min
Epoch:[1/1](54180/113215), loss: 1.8465, logits_loss: 1.8465, aux_loss: 0.0000, lr: 0.00000580, epoch_time: 34.0min
Epoch:[1/1](54200/113215), loss: 1.6747, logits_loss: 1.6747, aux_loss: 0.0000, lr: 0.00000580, epoch_time: 34.0min
Epoch:[1/1](54220/113215), loss: 1.9412, logits_loss: 1.9412, aux_loss: 0.0000, lr: 0.00000580, epoch_time: 34.0min
Epoch:[1/1](54240/113215), loss: 1.8587, logits_loss: 1.8587, aux_loss: 0.0000, lr: 0.00000580, epoch_time: 34.0min
Epoch:[1/1](54260/113215), loss: 1.7934, logits_loss: 1.7934, aux_loss: 0.0000, lr: 0.00000579, epoch_time: 34.0min
Epoch:[1/1](54280/113215), loss: 1.8499, logits_loss: 1.8499, aux_loss: 0.0000, lr: 0.00000579, epoch_time: 34.0min
Epoch:[1/1](54300/113215), loss: 1.8523, logits_loss: 1.8523, aux_loss: 0.0000, lr: 0.00000579, epoch_time: 34.0min
Epoch:[1/1](54320/113215), loss: 1.5145, logits_loss: 1.5145, aux_loss: 0.0000, lr: 0.00000579, epoch_time: 34.0min
Epoch:[1/1](54340/113215), loss: 1.9208, logits_loss: 1.9208, aux_loss: 0.0000, lr: 0.00000578, epoch_time: 34.0min
Epoch:[1/1](54360/113215), loss: 1.5237, logits_loss: 1.5237, aux_loss: 0.0000, lr: 0.00000578, epoch_time: 34.0min
Epoch:[1/1](54380/113215), loss: 1.7366, logits_loss: 1.7366, aux_loss: 0.0000, lr: 0.00000578, epoch_time: 34.0min
Epoch:[1/1](54400/113215), loss: 1.6195, logits_loss: 1.6195, aux_loss: 0.0000, lr: 0.00000578, epoch_time: 34.0min
Epoch:[1/1](54420/113215), loss: 1.7456, logits_loss: 1.7456, aux_loss: 0.0000, lr: 0.00000577, epoch_time: 34.0min
Epoch:[1/1](54440/113215), loss: 1.5411, logits_loss: 1.5411, aux_loss: 0.0000, lr: 0.00000577, epoch_time: 34.0min
Epoch:[1/1](54460/113215), loss: 1.4128, logits_loss: 1.4128, aux_loss: 0.0000, lr: 0.00000577, epoch_time: 34.0min
Epoch:[1/1](54480/113215), loss: 1.7381, logits_loss: 1.7381, aux_loss: 0.0000, lr: 0.00000577, epoch_time: 34.0min
Epoch:[1/1](54500/113215), loss: 1.6899, logits_loss: 1.6899, aux_loss: 0.0000, lr: 0.00000576, epoch_time: 34.0min
Epoch:[1/1](54520/113215), loss: 1.6590, logits_loss: 1.6590, aux_loss: 0.0000, lr: 0.00000576, epoch_time: 34.0min
Epoch:[1/1](54540/113215), loss: 1.6066, logits_loss: 1.6066, aux_loss: 0.0000, lr: 0.00000576, epoch_time: 34.0min
Epoch:[1/1](54560/113215), loss: 1.5064, logits_loss: 1.5064, aux_loss: 0.0000, lr: 0.00000576, epoch_time: 34.0min
Epoch:[1/1](54580/113215), loss: 1.8560, logits_loss: 1.8560, aux_loss: 0.0000, lr: 0.00000575, epoch_time: 34.0min
Epoch:[1/1](54600/113215), loss: 1.5303, logits_loss: 1.5303, aux_loss: 0.0000, lr: 0.00000575, epoch_time: 34.0min
Epoch:[1/1](54620/113215), loss: 1.6614, logits_loss: 1.6614, aux_loss: 0.0000, lr: 0.00000575, epoch_time: 34.0min
Epoch:[1/1](54640/113215), loss: 1.8162, logits_loss: 1.8162, aux_loss: 0.0000, lr: 0.00000575, epoch_time: 34.0min
Epoch:[1/1](54660/113215), loss: 1.6596, logits_loss: 1.6596, aux_loss: 0.0000, lr: 0.00000574, epoch_time: 34.0min
Epoch:[1/1](54680/113215), loss: 1.3907, logits_loss: 1.3907, aux_loss: 0.0000, lr: 0.00000574, epoch_time: 34.0min
Epoch:[1/1](54700/113215), loss: 1.4763, logits_loss: 1.4763, aux_loss: 0.0000, lr: 0.00000574, epoch_time: 34.0min
Epoch:[1/1](54720/113215), loss: 1.6523, logits_loss: 1.6523, aux_loss: 0.0000, lr: 0.00000574, epoch_time: 34.0min
Epoch:[1/1](54740/113215), loss: 2.1493, logits_loss: 2.1493, aux_loss: 0.0000, lr: 0.00000573, epoch_time: 34.0min
Epoch:[1/1](54760/113215), loss: 2.1948, logits_loss: 2.1948, aux_loss: 0.0000, lr: 0.00000573, epoch_time: 34.0min
Epoch:[1/1](54780/113215), loss: 1.7928, logits_loss: 1.7928, aux_loss: 0.0000, lr: 0.00000573, epoch_time: 34.0min
Epoch:[1/1](54800/113215), loss: 1.7759, logits_loss: 1.7759, aux_loss: 0.0000, lr: 0.00000573, epoch_time: 34.0min
Epoch:[1/1](54820/113215), loss: 1.7009, logits_loss: 1.7009, aux_loss: 0.0000, lr: 0.00000572, epoch_time: 34.0min
Epoch:[1/1](54840/113215), loss: 1.6592, logits_loss: 1.6592, aux_loss: 0.0000, lr: 0.00000572, epoch_time: 34.0min
Epoch:[1/1](54860/113215), loss: 1.7345, logits_loss: 1.7345, aux_loss: 0.0000, lr: 0.00000572, epoch_time: 34.0min
Epoch:[1/1](54880/113215), loss: 1.9556, logits_loss: 1.9556, aux_loss: 0.0000, lr: 0.00000572, epoch_time: 34.0min
Epoch:[1/1](54900/113215), loss: 1.2918, logits_loss: 1.2918, aux_loss: 0.0000, lr: 0.00000571, epoch_time: 34.0min
Epoch:[1/1](54920/113215), loss: 1.7697, logits_loss: 1.7697, aux_loss: 0.0000, lr: 0.00000571, epoch_time: 34.0min
Epoch:[1/1](54940/113215), loss: 1.6992, logits_loss: 1.6992, aux_loss: 0.0000, lr: 0.00000571, epoch_time: 34.0min
Epoch:[1/1](54960/113215), loss: 1.9268, logits_loss: 1.9268, aux_loss: 0.0000, lr: 0.00000571, epoch_time: 34.0min
Epoch:[1/1](54980/113215), loss: 1.8783, logits_loss: 1.8783, aux_loss: 0.0000, lr: 0.00000570, epoch_time: 34.0min
Epoch:[1/1](55000/113215), loss: 1.9079, logits_loss: 1.9079, aux_loss: 0.0000, lr: 0.00000570, epoch_time: 34.0min
Epoch:[1/1](55020/113215), loss: 1.7546, logits_loss: 1.7546, aux_loss: 0.0000, lr: 0.00000570, epoch_time: 34.0min
Epoch:[1/1](55040/113215), loss: 1.6462, logits_loss: 1.6462, aux_loss: 0.0000, lr: 0.00000570, epoch_time: 34.0min
Epoch:[1/1](55060/113215), loss: 1.8225, logits_loss: 1.8225, aux_loss: 0.0000, lr: 0.00000569, epoch_time: 34.0min
Epoch:[1/1](55080/113215), loss: 1.8461, logits_loss: 1.8461, aux_loss: 0.0000, lr: 0.00000569, epoch_time: 34.0min
Epoch:[1/1](55100/113215), loss: 1.6355, logits_loss: 1.6355, aux_loss: 0.0000, lr: 0.00000569, epoch_time: 34.0min
Epoch:[1/1](55120/113215), loss: 1.9770, logits_loss: 1.9770, aux_loss: 0.0000, lr: 0.00000569, epoch_time: 34.0min
Epoch:[1/1](55140/113215), loss: 1.7199, logits_loss: 1.7199, aux_loss: 0.0000, lr: 0.00000568, epoch_time: 34.0min
Epoch:[1/1](55160/113215), loss: 1.5097, logits_loss: 1.5097, aux_loss: 0.0000, lr: 0.00000568, epoch_time: 34.0min
Epoch:[1/1](55180/113215), loss: 1.8152, logits_loss: 1.8152, aux_loss: 0.0000, lr: 0.00000568, epoch_time: 34.0min
Epoch:[1/1](55200/113215), loss: 1.7157, logits_loss: 1.7157, aux_loss: 0.0000, lr: 0.00000568, epoch_time: 34.0min
Epoch:[1/1](55220/113215), loss: 1.7107, logits_loss: 1.7107, aux_loss: 0.0000, lr: 0.00000567, epoch_time: 34.0min
Epoch:[1/1](55240/113215), loss: 1.9169, logits_loss: 1.9169, aux_loss: 0.0000, lr: 0.00000567, epoch_time: 34.0min
Epoch:[1/1](55260/113215), loss: 1.8894, logits_loss: 1.8894, aux_loss: 0.0000, lr: 0.00000567, epoch_time: 34.0min
Epoch:[1/1](55280/113215), loss: 1.9833, logits_loss: 1.9833, aux_loss: 0.0000, lr: 0.00000567, epoch_time: 34.0min
Epoch:[1/1](55300/113215), loss: 1.6411, logits_loss: 1.6411, aux_loss: 0.0000, lr: 0.00000566, epoch_time: 34.0min
Epoch:[1/1](55320/113215), loss: 2.1242, logits_loss: 2.1242, aux_loss: 0.0000, lr: 0.00000566, epoch_time: 34.0min
Epoch:[1/1](55340/113215), loss: 1.8407, logits_loss: 1.8407, aux_loss: 0.0000, lr: 0.00000566, epoch_time: 34.0min
Epoch:[1/1](55360/113215), loss: 1.9831, logits_loss: 1.9831, aux_loss: 0.0000, lr: 0.00000566, epoch_time: 34.0min
Epoch:[1/1](55380/113215), loss: 1.6304, logits_loss: 1.6304, aux_loss: 0.0000, lr: 0.00000565, epoch_time: 34.0min
Epoch:[1/1](55400/113215), loss: 1.7493, logits_loss: 1.7493, aux_loss: 0.0000, lr: 0.00000565, epoch_time: 34.0min
Epoch:[1/1](55420/113215), loss: 1.5890, logits_loss: 1.5890, aux_loss: 0.0000, lr: 0.00000565, epoch_time: 34.0min
Epoch:[1/1](55440/113215), loss: 1.6261, logits_loss: 1.6261, aux_loss: 0.0000, lr: 0.00000565, epoch_time: 34.0min
Epoch:[1/1](55460/113215), loss: 1.9179, logits_loss: 1.9179, aux_loss: 0.0000, lr: 0.00000564, epoch_time: 34.0min
Epoch:[1/1](55480/113215), loss: 1.9594, logits_loss: 1.9594, aux_loss: 0.0000, lr: 0.00000564, epoch_time: 34.0min
Epoch:[1/1](55500/113215), loss: 1.6107, logits_loss: 1.6107, aux_loss: 0.0000, lr: 0.00000564, epoch_time: 33.0min
Epoch:[1/1](55520/113215), loss: 1.6559, logits_loss: 1.6559, aux_loss: 0.0000, lr: 0.00000564, epoch_time: 33.0min
Epoch:[1/1](55540/113215), loss: 1.8512, logits_loss: 1.8512, aux_loss: 0.0000, lr: 0.00000563, epoch_time: 33.0min
Epoch:[1/1](55560/113215), loss: 1.6773, logits_loss: 1.6773, aux_loss: 0.0000, lr: 0.00000563, epoch_time: 33.0min
Epoch:[1/1](55580/113215), loss: 1.9030, logits_loss: 1.9030, aux_loss: 0.0000, lr: 0.00000563, epoch_time: 33.0min
Epoch:[1/1](55600/113215), loss: 1.9776, logits_loss: 1.9776, aux_loss: 0.0000, lr: 0.00000563, epoch_time: 33.0min
Epoch:[1/1](55620/113215), loss: 1.5425, logits_loss: 1.5425, aux_loss: 0.0000, lr: 0.00000562, epoch_time: 33.0min
Epoch:[1/1](55640/113215), loss: 1.8110, logits_loss: 1.8110, aux_loss: 0.0000, lr: 0.00000562, epoch_time: 33.0min
Epoch:[1/1](55660/113215), loss: 1.6747, logits_loss: 1.6747, aux_loss: 0.0000, lr: 0.00000562, epoch_time: 33.0min
Epoch:[1/1](55680/113215), loss: 1.6713, logits_loss: 1.6713, aux_loss: 0.0000, lr: 0.00000562, epoch_time: 33.0min
Epoch:[1/1](55700/113215), loss: 1.5409, logits_loss: 1.5409, aux_loss: 0.0000, lr: 0.00000561, epoch_time: 33.0min
Epoch:[1/1](55720/113215), loss: 1.8550, logits_loss: 1.8550, aux_loss: 0.0000, lr: 0.00000561, epoch_time: 33.0min
Epoch:[1/1](55740/113215), loss: 1.6380, logits_loss: 1.6380, aux_loss: 0.0000, lr: 0.00000561, epoch_time: 33.0min
Epoch:[1/1](55760/113215), loss: 1.6989, logits_loss: 1.6989, aux_loss: 0.0000, lr: 0.00000561, epoch_time: 33.0min
Epoch:[1/1](55780/113215), loss: 1.7548, logits_loss: 1.7548, aux_loss: 0.0000, lr: 0.00000560, epoch_time: 33.0min
Epoch:[1/1](55800/113215), loss: 1.6188, logits_loss: 1.6188, aux_loss: 0.0000, lr: 0.00000560, epoch_time: 33.0min
Epoch:[1/1](55820/113215), loss: 1.9698, logits_loss: 1.9698, aux_loss: 0.0000, lr: 0.00000560, epoch_time: 33.0min
Epoch:[1/1](55840/113215), loss: 1.9051, logits_loss: 1.9051, aux_loss: 0.0000, lr: 0.00000560, epoch_time: 33.0min
Epoch:[1/1](55860/113215), loss: 1.5805, logits_loss: 1.5805, aux_loss: 0.0000, lr: 0.00000559, epoch_time: 33.0min
Epoch:[1/1](55880/113215), loss: 1.7426, logits_loss: 1.7426, aux_loss: 0.0000, lr: 0.00000559, epoch_time: 33.0min
Epoch:[1/1](55900/113215), loss: 1.7500, logits_loss: 1.7500, aux_loss: 0.0000, lr: 0.00000559, epoch_time: 33.0min
Epoch:[1/1](55920/113215), loss: 1.7861, logits_loss: 1.7861, aux_loss: 0.0000, lr: 0.00000559, epoch_time: 33.0min
Epoch:[1/1](55940/113215), loss: 1.7495, logits_loss: 1.7495, aux_loss: 0.0000, lr: 0.00000558, epoch_time: 33.0min
Epoch:[1/1](55960/113215), loss: 1.9990, logits_loss: 1.9990, aux_loss: 0.0000, lr: 0.00000558, epoch_time: 33.0min
Epoch:[1/1](55980/113215), loss: 1.6952, logits_loss: 1.6952, aux_loss: 0.0000, lr: 0.00000558, epoch_time: 33.0min
Epoch:[1/1](56000/113215), loss: 1.6825, logits_loss: 1.6825, aux_loss: 0.0000, lr: 0.00000558, epoch_time: 33.0min
Epoch:[1/1](56020/113215), loss: 1.6847, logits_loss: 1.6847, aux_loss: 0.0000, lr: 0.00000557, epoch_time: 33.0min
Epoch:[1/1](56040/113215), loss: 1.7898, logits_loss: 1.7898, aux_loss: 0.0000, lr: 0.00000557, epoch_time: 33.0min
Epoch:[1/1](56060/113215), loss: 1.8657, logits_loss: 1.8657, aux_loss: 0.0000, lr: 0.00000557, epoch_time: 33.0min
Epoch:[1/1](56080/113215), loss: 2.0689, logits_loss: 2.0689, aux_loss: 0.0000, lr: 0.00000557, epoch_time: 33.0min
Epoch:[1/1](56100/113215), loss: 1.4289, logits_loss: 1.4289, aux_loss: 0.0000, lr: 0.00000556, epoch_time: 33.0min
Epoch:[1/1](56120/113215), loss: 1.8237, logits_loss: 1.8237, aux_loss: 0.0000, lr: 0.00000556, epoch_time: 33.0min
Epoch:[1/1](56140/113215), loss: 1.7006, logits_loss: 1.7006, aux_loss: 0.0000, lr: 0.00000556, epoch_time: 33.0min
Epoch:[1/1](56160/113215), loss: 1.9427, logits_loss: 1.9427, aux_loss: 0.0000, lr: 0.00000556, epoch_time: 33.0min
Epoch:[1/1](56180/113215), loss: 1.6976, logits_loss: 1.6976, aux_loss: 0.0000, lr: 0.00000555, epoch_time: 33.0min
Epoch:[1/1](56200/113215), loss: 1.4526, logits_loss: 1.4526, aux_loss: 0.0000, lr: 0.00000555, epoch_time: 33.0min
Epoch:[1/1](56220/113215), loss: 2.2190, logits_loss: 2.2190, aux_loss: 0.0000, lr: 0.00000555, epoch_time: 33.0min
Epoch:[1/1](56240/113215), loss: 1.6674, logits_loss: 1.6674, aux_loss: 0.0000, lr: 0.00000555, epoch_time: 33.0min
Epoch:[1/1](56260/113215), loss: 2.0699, logits_loss: 2.0699, aux_loss: 0.0000, lr: 0.00000554, epoch_time: 33.0min
Epoch:[1/1](56280/113215), loss: 1.8491, logits_loss: 1.8491, aux_loss: 0.0000, lr: 0.00000554, epoch_time: 33.0min
Epoch:[1/1](56300/113215), loss: 1.6190, logits_loss: 1.6190, aux_loss: 0.0000, lr: 0.00000554, epoch_time: 33.0min
Epoch:[1/1](56320/113215), loss: 1.7225, logits_loss: 1.7225, aux_loss: 0.0000, lr: 0.00000554, epoch_time: 33.0min
Epoch:[1/1](56340/113215), loss: 1.4808, logits_loss: 1.4808, aux_loss: 0.0000, lr: 0.00000553, epoch_time: 33.0min
Epoch:[1/1](56360/113215), loss: 1.9960, logits_loss: 1.9960, aux_loss: 0.0000, lr: 0.00000553, epoch_time: 33.0min
Epoch:[1/1](56380/113215), loss: 1.7699, logits_loss: 1.7699, aux_loss: 0.0000, lr: 0.00000553, epoch_time: 33.0min
Epoch:[1/1](56400/113215), loss: 1.7905, logits_loss: 1.7905, aux_loss: 0.0000, lr: 0.00000553, epoch_time: 33.0min
Epoch:[1/1](56420/113215), loss: 1.8969, logits_loss: 1.8969, aux_loss: 0.0000, lr: 0.00000552, epoch_time: 33.0min
Epoch:[1/1](56440/113215), loss: 1.9402, logits_loss: 1.9402, aux_loss: 0.0000, lr: 0.00000552, epoch_time: 33.0min
Epoch:[1/1](56460/113215), loss: 1.6267, logits_loss: 1.6267, aux_loss: 0.0000, lr: 0.00000552, epoch_time: 33.0min
Epoch:[1/1](56480/113215), loss: 1.9597, logits_loss: 1.9597, aux_loss: 0.0000, lr: 0.00000552, epoch_time: 33.0min
Epoch:[1/1](56500/113215), loss: 1.8325, logits_loss: 1.8325, aux_loss: 0.0000, lr: 0.00000551, epoch_time: 33.0min
Epoch:[1/1](56520/113215), loss: 1.6978, logits_loss: 1.6978, aux_loss: 0.0000, lr: 0.00000551, epoch_time: 33.0min
Epoch:[1/1](56540/113215), loss: 1.8213, logits_loss: 1.8213, aux_loss: 0.0000, lr: 0.00000551, epoch_time: 33.0min
Epoch:[1/1](56560/113215), loss: 1.9353, logits_loss: 1.9353, aux_loss: 0.0000, lr: 0.00000551, epoch_time: 33.0min
Epoch:[1/1](56580/113215), loss: 1.5066, logits_loss: 1.5066, aux_loss: 0.0000, lr: 0.00000550, epoch_time: 33.0min
Epoch:[1/1](56600/113215), loss: 1.8019, logits_loss: 1.8019, aux_loss: 0.0000, lr: 0.00000550, epoch_time: 33.0min
Epoch:[1/1](56620/113215), loss: 1.6115, logits_loss: 1.6115, aux_loss: 0.0000, lr: 0.00000550, epoch_time: 33.0min
Epoch:[1/1](56640/113215), loss: 1.7211, logits_loss: 1.7211, aux_loss: 0.0000, lr: 0.00000550, epoch_time: 33.0min
Epoch:[1/1](56660/113215), loss: 1.8835, logits_loss: 1.8835, aux_loss: 0.0000, lr: 0.00000549, epoch_time: 33.0min
Epoch:[1/1](56680/113215), loss: 1.7507, logits_loss: 1.7507, aux_loss: 0.0000, lr: 0.00000549, epoch_time: 33.0min
Epoch:[1/1](56700/113215), loss: 1.8355, logits_loss: 1.8355, aux_loss: 0.0000, lr: 0.00000549, epoch_time: 33.0min
Epoch:[1/1](56720/113215), loss: 1.6990, logits_loss: 1.6990, aux_loss: 0.0000, lr: 0.00000549, epoch_time: 33.0min
Epoch:[1/1](56740/113215), loss: 1.7425, logits_loss: 1.7425, aux_loss: 0.0000, lr: 0.00000548, epoch_time: 33.0min
Epoch:[1/1](56760/113215), loss: 1.8907, logits_loss: 1.8907, aux_loss: 0.0000, lr: 0.00000548, epoch_time: 33.0min
Epoch:[1/1](56780/113215), loss: 1.8991, logits_loss: 1.8991, aux_loss: 0.0000, lr: 0.00000548, epoch_time: 33.0min
Epoch:[1/1](56800/113215), loss: 1.6681, logits_loss: 1.6681, aux_loss: 0.0000, lr: 0.00000548, epoch_time: 33.0min
Epoch:[1/1](56820/113215), loss: 1.8795, logits_loss: 1.8795, aux_loss: 0.0000, lr: 0.00000547, epoch_time: 33.0min
Epoch:[1/1](56840/113215), loss: 1.6762, logits_loss: 1.6762, aux_loss: 0.0000, lr: 0.00000547, epoch_time: 33.0min
Epoch:[1/1](56860/113215), loss: 1.5493, logits_loss: 1.5493, aux_loss: 0.0000, lr: 0.00000547, epoch_time: 33.0min
Epoch:[1/1](56880/113215), loss: 1.7029, logits_loss: 1.7029, aux_loss: 0.0000, lr: 0.00000547, epoch_time: 33.0min
Epoch:[1/1](56900/113215), loss: 1.7959, logits_loss: 1.7959, aux_loss: 0.0000, lr: 0.00000546, epoch_time: 33.0min
Epoch:[1/1](56920/113215), loss: 1.7571, logits_loss: 1.7571, aux_loss: 0.0000, lr: 0.00000546, epoch_time: 33.0min
Epoch:[1/1](56940/113215), loss: 1.9538, logits_loss: 1.9538, aux_loss: 0.0000, lr: 0.00000546, epoch_time: 33.0min
Epoch:[1/1](56960/113215), loss: 1.7824, logits_loss: 1.7824, aux_loss: 0.0000, lr: 0.00000546, epoch_time: 33.0min
Epoch:[1/1](56980/113215), loss: 1.8465, logits_loss: 1.8465, aux_loss: 0.0000, lr: 0.00000545, epoch_time: 33.0min
Epoch:[1/1](57000/113215), loss: 1.7669, logits_loss: 1.7669, aux_loss: 0.0000, lr: 0.00000545, epoch_time: 33.0min
Epoch:[1/1](57020/113215), loss: 1.7586, logits_loss: 1.7586, aux_loss: 0.0000, lr: 0.00000545, epoch_time: 33.0min
Epoch:[1/1](57040/113215), loss: 1.8307, logits_loss: 1.8307, aux_loss: 0.0000, lr: 0.00000545, epoch_time: 33.0min
Epoch:[1/1](57060/113215), loss: 1.6296, logits_loss: 1.6296, aux_loss: 0.0000, lr: 0.00000544, epoch_time: 33.0min
Epoch:[1/1](57080/113215), loss: 1.8771, logits_loss: 1.8771, aux_loss: 0.0000, lr: 0.00000544, epoch_time: 33.0min
Epoch:[1/1](57100/113215), loss: 1.8368, logits_loss: 1.8368, aux_loss: 0.0000, lr: 0.00000544, epoch_time: 33.0min
Epoch:[1/1](57120/113215), loss: 2.0196, logits_loss: 2.0196, aux_loss: 0.0000, lr: 0.00000544, epoch_time: 33.0min
Epoch:[1/1](57140/113215), loss: 1.8596, logits_loss: 1.8596, aux_loss: 0.0000, lr: 0.00000543, epoch_time: 33.0min
Epoch:[1/1](57160/113215), loss: 1.7054, logits_loss: 1.7054, aux_loss: 0.0000, lr: 0.00000543, epoch_time: 33.0min
Epoch:[1/1](57180/113215), loss: 1.7053, logits_loss: 1.7053, aux_loss: 0.0000, lr: 0.00000543, epoch_time: 33.0min
Epoch:[1/1](57200/113215), loss: 1.9049, logits_loss: 1.9049, aux_loss: 0.0000, lr: 0.00000543, epoch_time: 32.0min
Epoch:[1/1](57220/113215), loss: 1.5359, logits_loss: 1.5359, aux_loss: 0.0000, lr: 0.00000542, epoch_time: 32.0min
Epoch:[1/1](57240/113215), loss: 1.9336, logits_loss: 1.9336, aux_loss: 0.0000, lr: 0.00000542, epoch_time: 32.0min
Epoch:[1/1](57260/113215), loss: 1.7857, logits_loss: 1.7857, aux_loss: 0.0000, lr: 0.00000542, epoch_time: 32.0min
Epoch:[1/1](57280/113215), loss: 1.7321, logits_loss: 1.7321, aux_loss: 0.0000, lr: 0.00000542, epoch_time: 32.0min
Epoch:[1/1](57300/113215), loss: 1.7771, logits_loss: 1.7771, aux_loss: 0.0000, lr: 0.00000541, epoch_time: 32.0min
Epoch:[1/1](57320/113215), loss: 1.9621, logits_loss: 1.9621, aux_loss: 0.0000, lr: 0.00000541, epoch_time: 32.0min
Epoch:[1/1](57340/113215), loss: 1.6983, logits_loss: 1.6983, aux_loss: 0.0000, lr: 0.00000541, epoch_time: 32.0min
Epoch:[1/1](57360/113215), loss: 1.7938, logits_loss: 1.7938, aux_loss: 0.0000, lr: 0.00000541, epoch_time: 32.0min
Epoch:[1/1](57380/113215), loss: 1.6838, logits_loss: 1.6838, aux_loss: 0.0000, lr: 0.00000540, epoch_time: 32.0min
Epoch:[1/1](57400/113215), loss: 1.7537, logits_loss: 1.7537, aux_loss: 0.0000, lr: 0.00000540, epoch_time: 32.0min
Epoch:[1/1](57420/113215), loss: 1.8626, logits_loss: 1.8626, aux_loss: 0.0000, lr: 0.00000540, epoch_time: 32.0min
Epoch:[1/1](57440/113215), loss: 1.5540, logits_loss: 1.5540, aux_loss: 0.0000, lr: 0.00000540, epoch_time: 32.0min
Epoch:[1/1](57460/113215), loss: 1.8136, logits_loss: 1.8136, aux_loss: 0.0000, lr: 0.00000539, epoch_time: 32.0min
Epoch:[1/1](57480/113215), loss: 1.6386, logits_loss: 1.6386, aux_loss: 0.0000, lr: 0.00000539, epoch_time: 32.0min
Epoch:[1/1](57500/113215), loss: 1.9296, logits_loss: 1.9296, aux_loss: 0.0000, lr: 0.00000539, epoch_time: 32.0min
Epoch:[1/1](57520/113215), loss: 2.0650, logits_loss: 2.0650, aux_loss: 0.0000, lr: 0.00000539, epoch_time: 32.0min
Epoch:[1/1](57540/113215), loss: 2.1609, logits_loss: 2.1609, aux_loss: 0.0000, lr: 0.00000538, epoch_time: 32.0min
Epoch:[1/1](57560/113215), loss: 1.8295, logits_loss: 1.8295, aux_loss: 0.0000, lr: 0.00000538, epoch_time: 32.0min
Epoch:[1/1](57580/113215), loss: 2.0127, logits_loss: 2.0127, aux_loss: 0.0000, lr: 0.00000538, epoch_time: 32.0min
Epoch:[1/1](57600/113215), loss: 1.7732, logits_loss: 1.7732, aux_loss: 0.0000, lr: 0.00000538, epoch_time: 32.0min
Epoch:[1/1](57620/113215), loss: 1.5707, logits_loss: 1.5707, aux_loss: 0.0000, lr: 0.00000537, epoch_time: 32.0min
Epoch:[1/1](57640/113215), loss: 1.4349, logits_loss: 1.4349, aux_loss: 0.0000, lr: 0.00000537, epoch_time: 32.0min
Epoch:[1/1](57660/113215), loss: 2.0392, logits_loss: 2.0392, aux_loss: 0.0000, lr: 0.00000537, epoch_time: 32.0min
Epoch:[1/1](57680/113215), loss: 1.4807, logits_loss: 1.4807, aux_loss: 0.0000, lr: 0.00000537, epoch_time: 32.0min
Epoch:[1/1](57700/113215), loss: 1.6941, logits_loss: 1.6941, aux_loss: 0.0000, lr: 0.00000536, epoch_time: 32.0min
Epoch:[1/1](57720/113215), loss: 1.4149, logits_loss: 1.4149, aux_loss: 0.0000, lr: 0.00000536, epoch_time: 32.0min
Epoch:[1/1](57740/113215), loss: 1.9347, logits_loss: 1.9347, aux_loss: 0.0000, lr: 0.00000536, epoch_time: 32.0min
Epoch:[1/1](57760/113215), loss: 1.5956, logits_loss: 1.5956, aux_loss: 0.0000, lr: 0.00000536, epoch_time: 32.0min
Epoch:[1/1](57780/113215), loss: 1.5792, logits_loss: 1.5792, aux_loss: 0.0000, lr: 0.00000535, epoch_time: 32.0min
Epoch:[1/1](57800/113215), loss: 1.6083, logits_loss: 1.6083, aux_loss: 0.0000, lr: 0.00000535, epoch_time: 32.0min
Epoch:[1/1](57820/113215), loss: 1.9611, logits_loss: 1.9611, aux_loss: 0.0000, lr: 0.00000535, epoch_time: 32.0min
Epoch:[1/1](57840/113215), loss: 1.8858, logits_loss: 1.8858, aux_loss: 0.0000, lr: 0.00000535, epoch_time: 32.0min
Epoch:[1/1](57860/113215), loss: 1.5460, logits_loss: 1.5460, aux_loss: 0.0000, lr: 0.00000534, epoch_time: 32.0min
Epoch:[1/1](57880/113215), loss: 1.5709, logits_loss: 1.5709, aux_loss: 0.0000, lr: 0.00000534, epoch_time: 32.0min
Epoch:[1/1](57900/113215), loss: 2.0373, logits_loss: 2.0373, aux_loss: 0.0000, lr: 0.00000534, epoch_time: 32.0min
Epoch:[1/1](57920/113215), loss: 1.6610, logits_loss: 1.6610, aux_loss: 0.0000, lr: 0.00000534, epoch_time: 32.0min
Epoch:[1/1](57940/113215), loss: 1.7840, logits_loss: 1.7840, aux_loss: 0.0000, lr: 0.00000533, epoch_time: 32.0min
Epoch:[1/1](57960/113215), loss: 1.7434, logits_loss: 1.7434, aux_loss: 0.0000, lr: 0.00000533, epoch_time: 32.0min
Epoch:[1/1](57980/113215), loss: 1.6348, logits_loss: 1.6348, aux_loss: 0.0000, lr: 0.00000533, epoch_time: 32.0min
Epoch:[1/1](58000/113215), loss: 1.5777, logits_loss: 1.5777, aux_loss: 0.0000, lr: 0.00000533, epoch_time: 32.0min
Epoch:[1/1](58020/113215), loss: 1.5719, logits_loss: 1.5719, aux_loss: 0.0000, lr: 0.00000532, epoch_time: 32.0min
Epoch:[1/1](58040/113215), loss: 1.9980, logits_loss: 1.9980, aux_loss: 0.0000, lr: 0.00000532, epoch_time: 32.0min
Epoch:[1/1](58060/113215), loss: 1.5513, logits_loss: 1.5513, aux_loss: 0.0000, lr: 0.00000532, epoch_time: 32.0min
Epoch:[1/1](58080/113215), loss: 1.7567, logits_loss: 1.7567, aux_loss: 0.0000, lr: 0.00000532, epoch_time: 32.0min
Epoch:[1/1](58100/113215), loss: 1.6462, logits_loss: 1.6462, aux_loss: 0.0000, lr: 0.00000531, epoch_time: 32.0min
Epoch:[1/1](58120/113215), loss: 1.8242, logits_loss: 1.8242, aux_loss: 0.0000, lr: 0.00000531, epoch_time: 32.0min
Epoch:[1/1](58140/113215), loss: 1.7915, logits_loss: 1.7915, aux_loss: 0.0000, lr: 0.00000531, epoch_time: 32.0min
Epoch:[1/1](58160/113215), loss: 2.0413, logits_loss: 2.0413, aux_loss: 0.0000, lr: 0.00000531, epoch_time: 32.0min
Epoch:[1/1](58180/113215), loss: 1.7553, logits_loss: 1.7553, aux_loss: 0.0000, lr: 0.00000530, epoch_time: 32.0min
Epoch:[1/1](58200/113215), loss: 1.6818, logits_loss: 1.6818, aux_loss: 0.0000, lr: 0.00000530, epoch_time: 32.0min
Epoch:[1/1](58220/113215), loss: 1.4498, logits_loss: 1.4498, aux_loss: 0.0000, lr: 0.00000530, epoch_time: 32.0min
Epoch:[1/1](58240/113215), loss: 1.6694, logits_loss: 1.6694, aux_loss: 0.0000, lr: 0.00000530, epoch_time: 32.0min
Epoch:[1/1](58260/113215), loss: 1.6217, logits_loss: 1.6217, aux_loss: 0.0000, lr: 0.00000529, epoch_time: 32.0min
Epoch:[1/1](58280/113215), loss: 1.6378, logits_loss: 1.6378, aux_loss: 0.0000, lr: 0.00000529, epoch_time: 32.0min
Epoch:[1/1](58300/113215), loss: 1.8790, logits_loss: 1.8790, aux_loss: 0.0000, lr: 0.00000529, epoch_time: 32.0min
Epoch:[1/1](58320/113215), loss: 1.8884, logits_loss: 1.8884, aux_loss: 0.0000, lr: 0.00000529, epoch_time: 32.0min
Epoch:[1/1](58340/113215), loss: 1.7392, logits_loss: 1.7392, aux_loss: 0.0000, lr: 0.00000528, epoch_time: 32.0min
Epoch:[1/1](58360/113215), loss: 1.7116, logits_loss: 1.7116, aux_loss: 0.0000, lr: 0.00000528, epoch_time: 32.0min
Epoch:[1/1](58380/113215), loss: 1.9793, logits_loss: 1.9793, aux_loss: 0.0000, lr: 0.00000528, epoch_time: 32.0min
Epoch:[1/1](58400/113215), loss: 1.6573, logits_loss: 1.6573, aux_loss: 0.0000, lr: 0.00000528, epoch_time: 32.0min
Epoch:[1/1](58420/113215), loss: 1.7992, logits_loss: 1.7992, aux_loss: 0.0000, lr: 0.00000527, epoch_time: 32.0min
Epoch:[1/1](58440/113215), loss: 1.6911, logits_loss: 1.6911, aux_loss: 0.0000, lr: 0.00000527, epoch_time: 32.0min
Epoch:[1/1](58460/113215), loss: 1.6413, logits_loss: 1.6413, aux_loss: 0.0000, lr: 0.00000527, epoch_time: 32.0min
Epoch:[1/1](58480/113215), loss: 1.5895, logits_loss: 1.5895, aux_loss: 0.0000, lr: 0.00000527, epoch_time: 32.0min
Epoch:[1/1](58500/113215), loss: 1.4948, logits_loss: 1.4948, aux_loss: 0.0000, lr: 0.00000526, epoch_time: 32.0min
Epoch:[1/1](58520/113215), loss: 1.9672, logits_loss: 1.9672, aux_loss: 0.0000, lr: 0.00000526, epoch_time: 32.0min
Epoch:[1/1](58540/113215), loss: 1.5673, logits_loss: 1.5673, aux_loss: 0.0000, lr: 0.00000526, epoch_time: 32.0min
Epoch:[1/1](58560/113215), loss: 1.8857, logits_loss: 1.8857, aux_loss: 0.0000, lr: 0.00000526, epoch_time: 32.0min
Epoch:[1/1](58580/113215), loss: 1.8334, logits_loss: 1.8334, aux_loss: 0.0000, lr: 0.00000525, epoch_time: 32.0min
Epoch:[1/1](58600/113215), loss: 1.7397, logits_loss: 1.7397, aux_loss: 0.0000, lr: 0.00000525, epoch_time: 32.0min
Epoch:[1/1](58620/113215), loss: 1.8830, logits_loss: 1.8830, aux_loss: 0.0000, lr: 0.00000525, epoch_time: 32.0min
Epoch:[1/1](58640/113215), loss: 1.6337, logits_loss: 1.6337, aux_loss: 0.0000, lr: 0.00000525, epoch_time: 32.0min
Epoch:[1/1](58660/113215), loss: 1.6688, logits_loss: 1.6688, aux_loss: 0.0000, lr: 0.00000524, epoch_time: 32.0min
Epoch:[1/1](58680/113215), loss: 1.8887, logits_loss: 1.8887, aux_loss: 0.0000, lr: 0.00000524, epoch_time: 32.0min
Epoch:[1/1](58700/113215), loss: 1.7727, logits_loss: 1.7727, aux_loss: 0.0000, lr: 0.00000524, epoch_time: 32.0min
Epoch:[1/1](58720/113215), loss: 1.7949, logits_loss: 1.7949, aux_loss: 0.0000, lr: 0.00000524, epoch_time: 32.0min
Epoch:[1/1](58740/113215), loss: 1.6234, logits_loss: 1.6234, aux_loss: 0.0000, lr: 0.00000523, epoch_time: 32.0min
Epoch:[1/1](58760/113215), loss: 1.7011, logits_loss: 1.7011, aux_loss: 0.0000, lr: 0.00000523, epoch_time: 32.0min
Epoch:[1/1](58780/113215), loss: 1.9168, logits_loss: 1.9168, aux_loss: 0.0000, lr: 0.00000523, epoch_time: 32.0min
Epoch:[1/1](58800/113215), loss: 1.8276, logits_loss: 1.8276, aux_loss: 0.0000, lr: 0.00000523, epoch_time: 31.0min
Epoch:[1/1](58820/113215), loss: 1.6908, logits_loss: 1.6908, aux_loss: 0.0000, lr: 0.00000522, epoch_time: 31.0min
Epoch:[1/1](58840/113215), loss: 1.7416, logits_loss: 1.7416, aux_loss: 0.0000, lr: 0.00000522, epoch_time: 31.0min
Epoch:[1/1](58860/113215), loss: 1.8337, logits_loss: 1.8337, aux_loss: 0.0000, lr: 0.00000522, epoch_time: 31.0min
Epoch:[1/1](58880/113215), loss: 1.8546, logits_loss: 1.8546, aux_loss: 0.0000, lr: 0.00000522, epoch_time: 31.0min
Epoch:[1/1](58900/113215), loss: 1.7309, logits_loss: 1.7309, aux_loss: 0.0000, lr: 0.00000521, epoch_time: 31.0min
Epoch:[1/1](58920/113215), loss: 1.7609, logits_loss: 1.7609, aux_loss: 0.0000, lr: 0.00000521, epoch_time: 31.0min
Epoch:[1/1](58940/113215), loss: 1.7630, logits_loss: 1.7630, aux_loss: 0.0000, lr: 0.00000521, epoch_time: 31.0min
Epoch:[1/1](58960/113215), loss: 1.8354, logits_loss: 1.8354, aux_loss: 0.0000, lr: 0.00000521, epoch_time: 31.0min
Epoch:[1/1](58980/113215), loss: 1.7825, logits_loss: 1.7825, aux_loss: 0.0000, lr: 0.00000520, epoch_time: 31.0min
Epoch:[1/1](59000/113215), loss: 1.6111, logits_loss: 1.6111, aux_loss: 0.0000, lr: 0.00000520, epoch_time: 31.0min
Epoch:[1/1](59020/113215), loss: 1.8772, logits_loss: 1.8772, aux_loss: 0.0000, lr: 0.00000520, epoch_time: 31.0min
Epoch:[1/1](59040/113215), loss: 1.8225, logits_loss: 1.8225, aux_loss: 0.0000, lr: 0.00000520, epoch_time: 31.0min
Epoch:[1/1](59060/113215), loss: 1.8839, logits_loss: 1.8839, aux_loss: 0.0000, lr: 0.00000519, epoch_time: 31.0min
Epoch:[1/1](59080/113215), loss: 1.8113, logits_loss: 1.8113, aux_loss: 0.0000, lr: 0.00000519, epoch_time: 31.0min
Epoch:[1/1](59100/113215), loss: 1.9579, logits_loss: 1.9579, aux_loss: 0.0000, lr: 0.00000519, epoch_time: 31.0min
Epoch:[1/1](59120/113215), loss: 1.8296, logits_loss: 1.8296, aux_loss: 0.0000, lr: 0.00000519, epoch_time: 31.0min
Epoch:[1/1](59140/113215), loss: 1.7286, logits_loss: 1.7286, aux_loss: 0.0000, lr: 0.00000518, epoch_time: 31.0min
Epoch:[1/1](59160/113215), loss: 1.5437, logits_loss: 1.5437, aux_loss: 0.0000, lr: 0.00000518, epoch_time: 31.0min
Epoch:[1/1](59180/113215), loss: 1.6221, logits_loss: 1.6221, aux_loss: 0.0000, lr: 0.00000518, epoch_time: 31.0min
Epoch:[1/1](59200/113215), loss: 1.8243, logits_loss: 1.8243, aux_loss: 0.0000, lr: 0.00000518, epoch_time: 31.0min
Epoch:[1/1](59220/113215), loss: 1.7385, logits_loss: 1.7385, aux_loss: 0.0000, lr: 0.00000517, epoch_time: 31.0min
Epoch:[1/1](59240/113215), loss: 1.6559, logits_loss: 1.6559, aux_loss: 0.0000, lr: 0.00000517, epoch_time: 31.0min
Epoch:[1/1](59260/113215), loss: 1.8885, logits_loss: 1.8885, aux_loss: 0.0000, lr: 0.00000517, epoch_time: 31.0min
Epoch:[1/1](59280/113215), loss: 1.6779, logits_loss: 1.6779, aux_loss: 0.0000, lr: 0.00000517, epoch_time: 31.0min
Epoch:[1/1](59300/113215), loss: 1.6673, logits_loss: 1.6673, aux_loss: 0.0000, lr: 0.00000516, epoch_time: 31.0min
Epoch:[1/1](59320/113215), loss: 1.7928, logits_loss: 1.7928, aux_loss: 0.0000, lr: 0.00000516, epoch_time: 31.0min
Epoch:[1/1](59340/113215), loss: 1.6824, logits_loss: 1.6824, aux_loss: 0.0000, lr: 0.00000516, epoch_time: 31.0min
Epoch:[1/1](59360/113215), loss: 1.7545, logits_loss: 1.7545, aux_loss: 0.0000, lr: 0.00000516, epoch_time: 31.0min
Epoch:[1/1](59380/113215), loss: 1.7974, logits_loss: 1.7974, aux_loss: 0.0000, lr: 0.00000515, epoch_time: 31.0min
Epoch:[1/1](59400/113215), loss: 1.8134, logits_loss: 1.8134, aux_loss: 0.0000, lr: 0.00000515, epoch_time: 31.0min
Epoch:[1/1](59420/113215), loss: 1.8401, logits_loss: 1.8401, aux_loss: 0.0000, lr: 0.00000515, epoch_time: 31.0min
Epoch:[1/1](59440/113215), loss: 1.4453, logits_loss: 1.4453, aux_loss: 0.0000, lr: 0.00000515, epoch_time: 31.0min
Epoch:[1/1](59460/113215), loss: 2.0503, logits_loss: 2.0503, aux_loss: 0.0000, lr: 0.00000514, epoch_time: 31.0min
Epoch:[1/1](59480/113215), loss: 1.7385, logits_loss: 1.7385, aux_loss: 0.0000, lr: 0.00000514, epoch_time: 31.0min
Epoch:[1/1](59500/113215), loss: 1.8426, logits_loss: 1.8426, aux_loss: 0.0000, lr: 0.00000514, epoch_time: 31.0min
Epoch:[1/1](59520/113215), loss: 1.8176, logits_loss: 1.8176, aux_loss: 0.0000, lr: 0.00000514, epoch_time: 31.0min
Epoch:[1/1](59540/113215), loss: 1.8603, logits_loss: 1.8603, aux_loss: 0.0000, lr: 0.00000513, epoch_time: 31.0min
Epoch:[1/1](59560/113215), loss: 1.9800, logits_loss: 1.9800, aux_loss: 0.0000, lr: 0.00000513, epoch_time: 31.0min
Epoch:[1/1](59580/113215), loss: 1.4506, logits_loss: 1.4506, aux_loss: 0.0000, lr: 0.00000513, epoch_time: 31.0min
Epoch:[1/1](59600/113215), loss: 1.5625, logits_loss: 1.5625, aux_loss: 0.0000, lr: 0.00000513, epoch_time: 31.0min
Epoch:[1/1](59620/113215), loss: 1.7496, logits_loss: 1.7496, aux_loss: 0.0000, lr: 0.00000512, epoch_time: 31.0min
Epoch:[1/1](59640/113215), loss: 1.8720, logits_loss: 1.8720, aux_loss: 0.0000, lr: 0.00000512, epoch_time: 31.0min
Epoch:[1/1](59660/113215), loss: 1.9622, logits_loss: 1.9622, aux_loss: 0.0000, lr: 0.00000512, epoch_time: 31.0min
Epoch:[1/1](59680/113215), loss: 1.6542, logits_loss: 1.6542, aux_loss: 0.0000, lr: 0.00000512, epoch_time: 31.0min
Epoch:[1/1](59700/113215), loss: 1.6781, logits_loss: 1.6781, aux_loss: 0.0000, lr: 0.00000511, epoch_time: 31.0min
Epoch:[1/1](59720/113215), loss: 1.7797, logits_loss: 1.7797, aux_loss: 0.0000, lr: 0.00000511, epoch_time: 31.0min
Epoch:[1/1](59740/113215), loss: 1.7473, logits_loss: 1.7473, aux_loss: 0.0000, lr: 0.00000511, epoch_time: 31.0min
Epoch:[1/1](59760/113215), loss: 1.7198, logits_loss: 1.7198, aux_loss: 0.0000, lr: 0.00000511, epoch_time: 31.0min
Epoch:[1/1](59780/113215), loss: 1.9456, logits_loss: 1.9456, aux_loss: 0.0000, lr: 0.00000510, epoch_time: 31.0min
Epoch:[1/1](59800/113215), loss: 1.5772, logits_loss: 1.5772, aux_loss: 0.0000, lr: 0.00000510, epoch_time: 31.0min
Epoch:[1/1](59820/113215), loss: 1.8341, logits_loss: 1.8341, aux_loss: 0.0000, lr: 0.00000510, epoch_time: 31.0min
Epoch:[1/1](59840/113215), loss: 1.6815, logits_loss: 1.6815, aux_loss: 0.0000, lr: 0.00000510, epoch_time: 31.0min
Epoch:[1/1](59860/113215), loss: 1.4508, logits_loss: 1.4508, aux_loss: 0.0000, lr: 0.00000509, epoch_time: 31.0min
Epoch:[1/1](59880/113215), loss: 1.5695, logits_loss: 1.5695, aux_loss: 0.0000, lr: 0.00000509, epoch_time: 31.0min
Epoch:[1/1](59900/113215), loss: 1.9307, logits_loss: 1.9307, aux_loss: 0.0000, lr: 0.00000509, epoch_time: 31.0min
Epoch:[1/1](59920/113215), loss: 1.4398, logits_loss: 1.4398, aux_loss: 0.0000, lr: 0.00000509, epoch_time: 31.0min
Epoch:[1/1](59940/113215), loss: 1.7909, logits_loss: 1.7909, aux_loss: 0.0000, lr: 0.00000508, epoch_time: 31.0min
Epoch:[1/1](59960/113215), loss: 1.7431, logits_loss: 1.7431, aux_loss: 0.0000, lr: 0.00000508, epoch_time: 31.0min
Epoch:[1/1](59980/113215), loss: 1.6500, logits_loss: 1.6500, aux_loss: 0.0000, lr: 0.00000508, epoch_time: 31.0min
Epoch:[1/1](60000/113215), loss: 1.6048, logits_loss: 1.6048, aux_loss: 0.0000, lr: 0.00000508, epoch_time: 31.0min
Epoch:[1/1](60020/113215), loss: 1.9255, logits_loss: 1.9255, aux_loss: 0.0000, lr: 0.00000507, epoch_time: 31.0min
Epoch:[1/1](60040/113215), loss: 1.7658, logits_loss: 1.7658, aux_loss: 0.0000, lr: 0.00000507, epoch_time: 31.0min
Epoch:[1/1](60060/113215), loss: 1.4113, logits_loss: 1.4113, aux_loss: 0.0000, lr: 0.00000507, epoch_time: 31.0min
Epoch:[1/1](60080/113215), loss: 1.8179, logits_loss: 1.8179, aux_loss: 0.0000, lr: 0.00000507, epoch_time: 31.0min
Epoch:[1/1](60100/113215), loss: 1.5506, logits_loss: 1.5506, aux_loss: 0.0000, lr: 0.00000506, epoch_time: 31.0min
Epoch:[1/1](60120/113215), loss: 1.7815, logits_loss: 1.7815, aux_loss: 0.0000, lr: 0.00000506, epoch_time: 31.0min
Epoch:[1/1](60140/113215), loss: 1.8129, logits_loss: 1.8129, aux_loss: 0.0000, lr: 0.00000506, epoch_time: 31.0min
Epoch:[1/1](60160/113215), loss: 1.6755, logits_loss: 1.6755, aux_loss: 0.0000, lr: 0.00000506, epoch_time: 31.0min
Epoch:[1/1](60180/113215), loss: 1.7362, logits_loss: 1.7362, aux_loss: 0.0000, lr: 0.00000505, epoch_time: 31.0min
Epoch:[1/1](60200/113215), loss: 1.5479, logits_loss: 1.5479, aux_loss: 0.0000, lr: 0.00000505, epoch_time: 31.0min
Epoch:[1/1](60220/113215), loss: 1.8592, logits_loss: 1.8592, aux_loss: 0.0000, lr: 0.00000505, epoch_time: 31.0min
Epoch:[1/1](60240/113215), loss: 1.8614, logits_loss: 1.8614, aux_loss: 0.0000, lr: 0.00000505, epoch_time: 31.0min
Epoch:[1/1](60260/113215), loss: 1.5891, logits_loss: 1.5891, aux_loss: 0.0000, lr: 0.00000504, epoch_time: 31.0min
Epoch:[1/1](60280/113215), loss: 1.9053, logits_loss: 1.9053, aux_loss: 0.0000, lr: 0.00000504, epoch_time: 31.0min
Epoch:[1/1](60300/113215), loss: 1.8127, logits_loss: 1.8127, aux_loss: 0.0000, lr: 0.00000504, epoch_time: 31.0min
Epoch:[1/1](60320/113215), loss: 1.7836, logits_loss: 1.7836, aux_loss: 0.0000, lr: 0.00000504, epoch_time: 31.0min
Epoch:[1/1](60340/113215), loss: 1.7873, logits_loss: 1.7873, aux_loss: 0.0000, lr: 0.00000503, epoch_time: 31.0min
Epoch:[1/1](60360/113215), loss: 1.7578, logits_loss: 1.7578, aux_loss: 0.0000, lr: 0.00000503, epoch_time: 31.0min
Epoch:[1/1](60380/113215), loss: 1.7431, logits_loss: 1.7431, aux_loss: 0.0000, lr: 0.00000503, epoch_time: 31.0min
Epoch:[1/1](60400/113215), loss: 1.6137, logits_loss: 1.6137, aux_loss: 0.0000, lr: 0.00000503, epoch_time: 31.0min
Epoch:[1/1](60420/113215), loss: 1.5053, logits_loss: 1.5053, aux_loss: 0.0000, lr: 0.00000502, epoch_time: 31.0min
Epoch:[1/1](60440/113215), loss: 1.7786, logits_loss: 1.7786, aux_loss: 0.0000, lr: 0.00000502, epoch_time: 31.0min
Epoch:[1/1](60460/113215), loss: 1.8000, logits_loss: 1.8000, aux_loss: 0.0000, lr: 0.00000502, epoch_time: 31.0min
Epoch:[1/1](60480/113215), loss: 1.3384, logits_loss: 1.3384, aux_loss: 0.0000, lr: 0.00000502, epoch_time: 30.0min
Epoch:[1/1](60500/113215), loss: 1.5431, logits_loss: 1.5431, aux_loss: 0.0000, lr: 0.00000501, epoch_time: 30.0min
Epoch:[1/1](60520/113215), loss: 1.7624, logits_loss: 1.7624, aux_loss: 0.0000, lr: 0.00000501, epoch_time: 30.0min
Epoch:[1/1](60540/113215), loss: 2.0008, logits_loss: 2.0008, aux_loss: 0.0000, lr: 0.00000501, epoch_time: 30.0min
Epoch:[1/1](60560/113215), loss: 1.7718, logits_loss: 1.7718, aux_loss: 0.0000, lr: 0.00000501, epoch_time: 30.0min
Epoch:[1/1](60580/113215), loss: 1.8722, logits_loss: 1.8722, aux_loss: 0.0000, lr: 0.00000500, epoch_time: 30.0min
Epoch:[1/1](60600/113215), loss: 1.7418, logits_loss: 1.7418, aux_loss: 0.0000, lr: 0.00000500, epoch_time: 30.0min
Epoch:[1/1](60620/113215), loss: 1.8649, logits_loss: 1.8649, aux_loss: 0.0000, lr: 0.00000500, epoch_time: 30.0min
Epoch:[1/1](60640/113215), loss: 1.4440, logits_loss: 1.4440, aux_loss: 0.0000, lr: 0.00000500, epoch_time: 30.0min
Epoch:[1/1](60660/113215), loss: 1.5463, logits_loss: 1.5463, aux_loss: 0.0000, lr: 0.00000500, epoch_time: 30.0min
Epoch:[1/1](60680/113215), loss: 1.7342, logits_loss: 1.7342, aux_loss: 0.0000, lr: 0.00000499, epoch_time: 30.0min
Epoch:[1/1](60700/113215), loss: 1.5540, logits_loss: 1.5540, aux_loss: 0.0000, lr: 0.00000499, epoch_time: 30.0min
Epoch:[1/1](60720/113215), loss: 2.0032, logits_loss: 2.0032, aux_loss: 0.0000, lr: 0.00000499, epoch_time: 30.0min
Epoch:[1/1](60740/113215), loss: 1.8625, logits_loss: 1.8625, aux_loss: 0.0000, lr: 0.00000499, epoch_time: 30.0min
Epoch:[1/1](60760/113215), loss: 1.8226, logits_loss: 1.8226, aux_loss: 0.0000, lr: 0.00000498, epoch_time: 30.0min
Epoch:[1/1](60780/113215), loss: 1.8211, logits_loss: 1.8211, aux_loss: 0.0000, lr: 0.00000498, epoch_time: 30.0min
Epoch:[1/1](60800/113215), loss: 1.7012, logits_loss: 1.7012, aux_loss: 0.0000, lr: 0.00000498, epoch_time: 30.0min
Epoch:[1/1](60820/113215), loss: 1.9041, logits_loss: 1.9041, aux_loss: 0.0000, lr: 0.00000498, epoch_time: 30.0min
Epoch:[1/1](60840/113215), loss: 2.0614, logits_loss: 2.0614, aux_loss: 0.0000, lr: 0.00000497, epoch_time: 30.0min
Epoch:[1/1](60860/113215), loss: 1.9805, logits_loss: 1.9805, aux_loss: 0.0000, lr: 0.00000497, epoch_time: 30.0min
Epoch:[1/1](60880/113215), loss: 1.7095, logits_loss: 1.7095, aux_loss: 0.0000, lr: 0.00000497, epoch_time: 30.0min
Epoch:[1/1](60900/113215), loss: 2.1162, logits_loss: 2.1162, aux_loss: 0.0000, lr: 0.00000497, epoch_time: 30.0min
Epoch:[1/1](60920/113215), loss: 1.6615, logits_loss: 1.6615, aux_loss: 0.0000, lr: 0.00000496, epoch_time: 30.0min
Epoch:[1/1](60940/113215), loss: 1.8488, logits_loss: 1.8488, aux_loss: 0.0000, lr: 0.00000496, epoch_time: 30.0min
Epoch:[1/1](60960/113215), loss: 1.5805, logits_loss: 1.5805, aux_loss: 0.0000, lr: 0.00000496, epoch_time: 30.0min
Epoch:[1/1](60980/113215), loss: 1.7987, logits_loss: 1.7987, aux_loss: 0.0000, lr: 0.00000496, epoch_time: 30.0min
Epoch:[1/1](61000/113215), loss: 1.5395, logits_loss: 1.5395, aux_loss: 0.0000, lr: 0.00000495, epoch_time: 30.0min
Epoch:[1/1](61020/113215), loss: 1.6127, logits_loss: 1.6127, aux_loss: 0.0000, lr: 0.00000495, epoch_time: 30.0min
Epoch:[1/1](61040/113215), loss: 1.9043, logits_loss: 1.9043, aux_loss: 0.0000, lr: 0.00000495, epoch_time: 30.0min
Epoch:[1/1](61060/113215), loss: 1.6772, logits_loss: 1.6772, aux_loss: 0.0000, lr: 0.00000495, epoch_time: 30.0min
Epoch:[1/1](61080/113215), loss: 1.9999, logits_loss: 1.9999, aux_loss: 0.0000, lr: 0.00000494, epoch_time: 30.0min
Epoch:[1/1](61100/113215), loss: 1.8427, logits_loss: 1.8427, aux_loss: 0.0000, lr: 0.00000494, epoch_time: 30.0min
Epoch:[1/1](61120/113215), loss: 1.6935, logits_loss: 1.6935, aux_loss: 0.0000, lr: 0.00000494, epoch_time: 30.0min
Epoch:[1/1](61140/113215), loss: 1.7246, logits_loss: 1.7246, aux_loss: 0.0000, lr: 0.00000494, epoch_time: 30.0min
Epoch:[1/1](61160/113215), loss: 1.5897, logits_loss: 1.5897, aux_loss: 0.0000, lr: 0.00000493, epoch_time: 30.0min
Epoch:[1/1](61180/113215), loss: 1.6745, logits_loss: 1.6745, aux_loss: 0.0000, lr: 0.00000493, epoch_time: 30.0min
Epoch:[1/1](61200/113215), loss: 1.5024, logits_loss: 1.5024, aux_loss: 0.0000, lr: 0.00000493, epoch_time: 30.0min
Epoch:[1/1](61220/113215), loss: 1.8348, logits_loss: 1.8348, aux_loss: 0.0000, lr: 0.00000493, epoch_time: 30.0min
Epoch:[1/1](61240/113215), loss: 1.7751, logits_loss: 1.7751, aux_loss: 0.0000, lr: 0.00000492, epoch_time: 30.0min
Epoch:[1/1](61260/113215), loss: 1.9405, logits_loss: 1.9405, aux_loss: 0.0000, lr: 0.00000492, epoch_time: 30.0min
Epoch:[1/1](61280/113215), loss: 1.5364, logits_loss: 1.5364, aux_loss: 0.0000, lr: 0.00000492, epoch_time: 30.0min
Epoch:[1/1](61300/113215), loss: 1.6074, logits_loss: 1.6074, aux_loss: 0.0000, lr: 0.00000492, epoch_time: 30.0min
Epoch:[1/1](61320/113215), loss: 1.7724, logits_loss: 1.7724, aux_loss: 0.0000, lr: 0.00000491, epoch_time: 30.0min
Epoch:[1/1](61340/113215), loss: 1.8834, logits_loss: 1.8834, aux_loss: 0.0000, lr: 0.00000491, epoch_time: 30.0min
Epoch:[1/1](61360/113215), loss: 1.9473, logits_loss: 1.9473, aux_loss: 0.0000, lr: 0.00000491, epoch_time: 30.0min
Epoch:[1/1](61380/113215), loss: 2.0261, logits_loss: 2.0261, aux_loss: 0.0000, lr: 0.00000491, epoch_time: 30.0min
Epoch:[1/1](61400/113215), loss: 1.6692, logits_loss: 1.6692, aux_loss: 0.0000, lr: 0.00000490, epoch_time: 30.0min
Epoch:[1/1](61420/113215), loss: 1.8420, logits_loss: 1.8420, aux_loss: 0.0000, lr: 0.00000490, epoch_time: 30.0min
Epoch:[1/1](61440/113215), loss: 1.6331, logits_loss: 1.6331, aux_loss: 0.0000, lr: 0.00000490, epoch_time: 30.0min
Epoch:[1/1](61460/113215), loss: 1.9146, logits_loss: 1.9146, aux_loss: 0.0000, lr: 0.00000490, epoch_time: 30.0min
Epoch:[1/1](61480/113215), loss: 1.7137, logits_loss: 1.7137, aux_loss: 0.0000, lr: 0.00000489, epoch_time: 30.0min
Epoch:[1/1](61500/113215), loss: 1.9476, logits_loss: 1.9476, aux_loss: 0.0000, lr: 0.00000489, epoch_time: 30.0min
Epoch:[1/1](61520/113215), loss: 1.6002, logits_loss: 1.6002, aux_loss: 0.0000, lr: 0.00000489, epoch_time: 30.0min
Epoch:[1/1](61540/113215), loss: 1.7597, logits_loss: 1.7597, aux_loss: 0.0000, lr: 0.00000489, epoch_time: 30.0min
Epoch:[1/1](61560/113215), loss: 1.6151, logits_loss: 1.6151, aux_loss: 0.0000, lr: 0.00000488, epoch_time: 30.0min
Epoch:[1/1](61580/113215), loss: 1.4203, logits_loss: 1.4203, aux_loss: 0.0000, lr: 0.00000488, epoch_time: 30.0min
Epoch:[1/1](61600/113215), loss: 1.5460, logits_loss: 1.5460, aux_loss: 0.0000, lr: 0.00000488, epoch_time: 30.0min
Epoch:[1/1](61620/113215), loss: 1.5871, logits_loss: 1.5871, aux_loss: 0.0000, lr: 0.00000488, epoch_time: 30.0min
Epoch:[1/1](61640/113215), loss: 1.8860, logits_loss: 1.8860, aux_loss: 0.0000, lr: 0.00000487, epoch_time: 30.0min
Epoch:[1/1](61660/113215), loss: 1.9242, logits_loss: 1.9242, aux_loss: 0.0000, lr: 0.00000487, epoch_time: 30.0min
Epoch:[1/1](61680/113215), loss: 1.5503, logits_loss: 1.5503, aux_loss: 0.0000, lr: 0.00000487, epoch_time: 30.0min
Epoch:[1/1](61700/113215), loss: 1.6639, logits_loss: 1.6639, aux_loss: 0.0000, lr: 0.00000487, epoch_time: 30.0min
Epoch:[1/1](61720/113215), loss: 1.5205, logits_loss: 1.5205, aux_loss: 0.0000, lr: 0.00000486, epoch_time: 30.0min
Epoch:[1/1](61740/113215), loss: 1.7656, logits_loss: 1.7656, aux_loss: 0.0000, lr: 0.00000486, epoch_time: 30.0min
Epoch:[1/1](61760/113215), loss: 1.9678, logits_loss: 1.9678, aux_loss: 0.0000, lr: 0.00000486, epoch_time: 30.0min
Epoch:[1/1](61780/113215), loss: 2.0267, logits_loss: 2.0267, aux_loss: 0.0000, lr: 0.00000486, epoch_time: 30.0min
Epoch:[1/1](61800/113215), loss: 1.9326, logits_loss: 1.9326, aux_loss: 0.0000, lr: 0.00000485, epoch_time: 30.0min
Epoch:[1/1](61820/113215), loss: 1.5458, logits_loss: 1.5458, aux_loss: 0.0000, lr: 0.00000485, epoch_time: 30.0min
Epoch:[1/1](61840/113215), loss: 1.7903, logits_loss: 1.7903, aux_loss: 0.0000, lr: 0.00000485, epoch_time: 30.0min
Epoch:[1/1](61860/113215), loss: 1.7399, logits_loss: 1.7399, aux_loss: 0.0000, lr: 0.00000485, epoch_time: 30.0min
Epoch:[1/1](61880/113215), loss: 1.8885, logits_loss: 1.8885, aux_loss: 0.0000, lr: 0.00000484, epoch_time: 30.0min
Epoch:[1/1](61900/113215), loss: 1.7036, logits_loss: 1.7036, aux_loss: 0.0000, lr: 0.00000484, epoch_time: 30.0min
Epoch:[1/1](61920/113215), loss: 1.7038, logits_loss: 1.7038, aux_loss: 0.0000, lr: 0.00000484, epoch_time: 30.0min
Epoch:[1/1](61940/113215), loss: 1.7836, logits_loss: 1.7836, aux_loss: 0.0000, lr: 0.00000484, epoch_time: 30.0min
Epoch:[1/1](61960/113215), loss: 1.6140, logits_loss: 1.6140, aux_loss: 0.0000, lr: 0.00000483, epoch_time: 30.0min
Epoch:[1/1](61980/113215), loss: 1.5697, logits_loss: 1.5697, aux_loss: 0.0000, lr: 0.00000483, epoch_time: 30.0min
Epoch:[1/1](62000/113215), loss: 1.6440, logits_loss: 1.6440, aux_loss: 0.0000, lr: 0.00000483, epoch_time: 30.0min
Epoch:[1/1](62020/113215), loss: 1.8014, logits_loss: 1.8014, aux_loss: 0.0000, lr: 0.00000483, epoch_time: 30.0min
Epoch:[1/1](62040/113215), loss: 1.4125, logits_loss: 1.4125, aux_loss: 0.0000, lr: 0.00000482, epoch_time: 30.0min
Epoch:[1/1](62060/113215), loss: 1.7939, logits_loss: 1.7939, aux_loss: 0.0000, lr: 0.00000482, epoch_time: 30.0min
Epoch:[1/1](62080/113215), loss: 1.9516, logits_loss: 1.9516, aux_loss: 0.0000, lr: 0.00000482, epoch_time: 30.0min
Epoch:[1/1](62100/113215), loss: 1.8702, logits_loss: 1.8702, aux_loss: 0.0000, lr: 0.00000482, epoch_time: 30.0min
Epoch:[1/1](62120/113215), loss: 1.7493, logits_loss: 1.7493, aux_loss: 0.0000, lr: 0.00000481, epoch_time: 30.0min
Epoch:[1/1](62140/113215), loss: 1.7366, logits_loss: 1.7366, aux_loss: 0.0000, lr: 0.00000481, epoch_time: 30.0min
Epoch:[1/1](62160/113215), loss: 1.5826, logits_loss: 1.5826, aux_loss: 0.0000, lr: 0.00000481, epoch_time: 30.0min
Epoch:[1/1](62180/113215), loss: 1.7139, logits_loss: 1.7139, aux_loss: 0.0000, lr: 0.00000481, epoch_time: 29.0min
Epoch:[1/1](62200/113215), loss: 1.6868, logits_loss: 1.6868, aux_loss: 0.0000, lr: 0.00000480, epoch_time: 29.0min
Epoch:[1/1](62220/113215), loss: 1.7015, logits_loss: 1.7015, aux_loss: 0.0000, lr: 0.00000480, epoch_time: 29.0min
Epoch:[1/1](62240/113215), loss: 1.6244, logits_loss: 1.6244, aux_loss: 0.0000, lr: 0.00000480, epoch_time: 29.0min
Epoch:[1/1](62260/113215), loss: 1.7607, logits_loss: 1.7607, aux_loss: 0.0000, lr: 0.00000480, epoch_time: 29.0min
Epoch:[1/1](62280/113215), loss: 1.7635, logits_loss: 1.7635, aux_loss: 0.0000, lr: 0.00000479, epoch_time: 29.0min
Epoch:[1/1](62300/113215), loss: 1.6382, logits_loss: 1.6382, aux_loss: 0.0000, lr: 0.00000479, epoch_time: 29.0min
Epoch:[1/1](62320/113215), loss: 1.4958, logits_loss: 1.4958, aux_loss: 0.0000, lr: 0.00000479, epoch_time: 29.0min
Epoch:[1/1](62340/113215), loss: 1.6417, logits_loss: 1.6417, aux_loss: 0.0000, lr: 0.00000479, epoch_time: 29.0min
Epoch:[1/1](62360/113215), loss: 1.9442, logits_loss: 1.9442, aux_loss: 0.0000, lr: 0.00000478, epoch_time: 29.0min
Epoch:[1/1](62380/113215), loss: 1.8804, logits_loss: 1.8804, aux_loss: 0.0000, lr: 0.00000478, epoch_time: 29.0min
Epoch:[1/1](62400/113215), loss: 1.9140, logits_loss: 1.9140, aux_loss: 0.0000, lr: 0.00000478, epoch_time: 29.0min
Epoch:[1/1](62420/113215), loss: 1.9463, logits_loss: 1.9463, aux_loss: 0.0000, lr: 0.00000478, epoch_time: 29.0min
Epoch:[1/1](62440/113215), loss: 1.5195, logits_loss: 1.5195, aux_loss: 0.0000, lr: 0.00000477, epoch_time: 29.0min
Epoch:[1/1](62460/113215), loss: 1.7223, logits_loss: 1.7223, aux_loss: 0.0000, lr: 0.00000477, epoch_time: 29.0min
Epoch:[1/1](62480/113215), loss: 1.6005, logits_loss: 1.6005, aux_loss: 0.0000, lr: 0.00000477, epoch_time: 29.0min
Epoch:[1/1](62500/113215), loss: 1.6285, logits_loss: 1.6285, aux_loss: 0.0000, lr: 0.00000477, epoch_time: 29.0min
Epoch:[1/1](62520/113215), loss: 2.0831, logits_loss: 2.0831, aux_loss: 0.0000, lr: 0.00000477, epoch_time: 29.0min
Epoch:[1/1](62540/113215), loss: 1.5273, logits_loss: 1.5273, aux_loss: 0.0000, lr: 0.00000476, epoch_time: 29.0min
Epoch:[1/1](62560/113215), loss: 1.5375, logits_loss: 1.5375, aux_loss: 0.0000, lr: 0.00000476, epoch_time: 29.0min
Epoch:[1/1](62580/113215), loss: 1.9382, logits_loss: 1.9382, aux_loss: 0.0000, lr: 0.00000476, epoch_time: 29.0min
Epoch:[1/1](62600/113215), loss: 1.6772, logits_loss: 1.6772, aux_loss: 0.0000, lr: 0.00000476, epoch_time: 29.0min
Epoch:[1/1](62620/113215), loss: 1.7378, logits_loss: 1.7378, aux_loss: 0.0000, lr: 0.00000475, epoch_time: 29.0min
Epoch:[1/1](62640/113215), loss: 1.7650, logits_loss: 1.7650, aux_loss: 0.0000, lr: 0.00000475, epoch_time: 29.0min
Epoch:[1/1](62660/113215), loss: 1.7954, logits_loss: 1.7954, aux_loss: 0.0000, lr: 0.00000475, epoch_time: 29.0min
Epoch:[1/1](62680/113215), loss: 1.6919, logits_loss: 1.6919, aux_loss: 0.0000, lr: 0.00000475, epoch_time: 29.0min
Epoch:[1/1](62700/113215), loss: 1.6030, logits_loss: 1.6030, aux_loss: 0.0000, lr: 0.00000474, epoch_time: 29.0min
Epoch:[1/1](62720/113215), loss: 1.9431, logits_loss: 1.9431, aux_loss: 0.0000, lr: 0.00000474, epoch_time: 29.0min
Epoch:[1/1](62740/113215), loss: 1.6748, logits_loss: 1.6748, aux_loss: 0.0000, lr: 0.00000474, epoch_time: 29.0min
Epoch:[1/1](62760/113215), loss: 1.6848, logits_loss: 1.6848, aux_loss: 0.0000, lr: 0.00000474, epoch_time: 29.0min
Epoch:[1/1](62780/113215), loss: 1.7014, logits_loss: 1.7014, aux_loss: 0.0000, lr: 0.00000473, epoch_time: 29.0min
Epoch:[1/1](62800/113215), loss: 1.8132, logits_loss: 1.8132, aux_loss: 0.0000, lr: 0.00000473, epoch_time: 29.0min
Epoch:[1/1](62820/113215), loss: 1.7316, logits_loss: 1.7316, aux_loss: 0.0000, lr: 0.00000473, epoch_time: 29.0min
Epoch:[1/1](62840/113215), loss: 1.8736, logits_loss: 1.8736, aux_loss: 0.0000, lr: 0.00000473, epoch_time: 29.0min
Epoch:[1/1](62860/113215), loss: 1.8178, logits_loss: 1.8178, aux_loss: 0.0000, lr: 0.00000472, epoch_time: 29.0min
Epoch:[1/1](62880/113215), loss: 1.7637, logits_loss: 1.7637, aux_loss: 0.0000, lr: 0.00000472, epoch_time: 29.0min
Epoch:[1/1](62900/113215), loss: 1.5457, logits_loss: 1.5457, aux_loss: 0.0000, lr: 0.00000472, epoch_time: 29.0min
Epoch:[1/1](62920/113215), loss: 1.5605, logits_loss: 1.5605, aux_loss: 0.0000, lr: 0.00000472, epoch_time: 29.0min
Epoch:[1/1](62940/113215), loss: 1.6524, logits_loss: 1.6524, aux_loss: 0.0000, lr: 0.00000471, epoch_time: 29.0min
Epoch:[1/1](62960/113215), loss: 2.0792, logits_loss: 2.0792, aux_loss: 0.0000, lr: 0.00000471, epoch_time: 29.0min
Epoch:[1/1](62980/113215), loss: 1.8044, logits_loss: 1.8044, aux_loss: 0.0000, lr: 0.00000471, epoch_time: 29.0min
Epoch:[1/1](63000/113215), loss: 2.0524, logits_loss: 2.0524, aux_loss: 0.0000, lr: 0.00000471, epoch_time: 29.0min
Epoch:[1/1](63020/113215), loss: 1.2790, logits_loss: 1.2790, aux_loss: 0.0000, lr: 0.00000470, epoch_time: 29.0min
Epoch:[1/1](63040/113215), loss: 1.8038, logits_loss: 1.8038, aux_loss: 0.0000, lr: 0.00000470, epoch_time: 29.0min
Epoch:[1/1](63060/113215), loss: 1.8364, logits_loss: 1.8364, aux_loss: 0.0000, lr: 0.00000470, epoch_time: 29.0min
Epoch:[1/1](63080/113215), loss: 1.8212, logits_loss: 1.8212, aux_loss: 0.0000, lr: 0.00000470, epoch_time: 29.0min
Epoch:[1/1](63100/113215), loss: 1.8522, logits_loss: 1.8522, aux_loss: 0.0000, lr: 0.00000469, epoch_time: 29.0min
Epoch:[1/1](63120/113215), loss: 1.7379, logits_loss: 1.7379, aux_loss: 0.0000, lr: 0.00000469, epoch_time: 29.0min
Epoch:[1/1](63140/113215), loss: 1.6193, logits_loss: 1.6193, aux_loss: 0.0000, lr: 0.00000469, epoch_time: 29.0min
Epoch:[1/1](63160/113215), loss: 1.7563, logits_loss: 1.7563, aux_loss: 0.0000, lr: 0.00000469, epoch_time: 29.0min
Epoch:[1/1](63180/113215), loss: 1.6801, logits_loss: 1.6801, aux_loss: 0.0000, lr: 0.00000468, epoch_time: 29.0min
Epoch:[1/1](63200/113215), loss: 1.7719, logits_loss: 1.7719, aux_loss: 0.0000, lr: 0.00000468, epoch_time: 29.0min
Epoch:[1/1](63220/113215), loss: 1.9085, logits_loss: 1.9085, aux_loss: 0.0000, lr: 0.00000468, epoch_time: 29.0min
Epoch:[1/1](63240/113215), loss: 1.4715, logits_loss: 1.4715, aux_loss: 0.0000, lr: 0.00000468, epoch_time: 29.0min
Epoch:[1/1](63260/113215), loss: 1.7457, logits_loss: 1.7457, aux_loss: 0.0000, lr: 0.00000467, epoch_time: 29.0min
Epoch:[1/1](63280/113215), loss: 1.7324, logits_loss: 1.7324, aux_loss: 0.0000, lr: 0.00000467, epoch_time: 29.0min
Epoch:[1/1](63300/113215), loss: 1.7859, logits_loss: 1.7859, aux_loss: 0.0000, lr: 0.00000467, epoch_time: 29.0min
Epoch:[1/1](63320/113215), loss: 1.5829, logits_loss: 1.5829, aux_loss: 0.0000, lr: 0.00000467, epoch_time: 29.0min
Epoch:[1/1](63340/113215), loss: 1.7522, logits_loss: 1.7522, aux_loss: 0.0000, lr: 0.00000466, epoch_time: 29.0min
Epoch:[1/1](63360/113215), loss: 1.9156, logits_loss: 1.9156, aux_loss: 0.0000, lr: 0.00000466, epoch_time: 29.0min
Epoch:[1/1](63380/113215), loss: 1.7601, logits_loss: 1.7601, aux_loss: 0.0000, lr: 0.00000466, epoch_time: 29.0min
Epoch:[1/1](63400/113215), loss: 1.6971, logits_loss: 1.6971, aux_loss: 0.0000, lr: 0.00000466, epoch_time: 29.0min
Epoch:[1/1](63420/113215), loss: 2.0010, logits_loss: 2.0010, aux_loss: 0.0000, lr: 0.00000465, epoch_time: 29.0min
Epoch:[1/1](63440/113215), loss: 1.7749, logits_loss: 1.7749, aux_loss: 0.0000, lr: 0.00000465, epoch_time: 29.0min
Epoch:[1/1](63460/113215), loss: 1.3648, logits_loss: 1.3648, aux_loss: 0.0000, lr: 0.00000465, epoch_time: 29.0min
Epoch:[1/1](63480/113215), loss: 1.8019, logits_loss: 1.8019, aux_loss: 0.0000, lr: 0.00000465, epoch_time: 29.0min
Epoch:[1/1](63500/113215), loss: 1.6979, logits_loss: 1.6979, aux_loss: 0.0000, lr: 0.00000464, epoch_time: 29.0min
Epoch:[1/1](63520/113215), loss: 1.7364, logits_loss: 1.7364, aux_loss: 0.0000, lr: 0.00000464, epoch_time: 29.0min
Epoch:[1/1](63540/113215), loss: 1.8883, logits_loss: 1.8883, aux_loss: 0.0000, lr: 0.00000464, epoch_time: 29.0min
Epoch:[1/1](63560/113215), loss: 1.6959, logits_loss: 1.6959, aux_loss: 0.0000, lr: 0.00000464, epoch_time: 29.0min
Epoch:[1/1](63580/113215), loss: 1.6112, logits_loss: 1.6112, aux_loss: 0.0000, lr: 0.00000463, epoch_time: 29.0min
Epoch:[1/1](63600/113215), loss: 1.6711, logits_loss: 1.6711, aux_loss: 0.0000, lr: 0.00000463, epoch_time: 29.0min
Epoch:[1/1](63620/113215), loss: 1.9618, logits_loss: 1.9618, aux_loss: 0.0000, lr: 0.00000463, epoch_time: 29.0min
Epoch:[1/1](63640/113215), loss: 1.4291, logits_loss: 1.4291, aux_loss: 0.0000, lr: 0.00000463, epoch_time: 29.0min
Epoch:[1/1](63660/113215), loss: 1.7091, logits_loss: 1.7091, aux_loss: 0.0000, lr: 0.00000462, epoch_time: 29.0min
Epoch:[1/1](63680/113215), loss: 1.9834, logits_loss: 1.9834, aux_loss: 0.0000, lr: 0.00000462, epoch_time: 29.0min
Epoch:[1/1](63700/113215), loss: 1.6763, logits_loss: 1.6763, aux_loss: 0.0000, lr: 0.00000462, epoch_time: 29.0min
Epoch:[1/1](63720/113215), loss: 1.8232, logits_loss: 1.8232, aux_loss: 0.0000, lr: 0.00000462, epoch_time: 29.0min
Epoch:[1/1](63740/113215), loss: 1.5951, logits_loss: 1.5951, aux_loss: 0.0000, lr: 0.00000462, epoch_time: 29.0min
Epoch:[1/1](63760/113215), loss: 1.9521, logits_loss: 1.9521, aux_loss: 0.0000, lr: 0.00000461, epoch_time: 29.0min
Epoch:[1/1](63780/113215), loss: 1.5452, logits_loss: 1.5452, aux_loss: 0.0000, lr: 0.00000461, epoch_time: 29.0min
Epoch:[1/1](63800/113215), loss: 1.8650, logits_loss: 1.8650, aux_loss: 0.0000, lr: 0.00000461, epoch_time: 28.0min
Epoch:[1/1](63820/113215), loss: 1.8146, logits_loss: 1.8146, aux_loss: 0.0000, lr: 0.00000461, epoch_time: 28.0min
Epoch:[1/1](63840/113215), loss: 1.8145, logits_loss: 1.8145, aux_loss: 0.0000, lr: 0.00000460, epoch_time: 28.0min
Epoch:[1/1](63860/113215), loss: 1.4122, logits_loss: 1.4122, aux_loss: 0.0000, lr: 0.00000460, epoch_time: 28.0min
Epoch:[1/1](63880/113215), loss: 1.6611, logits_loss: 1.6611, aux_loss: 0.0000, lr: 0.00000460, epoch_time: 28.0min
Epoch:[1/1](63900/113215), loss: 1.5881, logits_loss: 1.5881, aux_loss: 0.0000, lr: 0.00000460, epoch_time: 28.0min
Epoch:[1/1](63920/113215), loss: 1.7389, logits_loss: 1.7389, aux_loss: 0.0000, lr: 0.00000459, epoch_time: 28.0min
Epoch:[1/1](63940/113215), loss: 1.7027, logits_loss: 1.7027, aux_loss: 0.0000, lr: 0.00000459, epoch_time: 28.0min
Epoch:[1/1](63960/113215), loss: 1.7625, logits_loss: 1.7625, aux_loss: 0.0000, lr: 0.00000459, epoch_time: 28.0min
Epoch:[1/1](63980/113215), loss: 1.8480, logits_loss: 1.8480, aux_loss: 0.0000, lr: 0.00000459, epoch_time: 28.0min
Epoch:[1/1](64000/113215), loss: 1.8457, logits_loss: 1.8457, aux_loss: 0.0000, lr: 0.00000458, epoch_time: 28.0min
Epoch:[1/1](64020/113215), loss: 1.8406, logits_loss: 1.8406, aux_loss: 0.0000, lr: 0.00000458, epoch_time: 28.0min
Epoch:[1/1](64040/113215), loss: 1.5099, logits_loss: 1.5099, aux_loss: 0.0000, lr: 0.00000458, epoch_time: 28.0min
Epoch:[1/1](64060/113215), loss: 1.7142, logits_loss: 1.7142, aux_loss: 0.0000, lr: 0.00000458, epoch_time: 28.0min
Epoch:[1/1](64080/113215), loss: 2.1015, logits_loss: 2.1015, aux_loss: 0.0000, lr: 0.00000457, epoch_time: 28.0min
Epoch:[1/1](64100/113215), loss: 1.6610, logits_loss: 1.6610, aux_loss: 0.0000, lr: 0.00000457, epoch_time: 28.0min
Epoch:[1/1](64120/113215), loss: 1.6891, logits_loss: 1.6891, aux_loss: 0.0000, lr: 0.00000457, epoch_time: 28.0min
Epoch:[1/1](64140/113215), loss: 1.6821, logits_loss: 1.6821, aux_loss: 0.0000, lr: 0.00000457, epoch_time: 28.0min
Epoch:[1/1](64160/113215), loss: 1.6593, logits_loss: 1.6593, aux_loss: 0.0000, lr: 0.00000456, epoch_time: 28.0min
Epoch:[1/1](64180/113215), loss: 1.6696, logits_loss: 1.6696, aux_loss: 0.0000, lr: 0.00000456, epoch_time: 28.0min
Epoch:[1/1](64200/113215), loss: 1.6957, logits_loss: 1.6957, aux_loss: 0.0000, lr: 0.00000456, epoch_time: 28.0min
Epoch:[1/1](64220/113215), loss: 1.7218, logits_loss: 1.7218, aux_loss: 0.0000, lr: 0.00000456, epoch_time: 28.0min
Epoch:[1/1](64240/113215), loss: 1.4282, logits_loss: 1.4282, aux_loss: 0.0000, lr: 0.00000455, epoch_time: 28.0min
Epoch:[1/1](64260/113215), loss: 1.8133, logits_loss: 1.8133, aux_loss: 0.0000, lr: 0.00000455, epoch_time: 28.0min
Epoch:[1/1](64280/113215), loss: 1.3911, logits_loss: 1.3911, aux_loss: 0.0000, lr: 0.00000455, epoch_time: 28.0min
Epoch:[1/1](64300/113215), loss: 1.4681, logits_loss: 1.4681, aux_loss: 0.0000, lr: 0.00000455, epoch_time: 28.0min
Epoch:[1/1](64320/113215), loss: 1.7453, logits_loss: 1.7453, aux_loss: 0.0000, lr: 0.00000454, epoch_time: 28.0min
Epoch:[1/1](64340/113215), loss: 1.6125, logits_loss: 1.6125, aux_loss: 0.0000, lr: 0.00000454, epoch_time: 28.0min
Epoch:[1/1](64360/113215), loss: 1.5484, logits_loss: 1.5484, aux_loss: 0.0000, lr: 0.00000454, epoch_time: 28.0min
Epoch:[1/1](64380/113215), loss: 1.6536, logits_loss: 1.6536, aux_loss: 0.0000, lr: 0.00000454, epoch_time: 28.0min
Epoch:[1/1](64400/113215), loss: 1.9337, logits_loss: 1.9337, aux_loss: 0.0000, lr: 0.00000453, epoch_time: 28.0min
Epoch:[1/1](64420/113215), loss: 1.4742, logits_loss: 1.4742, aux_loss: 0.0000, lr: 0.00000453, epoch_time: 28.0min
Epoch:[1/1](64440/113215), loss: 1.8612, logits_loss: 1.8612, aux_loss: 0.0000, lr: 0.00000453, epoch_time: 28.0min
Epoch:[1/1](64460/113215), loss: 1.7417, logits_loss: 1.7417, aux_loss: 0.0000, lr: 0.00000453, epoch_time: 28.0min
Epoch:[1/1](64480/113215), loss: 1.5934, logits_loss: 1.5934, aux_loss: 0.0000, lr: 0.00000452, epoch_time: 28.0min
Epoch:[1/1](64500/113215), loss: 1.6563, logits_loss: 1.6563, aux_loss: 0.0000, lr: 0.00000452, epoch_time: 28.0min
Epoch:[1/1](64520/113215), loss: 1.6232, logits_loss: 1.6232, aux_loss: 0.0000, lr: 0.00000452, epoch_time: 28.0min
Epoch:[1/1](64540/113215), loss: 1.6635, logits_loss: 1.6635, aux_loss: 0.0000, lr: 0.00000452, epoch_time: 28.0min
Epoch:[1/1](64560/113215), loss: 1.3786, logits_loss: 1.3786, aux_loss: 0.0000, lr: 0.00000452, epoch_time: 28.0min
Epoch:[1/1](64580/113215), loss: 1.9041, logits_loss: 1.9041, aux_loss: 0.0000, lr: 0.00000451, epoch_time: 28.0min
Epoch:[1/1](64600/113215), loss: 1.9602, logits_loss: 1.9602, aux_loss: 0.0000, lr: 0.00000451, epoch_time: 28.0min
Epoch:[1/1](64620/113215), loss: 1.7192, logits_loss: 1.7192, aux_loss: 0.0000, lr: 0.00000451, epoch_time: 28.0min
Epoch:[1/1](64640/113215), loss: 1.3988, logits_loss: 1.3988, aux_loss: 0.0000, lr: 0.00000451, epoch_time: 28.0min
Epoch:[1/1](64660/113215), loss: 1.5717, logits_loss: 1.5717, aux_loss: 0.0000, lr: 0.00000450, epoch_time: 28.0min
Epoch:[1/1](64680/113215), loss: 1.8385, logits_loss: 1.8385, aux_loss: 0.0000, lr: 0.00000450, epoch_time: 28.0min
Epoch:[1/1](64700/113215), loss: 1.6823, logits_loss: 1.6823, aux_loss: 0.0000, lr: 0.00000450, epoch_time: 28.0min
Epoch:[1/1](64720/113215), loss: 1.4559, logits_loss: 1.4559, aux_loss: 0.0000, lr: 0.00000450, epoch_time: 28.0min
Epoch:[1/1](64740/113215), loss: 1.7073, logits_loss: 1.7073, aux_loss: 0.0000, lr: 0.00000449, epoch_time: 28.0min
Epoch:[1/1](64760/113215), loss: 1.6704, logits_loss: 1.6704, aux_loss: 0.0000, lr: 0.00000449, epoch_time: 28.0min
Epoch:[1/1](64780/113215), loss: 2.1017, logits_loss: 2.1017, aux_loss: 0.0000, lr: 0.00000449, epoch_time: 28.0min
Epoch:[1/1](64800/113215), loss: 1.9283, logits_loss: 1.9283, aux_loss: 0.0000, lr: 0.00000449, epoch_time: 28.0min
Epoch:[1/1](64820/113215), loss: 1.5457, logits_loss: 1.5457, aux_loss: 0.0000, lr: 0.00000448, epoch_time: 28.0min
Epoch:[1/1](64840/113215), loss: 1.7291, logits_loss: 1.7291, aux_loss: 0.0000, lr: 0.00000448, epoch_time: 28.0min
Epoch:[1/1](64860/113215), loss: 1.8213, logits_loss: 1.8213, aux_loss: 0.0000, lr: 0.00000448, epoch_time: 28.0min
Epoch:[1/1](64880/113215), loss: 1.9707, logits_loss: 1.9707, aux_loss: 0.0000, lr: 0.00000448, epoch_time: 28.0min
Epoch:[1/1](64900/113215), loss: 1.8169, logits_loss: 1.8169, aux_loss: 0.0000, lr: 0.00000447, epoch_time: 28.0min
Epoch:[1/1](64920/113215), loss: 1.8561, logits_loss: 1.8561, aux_loss: 0.0000, lr: 0.00000447, epoch_time: 28.0min
Epoch:[1/1](64940/113215), loss: 2.0623, logits_loss: 2.0623, aux_loss: 0.0000, lr: 0.00000447, epoch_time: 28.0min
Epoch:[1/1](64960/113215), loss: 1.5606, logits_loss: 1.5606, aux_loss: 0.0000, lr: 0.00000447, epoch_time: 28.0min
Epoch:[1/1](64980/113215), loss: 1.9553, logits_loss: 1.9553, aux_loss: 0.0000, lr: 0.00000446, epoch_time: 28.0min
Epoch:[1/1](65000/113215), loss: 1.9249, logits_loss: 1.9249, aux_loss: 0.0000, lr: 0.00000446, epoch_time: 28.0min
Epoch:[1/1](65020/113215), loss: 1.9374, logits_loss: 1.9374, aux_loss: 0.0000, lr: 0.00000446, epoch_time: 28.0min
Epoch:[1/1](65040/113215), loss: 1.7686, logits_loss: 1.7686, aux_loss: 0.0000, lr: 0.00000446, epoch_time: 28.0min
Epoch:[1/1](65060/113215), loss: 1.9361, logits_loss: 1.9361, aux_loss: 0.0000, lr: 0.00000445, epoch_time: 28.0min
Epoch:[1/1](65080/113215), loss: 1.9255, logits_loss: 1.9255, aux_loss: 0.0000, lr: 0.00000445, epoch_time: 28.0min
Epoch:[1/1](65100/113215), loss: 1.7891, logits_loss: 1.7891, aux_loss: 0.0000, lr: 0.00000445, epoch_time: 28.0min
Epoch:[1/1](65120/113215), loss: 1.7077, logits_loss: 1.7077, aux_loss: 0.0000, lr: 0.00000445, epoch_time: 28.0min
Epoch:[1/1](65140/113215), loss: 1.6805, logits_loss: 1.6805, aux_loss: 0.0000, lr: 0.00000444, epoch_time: 28.0min
Epoch:[1/1](65160/113215), loss: 1.8594, logits_loss: 1.8594, aux_loss: 0.0000, lr: 0.00000444, epoch_time: 28.0min
Epoch:[1/1](65180/113215), loss: 1.7727, logits_loss: 1.7727, aux_loss: 0.0000, lr: 0.00000444, epoch_time: 28.0min
Epoch:[1/1](65200/113215), loss: 1.9551, logits_loss: 1.9551, aux_loss: 0.0000, lr: 0.00000444, epoch_time: 28.0min
Epoch:[1/1](65220/113215), loss: 1.6426, logits_loss: 1.6426, aux_loss: 0.0000, lr: 0.00000443, epoch_time: 28.0min
Epoch:[1/1](65240/113215), loss: 2.0874, logits_loss: 2.0874, aux_loss: 0.0000, lr: 0.00000443, epoch_time: 28.0min
Epoch:[1/1](65260/113215), loss: 1.7423, logits_loss: 1.7423, aux_loss: 0.0000, lr: 0.00000443, epoch_time: 28.0min
Epoch:[1/1](65280/113215), loss: 1.7295, logits_loss: 1.7295, aux_loss: 0.0000, lr: 0.00000443, epoch_time: 28.0min
Epoch:[1/1](65300/113215), loss: 2.0127, logits_loss: 2.0127, aux_loss: 0.0000, lr: 0.00000443, epoch_time: 28.0min
Epoch:[1/1](65320/113215), loss: 1.7442, logits_loss: 1.7442, aux_loss: 0.0000, lr: 0.00000442, epoch_time: 28.0min
Epoch:[1/1](65340/113215), loss: 2.0010, logits_loss: 2.0010, aux_loss: 0.0000, lr: 0.00000442, epoch_time: 28.0min
Epoch:[1/1](65360/113215), loss: 1.7344, logits_loss: 1.7344, aux_loss: 0.0000, lr: 0.00000442, epoch_time: 28.0min
Epoch:[1/1](65380/113215), loss: 1.8231, logits_loss: 1.8231, aux_loss: 0.0000, lr: 0.00000442, epoch_time: 28.0min
Epoch:[1/1](65400/113215), loss: 2.0052, logits_loss: 2.0052, aux_loss: 0.0000, lr: 0.00000441, epoch_time: 28.0min
Epoch:[1/1](65420/113215), loss: 1.7624, logits_loss: 1.7624, aux_loss: 0.0000, lr: 0.00000441, epoch_time: 28.0min
Epoch:[1/1](65440/113215), loss: 1.9326, logits_loss: 1.9326, aux_loss: 0.0000, lr: 0.00000441, epoch_time: 28.0min
Epoch:[1/1](65460/113215), loss: 1.5659, logits_loss: 1.5659, aux_loss: 0.0000, lr: 0.00000441, epoch_time: 28.0min
Epoch:[1/1](65480/113215), loss: 1.6735, logits_loss: 1.6735, aux_loss: 0.0000, lr: 0.00000440, epoch_time: 28.0min
Epoch:[1/1](65500/113215), loss: 1.7863, logits_loss: 1.7863, aux_loss: 0.0000, lr: 0.00000440, epoch_time: 28.0min
Epoch:[1/1](65520/113215), loss: 1.9203, logits_loss: 1.9203, aux_loss: 0.0000, lr: 0.00000440, epoch_time: 27.0min
Epoch:[1/1](65540/113215), loss: 1.7268, logits_loss: 1.7268, aux_loss: 0.0000, lr: 0.00000440, epoch_time: 27.0min
Epoch:[1/1](65560/113215), loss: 1.7548, logits_loss: 1.7548, aux_loss: 0.0000, lr: 0.00000439, epoch_time: 27.0min
Epoch:[1/1](65580/113215), loss: 1.7991, logits_loss: 1.7991, aux_loss: 0.0000, lr: 0.00000439, epoch_time: 27.0min
Epoch:[1/1](65600/113215), loss: 1.5485, logits_loss: 1.5485, aux_loss: 0.0000, lr: 0.00000439, epoch_time: 27.0min
Epoch:[1/1](65620/113215), loss: 1.9096, logits_loss: 1.9096, aux_loss: 0.0000, lr: 0.00000439, epoch_time: 27.0min
Epoch:[1/1](65640/113215), loss: 1.5736, logits_loss: 1.5736, aux_loss: 0.0000, lr: 0.00000438, epoch_time: 27.0min
Epoch:[1/1](65660/113215), loss: 1.7750, logits_loss: 1.7750, aux_loss: 0.0000, lr: 0.00000438, epoch_time: 27.0min
Epoch:[1/1](65680/113215), loss: 1.8554, logits_loss: 1.8554, aux_loss: 0.0000, lr: 0.00000438, epoch_time: 27.0min
Epoch:[1/1](65700/113215), loss: 1.6383, logits_loss: 1.6383, aux_loss: 0.0000, lr: 0.00000438, epoch_time: 27.0min
Epoch:[1/1](65720/113215), loss: 1.6346, logits_loss: 1.6346, aux_loss: 0.0000, lr: 0.00000437, epoch_time: 27.0min
Epoch:[1/1](65740/113215), loss: 1.8960, logits_loss: 1.8960, aux_loss: 0.0000, lr: 0.00000437, epoch_time: 27.0min
Epoch:[1/1](65760/113215), loss: 1.9211, logits_loss: 1.9211, aux_loss: 0.0000, lr: 0.00000437, epoch_time: 27.0min
Epoch:[1/1](65780/113215), loss: 1.5109, logits_loss: 1.5109, aux_loss: 0.0000, lr: 0.00000437, epoch_time: 27.0min
Epoch:[1/1](65800/113215), loss: 1.7540, logits_loss: 1.7540, aux_loss: 0.0000, lr: 0.00000436, epoch_time: 27.0min
Epoch:[1/1](65820/113215), loss: 1.7520, logits_loss: 1.7520, aux_loss: 0.0000, lr: 0.00000436, epoch_time: 27.0min
Epoch:[1/1](65840/113215), loss: 1.9040, logits_loss: 1.9040, aux_loss: 0.0000, lr: 0.00000436, epoch_time: 27.0min
Epoch:[1/1](65860/113215), loss: 1.7902, logits_loss: 1.7902, aux_loss: 0.0000, lr: 0.00000436, epoch_time: 27.0min
Epoch:[1/1](65880/113215), loss: 1.5656, logits_loss: 1.5656, aux_loss: 0.0000, lr: 0.00000435, epoch_time: 27.0min
Epoch:[1/1](65900/113215), loss: 1.6144, logits_loss: 1.6144, aux_loss: 0.0000, lr: 0.00000435, epoch_time: 27.0min
Epoch:[1/1](65920/113215), loss: 1.7318, logits_loss: 1.7318, aux_loss: 0.0000, lr: 0.00000435, epoch_time: 27.0min
Epoch:[1/1](65940/113215), loss: 1.8910, logits_loss: 1.8910, aux_loss: 0.0000, lr: 0.00000435, epoch_time: 27.0min
Epoch:[1/1](65960/113215), loss: 1.9376, logits_loss: 1.9376, aux_loss: 0.0000, lr: 0.00000435, epoch_time: 27.0min
Epoch:[1/1](65980/113215), loss: 1.6889, logits_loss: 1.6889, aux_loss: 0.0000, lr: 0.00000434, epoch_time: 27.0min
Epoch:[1/1](66000/113215), loss: 1.9267, logits_loss: 1.9267, aux_loss: 0.0000, lr: 0.00000434, epoch_time: 27.0min
Epoch:[1/1](66020/113215), loss: 1.6898, logits_loss: 1.6898, aux_loss: 0.0000, lr: 0.00000434, epoch_time: 27.0min
Epoch:[1/1](66040/113215), loss: 1.3984, logits_loss: 1.3984, aux_loss: 0.0000, lr: 0.00000434, epoch_time: 27.0min
Epoch:[1/1](66060/113215), loss: 1.6586, logits_loss: 1.6586, aux_loss: 0.0000, lr: 0.00000433, epoch_time: 27.0min
Epoch:[1/1](66080/113215), loss: 1.5720, logits_loss: 1.5720, aux_loss: 0.0000, lr: 0.00000433, epoch_time: 27.0min
Epoch:[1/1](66100/113215), loss: 1.7763, logits_loss: 1.7763, aux_loss: 0.0000, lr: 0.00000433, epoch_time: 27.0min
Epoch:[1/1](66120/113215), loss: 1.6689, logits_loss: 1.6689, aux_loss: 0.0000, lr: 0.00000433, epoch_time: 27.0min
Epoch:[1/1](66140/113215), loss: 1.8418, logits_loss: 1.8418, aux_loss: 0.0000, lr: 0.00000432, epoch_time: 27.0min
Epoch:[1/1](66160/113215), loss: 1.7667, logits_loss: 1.7667, aux_loss: 0.0000, lr: 0.00000432, epoch_time: 27.0min
Epoch:[1/1](66180/113215), loss: 1.6965, logits_loss: 1.6965, aux_loss: 0.0000, lr: 0.00000432, epoch_time: 27.0min
Epoch:[1/1](66200/113215), loss: 1.5906, logits_loss: 1.5906, aux_loss: 0.0000, lr: 0.00000432, epoch_time: 27.0min
Epoch:[1/1](66220/113215), loss: 1.5864, logits_loss: 1.5864, aux_loss: 0.0000, lr: 0.00000431, epoch_time: 27.0min
Epoch:[1/1](66240/113215), loss: 1.9346, logits_loss: 1.9346, aux_loss: 0.0000, lr: 0.00000431, epoch_time: 27.0min
Epoch:[1/1](66260/113215), loss: 1.7919, logits_loss: 1.7919, aux_loss: 0.0000, lr: 0.00000431, epoch_time: 27.0min
Epoch:[1/1](66280/113215), loss: 1.8298, logits_loss: 1.8298, aux_loss: 0.0000, lr: 0.00000431, epoch_time: 27.0min
Epoch:[1/1](66300/113215), loss: 2.0805, logits_loss: 2.0805, aux_loss: 0.0000, lr: 0.00000430, epoch_time: 27.0min
Epoch:[1/1](66320/113215), loss: 1.9673, logits_loss: 1.9673, aux_loss: 0.0000, lr: 0.00000430, epoch_time: 27.0min
Epoch:[1/1](66340/113215), loss: 1.8195, logits_loss: 1.8195, aux_loss: 0.0000, lr: 0.00000430, epoch_time: 27.0min
Epoch:[1/1](66360/113215), loss: 1.5779, logits_loss: 1.5779, aux_loss: 0.0000, lr: 0.00000430, epoch_time: 27.0min
Epoch:[1/1](66380/113215), loss: 1.7198, logits_loss: 1.7198, aux_loss: 0.0000, lr: 0.00000429, epoch_time: 27.0min
Epoch:[1/1](66400/113215), loss: 1.6056, logits_loss: 1.6056, aux_loss: 0.0000, lr: 0.00000429, epoch_time: 27.0min
Epoch:[1/1](66420/113215), loss: 1.5559, logits_loss: 1.5559, aux_loss: 0.0000, lr: 0.00000429, epoch_time: 27.0min
Epoch:[1/1](66440/113215), loss: 1.7153, logits_loss: 1.7153, aux_loss: 0.0000, lr: 0.00000429, epoch_time: 27.0min
Epoch:[1/1](66460/113215), loss: 1.7285, logits_loss: 1.7285, aux_loss: 0.0000, lr: 0.00000428, epoch_time: 27.0min
Epoch:[1/1](66480/113215), loss: 1.5425, logits_loss: 1.5425, aux_loss: 0.0000, lr: 0.00000428, epoch_time: 27.0min
Epoch:[1/1](66500/113215), loss: 1.7807, logits_loss: 1.7807, aux_loss: 0.0000, lr: 0.00000428, epoch_time: 27.0min
Epoch:[1/1](66520/113215), loss: 1.7316, logits_loss: 1.7316, aux_loss: 0.0000, lr: 0.00000428, epoch_time: 27.0min
Epoch:[1/1](66540/113215), loss: 1.7862, logits_loss: 1.7862, aux_loss: 0.0000, lr: 0.00000428, epoch_time: 27.0min
Epoch:[1/1](66560/113215), loss: 1.9026, logits_loss: 1.9026, aux_loss: 0.0000, lr: 0.00000427, epoch_time: 27.0min
Epoch:[1/1](66580/113215), loss: 1.7340, logits_loss: 1.7340, aux_loss: 0.0000, lr: 0.00000427, epoch_time: 27.0min
Epoch:[1/1](66600/113215), loss: 1.7267, logits_loss: 1.7267, aux_loss: 0.0000, lr: 0.00000427, epoch_time: 27.0min
Epoch:[1/1](66620/113215), loss: 1.5965, logits_loss: 1.5965, aux_loss: 0.0000, lr: 0.00000427, epoch_time: 27.0min
Epoch:[1/1](66640/113215), loss: 1.8200, logits_loss: 1.8200, aux_loss: 0.0000, lr: 0.00000426, epoch_time: 27.0min
Epoch:[1/1](66660/113215), loss: 1.7377, logits_loss: 1.7377, aux_loss: 0.0000, lr: 0.00000426, epoch_time: 27.0min
Epoch:[1/1](66680/113215), loss: 1.6920, logits_loss: 1.6920, aux_loss: 0.0000, lr: 0.00000426, epoch_time: 27.0min
Epoch:[1/1](66700/113215), loss: 1.6774, logits_loss: 1.6774, aux_loss: 0.0000, lr: 0.00000426, epoch_time: 27.0min
Epoch:[1/1](66720/113215), loss: 1.6572, logits_loss: 1.6572, aux_loss: 0.0000, lr: 0.00000425, epoch_time: 27.0min
Epoch:[1/1](66740/113215), loss: 1.7870, logits_loss: 1.7870, aux_loss: 0.0000, lr: 0.00000425, epoch_time: 27.0min
Epoch:[1/1](66760/113215), loss: 1.5897, logits_loss: 1.5897, aux_loss: 0.0000, lr: 0.00000425, epoch_time: 27.0min
Epoch:[1/1](66780/113215), loss: 1.5639, logits_loss: 1.5639, aux_loss: 0.0000, lr: 0.00000425, epoch_time: 27.0min
Epoch:[1/1](66800/113215), loss: 1.5900, logits_loss: 1.5900, aux_loss: 0.0000, lr: 0.00000424, epoch_time: 27.0min
Epoch:[1/1](66820/113215), loss: 1.5818, logits_loss: 1.5818, aux_loss: 0.0000, lr: 0.00000424, epoch_time: 27.0min
Epoch:[1/1](66840/113215), loss: 1.5285, logits_loss: 1.5285, aux_loss: 0.0000, lr: 0.00000424, epoch_time: 27.0min
Epoch:[1/1](66860/113215), loss: 2.0900, logits_loss: 2.0900, aux_loss: 0.0000, lr: 0.00000424, epoch_time: 27.0min
Epoch:[1/1](66880/113215), loss: 1.9695, logits_loss: 1.9695, aux_loss: 0.0000, lr: 0.00000423, epoch_time: 27.0min
Epoch:[1/1](66900/113215), loss: 1.7816, logits_loss: 1.7816, aux_loss: 0.0000, lr: 0.00000423, epoch_time: 27.0min
Epoch:[1/1](66920/113215), loss: 1.7906, logits_loss: 1.7906, aux_loss: 0.0000, lr: 0.00000423, epoch_time: 27.0min
Epoch:[1/1](66940/113215), loss: 1.9197, logits_loss: 1.9197, aux_loss: 0.0000, lr: 0.00000423, epoch_time: 27.0min
Epoch:[1/1](66960/113215), loss: 1.6943, logits_loss: 1.6943, aux_loss: 0.0000, lr: 0.00000422, epoch_time: 27.0min
Epoch:[1/1](66980/113215), loss: 1.9749, logits_loss: 1.9749, aux_loss: 0.0000, lr: 0.00000422, epoch_time: 27.0min
Epoch:[1/1](67000/113215), loss: 1.7394, logits_loss: 1.7394, aux_loss: 0.0000, lr: 0.00000422, epoch_time: 27.0min
Epoch:[1/1](67020/113215), loss: 1.8447, logits_loss: 1.8447, aux_loss: 0.0000, lr: 0.00000422, epoch_time: 27.0min
Epoch:[1/1](67040/113215), loss: 1.8925, logits_loss: 1.8925, aux_loss: 0.0000, lr: 0.00000422, epoch_time: 27.0min
Epoch:[1/1](67060/113215), loss: 1.9775, logits_loss: 1.9775, aux_loss: 0.0000, lr: 0.00000421, epoch_time: 27.0min
Epoch:[1/1](67080/113215), loss: 1.8299, logits_loss: 1.8299, aux_loss: 0.0000, lr: 0.00000421, epoch_time: 27.0min
Epoch:[1/1](67100/113215), loss: 1.6197, logits_loss: 1.6197, aux_loss: 0.0000, lr: 0.00000421, epoch_time: 27.0min
Epoch:[1/1](67120/113215), loss: 1.5577, logits_loss: 1.5577, aux_loss: 0.0000, lr: 0.00000421, epoch_time: 27.0min
Epoch:[1/1](67140/113215), loss: 1.3764, logits_loss: 1.3764, aux_loss: 0.0000, lr: 0.00000420, epoch_time: 27.0min
Epoch:[1/1](67160/113215), loss: 1.9280, logits_loss: 1.9280, aux_loss: 0.0000, lr: 0.00000420, epoch_time: 27.0min
Epoch:[1/1](67180/113215), loss: 1.7612, logits_loss: 1.7612, aux_loss: 0.0000, lr: 0.00000420, epoch_time: 27.0min
Epoch:[1/1](67200/113215), loss: 1.8592, logits_loss: 1.8592, aux_loss: 0.0000, lr: 0.00000420, epoch_time: 27.0min
Epoch:[1/1](67220/113215), loss: 1.7527, logits_loss: 1.7527, aux_loss: 0.0000, lr: 0.00000419, epoch_time: 27.0min
Epoch:[1/1](67240/113215), loss: 1.7827, logits_loss: 1.7827, aux_loss: 0.0000, lr: 0.00000419, epoch_time: 26.0min
Epoch:[1/1](67260/113215), loss: 1.8316, logits_loss: 1.8316, aux_loss: 0.0000, lr: 0.00000419, epoch_time: 26.0min
Epoch:[1/1](67280/113215), loss: 1.8213, logits_loss: 1.8213, aux_loss: 0.0000, lr: 0.00000419, epoch_time: 26.0min
Epoch:[1/1](67300/113215), loss: 1.7344, logits_loss: 1.7344, aux_loss: 0.0000, lr: 0.00000418, epoch_time: 26.0min
Epoch:[1/1](67320/113215), loss: 1.7553, logits_loss: 1.7553, aux_loss: 0.0000, lr: 0.00000418, epoch_time: 26.0min
Epoch:[1/1](67340/113215), loss: 1.7372, logits_loss: 1.7372, aux_loss: 0.0000, lr: 0.00000418, epoch_time: 26.0min
Epoch:[1/1](67360/113215), loss: 1.7720, logits_loss: 1.7720, aux_loss: 0.0000, lr: 0.00000418, epoch_time: 26.0min
Epoch:[1/1](67380/113215), loss: 1.8394, logits_loss: 1.8394, aux_loss: 0.0000, lr: 0.00000417, epoch_time: 26.0min
Epoch:[1/1](67400/113215), loss: 1.9954, logits_loss: 1.9954, aux_loss: 0.0000, lr: 0.00000417, epoch_time: 26.0min
Epoch:[1/1](67420/113215), loss: 1.7999, logits_loss: 1.7999, aux_loss: 0.0000, lr: 0.00000417, epoch_time: 26.0min
Epoch:[1/1](67440/113215), loss: 1.6280, logits_loss: 1.6280, aux_loss: 0.0000, lr: 0.00000417, epoch_time: 26.0min
Epoch:[1/1](67460/113215), loss: 1.7662, logits_loss: 1.7662, aux_loss: 0.0000, lr: 0.00000417, epoch_time: 26.0min
Epoch:[1/1](67480/113215), loss: 1.8248, logits_loss: 1.8248, aux_loss: 0.0000, lr: 0.00000416, epoch_time: 26.0min
Epoch:[1/1](67500/113215), loss: 1.4816, logits_loss: 1.4816, aux_loss: 0.0000, lr: 0.00000416, epoch_time: 26.0min
Epoch:[1/1](67520/113215), loss: 1.5970, logits_loss: 1.5970, aux_loss: 0.0000, lr: 0.00000416, epoch_time: 26.0min
Epoch:[1/1](67540/113215), loss: 1.8309, logits_loss: 1.8309, aux_loss: 0.0000, lr: 0.00000416, epoch_time: 26.0min
Epoch:[1/1](67560/113215), loss: 1.5281, logits_loss: 1.5281, aux_loss: 0.0000, lr: 0.00000415, epoch_time: 26.0min
Epoch:[1/1](67580/113215), loss: 1.4674, logits_loss: 1.4674, aux_loss: 0.0000, lr: 0.00000415, epoch_time: 26.0min
Epoch:[1/1](67600/113215), loss: 1.6159, logits_loss: 1.6159, aux_loss: 0.0000, lr: 0.00000415, epoch_time: 26.0min
Epoch:[1/1](67620/113215), loss: 1.6319, logits_loss: 1.6319, aux_loss: 0.0000, lr: 0.00000415, epoch_time: 26.0min
Epoch:[1/1](67640/113215), loss: 1.3533, logits_loss: 1.3533, aux_loss: 0.0000, lr: 0.00000414, epoch_time: 26.0min
Epoch:[1/1](67660/113215), loss: 1.7341, logits_loss: 1.7341, aux_loss: 0.0000, lr: 0.00000414, epoch_time: 26.0min
Epoch:[1/1](67680/113215), loss: 1.8895, logits_loss: 1.8895, aux_loss: 0.0000, lr: 0.00000414, epoch_time: 26.0min
Epoch:[1/1](67700/113215), loss: 1.8834, logits_loss: 1.8834, aux_loss: 0.0000, lr: 0.00000414, epoch_time: 26.0min
Epoch:[1/1](67720/113215), loss: 1.7728, logits_loss: 1.7728, aux_loss: 0.0000, lr: 0.00000413, epoch_time: 26.0min
Epoch:[1/1](67740/113215), loss: 1.6041, logits_loss: 1.6041, aux_loss: 0.0000, lr: 0.00000413, epoch_time: 26.0min
Epoch:[1/1](67760/113215), loss: 1.7313, logits_loss: 1.7313, aux_loss: 0.0000, lr: 0.00000413, epoch_time: 26.0min
Epoch:[1/1](67780/113215), loss: 1.8514, logits_loss: 1.8514, aux_loss: 0.0000, lr: 0.00000413, epoch_time: 26.0min
Epoch:[1/1](67800/113215), loss: 1.7238, logits_loss: 1.7238, aux_loss: 0.0000, lr: 0.00000412, epoch_time: 26.0min
Epoch:[1/1](67820/113215), loss: 1.7264, logits_loss: 1.7264, aux_loss: 0.0000, lr: 0.00000412, epoch_time: 26.0min
Epoch:[1/1](67840/113215), loss: 1.6959, logits_loss: 1.6959, aux_loss: 0.0000, lr: 0.00000412, epoch_time: 26.0min
Epoch:[1/1](67860/113215), loss: 1.6421, logits_loss: 1.6421, aux_loss: 0.0000, lr: 0.00000412, epoch_time: 26.0min
Epoch:[1/1](67880/113215), loss: 1.7329, logits_loss: 1.7329, aux_loss: 0.0000, lr: 0.00000412, epoch_time: 26.0min
Epoch:[1/1](67900/113215), loss: 1.7988, logits_loss: 1.7988, aux_loss: 0.0000, lr: 0.00000411, epoch_time: 26.0min
Epoch:[1/1](67920/113215), loss: 2.0186, logits_loss: 2.0186, aux_loss: 0.0000, lr: 0.00000411, epoch_time: 26.0min
Epoch:[1/1](67940/113215), loss: 2.0185, logits_loss: 2.0185, aux_loss: 0.0000, lr: 0.00000411, epoch_time: 26.0min
Epoch:[1/1](67960/113215), loss: 1.5387, logits_loss: 1.5387, aux_loss: 0.0000, lr: 0.00000411, epoch_time: 26.0min
Epoch:[1/1](67980/113215), loss: 1.8629, logits_loss: 1.8629, aux_loss: 0.0000, lr: 0.00000410, epoch_time: 26.0min
Epoch:[1/1](68000/113215), loss: 1.3874, logits_loss: 1.3874, aux_loss: 0.0000, lr: 0.00000410, epoch_time: 26.0min
Epoch:[1/1](68020/113215), loss: 1.9696, logits_loss: 1.9696, aux_loss: 0.0000, lr: 0.00000410, epoch_time: 26.0min
Epoch:[1/1](68040/113215), loss: 1.7814, logits_loss: 1.7814, aux_loss: 0.0000, lr: 0.00000410, epoch_time: 26.0min
Epoch:[1/1](68060/113215), loss: 1.6884, logits_loss: 1.6884, aux_loss: 0.0000, lr: 0.00000409, epoch_time: 26.0min
Epoch:[1/1](68080/113215), loss: 1.7919, logits_loss: 1.7919, aux_loss: 0.0000, lr: 0.00000409, epoch_time: 26.0min
Epoch:[1/1](68100/113215), loss: 2.0229, logits_loss: 2.0229, aux_loss: 0.0000, lr: 0.00000409, epoch_time: 26.0min
Epoch:[1/1](68120/113215), loss: 1.4589, logits_loss: 1.4589, aux_loss: 0.0000, lr: 0.00000409, epoch_time: 26.0min
Epoch:[1/1](68140/113215), loss: 1.8913, logits_loss: 1.8913, aux_loss: 0.0000, lr: 0.00000408, epoch_time: 26.0min
Epoch:[1/1](68160/113215), loss: 1.8158, logits_loss: 1.8158, aux_loss: 0.0000, lr: 0.00000408, epoch_time: 26.0min
Epoch:[1/1](68180/113215), loss: 1.3113, logits_loss: 1.3113, aux_loss: 0.0000, lr: 0.00000408, epoch_time: 26.0min
Epoch:[1/1](68200/113215), loss: 1.5137, logits_loss: 1.5137, aux_loss: 0.0000, lr: 0.00000408, epoch_time: 26.0min
Epoch:[1/1](68220/113215), loss: 1.7252, logits_loss: 1.7252, aux_loss: 0.0000, lr: 0.00000407, epoch_time: 26.0min
Epoch:[1/1](68240/113215), loss: 1.7895, logits_loss: 1.7895, aux_loss: 0.0000, lr: 0.00000407, epoch_time: 26.0min
Epoch:[1/1](68260/113215), loss: 1.8459, logits_loss: 1.8459, aux_loss: 0.0000, lr: 0.00000407, epoch_time: 26.0min
Epoch:[1/1](68280/113215), loss: 1.9506, logits_loss: 1.9506, aux_loss: 0.0000, lr: 0.00000407, epoch_time: 26.0min
Epoch:[1/1](68300/113215), loss: 1.7871, logits_loss: 1.7871, aux_loss: 0.0000, lr: 0.00000407, epoch_time: 26.0min
Epoch:[1/1](68320/113215), loss: 1.7820, logits_loss: 1.7820, aux_loss: 0.0000, lr: 0.00000406, epoch_time: 26.0min
Epoch:[1/1](68340/113215), loss: 1.8838, logits_loss: 1.8838, aux_loss: 0.0000, lr: 0.00000406, epoch_time: 26.0min
Epoch:[1/1](68360/113215), loss: 1.8306, logits_loss: 1.8306, aux_loss: 0.0000, lr: 0.00000406, epoch_time: 26.0min
Epoch:[1/1](68380/113215), loss: 1.9146, logits_loss: 1.9146, aux_loss: 0.0000, lr: 0.00000406, epoch_time: 26.0min
Epoch:[1/1](68400/113215), loss: 1.9092, logits_loss: 1.9092, aux_loss: 0.0000, lr: 0.00000405, epoch_time: 26.0min
Epoch:[1/1](68420/113215), loss: 1.7591, logits_loss: 1.7591, aux_loss: 0.0000, lr: 0.00000405, epoch_time: 26.0min
Epoch:[1/1](68440/113215), loss: 1.9928, logits_loss: 1.9928, aux_loss: 0.0000, lr: 0.00000405, epoch_time: 26.0min
Epoch:[1/1](68460/113215), loss: 1.8923, logits_loss: 1.8923, aux_loss: 0.0000, lr: 0.00000405, epoch_time: 26.0min
Epoch:[1/1](68480/113215), loss: 1.7562, logits_loss: 1.7562, aux_loss: 0.0000, lr: 0.00000404, epoch_time: 26.0min
Epoch:[1/1](68500/113215), loss: 1.8503, logits_loss: 1.8503, aux_loss: 0.0000, lr: 0.00000404, epoch_time: 26.0min
Epoch:[1/1](68520/113215), loss: 1.9083, logits_loss: 1.9083, aux_loss: 0.0000, lr: 0.00000404, epoch_time: 26.0min
Epoch:[1/1](68540/113215), loss: 1.5790, logits_loss: 1.5790, aux_loss: 0.0000, lr: 0.00000404, epoch_time: 26.0min
Epoch:[1/1](68560/113215), loss: 1.2864, logits_loss: 1.2864, aux_loss: 0.0000, lr: 0.00000403, epoch_time: 26.0min
Epoch:[1/1](68580/113215), loss: 1.8569, logits_loss: 1.8569, aux_loss: 0.0000, lr: 0.00000403, epoch_time: 26.0min
Epoch:[1/1](68600/113215), loss: 1.7486, logits_loss: 1.7486, aux_loss: 0.0000, lr: 0.00000403, epoch_time: 26.0min
Epoch:[1/1](68620/113215), loss: 1.8980, logits_loss: 1.8980, aux_loss: 0.0000, lr: 0.00000403, epoch_time: 26.0min
Epoch:[1/1](68640/113215), loss: 1.9697, logits_loss: 1.9697, aux_loss: 0.0000, lr: 0.00000403, epoch_time: 26.0min
Epoch:[1/1](68660/113215), loss: 1.7687, logits_loss: 1.7687, aux_loss: 0.0000, lr: 0.00000402, epoch_time: 26.0min
Epoch:[1/1](68680/113215), loss: 1.7634, logits_loss: 1.7634, aux_loss: 0.0000, lr: 0.00000402, epoch_time: 26.0min
Epoch:[1/1](68700/113215), loss: 1.5791, logits_loss: 1.5791, aux_loss: 0.0000, lr: 0.00000402, epoch_time: 26.0min
Epoch:[1/1](68720/113215), loss: 1.8402, logits_loss: 1.8402, aux_loss: 0.0000, lr: 0.00000402, epoch_time: 26.0min
Epoch:[1/1](68740/113215), loss: 1.9424, logits_loss: 1.9424, aux_loss: 0.0000, lr: 0.00000401, epoch_time: 26.0min
Epoch:[1/1](68760/113215), loss: 1.9513, logits_loss: 1.9513, aux_loss: 0.0000, lr: 0.00000401, epoch_time: 26.0min
Epoch:[1/1](68780/113215), loss: 1.9670, logits_loss: 1.9670, aux_loss: 0.0000, lr: 0.00000401, epoch_time: 26.0min
Epoch:[1/1](68800/113215), loss: 1.7840, logits_loss: 1.7840, aux_loss: 0.0000, lr: 0.00000401, epoch_time: 26.0min
Epoch:[1/1](68820/113215), loss: 1.9962, logits_loss: 1.9962, aux_loss: 0.0000, lr: 0.00000400, epoch_time: 26.0min
Epoch:[1/1](68840/113215), loss: 1.5319, logits_loss: 1.5319, aux_loss: 0.0000, lr: 0.00000400, epoch_time: 26.0min
Epoch:[1/1](68860/113215), loss: 1.6452, logits_loss: 1.6452, aux_loss: 0.0000, lr: 0.00000400, epoch_time: 26.0min
Epoch:[1/1](68880/113215), loss: 1.7637, logits_loss: 1.7637, aux_loss: 0.0000, lr: 0.00000400, epoch_time: 25.0min
Epoch:[1/1](68900/113215), loss: 1.8619, logits_loss: 1.8619, aux_loss: 0.0000, lr: 0.00000399, epoch_time: 25.0min
Epoch:[1/1](68920/113215), loss: 1.8350, logits_loss: 1.8350, aux_loss: 0.0000, lr: 0.00000399, epoch_time: 25.0min
Epoch:[1/1](68940/113215), loss: 1.4948, logits_loss: 1.4948, aux_loss: 0.0000, lr: 0.00000399, epoch_time: 25.0min
Epoch:[1/1](68960/113215), loss: 1.6151, logits_loss: 1.6151, aux_loss: 0.0000, lr: 0.00000399, epoch_time: 25.0min
Epoch:[1/1](68980/113215), loss: 1.8476, logits_loss: 1.8476, aux_loss: 0.0000, lr: 0.00000399, epoch_time: 25.0min
Epoch:[1/1](69000/113215), loss: 2.0468, logits_loss: 2.0468, aux_loss: 0.0000, lr: 0.00000398, epoch_time: 25.0min
Epoch:[1/1](69020/113215), loss: 1.8692, logits_loss: 1.8692, aux_loss: 0.0000, lr: 0.00000398, epoch_time: 25.0min
Epoch:[1/1](69040/113215), loss: 1.8331, logits_loss: 1.8331, aux_loss: 0.0000, lr: 0.00000398, epoch_time: 25.0min
Epoch:[1/1](69060/113215), loss: 1.7860, logits_loss: 1.7860, aux_loss: 0.0000, lr: 0.00000398, epoch_time: 25.0min
Epoch:[1/1](69080/113215), loss: 1.5648, logits_loss: 1.5648, aux_loss: 0.0000, lr: 0.00000397, epoch_time: 25.0min
Epoch:[1/1](69100/113215), loss: 1.9343, logits_loss: 1.9343, aux_loss: 0.0000, lr: 0.00000397, epoch_time: 25.0min
Epoch:[1/1](69120/113215), loss: 1.5767, logits_loss: 1.5767, aux_loss: 0.0000, lr: 0.00000397, epoch_time: 25.0min
Epoch:[1/1](69140/113215), loss: 1.9542, logits_loss: 1.9542, aux_loss: 0.0000, lr: 0.00000397, epoch_time: 25.0min
Epoch:[1/1](69160/113215), loss: 1.6530, logits_loss: 1.6530, aux_loss: 0.0000, lr: 0.00000396, epoch_time: 25.0min
Epoch:[1/1](69180/113215), loss: 1.7055, logits_loss: 1.7055, aux_loss: 0.0000, lr: 0.00000396, epoch_time: 25.0min
Epoch:[1/1](69200/113215), loss: 1.8412, logits_loss: 1.8412, aux_loss: 0.0000, lr: 0.00000396, epoch_time: 25.0min
Epoch:[1/1](69220/113215), loss: 1.8992, logits_loss: 1.8992, aux_loss: 0.0000, lr: 0.00000396, epoch_time: 25.0min
Epoch:[1/1](69240/113215), loss: 1.7154, logits_loss: 1.7154, aux_loss: 0.0000, lr: 0.00000395, epoch_time: 25.0min
Epoch:[1/1](69260/113215), loss: 2.0899, logits_loss: 2.0899, aux_loss: 0.0000, lr: 0.00000395, epoch_time: 25.0min
Epoch:[1/1](69280/113215), loss: 1.5923, logits_loss: 1.5923, aux_loss: 0.0000, lr: 0.00000395, epoch_time: 25.0min
Epoch:[1/1](69300/113215), loss: 1.7624, logits_loss: 1.7624, aux_loss: 0.0000, lr: 0.00000395, epoch_time: 25.0min
Epoch:[1/1](69320/113215), loss: 1.5477, logits_loss: 1.5477, aux_loss: 0.0000, lr: 0.00000395, epoch_time: 25.0min
Epoch:[1/1](69340/113215), loss: 1.9558, logits_loss: 1.9558, aux_loss: 0.0000, lr: 0.00000394, epoch_time: 25.0min
Epoch:[1/1](69360/113215), loss: 1.7280, logits_loss: 1.7280, aux_loss: 0.0000, lr: 0.00000394, epoch_time: 25.0min
Epoch:[1/1](69380/113215), loss: 1.6288, logits_loss: 1.6288, aux_loss: 0.0000, lr: 0.00000394, epoch_time: 25.0min
Epoch:[1/1](69400/113215), loss: 1.6761, logits_loss: 1.6761, aux_loss: 0.0000, lr: 0.00000394, epoch_time: 25.0min
Epoch:[1/1](69420/113215), loss: 1.9732, logits_loss: 1.9732, aux_loss: 0.0000, lr: 0.00000393, epoch_time: 25.0min
Epoch:[1/1](69440/113215), loss: 1.8650, logits_loss: 1.8650, aux_loss: 0.0000, lr: 0.00000393, epoch_time: 25.0min
Epoch:[1/1](69460/113215), loss: 1.6121, logits_loss: 1.6121, aux_loss: 0.0000, lr: 0.00000393, epoch_time: 25.0min
Epoch:[1/1](69480/113215), loss: 1.7362, logits_loss: 1.7362, aux_loss: 0.0000, lr: 0.00000393, epoch_time: 25.0min
Epoch:[1/1](69500/113215), loss: 1.7518, logits_loss: 1.7518, aux_loss: 0.0000, lr: 0.00000392, epoch_time: 25.0min
Epoch:[1/1](69520/113215), loss: 1.7722, logits_loss: 1.7722, aux_loss: 0.0000, lr: 0.00000392, epoch_time: 25.0min
Epoch:[1/1](69540/113215), loss: 1.6665, logits_loss: 1.6665, aux_loss: 0.0000, lr: 0.00000392, epoch_time: 25.0min
Epoch:[1/1](69560/113215), loss: 1.9095, logits_loss: 1.9095, aux_loss: 0.0000, lr: 0.00000392, epoch_time: 25.0min
Epoch:[1/1](69580/113215), loss: 1.4043, logits_loss: 1.4043, aux_loss: 0.0000, lr: 0.00000391, epoch_time: 25.0min
Epoch:[1/1](69600/113215), loss: 1.7932, logits_loss: 1.7932, aux_loss: 0.0000, lr: 0.00000391, epoch_time: 25.0min
Epoch:[1/1](69620/113215), loss: 1.6468, logits_loss: 1.6468, aux_loss: 0.0000, lr: 0.00000391, epoch_time: 25.0min
Epoch:[1/1](69640/113215), loss: 1.8044, logits_loss: 1.8044, aux_loss: 0.0000, lr: 0.00000391, epoch_time: 25.0min
Epoch:[1/1](69660/113215), loss: 1.7139, logits_loss: 1.7139, aux_loss: 0.0000, lr: 0.00000391, epoch_time: 25.0min
Epoch:[1/1](69680/113215), loss: 1.5923, logits_loss: 1.5923, aux_loss: 0.0000, lr: 0.00000390, epoch_time: 25.0min
Epoch:[1/1](69700/113215), loss: 1.9054, logits_loss: 1.9054, aux_loss: 0.0000, lr: 0.00000390, epoch_time: 25.0min
Epoch:[1/1](69720/113215), loss: 1.7461, logits_loss: 1.7461, aux_loss: 0.0000, lr: 0.00000390, epoch_time: 25.0min
Epoch:[1/1](69740/113215), loss: 1.3625, logits_loss: 1.3625, aux_loss: 0.0000, lr: 0.00000390, epoch_time: 25.0min
Epoch:[1/1](69760/113215), loss: 1.5757, logits_loss: 1.5757, aux_loss: 0.0000, lr: 0.00000389, epoch_time: 25.0min
Epoch:[1/1](69780/113215), loss: 1.6646, logits_loss: 1.6646, aux_loss: 0.0000, lr: 0.00000389, epoch_time: 25.0min
Epoch:[1/1](69800/113215), loss: 1.6899, logits_loss: 1.6899, aux_loss: 0.0000, lr: 0.00000389, epoch_time: 25.0min
Epoch:[1/1](69820/113215), loss: 1.7123, logits_loss: 1.7123, aux_loss: 0.0000, lr: 0.00000389, epoch_time: 25.0min
Epoch:[1/1](69840/113215), loss: 1.9676, logits_loss: 1.9676, aux_loss: 0.0000, lr: 0.00000388, epoch_time: 25.0min
Epoch:[1/1](69860/113215), loss: 1.6007, logits_loss: 1.6007, aux_loss: 0.0000, lr: 0.00000388, epoch_time: 25.0min
Epoch:[1/1](69880/113215), loss: 1.9371, logits_loss: 1.9371, aux_loss: 0.0000, lr: 0.00000388, epoch_time: 25.0min
Epoch:[1/1](69900/113215), loss: 1.8423, logits_loss: 1.8423, aux_loss: 0.0000, lr: 0.00000388, epoch_time: 25.0min
Epoch:[1/1](69920/113215), loss: 1.7448, logits_loss: 1.7448, aux_loss: 0.0000, lr: 0.00000388, epoch_time: 25.0min
Epoch:[1/1](69940/113215), loss: 1.6312, logits_loss: 1.6312, aux_loss: 0.0000, lr: 0.00000387, epoch_time: 25.0min
Epoch:[1/1](69960/113215), loss: 1.6820, logits_loss: 1.6820, aux_loss: 0.0000, lr: 0.00000387, epoch_time: 25.0min
Epoch:[1/1](69980/113215), loss: 1.8111, logits_loss: 1.8111, aux_loss: 0.0000, lr: 0.00000387, epoch_time: 25.0min
Epoch:[1/1](70000/113215), loss: 1.7442, logits_loss: 1.7442, aux_loss: 0.0000, lr: 0.00000387, epoch_time: 25.0min
Epoch:[1/1](70020/113215), loss: 1.8523, logits_loss: 1.8523, aux_loss: 0.0000, lr: 0.00000386, epoch_time: 25.0min
Epoch:[1/1](70040/113215), loss: 1.7593, logits_loss: 1.7593, aux_loss: 0.0000, lr: 0.00000386, epoch_time: 25.0min
Epoch:[1/1](70060/113215), loss: 1.6065, logits_loss: 1.6065, aux_loss: 0.0000, lr: 0.00000386, epoch_time: 25.0min
Epoch:[1/1](70080/113215), loss: 1.5437, logits_loss: 1.5437, aux_loss: 0.0000, lr: 0.00000386, epoch_time: 25.0min
Epoch:[1/1](70100/113215), loss: 1.7022, logits_loss: 1.7022, aux_loss: 0.0000, lr: 0.00000385, epoch_time: 25.0min
Epoch:[1/1](70120/113215), loss: 1.7478, logits_loss: 1.7478, aux_loss: 0.0000, lr: 0.00000385, epoch_time: 25.0min
Epoch:[1/1](70140/113215), loss: 1.7616, logits_loss: 1.7616, aux_loss: 0.0000, lr: 0.00000385, epoch_time: 25.0min
Epoch:[1/1](70160/113215), loss: 1.5063, logits_loss: 1.5063, aux_loss: 0.0000, lr: 0.00000385, epoch_time: 25.0min
Epoch:[1/1](70180/113215), loss: 1.6440, logits_loss: 1.6440, aux_loss: 0.0000, lr: 0.00000384, epoch_time: 25.0min
Epoch:[1/1](70200/113215), loss: 1.5907, logits_loss: 1.5907, aux_loss: 0.0000, lr: 0.00000384, epoch_time: 25.0min
Epoch:[1/1](70220/113215), loss: 1.5048, logits_loss: 1.5048, aux_loss: 0.0000, lr: 0.00000384, epoch_time: 25.0min
Epoch:[1/1](70240/113215), loss: 1.7356, logits_loss: 1.7356, aux_loss: 0.0000, lr: 0.00000384, epoch_time: 25.0min
Epoch:[1/1](70260/113215), loss: 1.8931, logits_loss: 1.8931, aux_loss: 0.0000, lr: 0.00000384, epoch_time: 25.0min
Epoch:[1/1](70280/113215), loss: 1.7579, logits_loss: 1.7579, aux_loss: 0.0000, lr: 0.00000383, epoch_time: 25.0min
Epoch:[1/1](70300/113215), loss: 1.8211, logits_loss: 1.8211, aux_loss: 0.0000, lr: 0.00000383, epoch_time: 25.0min
Epoch:[1/1](70320/113215), loss: 1.3630, logits_loss: 1.3630, aux_loss: 0.0000, lr: 0.00000383, epoch_time: 25.0min
Epoch:[1/1](70340/113215), loss: 1.6464, logits_loss: 1.6464, aux_loss: 0.0000, lr: 0.00000383, epoch_time: 25.0min
Epoch:[1/1](70360/113215), loss: 1.6823, logits_loss: 1.6823, aux_loss: 0.0000, lr: 0.00000382, epoch_time: 25.0min
Epoch:[1/1](70380/113215), loss: 1.6443, logits_loss: 1.6443, aux_loss: 0.0000, lr: 0.00000382, epoch_time: 25.0min
Epoch:[1/1](70400/113215), loss: 1.8373, logits_loss: 1.8373, aux_loss: 0.0000, lr: 0.00000382, epoch_time: 25.0min
Epoch:[1/1](70420/113215), loss: 1.6965, logits_loss: 1.6965, aux_loss: 0.0000, lr: 0.00000382, epoch_time: 25.0min
Epoch:[1/1](70440/113215), loss: 1.7003, logits_loss: 1.7003, aux_loss: 0.0000, lr: 0.00000381, epoch_time: 25.0min
Epoch:[1/1](70460/113215), loss: 1.7375, logits_loss: 1.7375, aux_loss: 0.0000, lr: 0.00000381, epoch_time: 25.0min
Epoch:[1/1](70480/113215), loss: 1.5306, logits_loss: 1.5306, aux_loss: 0.0000, lr: 0.00000381, epoch_time: 25.0min
Epoch:[1/1](70500/113215), loss: 1.6718, logits_loss: 1.6718, aux_loss: 0.0000, lr: 0.00000381, epoch_time: 25.0min
Epoch:[1/1](70520/113215), loss: 1.8468, logits_loss: 1.8468, aux_loss: 0.0000, lr: 0.00000381, epoch_time: 25.0min
Epoch:[1/1](70540/113215), loss: 1.7254, logits_loss: 1.7254, aux_loss: 0.0000, lr: 0.00000380, epoch_time: 25.0min
Epoch:[1/1](70560/113215), loss: 1.8792, logits_loss: 1.8792, aux_loss: 0.0000, lr: 0.00000380, epoch_time: 25.0min
Epoch:[1/1](70580/113215), loss: 1.6025, logits_loss: 1.6025, aux_loss: 0.0000, lr: 0.00000380, epoch_time: 25.0min
Epoch:[1/1](70600/113215), loss: 1.4174, logits_loss: 1.4174, aux_loss: 0.0000, lr: 0.00000380, epoch_time: 24.0min
Epoch:[1/1](70620/113215), loss: 1.6239, logits_loss: 1.6239, aux_loss: 0.0000, lr: 0.00000379, epoch_time: 24.0min
Epoch:[1/1](70640/113215), loss: 1.8992, logits_loss: 1.8992, aux_loss: 0.0000, lr: 0.00000379, epoch_time: 24.0min
Epoch:[1/1](70660/113215), loss: 1.8390, logits_loss: 1.8390, aux_loss: 0.0000, lr: 0.00000379, epoch_time: 24.0min
Epoch:[1/1](70680/113215), loss: 1.7735, logits_loss: 1.7735, aux_loss: 0.0000, lr: 0.00000379, epoch_time: 24.0min
Epoch:[1/1](70700/113215), loss: 1.1152, logits_loss: 1.1152, aux_loss: 0.0000, lr: 0.00000378, epoch_time: 24.0min
Epoch:[1/1](70720/113215), loss: 1.6379, logits_loss: 1.6379, aux_loss: 0.0000, lr: 0.00000378, epoch_time: 24.0min
Epoch:[1/1](70740/113215), loss: 1.7862, logits_loss: 1.7862, aux_loss: 0.0000, lr: 0.00000378, epoch_time: 24.0min
Epoch:[1/1](70760/113215), loss: 1.9785, logits_loss: 1.9785, aux_loss: 0.0000, lr: 0.00000378, epoch_time: 24.0min
Epoch:[1/1](70780/113215), loss: 1.7868, logits_loss: 1.7868, aux_loss: 0.0000, lr: 0.00000378, epoch_time: 24.0min
Epoch:[1/1](70800/113215), loss: 1.5255, logits_loss: 1.5255, aux_loss: 0.0000, lr: 0.00000377, epoch_time: 24.0min
Epoch:[1/1](70820/113215), loss: 1.7650, logits_loss: 1.7650, aux_loss: 0.0000, lr: 0.00000377, epoch_time: 24.0min
Epoch:[1/1](70840/113215), loss: 1.8868, logits_loss: 1.8868, aux_loss: 0.0000, lr: 0.00000377, epoch_time: 24.0min
Epoch:[1/1](70860/113215), loss: 1.6553, logits_loss: 1.6553, aux_loss: 0.0000, lr: 0.00000377, epoch_time: 24.0min
Epoch:[1/1](70880/113215), loss: 1.9556, logits_loss: 1.9556, aux_loss: 0.0000, lr: 0.00000376, epoch_time: 24.0min
Epoch:[1/1](70900/113215), loss: 1.8436, logits_loss: 1.8436, aux_loss: 0.0000, lr: 0.00000376, epoch_time: 24.0min
Epoch:[1/1](70920/113215), loss: 1.9043, logits_loss: 1.9043, aux_loss: 0.0000, lr: 0.00000376, epoch_time: 24.0min
Epoch:[1/1](70940/113215), loss: 1.4708, logits_loss: 1.4708, aux_loss: 0.0000, lr: 0.00000376, epoch_time: 24.0min
Epoch:[1/1](70960/113215), loss: 1.8490, logits_loss: 1.8490, aux_loss: 0.0000, lr: 0.00000375, epoch_time: 24.0min
Epoch:[1/1](70980/113215), loss: 1.7127, logits_loss: 1.7127, aux_loss: 0.0000, lr: 0.00000375, epoch_time: 24.0min
Epoch:[1/1](71000/113215), loss: 1.6806, logits_loss: 1.6806, aux_loss: 0.0000, lr: 0.00000375, epoch_time: 24.0min
Epoch:[1/1](71020/113215), loss: 1.5212, logits_loss: 1.5212, aux_loss: 0.0000, lr: 0.00000375, epoch_time: 24.0min
Epoch:[1/1](71040/113215), loss: 1.7377, logits_loss: 1.7377, aux_loss: 0.0000, lr: 0.00000375, epoch_time: 24.0min
Epoch:[1/1](71060/113215), loss: 1.8786, logits_loss: 1.8786, aux_loss: 0.0000, lr: 0.00000374, epoch_time: 24.0min
Epoch:[1/1](71080/113215), loss: 1.7088, logits_loss: 1.7088, aux_loss: 0.0000, lr: 0.00000374, epoch_time: 24.0min
Epoch:[1/1](71100/113215), loss: 1.4725, logits_loss: 1.4725, aux_loss: 0.0000, lr: 0.00000374, epoch_time: 24.0min
Epoch:[1/1](71120/113215), loss: 1.6363, logits_loss: 1.6363, aux_loss: 0.0000, lr: 0.00000374, epoch_time: 24.0min
Epoch:[1/1](71140/113215), loss: 1.4808, logits_loss: 1.4808, aux_loss: 0.0000, lr: 0.00000373, epoch_time: 24.0min
Epoch:[1/1](71160/113215), loss: 1.6646, logits_loss: 1.6646, aux_loss: 0.0000, lr: 0.00000373, epoch_time: 24.0min
Epoch:[1/1](71180/113215), loss: 1.7975, logits_loss: 1.7975, aux_loss: 0.0000, lr: 0.00000373, epoch_time: 24.0min
Epoch:[1/1](71200/113215), loss: 1.7978, logits_loss: 1.7978, aux_loss: 0.0000, lr: 0.00000373, epoch_time: 24.0min
Epoch:[1/1](71220/113215), loss: 1.9276, logits_loss: 1.9276, aux_loss: 0.0000, lr: 0.00000372, epoch_time: 24.0min
Epoch:[1/1](71240/113215), loss: 1.5129, logits_loss: 1.5129, aux_loss: 0.0000, lr: 0.00000372, epoch_time: 24.0min
Epoch:[1/1](71260/113215), loss: 1.6952, logits_loss: 1.6952, aux_loss: 0.0000, lr: 0.00000372, epoch_time: 24.0min
Epoch:[1/1](71280/113215), loss: 1.8877, logits_loss: 1.8877, aux_loss: 0.0000, lr: 0.00000372, epoch_time: 24.0min
Epoch:[1/1](71300/113215), loss: 1.6620, logits_loss: 1.6620, aux_loss: 0.0000, lr: 0.00000372, epoch_time: 24.0min
Epoch:[1/1](71320/113215), loss: 1.5363, logits_loss: 1.5363, aux_loss: 0.0000, lr: 0.00000371, epoch_time: 24.0min
Epoch:[1/1](71340/113215), loss: 1.8759, logits_loss: 1.8759, aux_loss: 0.0000, lr: 0.00000371, epoch_time: 24.0min
Epoch:[1/1](71360/113215), loss: 1.6869, logits_loss: 1.6869, aux_loss: 0.0000, lr: 0.00000371, epoch_time: 24.0min
Epoch:[1/1](71380/113215), loss: 1.8702, logits_loss: 1.8702, aux_loss: 0.0000, lr: 0.00000371, epoch_time: 24.0min
Epoch:[1/1](71400/113215), loss: 1.9841, logits_loss: 1.9841, aux_loss: 0.0000, lr: 0.00000370, epoch_time: 24.0min
Epoch:[1/1](71420/113215), loss: 1.9657, logits_loss: 1.9657, aux_loss: 0.0000, lr: 0.00000370, epoch_time: 24.0min
Epoch:[1/1](71440/113215), loss: 1.8914, logits_loss: 1.8914, aux_loss: 0.0000, lr: 0.00000370, epoch_time: 24.0min
Epoch:[1/1](71460/113215), loss: 1.7302, logits_loss: 1.7302, aux_loss: 0.0000, lr: 0.00000370, epoch_time: 24.0min
Epoch:[1/1](71480/113215), loss: 1.5393, logits_loss: 1.5393, aux_loss: 0.0000, lr: 0.00000370, epoch_time: 24.0min
Epoch:[1/1](71500/113215), loss: 1.5849, logits_loss: 1.5849, aux_loss: 0.0000, lr: 0.00000369, epoch_time: 24.0min
Epoch:[1/1](71520/113215), loss: 1.8004, logits_loss: 1.8004, aux_loss: 0.0000, lr: 0.00000369, epoch_time: 24.0min
Epoch:[1/1](71540/113215), loss: 2.0008, logits_loss: 2.0008, aux_loss: 0.0000, lr: 0.00000369, epoch_time: 24.0min
Epoch:[1/1](71560/113215), loss: 1.6321, logits_loss: 1.6321, aux_loss: 0.0000, lr: 0.00000369, epoch_time: 24.0min
Epoch:[1/1](71580/113215), loss: 1.4633, logits_loss: 1.4633, aux_loss: 0.0000, lr: 0.00000368, epoch_time: 24.0min
Epoch:[1/1](71600/113215), loss: 1.6888, logits_loss: 1.6888, aux_loss: 0.0000, lr: 0.00000368, epoch_time: 24.0min
Epoch:[1/1](71620/113215), loss: 1.6169, logits_loss: 1.6169, aux_loss: 0.0000, lr: 0.00000368, epoch_time: 24.0min
Epoch:[1/1](71640/113215), loss: 2.0475, logits_loss: 2.0475, aux_loss: 0.0000, lr: 0.00000368, epoch_time: 24.0min
Epoch:[1/1](71660/113215), loss: 1.7493, logits_loss: 1.7493, aux_loss: 0.0000, lr: 0.00000367, epoch_time: 24.0min
Epoch:[1/1](71680/113215), loss: 1.2750, logits_loss: 1.2750, aux_loss: 0.0000, lr: 0.00000367, epoch_time: 24.0min
Epoch:[1/1](71700/113215), loss: 1.6861, logits_loss: 1.6861, aux_loss: 0.0000, lr: 0.00000367, epoch_time: 24.0min
Epoch:[1/1](71720/113215), loss: 1.7411, logits_loss: 1.7411, aux_loss: 0.0000, lr: 0.00000367, epoch_time: 24.0min
Epoch:[1/1](71740/113215), loss: 1.6478, logits_loss: 1.6478, aux_loss: 0.0000, lr: 0.00000367, epoch_time: 24.0min
Epoch:[1/1](71760/113215), loss: 2.1920, logits_loss: 2.1920, aux_loss: 0.0000, lr: 0.00000366, epoch_time: 24.0min
Epoch:[1/1](71780/113215), loss: 1.8403, logits_loss: 1.8403, aux_loss: 0.0000, lr: 0.00000366, epoch_time: 24.0min
Epoch:[1/1](71800/113215), loss: 2.0894, logits_loss: 2.0894, aux_loss: 0.0000, lr: 0.00000366, epoch_time: 24.0min
Epoch:[1/1](71820/113215), loss: 1.9355, logits_loss: 1.9355, aux_loss: 0.0000, lr: 0.00000366, epoch_time: 24.0min
Epoch:[1/1](71840/113215), loss: 1.9011, logits_loss: 1.9011, aux_loss: 0.0000, lr: 0.00000365, epoch_time: 24.0min
Epoch:[1/1](71860/113215), loss: 1.8011, logits_loss: 1.8011, aux_loss: 0.0000, lr: 0.00000365, epoch_time: 24.0min
Epoch:[1/1](71880/113215), loss: 1.4641, logits_loss: 1.4641, aux_loss: 0.0000, lr: 0.00000365, epoch_time: 24.0min
Epoch:[1/1](71900/113215), loss: 1.6874, logits_loss: 1.6874, aux_loss: 0.0000, lr: 0.00000365, epoch_time: 24.0min
Epoch:[1/1](71920/113215), loss: 1.6504, logits_loss: 1.6504, aux_loss: 0.0000, lr: 0.00000364, epoch_time: 24.0min
Epoch:[1/1](71940/113215), loss: 1.3948, logits_loss: 1.3948, aux_loss: 0.0000, lr: 0.00000364, epoch_time: 24.0min
Epoch:[1/1](71960/113215), loss: 1.6688, logits_loss: 1.6688, aux_loss: 0.0000, lr: 0.00000364, epoch_time: 24.0min
Epoch:[1/1](71980/113215), loss: 1.7914, logits_loss: 1.7914, aux_loss: 0.0000, lr: 0.00000364, epoch_time: 24.0min
Epoch:[1/1](72000/113215), loss: 1.8961, logits_loss: 1.8961, aux_loss: 0.0000, lr: 0.00000364, epoch_time: 24.0min
Epoch:[1/1](72020/113215), loss: 1.9361, logits_loss: 1.9361, aux_loss: 0.0000, lr: 0.00000363, epoch_time: 24.0min
Epoch:[1/1](72040/113215), loss: 1.3748, logits_loss: 1.3748, aux_loss: 0.0000, lr: 0.00000363, epoch_time: 24.0min
Epoch:[1/1](72060/113215), loss: 1.7591, logits_loss: 1.7591, aux_loss: 0.0000, lr: 0.00000363, epoch_time: 24.0min
Epoch:[1/1](72080/113215), loss: 1.9234, logits_loss: 1.9234, aux_loss: 0.0000, lr: 0.00000363, epoch_time: 24.0min
Epoch:[1/1](72100/113215), loss: 1.6072, logits_loss: 1.6072, aux_loss: 0.0000, lr: 0.00000362, epoch_time: 24.0min
Epoch:[1/1](72120/113215), loss: 1.7218, logits_loss: 1.7218, aux_loss: 0.0000, lr: 0.00000362, epoch_time: 24.0min
Epoch:[1/1](72140/113215), loss: 1.8465, logits_loss: 1.8465, aux_loss: 0.0000, lr: 0.00000362, epoch_time: 24.0min
Epoch:[1/1](72160/113215), loss: 1.5331, logits_loss: 1.5331, aux_loss: 0.0000, lr: 0.00000362, epoch_time: 24.0min
Epoch:[1/1](72180/113215), loss: 1.5443, logits_loss: 1.5443, aux_loss: 0.0000, lr: 0.00000362, epoch_time: 24.0min
Epoch:[1/1](72200/113215), loss: 1.9012, logits_loss: 1.9012, aux_loss: 0.0000, lr: 0.00000361, epoch_time: 24.0min
Epoch:[1/1](72220/113215), loss: 1.7474, logits_loss: 1.7474, aux_loss: 0.0000, lr: 0.00000361, epoch_time: 24.0min
Epoch:[1/1](72240/113215), loss: 1.6126, logits_loss: 1.6126, aux_loss: 0.0000, lr: 0.00000361, epoch_time: 24.0min
Epoch:[1/1](72260/113215), loss: 1.8510, logits_loss: 1.8510, aux_loss: 0.0000, lr: 0.00000361, epoch_time: 24.0min
Epoch:[1/1](72280/113215), loss: 1.6228, logits_loss: 1.6228, aux_loss: 0.0000, lr: 0.00000360, epoch_time: 24.0min
Epoch:[1/1](72300/113215), loss: 1.6977, logits_loss: 1.6977, aux_loss: 0.0000, lr: 0.00000360, epoch_time: 24.0min
Epoch:[1/1](72320/113215), loss: 1.8033, logits_loss: 1.8033, aux_loss: 0.0000, lr: 0.00000360, epoch_time: 23.0min
Epoch:[1/1](72340/113215), loss: 2.0199, logits_loss: 2.0199, aux_loss: 0.0000, lr: 0.00000360, epoch_time: 23.0min
Epoch:[1/1](72360/113215), loss: 1.6985, logits_loss: 1.6985, aux_loss: 0.0000, lr: 0.00000360, epoch_time: 23.0min
Epoch:[1/1](72380/113215), loss: 1.7153, logits_loss: 1.7153, aux_loss: 0.0000, lr: 0.00000359, epoch_time: 23.0min
Epoch:[1/1](72400/113215), loss: 1.8937, logits_loss: 1.8937, aux_loss: 0.0000, lr: 0.00000359, epoch_time: 23.0min
Epoch:[1/1](72420/113215), loss: 1.4365, logits_loss: 1.4365, aux_loss: 0.0000, lr: 0.00000359, epoch_time: 23.0min
Epoch:[1/1](72440/113215), loss: 1.7290, logits_loss: 1.7290, aux_loss: 0.0000, lr: 0.00000359, epoch_time: 23.0min
Epoch:[1/1](72460/113215), loss: 1.7269, logits_loss: 1.7269, aux_loss: 0.0000, lr: 0.00000358, epoch_time: 23.0min
Epoch:[1/1](72480/113215), loss: 2.0447, logits_loss: 2.0447, aux_loss: 0.0000, lr: 0.00000358, epoch_time: 23.0min
Epoch:[1/1](72500/113215), loss: 1.5349, logits_loss: 1.5349, aux_loss: 0.0000, lr: 0.00000358, epoch_time: 23.0min
Epoch:[1/1](72520/113215), loss: 1.7857, logits_loss: 1.7857, aux_loss: 0.0000, lr: 0.00000358, epoch_time: 23.0min
Epoch:[1/1](72540/113215), loss: 1.7236, logits_loss: 1.7236, aux_loss: 0.0000, lr: 0.00000357, epoch_time: 23.0min
Epoch:[1/1](72560/113215), loss: 1.7645, logits_loss: 1.7645, aux_loss: 0.0000, lr: 0.00000357, epoch_time: 23.0min
Epoch:[1/1](72580/113215), loss: 1.9615, logits_loss: 1.9615, aux_loss: 0.0000, lr: 0.00000357, epoch_time: 23.0min
Epoch:[1/1](72600/113215), loss: 1.8488, logits_loss: 1.8488, aux_loss: 0.0000, lr: 0.00000357, epoch_time: 23.0min
Epoch:[1/1](72620/113215), loss: 1.6415, logits_loss: 1.6415, aux_loss: 0.0000, lr: 0.00000357, epoch_time: 23.0min
Epoch:[1/1](72640/113215), loss: 1.8046, logits_loss: 1.8046, aux_loss: 0.0000, lr: 0.00000356, epoch_time: 23.0min
Epoch:[1/1](72660/113215), loss: 1.7217, logits_loss: 1.7217, aux_loss: 0.0000, lr: 0.00000356, epoch_time: 23.0min
Epoch:[1/1](72680/113215), loss: 2.0534, logits_loss: 2.0534, aux_loss: 0.0000, lr: 0.00000356, epoch_time: 23.0min
Epoch:[1/1](72700/113215), loss: 1.8429, logits_loss: 1.8429, aux_loss: 0.0000, lr: 0.00000356, epoch_time: 23.0min
Epoch:[1/1](72720/113215), loss: 1.9963, logits_loss: 1.9963, aux_loss: 0.0000, lr: 0.00000355, epoch_time: 23.0min
Epoch:[1/1](72740/113215), loss: 1.8548, logits_loss: 1.8548, aux_loss: 0.0000, lr: 0.00000355, epoch_time: 23.0min
Epoch:[1/1](72760/113215), loss: 1.8233, logits_loss: 1.8233, aux_loss: 0.0000, lr: 0.00000355, epoch_time: 23.0min
Epoch:[1/1](72780/113215), loss: 1.8218, logits_loss: 1.8218, aux_loss: 0.0000, lr: 0.00000355, epoch_time: 23.0min
Epoch:[1/1](72800/113215), loss: 1.7800, logits_loss: 1.7800, aux_loss: 0.0000, lr: 0.00000355, epoch_time: 23.0min
Epoch:[1/1](72820/113215), loss: 1.8353, logits_loss: 1.8353, aux_loss: 0.0000, lr: 0.00000354, epoch_time: 23.0min
Epoch:[1/1](72840/113215), loss: 1.6700, logits_loss: 1.6700, aux_loss: 0.0000, lr: 0.00000354, epoch_time: 23.0min
Epoch:[1/1](72860/113215), loss: 1.4498, logits_loss: 1.4498, aux_loss: 0.0000, lr: 0.00000354, epoch_time: 23.0min
Epoch:[1/1](72880/113215), loss: 1.5914, logits_loss: 1.5914, aux_loss: 0.0000, lr: 0.00000354, epoch_time: 23.0min
Epoch:[1/1](72900/113215), loss: 1.6704, logits_loss: 1.6704, aux_loss: 0.0000, lr: 0.00000353, epoch_time: 23.0min
Epoch:[1/1](72920/113215), loss: 1.7378, logits_loss: 1.7378, aux_loss: 0.0000, lr: 0.00000353, epoch_time: 23.0min
Epoch:[1/1](72940/113215), loss: 1.6702, logits_loss: 1.6702, aux_loss: 0.0000, lr: 0.00000353, epoch_time: 23.0min
Epoch:[1/1](72960/113215), loss: 1.6194, logits_loss: 1.6194, aux_loss: 0.0000, lr: 0.00000353, epoch_time: 23.0min
Epoch:[1/1](72980/113215), loss: 1.7694, logits_loss: 1.7694, aux_loss: 0.0000, lr: 0.00000353, epoch_time: 23.0min
Epoch:[1/1](73000/113215), loss: 1.4769, logits_loss: 1.4769, aux_loss: 0.0000, lr: 0.00000352, epoch_time: 23.0min
Epoch:[1/1](73020/113215), loss: 1.9491, logits_loss: 1.9491, aux_loss: 0.0000, lr: 0.00000352, epoch_time: 23.0min
Epoch:[1/1](73040/113215), loss: 1.9639, logits_loss: 1.9639, aux_loss: 0.0000, lr: 0.00000352, epoch_time: 23.0min
Epoch:[1/1](73060/113215), loss: 1.7344, logits_loss: 1.7344, aux_loss: 0.0000, lr: 0.00000352, epoch_time: 23.0min
Epoch:[1/1](73080/113215), loss: 1.7148, logits_loss: 1.7148, aux_loss: 0.0000, lr: 0.00000351, epoch_time: 23.0min
Epoch:[1/1](73100/113215), loss: 1.5846, logits_loss: 1.5846, aux_loss: 0.0000, lr: 0.00000351, epoch_time: 23.0min
Epoch:[1/1](73120/113215), loss: 1.6915, logits_loss: 1.6915, aux_loss: 0.0000, lr: 0.00000351, epoch_time: 23.0min
Epoch:[1/1](73140/113215), loss: 1.8573, logits_loss: 1.8573, aux_loss: 0.0000, lr: 0.00000351, epoch_time: 23.0min
Epoch:[1/1](73160/113215), loss: 1.6968, logits_loss: 1.6968, aux_loss: 0.0000, lr: 0.00000351, epoch_time: 23.0min
Epoch:[1/1](73180/113215), loss: 2.0889, logits_loss: 2.0889, aux_loss: 0.0000, lr: 0.00000350, epoch_time: 23.0min
Epoch:[1/1](73200/113215), loss: 1.7649, logits_loss: 1.7649, aux_loss: 0.0000, lr: 0.00000350, epoch_time: 23.0min
Epoch:[1/1](73220/113215), loss: 1.7316, logits_loss: 1.7316, aux_loss: 0.0000, lr: 0.00000350, epoch_time: 23.0min
Epoch:[1/1](73240/113215), loss: 1.5485, logits_loss: 1.5485, aux_loss: 0.0000, lr: 0.00000350, epoch_time: 23.0min
Epoch:[1/1](73260/113215), loss: 1.5592, logits_loss: 1.5592, aux_loss: 0.0000, lr: 0.00000349, epoch_time: 23.0min
Epoch:[1/1](73280/113215), loss: 1.6693, logits_loss: 1.6693, aux_loss: 0.0000, lr: 0.00000349, epoch_time: 23.0min
Epoch:[1/1](73300/113215), loss: 1.5777, logits_loss: 1.5777, aux_loss: 0.0000, lr: 0.00000349, epoch_time: 23.0min
Epoch:[1/1](73320/113215), loss: 1.9634, logits_loss: 1.9634, aux_loss: 0.0000, lr: 0.00000349, epoch_time: 23.0min
Epoch:[1/1](73340/113215), loss: 1.8166, logits_loss: 1.8166, aux_loss: 0.0000, lr: 0.00000348, epoch_time: 23.0min
Epoch:[1/1](73360/113215), loss: 1.8944, logits_loss: 1.8944, aux_loss: 0.0000, lr: 0.00000348, epoch_time: 23.0min
Epoch:[1/1](73380/113215), loss: 1.5249, logits_loss: 1.5249, aux_loss: 0.0000, lr: 0.00000348, epoch_time: 23.0min
Epoch:[1/1](73400/113215), loss: 1.6115, logits_loss: 1.6115, aux_loss: 0.0000, lr: 0.00000348, epoch_time: 23.0min
Epoch:[1/1](73420/113215), loss: 1.6785, logits_loss: 1.6785, aux_loss: 0.0000, lr: 0.00000348, epoch_time: 23.0min
Epoch:[1/1](73440/113215), loss: 1.8498, logits_loss: 1.8498, aux_loss: 0.0000, lr: 0.00000347, epoch_time: 23.0min
Epoch:[1/1](73460/113215), loss: 1.5646, logits_loss: 1.5646, aux_loss: 0.0000, lr: 0.00000347, epoch_time: 23.0min
Epoch:[1/1](73480/113215), loss: 1.7677, logits_loss: 1.7677, aux_loss: 0.0000, lr: 0.00000347, epoch_time: 23.0min
Epoch:[1/1](73500/113215), loss: 1.4976, logits_loss: 1.4976, aux_loss: 0.0000, lr: 0.00000347, epoch_time: 23.0min
Epoch:[1/1](73520/113215), loss: 1.7020, logits_loss: 1.7020, aux_loss: 0.0000, lr: 0.00000346, epoch_time: 23.0min
Epoch:[1/1](73540/113215), loss: 1.4093, logits_loss: 1.4093, aux_loss: 0.0000, lr: 0.00000346, epoch_time: 23.0min
Epoch:[1/1](73560/113215), loss: 2.1997, logits_loss: 2.1997, aux_loss: 0.0000, lr: 0.00000346, epoch_time: 23.0min
Epoch:[1/1](73580/113215), loss: 1.5041, logits_loss: 1.5041, aux_loss: 0.0000, lr: 0.00000346, epoch_time: 23.0min
Epoch:[1/1](73600/113215), loss: 1.8716, logits_loss: 1.8716, aux_loss: 0.0000, lr: 0.00000346, epoch_time: 23.0min
Epoch:[1/1](73620/113215), loss: 1.9083, logits_loss: 1.9083, aux_loss: 0.0000, lr: 0.00000345, epoch_time: 23.0min
Epoch:[1/1](73640/113215), loss: 1.8774, logits_loss: 1.8774, aux_loss: 0.0000, lr: 0.00000345, epoch_time: 23.0min
Epoch:[1/1](73660/113215), loss: 1.7121, logits_loss: 1.7121, aux_loss: 0.0000, lr: 0.00000345, epoch_time: 23.0min
Epoch:[1/1](73680/113215), loss: 1.8372, logits_loss: 1.8372, aux_loss: 0.0000, lr: 0.00000345, epoch_time: 23.0min
Epoch:[1/1](73700/113215), loss: 1.6978, logits_loss: 1.6978, aux_loss: 0.0000, lr: 0.00000344, epoch_time: 23.0min
Epoch:[1/1](73720/113215), loss: 1.8287, logits_loss: 1.8287, aux_loss: 0.0000, lr: 0.00000344, epoch_time: 23.0min
Epoch:[1/1](73740/113215), loss: 1.8420, logits_loss: 1.8420, aux_loss: 0.0000, lr: 0.00000344, epoch_time: 23.0min
Epoch:[1/1](73760/113215), loss: 1.6658, logits_loss: 1.6658, aux_loss: 0.0000, lr: 0.00000344, epoch_time: 23.0min
Epoch:[1/1](73780/113215), loss: 1.5057, logits_loss: 1.5057, aux_loss: 0.0000, lr: 0.00000344, epoch_time: 23.0min
Epoch:[1/1](73800/113215), loss: 1.4752, logits_loss: 1.4752, aux_loss: 0.0000, lr: 0.00000343, epoch_time: 23.0min
Epoch:[1/1](73820/113215), loss: 1.8504, logits_loss: 1.8504, aux_loss: 0.0000, lr: 0.00000343, epoch_time: 23.0min
Epoch:[1/1](73840/113215), loss: 1.9546, logits_loss: 1.9546, aux_loss: 0.0000, lr: 0.00000343, epoch_time: 23.0min
Epoch:[1/1](73860/113215), loss: 1.6410, logits_loss: 1.6410, aux_loss: 0.0000, lr: 0.00000343, epoch_time: 23.0min
Epoch:[1/1](73880/113215), loss: 1.7988, logits_loss: 1.7988, aux_loss: 0.0000, lr: 0.00000342, epoch_time: 23.0min
Epoch:[1/1](73900/113215), loss: 1.7004, logits_loss: 1.7004, aux_loss: 0.0000, lr: 0.00000342, epoch_time: 23.0min
Epoch:[1/1](73920/113215), loss: 1.6884, logits_loss: 1.6884, aux_loss: 0.0000, lr: 0.00000342, epoch_time: 23.0min
Epoch:[1/1](73940/113215), loss: 1.7990, logits_loss: 1.7990, aux_loss: 0.0000, lr: 0.00000342, epoch_time: 23.0min
Epoch:[1/1](73960/113215), loss: 1.8698, logits_loss: 1.8698, aux_loss: 0.0000, lr: 0.00000342, epoch_time: 22.0min
Epoch:[1/1](73980/113215), loss: 1.4992, logits_loss: 1.4992, aux_loss: 0.0000, lr: 0.00000341, epoch_time: 22.0min
Epoch:[1/1](74000/113215), loss: 1.5628, logits_loss: 1.5628, aux_loss: 0.0000, lr: 0.00000341, epoch_time: 22.0min
Epoch:[1/1](74020/113215), loss: 1.7459, logits_loss: 1.7459, aux_loss: 0.0000, lr: 0.00000341, epoch_time: 22.0min
Epoch:[1/1](74040/113215), loss: 1.7016, logits_loss: 1.7016, aux_loss: 0.0000, lr: 0.00000341, epoch_time: 22.0min
Epoch:[1/1](74060/113215), loss: 1.6527, logits_loss: 1.6527, aux_loss: 0.0000, lr: 0.00000340, epoch_time: 22.0min
Epoch:[1/1](74080/113215), loss: 1.9319, logits_loss: 1.9319, aux_loss: 0.0000, lr: 0.00000340, epoch_time: 22.0min
Epoch:[1/1](74100/113215), loss: 1.7123, logits_loss: 1.7123, aux_loss: 0.0000, lr: 0.00000340, epoch_time: 22.0min
Epoch:[1/1](74120/113215), loss: 1.8515, logits_loss: 1.8515, aux_loss: 0.0000, lr: 0.00000340, epoch_time: 22.0min
Epoch:[1/1](74140/113215), loss: 1.3507, logits_loss: 1.3507, aux_loss: 0.0000, lr: 0.00000340, epoch_time: 22.0min
Epoch:[1/1](74160/113215), loss: 1.9959, logits_loss: 1.9959, aux_loss: 0.0000, lr: 0.00000339, epoch_time: 22.0min
Epoch:[1/1](74180/113215), loss: 1.8734, logits_loss: 1.8734, aux_loss: 0.0000, lr: 0.00000339, epoch_time: 22.0min
Epoch:[1/1](74200/113215), loss: 1.8132, logits_loss: 1.8132, aux_loss: 0.0000, lr: 0.00000339, epoch_time: 22.0min
Epoch:[1/1](74220/113215), loss: 1.7305, logits_loss: 1.7305, aux_loss: 0.0000, lr: 0.00000339, epoch_time: 22.0min
Epoch:[1/1](74240/113215), loss: 1.5446, logits_loss: 1.5446, aux_loss: 0.0000, lr: 0.00000339, epoch_time: 22.0min
Epoch:[1/1](74260/113215), loss: 1.5702, logits_loss: 1.5702, aux_loss: 0.0000, lr: 0.00000338, epoch_time: 22.0min
Epoch:[1/1](74280/113215), loss: 1.6020, logits_loss: 1.6020, aux_loss: 0.0000, lr: 0.00000338, epoch_time: 22.0min
Epoch:[1/1](74300/113215), loss: 1.6764, logits_loss: 1.6764, aux_loss: 0.0000, lr: 0.00000338, epoch_time: 22.0min
Epoch:[1/1](74320/113215), loss: 1.8649, logits_loss: 1.8649, aux_loss: 0.0000, lr: 0.00000338, epoch_time: 22.0min
Epoch:[1/1](74340/113215), loss: 1.6833, logits_loss: 1.6833, aux_loss: 0.0000, lr: 0.00000337, epoch_time: 22.0min
Epoch:[1/1](74360/113215), loss: 1.4955, logits_loss: 1.4955, aux_loss: 0.0000, lr: 0.00000337, epoch_time: 22.0min
Epoch:[1/1](74380/113215), loss: 1.7071, logits_loss: 1.7071, aux_loss: 0.0000, lr: 0.00000337, epoch_time: 22.0min
Epoch:[1/1](74400/113215), loss: 1.9470, logits_loss: 1.9470, aux_loss: 0.0000, lr: 0.00000337, epoch_time: 22.0min
Epoch:[1/1](74420/113215), loss: 1.7821, logits_loss: 1.7821, aux_loss: 0.0000, lr: 0.00000337, epoch_time: 22.0min
Epoch:[1/1](74440/113215), loss: 1.6062, logits_loss: 1.6062, aux_loss: 0.0000, lr: 0.00000336, epoch_time: 22.0min
Epoch:[1/1](74460/113215), loss: 1.6359, logits_loss: 1.6359, aux_loss: 0.0000, lr: 0.00000336, epoch_time: 22.0min
Epoch:[1/1](74480/113215), loss: 1.9591, logits_loss: 1.9591, aux_loss: 0.0000, lr: 0.00000336, epoch_time: 22.0min
Epoch:[1/1](74500/113215), loss: 1.7550, logits_loss: 1.7550, aux_loss: 0.0000, lr: 0.00000336, epoch_time: 22.0min
Epoch:[1/1](74520/113215), loss: 1.7121, logits_loss: 1.7121, aux_loss: 0.0000, lr: 0.00000335, epoch_time: 22.0min
Epoch:[1/1](74540/113215), loss: 1.7580, logits_loss: 1.7580, aux_loss: 0.0000, lr: 0.00000335, epoch_time: 22.0min
Epoch:[1/1](74560/113215), loss: 1.5994, logits_loss: 1.5994, aux_loss: 0.0000, lr: 0.00000335, epoch_time: 22.0min
Epoch:[1/1](74580/113215), loss: 2.0026, logits_loss: 2.0026, aux_loss: 0.0000, lr: 0.00000335, epoch_time: 22.0min
Epoch:[1/1](74600/113215), loss: 2.1254, logits_loss: 2.1254, aux_loss: 0.0000, lr: 0.00000335, epoch_time: 22.0min
Epoch:[1/1](74620/113215), loss: 1.4519, logits_loss: 1.4519, aux_loss: 0.0000, lr: 0.00000334, epoch_time: 22.0min
Epoch:[1/1](74640/113215), loss: 1.7209, logits_loss: 1.7209, aux_loss: 0.0000, lr: 0.00000334, epoch_time: 22.0min
Epoch:[1/1](74660/113215), loss: 1.4341, logits_loss: 1.4341, aux_loss: 0.0000, lr: 0.00000334, epoch_time: 22.0min
Epoch:[1/1](74680/113215), loss: 1.7951, logits_loss: 1.7951, aux_loss: 0.0000, lr: 0.00000334, epoch_time: 22.0min
Epoch:[1/1](74700/113215), loss: 1.7354, logits_loss: 1.7354, aux_loss: 0.0000, lr: 0.00000333, epoch_time: 22.0min
Epoch:[1/1](74720/113215), loss: 1.5630, logits_loss: 1.5630, aux_loss: 0.0000, lr: 0.00000333, epoch_time: 22.0min
Epoch:[1/1](74740/113215), loss: 1.5418, logits_loss: 1.5418, aux_loss: 0.0000, lr: 0.00000333, epoch_time: 22.0min
Epoch:[1/1](74760/113215), loss: 1.6883, logits_loss: 1.6883, aux_loss: 0.0000, lr: 0.00000333, epoch_time: 22.0min
Epoch:[1/1](74780/113215), loss: 1.6450, logits_loss: 1.6450, aux_loss: 0.0000, lr: 0.00000333, epoch_time: 22.0min
Epoch:[1/1](74800/113215), loss: 1.6434, logits_loss: 1.6434, aux_loss: 0.0000, lr: 0.00000332, epoch_time: 22.0min
Epoch:[1/1](74820/113215), loss: 1.5345, logits_loss: 1.5345, aux_loss: 0.0000, lr: 0.00000332, epoch_time: 22.0min
Epoch:[1/1](74840/113215), loss: 1.8642, logits_loss: 1.8642, aux_loss: 0.0000, lr: 0.00000332, epoch_time: 22.0min
Epoch:[1/1](74860/113215), loss: 1.4303, logits_loss: 1.4303, aux_loss: 0.0000, lr: 0.00000332, epoch_time: 22.0min
Epoch:[1/1](74880/113215), loss: 1.8037, logits_loss: 1.8037, aux_loss: 0.0000, lr: 0.00000331, epoch_time: 22.0min
Epoch:[1/1](74900/113215), loss: 1.6537, logits_loss: 1.6537, aux_loss: 0.0000, lr: 0.00000331, epoch_time: 22.0min
Epoch:[1/1](74920/113215), loss: 1.9985, logits_loss: 1.9985, aux_loss: 0.0000, lr: 0.00000331, epoch_time: 22.0min
Epoch:[1/1](74940/113215), loss: 1.9022, logits_loss: 1.9022, aux_loss: 0.0000, lr: 0.00000331, epoch_time: 22.0min
Epoch:[1/1](74960/113215), loss: 1.9310, logits_loss: 1.9310, aux_loss: 0.0000, lr: 0.00000331, epoch_time: 22.0min
Epoch:[1/1](74980/113215), loss: 1.8754, logits_loss: 1.8754, aux_loss: 0.0000, lr: 0.00000330, epoch_time: 22.0min
Epoch:[1/1](75000/113215), loss: 1.7838, logits_loss: 1.7838, aux_loss: 0.0000, lr: 0.00000330, epoch_time: 22.0min
Epoch:[1/1](75020/113215), loss: 1.7435, logits_loss: 1.7435, aux_loss: 0.0000, lr: 0.00000330, epoch_time: 22.0min
Epoch:[1/1](75040/113215), loss: 1.7773, logits_loss: 1.7773, aux_loss: 0.0000, lr: 0.00000330, epoch_time: 22.0min
Epoch:[1/1](75060/113215), loss: 1.9367, logits_loss: 1.9367, aux_loss: 0.0000, lr: 0.00000330, epoch_time: 22.0min
Epoch:[1/1](75080/113215), loss: 1.5209, logits_loss: 1.5209, aux_loss: 0.0000, lr: 0.00000329, epoch_time: 22.0min
Epoch:[1/1](75100/113215), loss: 2.0843, logits_loss: 2.0843, aux_loss: 0.0000, lr: 0.00000329, epoch_time: 22.0min
Epoch:[1/1](75120/113215), loss: 1.6288, logits_loss: 1.6288, aux_loss: 0.0000, lr: 0.00000329, epoch_time: 22.0min
Epoch:[1/1](75140/113215), loss: 1.8651, logits_loss: 1.8651, aux_loss: 0.0000, lr: 0.00000329, epoch_time: 22.0min
Epoch:[1/1](75160/113215), loss: 1.8392, logits_loss: 1.8392, aux_loss: 0.0000, lr: 0.00000328, epoch_time: 22.0min
Epoch:[1/1](75180/113215), loss: 2.0336, logits_loss: 2.0336, aux_loss: 0.0000, lr: 0.00000328, epoch_time: 22.0min
Epoch:[1/1](75200/113215), loss: 1.6692, logits_loss: 1.6692, aux_loss: 0.0000, lr: 0.00000328, epoch_time: 22.0min
Epoch:[1/1](75220/113215), loss: 1.6826, logits_loss: 1.6826, aux_loss: 0.0000, lr: 0.00000328, epoch_time: 22.0min
Epoch:[1/1](75240/113215), loss: 2.0847, logits_loss: 2.0847, aux_loss: 0.0000, lr: 0.00000328, epoch_time: 22.0min
Epoch:[1/1](75260/113215), loss: 1.5431, logits_loss: 1.5431, aux_loss: 0.0000, lr: 0.00000327, epoch_time: 22.0min
Epoch:[1/1](75280/113215), loss: 1.4018, logits_loss: 1.4018, aux_loss: 0.0000, lr: 0.00000327, epoch_time: 22.0min
Epoch:[1/1](75300/113215), loss: 1.6353, logits_loss: 1.6353, aux_loss: 0.0000, lr: 0.00000327, epoch_time: 22.0min
Epoch:[1/1](75320/113215), loss: 1.5564, logits_loss: 1.5564, aux_loss: 0.0000, lr: 0.00000327, epoch_time: 22.0min
Epoch:[1/1](75340/113215), loss: 1.9488, logits_loss: 1.9488, aux_loss: 0.0000, lr: 0.00000326, epoch_time: 22.0min
Epoch:[1/1](75360/113215), loss: 1.7650, logits_loss: 1.7650, aux_loss: 0.0000, lr: 0.00000326, epoch_time: 22.0min
Epoch:[1/1](75380/113215), loss: 1.8362, logits_loss: 1.8362, aux_loss: 0.0000, lr: 0.00000326, epoch_time: 22.0min
Epoch:[1/1](75400/113215), loss: 1.8225, logits_loss: 1.8225, aux_loss: 0.0000, lr: 0.00000326, epoch_time: 22.0min
Epoch:[1/1](75420/113215), loss: 1.6847, logits_loss: 1.6847, aux_loss: 0.0000, lr: 0.00000326, epoch_time: 22.0min
Epoch:[1/1](75440/113215), loss: 1.6581, logits_loss: 1.6581, aux_loss: 0.0000, lr: 0.00000325, epoch_time: 22.0min
Epoch:[1/1](75460/113215), loss: 1.5702, logits_loss: 1.5702, aux_loss: 0.0000, lr: 0.00000325, epoch_time: 22.0min
Epoch:[1/1](75480/113215), loss: 1.8559, logits_loss: 1.8559, aux_loss: 0.0000, lr: 0.00000325, epoch_time: 22.0min
Epoch:[1/1](75500/113215), loss: 1.7400, logits_loss: 1.7400, aux_loss: 0.0000, lr: 0.00000325, epoch_time: 22.0min
Epoch:[1/1](75520/113215), loss: 1.7858, logits_loss: 1.7858, aux_loss: 0.0000, lr: 0.00000325, epoch_time: 22.0min
Epoch:[1/1](75540/113215), loss: 1.7392, logits_loss: 1.7392, aux_loss: 0.0000, lr: 0.00000324, epoch_time: 22.0min
Epoch:[1/1](75560/113215), loss: 2.0291, logits_loss: 2.0291, aux_loss: 0.0000, lr: 0.00000324, epoch_time: 22.0min
Epoch:[1/1](75580/113215), loss: 1.6570, logits_loss: 1.6570, aux_loss: 0.0000, lr: 0.00000324, epoch_time: 22.0min
Epoch:[1/1](75600/113215), loss: 1.7410, logits_loss: 1.7410, aux_loss: 0.0000, lr: 0.00000324, epoch_time: 22.0min
Epoch:[1/1](75620/113215), loss: 1.5343, logits_loss: 1.5343, aux_loss: 0.0000, lr: 0.00000323, epoch_time: 22.0min
Epoch:[1/1](75640/113215), loss: 1.6735, logits_loss: 1.6735, aux_loss: 0.0000, lr: 0.00000323, epoch_time: 22.0min
Epoch:[1/1](75660/113215), loss: 1.7186, logits_loss: 1.7186, aux_loss: 0.0000, lr: 0.00000323, epoch_time: 21.0min
Epoch:[1/1](75680/113215), loss: 1.6140, logits_loss: 1.6140, aux_loss: 0.0000, lr: 0.00000323, epoch_time: 21.0min
Epoch:[1/1](75700/113215), loss: 1.7144, logits_loss: 1.7144, aux_loss: 0.0000, lr: 0.00000323, epoch_time: 21.0min
Epoch:[1/1](75720/113215), loss: 1.6601, logits_loss: 1.6601, aux_loss: 0.0000, lr: 0.00000322, epoch_time: 21.0min
Epoch:[1/1](75740/113215), loss: 1.4147, logits_loss: 1.4147, aux_loss: 0.0000, lr: 0.00000322, epoch_time: 21.0min
Epoch:[1/1](75760/113215), loss: 2.0061, logits_loss: 2.0061, aux_loss: 0.0000, lr: 0.00000322, epoch_time: 21.0min
Epoch:[1/1](75780/113215), loss: 1.9971, logits_loss: 1.9971, aux_loss: 0.0000, lr: 0.00000322, epoch_time: 21.0min
Epoch:[1/1](75800/113215), loss: 1.9045, logits_loss: 1.9045, aux_loss: 0.0000, lr: 0.00000322, epoch_time: 21.0min
Epoch:[1/1](75820/113215), loss: 1.7319, logits_loss: 1.7319, aux_loss: 0.0000, lr: 0.00000321, epoch_time: 21.0min
Epoch:[1/1](75840/113215), loss: 1.9396, logits_loss: 1.9396, aux_loss: 0.0000, lr: 0.00000321, epoch_time: 21.0min
Epoch:[1/1](75860/113215), loss: 1.7329, logits_loss: 1.7329, aux_loss: 0.0000, lr: 0.00000321, epoch_time: 21.0min
Epoch:[1/1](75880/113215), loss: 1.9984, logits_loss: 1.9984, aux_loss: 0.0000, lr: 0.00000321, epoch_time: 21.0min
Epoch:[1/1](75900/113215), loss: 1.5096, logits_loss: 1.5096, aux_loss: 0.0000, lr: 0.00000320, epoch_time: 21.0min
Epoch:[1/1](75920/113215), loss: 1.5142, logits_loss: 1.5142, aux_loss: 0.0000, lr: 0.00000320, epoch_time: 21.0min
Epoch:[1/1](75940/113215), loss: 1.6831, logits_loss: 1.6831, aux_loss: 0.0000, lr: 0.00000320, epoch_time: 21.0min
Epoch:[1/1](75960/113215), loss: 1.7769, logits_loss: 1.7769, aux_loss: 0.0000, lr: 0.00000320, epoch_time: 21.0min
Epoch:[1/1](75980/113215), loss: 1.5860, logits_loss: 1.5860, aux_loss: 0.0000, lr: 0.00000320, epoch_time: 21.0min
Epoch:[1/1](76000/113215), loss: 1.7578, logits_loss: 1.7578, aux_loss: 0.0000, lr: 0.00000319, epoch_time: 21.0min
Epoch:[1/1](76020/113215), loss: 1.7927, logits_loss: 1.7927, aux_loss: 0.0000, lr: 0.00000319, epoch_time: 21.0min
Epoch:[1/1](76040/113215), loss: 1.6628, logits_loss: 1.6628, aux_loss: 0.0000, lr: 0.00000319, epoch_time: 21.0min
Epoch:[1/1](76060/113215), loss: 1.7282, logits_loss: 1.7282, aux_loss: 0.0000, lr: 0.00000319, epoch_time: 21.0min
Epoch:[1/1](76080/113215), loss: 1.7031, logits_loss: 1.7031, aux_loss: 0.0000, lr: 0.00000319, epoch_time: 21.0min
Epoch:[1/1](76100/113215), loss: 1.6319, logits_loss: 1.6319, aux_loss: 0.0000, lr: 0.00000318, epoch_time: 21.0min
Epoch:[1/1](76120/113215), loss: 1.6196, logits_loss: 1.6196, aux_loss: 0.0000, lr: 0.00000318, epoch_time: 21.0min
Epoch:[1/1](76140/113215), loss: 1.7851, logits_loss: 1.7851, aux_loss: 0.0000, lr: 0.00000318, epoch_time: 21.0min
Epoch:[1/1](76160/113215), loss: 1.7176, logits_loss: 1.7176, aux_loss: 0.0000, lr: 0.00000318, epoch_time: 21.0min
Epoch:[1/1](76180/113215), loss: 1.8009, logits_loss: 1.8009, aux_loss: 0.0000, lr: 0.00000317, epoch_time: 21.0min
Epoch:[1/1](76200/113215), loss: 1.7808, logits_loss: 1.7808, aux_loss: 0.0000, lr: 0.00000317, epoch_time: 21.0min
Epoch:[1/1](76220/113215), loss: 1.5291, logits_loss: 1.5291, aux_loss: 0.0000, lr: 0.00000317, epoch_time: 21.0min
Epoch:[1/1](76240/113215), loss: 1.6726, logits_loss: 1.6726, aux_loss: 0.0000, lr: 0.00000317, epoch_time: 21.0min
Epoch:[1/1](76260/113215), loss: 1.6268, logits_loss: 1.6268, aux_loss: 0.0000, lr: 0.00000317, epoch_time: 21.0min
Epoch:[1/1](76280/113215), loss: 1.6389, logits_loss: 1.6389, aux_loss: 0.0000, lr: 0.00000316, epoch_time: 21.0min
Epoch:[1/1](76300/113215), loss: 1.9351, logits_loss: 1.9351, aux_loss: 0.0000, lr: 0.00000316, epoch_time: 21.0min
Epoch:[1/1](76320/113215), loss: 1.8908, logits_loss: 1.8908, aux_loss: 0.0000, lr: 0.00000316, epoch_time: 21.0min
Epoch:[1/1](76340/113215), loss: 1.7109, logits_loss: 1.7109, aux_loss: 0.0000, lr: 0.00000316, epoch_time: 21.0min
Epoch:[1/1](76360/113215), loss: 1.5855, logits_loss: 1.5855, aux_loss: 0.0000, lr: 0.00000316, epoch_time: 21.0min
Epoch:[1/1](76380/113215), loss: 1.7957, logits_loss: 1.7957, aux_loss: 0.0000, lr: 0.00000315, epoch_time: 21.0min
Epoch:[1/1](76400/113215), loss: 1.6743, logits_loss: 1.6743, aux_loss: 0.0000, lr: 0.00000315, epoch_time: 21.0min
Epoch:[1/1](76420/113215), loss: 1.7257, logits_loss: 1.7257, aux_loss: 0.0000, lr: 0.00000315, epoch_time: 21.0min
Epoch:[1/1](76440/113215), loss: 1.9893, logits_loss: 1.9893, aux_loss: 0.0000, lr: 0.00000315, epoch_time: 21.0min
Epoch:[1/1](76460/113215), loss: 1.6273, logits_loss: 1.6273, aux_loss: 0.0000, lr: 0.00000314, epoch_time: 21.0min
Epoch:[1/1](76480/113215), loss: 1.9167, logits_loss: 1.9167, aux_loss: 0.0000, lr: 0.00000314, epoch_time: 21.0min
Epoch:[1/1](76500/113215), loss: 1.9352, logits_loss: 1.9352, aux_loss: 0.0000, lr: 0.00000314, epoch_time: 21.0min
Epoch:[1/1](76520/113215), loss: 1.5936, logits_loss: 1.5936, aux_loss: 0.0000, lr: 0.00000314, epoch_time: 21.0min
Epoch:[1/1](76540/113215), loss: 1.6766, logits_loss: 1.6766, aux_loss: 0.0000, lr: 0.00000314, epoch_time: 21.0min
Epoch:[1/1](76560/113215), loss: 1.7066, logits_loss: 1.7066, aux_loss: 0.0000, lr: 0.00000313, epoch_time: 21.0min
Epoch:[1/1](76580/113215), loss: 1.7136, logits_loss: 1.7136, aux_loss: 0.0000, lr: 0.00000313, epoch_time: 21.0min
Epoch:[1/1](76600/113215), loss: 1.5137, logits_loss: 1.5137, aux_loss: 0.0000, lr: 0.00000313, epoch_time: 21.0min
Epoch:[1/1](76620/113215), loss: 1.3809, logits_loss: 1.3809, aux_loss: 0.0000, lr: 0.00000313, epoch_time: 21.0min
Epoch:[1/1](76640/113215), loss: 1.7614, logits_loss: 1.7614, aux_loss: 0.0000, lr: 0.00000313, epoch_time: 21.0min
Epoch:[1/1](76660/113215), loss: 1.6576, logits_loss: 1.6576, aux_loss: 0.0000, lr: 0.00000312, epoch_time: 21.0min
Epoch:[1/1](76680/113215), loss: 1.6232, logits_loss: 1.6232, aux_loss: 0.0000, lr: 0.00000312, epoch_time: 21.0min
Epoch:[1/1](76700/113215), loss: 1.7688, logits_loss: 1.7688, aux_loss: 0.0000, lr: 0.00000312, epoch_time: 21.0min
Epoch:[1/1](76720/113215), loss: 1.8936, logits_loss: 1.8936, aux_loss: 0.0000, lr: 0.00000312, epoch_time: 21.0min
Epoch:[1/1](76740/113215), loss: 1.7943, logits_loss: 1.7943, aux_loss: 0.0000, lr: 0.00000311, epoch_time: 21.0min
Epoch:[1/1](76760/113215), loss: 1.8652, logits_loss: 1.8652, aux_loss: 0.0000, lr: 0.00000311, epoch_time: 21.0min
Epoch:[1/1](76780/113215), loss: 1.7311, logits_loss: 1.7311, aux_loss: 0.0000, lr: 0.00000311, epoch_time: 21.0min
Epoch:[1/1](76800/113215), loss: 1.7446, logits_loss: 1.7446, aux_loss: 0.0000, lr: 0.00000311, epoch_time: 21.0min
Epoch:[1/1](76820/113215), loss: 1.9914, logits_loss: 1.9914, aux_loss: 0.0000, lr: 0.00000311, epoch_time: 21.0min
Epoch:[1/1](76840/113215), loss: 1.7590, logits_loss: 1.7590, aux_loss: 0.0000, lr: 0.00000310, epoch_time: 21.0min
Epoch:[1/1](76860/113215), loss: 1.7923, logits_loss: 1.7923, aux_loss: 0.0000, lr: 0.00000310, epoch_time: 21.0min
Epoch:[1/1](76880/113215), loss: 2.0532, logits_loss: 2.0532, aux_loss: 0.0000, lr: 0.00000310, epoch_time: 21.0min
Epoch:[1/1](76900/113215), loss: 1.9076, logits_loss: 1.9076, aux_loss: 0.0000, lr: 0.00000310, epoch_time: 21.0min
Epoch:[1/1](76920/113215), loss: 1.8387, logits_loss: 1.8387, aux_loss: 0.0000, lr: 0.00000310, epoch_time: 21.0min
Epoch:[1/1](76940/113215), loss: 1.6475, logits_loss: 1.6475, aux_loss: 0.0000, lr: 0.00000309, epoch_time: 21.0min
Epoch:[1/1](76960/113215), loss: 1.9179, logits_loss: 1.9179, aux_loss: 0.0000, lr: 0.00000309, epoch_time: 21.0min
Epoch:[1/1](76980/113215), loss: 1.6049, logits_loss: 1.6049, aux_loss: 0.0000, lr: 0.00000309, epoch_time: 21.0min
Epoch:[1/1](77000/113215), loss: 1.8339, logits_loss: 1.8339, aux_loss: 0.0000, lr: 0.00000309, epoch_time: 21.0min
Epoch:[1/1](77020/113215), loss: 1.8647, logits_loss: 1.8647, aux_loss: 0.0000, lr: 0.00000309, epoch_time: 21.0min
Epoch:[1/1](77040/113215), loss: 1.4914, logits_loss: 1.4914, aux_loss: 0.0000, lr: 0.00000308, epoch_time: 21.0min
Epoch:[1/1](77060/113215), loss: 1.8064, logits_loss: 1.8064, aux_loss: 0.0000, lr: 0.00000308, epoch_time: 21.0min
Epoch:[1/1](77080/113215), loss: 1.6478, logits_loss: 1.6478, aux_loss: 0.0000, lr: 0.00000308, epoch_time: 21.0min
Epoch:[1/1](77100/113215), loss: 1.7684, logits_loss: 1.7684, aux_loss: 0.0000, lr: 0.00000308, epoch_time: 21.0min
Epoch:[1/1](77120/113215), loss: 1.5089, logits_loss: 1.5089, aux_loss: 0.0000, lr: 0.00000307, epoch_time: 21.0min
Epoch:[1/1](77140/113215), loss: 1.8791, logits_loss: 1.8791, aux_loss: 0.0000, lr: 0.00000307, epoch_time: 21.0min
Epoch:[1/1](77160/113215), loss: 1.6232, logits_loss: 1.6232, aux_loss: 0.0000, lr: 0.00000307, epoch_time: 21.0min
Epoch:[1/1](77180/113215), loss: 1.6198, logits_loss: 1.6198, aux_loss: 0.0000, lr: 0.00000307, epoch_time: 21.0min
Epoch:[1/1](77200/113215), loss: 1.7877, logits_loss: 1.7877, aux_loss: 0.0000, lr: 0.00000307, epoch_time: 21.0min
Epoch:[1/1](77220/113215), loss: 1.6870, logits_loss: 1.6870, aux_loss: 0.0000, lr: 0.00000306, epoch_time: 21.0min
Epoch:[1/1](77240/113215), loss: 1.9977, logits_loss: 1.9977, aux_loss: 0.0000, lr: 0.00000306, epoch_time: 21.0min
Epoch:[1/1](77260/113215), loss: 1.9438, logits_loss: 1.9438, aux_loss: 0.0000, lr: 0.00000306, epoch_time: 21.0min
Epoch:[1/1](77280/113215), loss: 1.7025, logits_loss: 1.7025, aux_loss: 0.0000, lr: 0.00000306, epoch_time: 21.0min
Epoch:[1/1](77300/113215), loss: 1.6425, logits_loss: 1.6425, aux_loss: 0.0000, lr: 0.00000306, epoch_time: 21.0min
Epoch:[1/1](77320/113215), loss: 1.9841, logits_loss: 1.9841, aux_loss: 0.0000, lr: 0.00000305, epoch_time: 21.0min
Epoch:[1/1](77340/113215), loss: 1.7119, logits_loss: 1.7119, aux_loss: 0.0000, lr: 0.00000305, epoch_time: 21.0min
Epoch:[1/1](77360/113215), loss: 1.8617, logits_loss: 1.8617, aux_loss: 0.0000, lr: 0.00000305, epoch_time: 21.0min
Epoch:[1/1](77380/113215), loss: 1.6181, logits_loss: 1.6181, aux_loss: 0.0000, lr: 0.00000305, epoch_time: 20.0min
Epoch:[1/1](77400/113215), loss: 2.0022, logits_loss: 2.0022, aux_loss: 0.0000, lr: 0.00000305, epoch_time: 20.0min
Epoch:[1/1](77420/113215), loss: 1.8846, logits_loss: 1.8846, aux_loss: 0.0000, lr: 0.00000304, epoch_time: 20.0min
Epoch:[1/1](77440/113215), loss: 1.8991, logits_loss: 1.8991, aux_loss: 0.0000, lr: 0.00000304, epoch_time: 20.0min
Epoch:[1/1](77460/113215), loss: 1.9546, logits_loss: 1.9546, aux_loss: 0.0000, lr: 0.00000304, epoch_time: 20.0min
Epoch:[1/1](77480/113215), loss: 1.8289, logits_loss: 1.8289, aux_loss: 0.0000, lr: 0.00000304, epoch_time: 20.0min
Epoch:[1/1](77500/113215), loss: 1.6917, logits_loss: 1.6917, aux_loss: 0.0000, lr: 0.00000303, epoch_time: 20.0min
Epoch:[1/1](77520/113215), loss: 1.6981, logits_loss: 1.6981, aux_loss: 0.0000, lr: 0.00000303, epoch_time: 20.0min
Epoch:[1/1](77540/113215), loss: 1.7561, logits_loss: 1.7561, aux_loss: 0.0000, lr: 0.00000303, epoch_time: 20.0min
Epoch:[1/1](77560/113215), loss: 1.7211, logits_loss: 1.7211, aux_loss: 0.0000, lr: 0.00000303, epoch_time: 20.0min
Epoch:[1/1](77580/113215), loss: 1.4940, logits_loss: 1.4940, aux_loss: 0.0000, lr: 0.00000303, epoch_time: 20.0min
Epoch:[1/1](77600/113215), loss: 1.5573, logits_loss: 1.5573, aux_loss: 0.0000, lr: 0.00000302, epoch_time: 20.0min
Epoch:[1/1](77620/113215), loss: 1.7516, logits_loss: 1.7516, aux_loss: 0.0000, lr: 0.00000302, epoch_time: 20.0min
Epoch:[1/1](77640/113215), loss: 1.7198, logits_loss: 1.7198, aux_loss: 0.0000, lr: 0.00000302, epoch_time: 20.0min
Epoch:[1/1](77660/113215), loss: 1.6968, logits_loss: 1.6968, aux_loss: 0.0000, lr: 0.00000302, epoch_time: 20.0min
Epoch:[1/1](77680/113215), loss: 1.6371, logits_loss: 1.6371, aux_loss: 0.0000, lr: 0.00000302, epoch_time: 20.0min
Epoch:[1/1](77700/113215), loss: 1.7516, logits_loss: 1.7516, aux_loss: 0.0000, lr: 0.00000301, epoch_time: 20.0min
Epoch:[1/1](77720/113215), loss: 1.6692, logits_loss: 1.6692, aux_loss: 0.0000, lr: 0.00000301, epoch_time: 20.0min
Epoch:[1/1](77740/113215), loss: 1.7807, logits_loss: 1.7807, aux_loss: 0.0000, lr: 0.00000301, epoch_time: 20.0min
Epoch:[1/1](77760/113215), loss: 1.7864, logits_loss: 1.7864, aux_loss: 0.0000, lr: 0.00000301, epoch_time: 20.0min
Epoch:[1/1](77780/113215), loss: 1.7278, logits_loss: 1.7278, aux_loss: 0.0000, lr: 0.00000301, epoch_time: 20.0min
Epoch:[1/1](77800/113215), loss: 1.8952, logits_loss: 1.8952, aux_loss: 0.0000, lr: 0.00000300, epoch_time: 20.0min
Epoch:[1/1](77820/113215), loss: 1.7779, logits_loss: 1.7779, aux_loss: 0.0000, lr: 0.00000300, epoch_time: 20.0min
Epoch:[1/1](77840/113215), loss: 1.9921, logits_loss: 1.9921, aux_loss: 0.0000, lr: 0.00000300, epoch_time: 20.0min
Epoch:[1/1](77860/113215), loss: 1.8388, logits_loss: 1.8388, aux_loss: 0.0000, lr: 0.00000300, epoch_time: 20.0min
Epoch:[1/1](77880/113215), loss: 2.0129, logits_loss: 2.0129, aux_loss: 0.0000, lr: 0.00000300, epoch_time: 20.0min
Epoch:[1/1](77900/113215), loss: 1.7277, logits_loss: 1.7277, aux_loss: 0.0000, lr: 0.00000299, epoch_time: 20.0min
Epoch:[1/1](77920/113215), loss: 1.7614, logits_loss: 1.7614, aux_loss: 0.0000, lr: 0.00000299, epoch_time: 20.0min
Epoch:[1/1](77940/113215), loss: 1.7622, logits_loss: 1.7622, aux_loss: 0.0000, lr: 0.00000299, epoch_time: 20.0min
Epoch:[1/1](77960/113215), loss: 1.8689, logits_loss: 1.8689, aux_loss: 0.0000, lr: 0.00000299, epoch_time: 20.0min
Epoch:[1/1](77980/113215), loss: 1.7296, logits_loss: 1.7296, aux_loss: 0.0000, lr: 0.00000298, epoch_time: 20.0min
Epoch:[1/1](78000/113215), loss: 1.7422, logits_loss: 1.7422, aux_loss: 0.0000, lr: 0.00000298, epoch_time: 20.0min
Epoch:[1/1](78020/113215), loss: 1.8577, logits_loss: 1.8577, aux_loss: 0.0000, lr: 0.00000298, epoch_time: 20.0min
Epoch:[1/1](78040/113215), loss: 1.8661, logits_loss: 1.8661, aux_loss: 0.0000, lr: 0.00000298, epoch_time: 20.0min
Epoch:[1/1](78060/113215), loss: 1.7935, logits_loss: 1.7935, aux_loss: 0.0000, lr: 0.00000298, epoch_time: 20.0min
Epoch:[1/1](78080/113215), loss: 1.8480, logits_loss: 1.8480, aux_loss: 0.0000, lr: 0.00000297, epoch_time: 20.0min
Epoch:[1/1](78100/113215), loss: 2.0062, logits_loss: 2.0062, aux_loss: 0.0000, lr: 0.00000297, epoch_time: 20.0min
Epoch:[1/1](78120/113215), loss: 2.1024, logits_loss: 2.1024, aux_loss: 0.0000, lr: 0.00000297, epoch_time: 20.0min
Epoch:[1/1](78140/113215), loss: 1.7752, logits_loss: 1.7752, aux_loss: 0.0000, lr: 0.00000297, epoch_time: 20.0min
Epoch:[1/1](78160/113215), loss: 1.7642, logits_loss: 1.7642, aux_loss: 0.0000, lr: 0.00000297, epoch_time: 20.0min
Epoch:[1/1](78180/113215), loss: 1.8143, logits_loss: 1.8143, aux_loss: 0.0000, lr: 0.00000296, epoch_time: 20.0min
Epoch:[1/1](78200/113215), loss: 1.7672, logits_loss: 1.7672, aux_loss: 0.0000, lr: 0.00000296, epoch_time: 20.0min
Epoch:[1/1](78220/113215), loss: 1.7275, logits_loss: 1.7275, aux_loss: 0.0000, lr: 0.00000296, epoch_time: 20.0min
Epoch:[1/1](78240/113215), loss: 2.1030, logits_loss: 2.1030, aux_loss: 0.0000, lr: 0.00000296, epoch_time: 20.0min
Epoch:[1/1](78260/113215), loss: 1.6228, logits_loss: 1.6228, aux_loss: 0.0000, lr: 0.00000296, epoch_time: 20.0min
Epoch:[1/1](78280/113215), loss: 1.7192, logits_loss: 1.7192, aux_loss: 0.0000, lr: 0.00000295, epoch_time: 20.0min
Epoch:[1/1](78300/113215), loss: 1.6938, logits_loss: 1.6938, aux_loss: 0.0000, lr: 0.00000295, epoch_time: 20.0min
Epoch:[1/1](78320/113215), loss: 1.4924, logits_loss: 1.4924, aux_loss: 0.0000, lr: 0.00000295, epoch_time: 20.0min
Epoch:[1/1](78340/113215), loss: 1.7826, logits_loss: 1.7826, aux_loss: 0.0000, lr: 0.00000295, epoch_time: 20.0min
Epoch:[1/1](78360/113215), loss: 1.3632, logits_loss: 1.3632, aux_loss: 0.0000, lr: 0.00000295, epoch_time: 20.0min
Epoch:[1/1](78380/113215), loss: 1.9057, logits_loss: 1.9057, aux_loss: 0.0000, lr: 0.00000294, epoch_time: 20.0min
Epoch:[1/1](78400/113215), loss: 1.5758, logits_loss: 1.5758, aux_loss: 0.0000, lr: 0.00000294, epoch_time: 20.0min
Epoch:[1/1](78420/113215), loss: 1.7474, logits_loss: 1.7474, aux_loss: 0.0000, lr: 0.00000294, epoch_time: 20.0min
Epoch:[1/1](78440/113215), loss: 1.6037, logits_loss: 1.6037, aux_loss: 0.0000, lr: 0.00000294, epoch_time: 20.0min
Epoch:[1/1](78460/113215), loss: 1.5333, logits_loss: 1.5333, aux_loss: 0.0000, lr: 0.00000294, epoch_time: 20.0min
Epoch:[1/1](78480/113215), loss: 1.4252, logits_loss: 1.4252, aux_loss: 0.0000, lr: 0.00000293, epoch_time: 20.0min
Epoch:[1/1](78500/113215), loss: 1.6982, logits_loss: 1.6982, aux_loss: 0.0000, lr: 0.00000293, epoch_time: 20.0min
Epoch:[1/1](78520/113215), loss: 1.5486, logits_loss: 1.5486, aux_loss: 0.0000, lr: 0.00000293, epoch_time: 20.0min
Epoch:[1/1](78540/113215), loss: 1.8946, logits_loss: 1.8946, aux_loss: 0.0000, lr: 0.00000293, epoch_time: 20.0min
Epoch:[1/1](78560/113215), loss: 1.9362, logits_loss: 1.9362, aux_loss: 0.0000, lr: 0.00000293, epoch_time: 20.0min
Epoch:[1/1](78580/113215), loss: 1.3020, logits_loss: 1.3020, aux_loss: 0.0000, lr: 0.00000292, epoch_time: 20.0min
Epoch:[1/1](78600/113215), loss: 1.6542, logits_loss: 1.6542, aux_loss: 0.0000, lr: 0.00000292, epoch_time: 20.0min
Epoch:[1/1](78620/113215), loss: 1.5248, logits_loss: 1.5248, aux_loss: 0.0000, lr: 0.00000292, epoch_time: 20.0min
Epoch:[1/1](78640/113215), loss: 1.7099, logits_loss: 1.7099, aux_loss: 0.0000, lr: 0.00000292, epoch_time: 20.0min
Epoch:[1/1](78660/113215), loss: 1.6358, logits_loss: 1.6358, aux_loss: 0.0000, lr: 0.00000291, epoch_time: 20.0min
Epoch:[1/1](78680/113215), loss: 1.8287, logits_loss: 1.8287, aux_loss: 0.0000, lr: 0.00000291, epoch_time: 20.0min
Epoch:[1/1](78700/113215), loss: 1.8792, logits_loss: 1.8792, aux_loss: 0.0000, lr: 0.00000291, epoch_time: 20.0min
Epoch:[1/1](78720/113215), loss: 1.9263, logits_loss: 1.9263, aux_loss: 0.0000, lr: 0.00000291, epoch_time: 20.0min
Epoch:[1/1](78740/113215), loss: 1.6880, logits_loss: 1.6880, aux_loss: 0.0000, lr: 0.00000291, epoch_time: 20.0min
Epoch:[1/1](78760/113215), loss: 1.6477, logits_loss: 1.6477, aux_loss: 0.0000, lr: 0.00000290, epoch_time: 20.0min
Epoch:[1/1](78780/113215), loss: 1.7175, logits_loss: 1.7175, aux_loss: 0.0000, lr: 0.00000290, epoch_time: 20.0min
Epoch:[1/1](78800/113215), loss: 1.9263, logits_loss: 1.9263, aux_loss: 0.0000, lr: 0.00000290, epoch_time: 20.0min
Epoch:[1/1](78820/113215), loss: 1.7550, logits_loss: 1.7550, aux_loss: 0.0000, lr: 0.00000290, epoch_time: 20.0min
Epoch:[1/1](78840/113215), loss: 1.6726, logits_loss: 1.6726, aux_loss: 0.0000, lr: 0.00000290, epoch_time: 20.0min
Epoch:[1/1](78860/113215), loss: 1.7916, logits_loss: 1.7916, aux_loss: 0.0000, lr: 0.00000289, epoch_time: 20.0min
Epoch:[1/1](78880/113215), loss: 1.7807, logits_loss: 1.7807, aux_loss: 0.0000, lr: 0.00000289, epoch_time: 20.0min
Epoch:[1/1](78900/113215), loss: 1.9968, logits_loss: 1.9968, aux_loss: 0.0000, lr: 0.00000289, epoch_time: 20.0min
Epoch:[1/1](78920/113215), loss: 1.6248, logits_loss: 1.6248, aux_loss: 0.0000, lr: 0.00000289, epoch_time: 20.0min
Epoch:[1/1](78940/113215), loss: 1.6402, logits_loss: 1.6402, aux_loss: 0.0000, lr: 0.00000289, epoch_time: 20.0min
Epoch:[1/1](78960/113215), loss: 1.6859, logits_loss: 1.6859, aux_loss: 0.0000, lr: 0.00000288, epoch_time: 20.0min
Epoch:[1/1](78980/113215), loss: 1.6387, logits_loss: 1.6387, aux_loss: 0.0000, lr: 0.00000288, epoch_time: 20.0min
Epoch:[1/1](79000/113215), loss: 1.5819, logits_loss: 1.5819, aux_loss: 0.0000, lr: 0.00000288, epoch_time: 20.0min
Epoch:[1/1](79020/113215), loss: 1.8923, logits_loss: 1.8923, aux_loss: 0.0000, lr: 0.00000288, epoch_time: 20.0min
Epoch:[1/1](79040/113215), loss: 1.7356, logits_loss: 1.7356, aux_loss: 0.0000, lr: 0.00000288, epoch_time: 20.0min
Epoch:[1/1](79060/113215), loss: 1.5866, logits_loss: 1.5866, aux_loss: 0.0000, lr: 0.00000287, epoch_time: 20.0min
Epoch:[1/1](79080/113215), loss: 1.8719, logits_loss: 1.8719, aux_loss: 0.0000, lr: 0.00000287, epoch_time: 19.0min
Epoch:[1/1](79100/113215), loss: 1.7232, logits_loss: 1.7232, aux_loss: 0.0000, lr: 0.00000287, epoch_time: 19.0min
Epoch:[1/1](79120/113215), loss: 1.7213, logits_loss: 1.7213, aux_loss: 0.0000, lr: 0.00000287, epoch_time: 19.0min
Epoch:[1/1](79140/113215), loss: 1.5201, logits_loss: 1.5201, aux_loss: 0.0000, lr: 0.00000287, epoch_time: 19.0min
Epoch:[1/1](79160/113215), loss: 1.6437, logits_loss: 1.6437, aux_loss: 0.0000, lr: 0.00000286, epoch_time: 19.0min
Epoch:[1/1](79180/113215), loss: 2.0383, logits_loss: 2.0383, aux_loss: 0.0000, lr: 0.00000286, epoch_time: 19.0min
Epoch:[1/1](79200/113215), loss: 1.7530, logits_loss: 1.7530, aux_loss: 0.0000, lr: 0.00000286, epoch_time: 19.0min
Epoch:[1/1](79220/113215), loss: 1.6791, logits_loss: 1.6791, aux_loss: 0.0000, lr: 0.00000286, epoch_time: 19.0min
Epoch:[1/1](79240/113215), loss: 1.8560, logits_loss: 1.8560, aux_loss: 0.0000, lr: 0.00000286, epoch_time: 19.0min
Epoch:[1/1](79260/113215), loss: 1.6614, logits_loss: 1.6614, aux_loss: 0.0000, lr: 0.00000285, epoch_time: 19.0min
Epoch:[1/1](79280/113215), loss: 1.8296, logits_loss: 1.8296, aux_loss: 0.0000, lr: 0.00000285, epoch_time: 19.0min
Epoch:[1/1](79300/113215), loss: 1.8868, logits_loss: 1.8868, aux_loss: 0.0000, lr: 0.00000285, epoch_time: 19.0min
Epoch:[1/1](79320/113215), loss: 2.0095, logits_loss: 2.0095, aux_loss: 0.0000, lr: 0.00000285, epoch_time: 19.0min
Epoch:[1/1](79340/113215), loss: 1.6504, logits_loss: 1.6504, aux_loss: 0.0000, lr: 0.00000285, epoch_time: 19.0min
Epoch:[1/1](79360/113215), loss: 1.8787, logits_loss: 1.8787, aux_loss: 0.0000, lr: 0.00000284, epoch_time: 19.0min
Epoch:[1/1](79380/113215), loss: 1.5236, logits_loss: 1.5236, aux_loss: 0.0000, lr: 0.00000284, epoch_time: 19.0min
Epoch:[1/1](79400/113215), loss: 2.0186, logits_loss: 2.0186, aux_loss: 0.0000, lr: 0.00000284, epoch_time: 19.0min
Epoch:[1/1](79420/113215), loss: 1.7229, logits_loss: 1.7229, aux_loss: 0.0000, lr: 0.00000284, epoch_time: 19.0min
Epoch:[1/1](79440/113215), loss: 1.5848, logits_loss: 1.5848, aux_loss: 0.0000, lr: 0.00000284, epoch_time: 19.0min
Epoch:[1/1](79460/113215), loss: 1.7517, logits_loss: 1.7517, aux_loss: 0.0000, lr: 0.00000283, epoch_time: 19.0min
Epoch:[1/1](79480/113215), loss: 1.8483, logits_loss: 1.8483, aux_loss: 0.0000, lr: 0.00000283, epoch_time: 19.0min
Epoch:[1/1](79500/113215), loss: 1.5432, logits_loss: 1.5432, aux_loss: 0.0000, lr: 0.00000283, epoch_time: 19.0min
Epoch:[1/1](79520/113215), loss: 1.7094, logits_loss: 1.7094, aux_loss: 0.0000, lr: 0.00000283, epoch_time: 19.0min
Epoch:[1/1](79540/113215), loss: 2.1117, logits_loss: 2.1117, aux_loss: 0.0000, lr: 0.00000283, epoch_time: 19.0min
Epoch:[1/1](79560/113215), loss: 1.6901, logits_loss: 1.6901, aux_loss: 0.0000, lr: 0.00000282, epoch_time: 19.0min
Epoch:[1/1](79580/113215), loss: 1.6619, logits_loss: 1.6619, aux_loss: 0.0000, lr: 0.00000282, epoch_time: 19.0min
Epoch:[1/1](79600/113215), loss: 1.9555, logits_loss: 1.9555, aux_loss: 0.0000, lr: 0.00000282, epoch_time: 19.0min
Epoch:[1/1](79620/113215), loss: 1.2700, logits_loss: 1.2700, aux_loss: 0.0000, lr: 0.00000282, epoch_time: 19.0min
Epoch:[1/1](79640/113215), loss: 1.6404, logits_loss: 1.6404, aux_loss: 0.0000, lr: 0.00000282, epoch_time: 19.0min
Epoch:[1/1](79660/113215), loss: 1.7989, logits_loss: 1.7989, aux_loss: 0.0000, lr: 0.00000281, epoch_time: 19.0min
Epoch:[1/1](79680/113215), loss: 1.6886, logits_loss: 1.6886, aux_loss: 0.0000, lr: 0.00000281, epoch_time: 19.0min
Epoch:[1/1](79700/113215), loss: 1.8241, logits_loss: 1.8241, aux_loss: 0.0000, lr: 0.00000281, epoch_time: 19.0min
Epoch:[1/1](79720/113215), loss: 1.7330, logits_loss: 1.7330, aux_loss: 0.0000, lr: 0.00000281, epoch_time: 19.0min
Epoch:[1/1](79740/113215), loss: 1.7513, logits_loss: 1.7513, aux_loss: 0.0000, lr: 0.00000281, epoch_time: 19.0min
Epoch:[1/1](79760/113215), loss: 1.8106, logits_loss: 1.8106, aux_loss: 0.0000, lr: 0.00000280, epoch_time: 19.0min
Epoch:[1/1](79780/113215), loss: 1.7885, logits_loss: 1.7885, aux_loss: 0.0000, lr: 0.00000280, epoch_time: 19.0min
Epoch:[1/1](79800/113215), loss: 1.8624, logits_loss: 1.8624, aux_loss: 0.0000, lr: 0.00000280, epoch_time: 19.0min
Epoch:[1/1](79820/113215), loss: 1.7194, logits_loss: 1.7194, aux_loss: 0.0000, lr: 0.00000280, epoch_time: 19.0min
Epoch:[1/1](79840/113215), loss: 1.6874, logits_loss: 1.6874, aux_loss: 0.0000, lr: 0.00000280, epoch_time: 19.0min
Epoch:[1/1](79860/113215), loss: 1.6635, logits_loss: 1.6635, aux_loss: 0.0000, lr: 0.00000279, epoch_time: 19.0min
Epoch:[1/1](79880/113215), loss: 1.7462, logits_loss: 1.7462, aux_loss: 0.0000, lr: 0.00000279, epoch_time: 19.0min
Epoch:[1/1](79900/113215), loss: 1.7526, logits_loss: 1.7526, aux_loss: 0.0000, lr: 0.00000279, epoch_time: 19.0min
Epoch:[1/1](79920/113215), loss: 1.5786, logits_loss: 1.5786, aux_loss: 0.0000, lr: 0.00000279, epoch_time: 19.0min
Epoch:[1/1](79940/113215), loss: 1.8156, logits_loss: 1.8156, aux_loss: 0.0000, lr: 0.00000279, epoch_time: 19.0min
Epoch:[1/1](79960/113215), loss: 1.5505, logits_loss: 1.5505, aux_loss: 0.0000, lr: 0.00000278, epoch_time: 19.0min
Epoch:[1/1](79980/113215), loss: 1.7281, logits_loss: 1.7281, aux_loss: 0.0000, lr: 0.00000278, epoch_time: 19.0min
Epoch:[1/1](80000/113215), loss: 1.8658, logits_loss: 1.8658, aux_loss: 0.0000, lr: 0.00000278, epoch_time: 19.0min
Epoch:[1/1](80020/113215), loss: 1.7427, logits_loss: 1.7427, aux_loss: 0.0000, lr: 0.00000278, epoch_time: 19.0min
Epoch:[1/1](80040/113215), loss: 1.6258, logits_loss: 1.6258, aux_loss: 0.0000, lr: 0.00000278, epoch_time: 19.0min
Epoch:[1/1](80060/113215), loss: 1.5169, logits_loss: 1.5169, aux_loss: 0.0000, lr: 0.00000277, epoch_time: 19.0min
Epoch:[1/1](80080/113215), loss: 1.7896, logits_loss: 1.7896, aux_loss: 0.0000, lr: 0.00000277, epoch_time: 19.0min
Epoch:[1/1](80100/113215), loss: 1.6185, logits_loss: 1.6185, aux_loss: 0.0000, lr: 0.00000277, epoch_time: 19.0min
Epoch:[1/1](80120/113215), loss: 1.7893, logits_loss: 1.7893, aux_loss: 0.0000, lr: 0.00000277, epoch_time: 19.0min
Epoch:[1/1](80140/113215), loss: 1.6649, logits_loss: 1.6649, aux_loss: 0.0000, lr: 0.00000277, epoch_time: 19.0min
Epoch:[1/1](80160/113215), loss: 1.6454, logits_loss: 1.6454, aux_loss: 0.0000, lr: 0.00000276, epoch_time: 19.0min
Epoch:[1/1](80180/113215), loss: 1.6629, logits_loss: 1.6629, aux_loss: 0.0000, lr: 0.00000276, epoch_time: 19.0min
Epoch:[1/1](80200/113215), loss: 1.8167, logits_loss: 1.8167, aux_loss: 0.0000, lr: 0.00000276, epoch_time: 19.0min
Epoch:[1/1](80220/113215), loss: 1.7256, logits_loss: 1.7256, aux_loss: 0.0000, lr: 0.00000276, epoch_time: 19.0min
Epoch:[1/1](80240/113215), loss: 1.7100, logits_loss: 1.7100, aux_loss: 0.0000, lr: 0.00000276, epoch_time: 19.0min
Epoch:[1/1](80260/113215), loss: 1.7014, logits_loss: 1.7014, aux_loss: 0.0000, lr: 0.00000275, epoch_time: 19.0min
Epoch:[1/1](80280/113215), loss: 1.9523, logits_loss: 1.9523, aux_loss: 0.0000, lr: 0.00000275, epoch_time: 19.0min
Epoch:[1/1](80300/113215), loss: 1.7487, logits_loss: 1.7487, aux_loss: 0.0000, lr: 0.00000275, epoch_time: 19.0min
Epoch:[1/1](80320/113215), loss: 1.6422, logits_loss: 1.6422, aux_loss: 0.0000, lr: 0.00000275, epoch_time: 19.0min
Epoch:[1/1](80340/113215), loss: 1.8424, logits_loss: 1.8424, aux_loss: 0.0000, lr: 0.00000275, epoch_time: 19.0min
Epoch:[1/1](80360/113215), loss: 1.9070, logits_loss: 1.9070, aux_loss: 0.0000, lr: 0.00000274, epoch_time: 19.0min
Epoch:[1/1](80380/113215), loss: 1.8102, logits_loss: 1.8102, aux_loss: 0.0000, lr: 0.00000274, epoch_time: 19.0min
Epoch:[1/1](80400/113215), loss: 1.6304, logits_loss: 1.6304, aux_loss: 0.0000, lr: 0.00000274, epoch_time: 19.0min
Epoch:[1/1](80420/113215), loss: 1.7083, logits_loss: 1.7083, aux_loss: 0.0000, lr: 0.00000274, epoch_time: 19.0min
Epoch:[1/1](80440/113215), loss: 1.7864, logits_loss: 1.7864, aux_loss: 0.0000, lr: 0.00000274, epoch_time: 19.0min
Epoch:[1/1](80460/113215), loss: 2.0156, logits_loss: 2.0156, aux_loss: 0.0000, lr: 0.00000273, epoch_time: 19.0min
Epoch:[1/1](80480/113215), loss: 1.6386, logits_loss: 1.6386, aux_loss: 0.0000, lr: 0.00000273, epoch_time: 19.0min
Epoch:[1/1](80500/113215), loss: 1.5676, logits_loss: 1.5676, aux_loss: 0.0000, lr: 0.00000273, epoch_time: 19.0min
Epoch:[1/1](80520/113215), loss: 1.7863, logits_loss: 1.7863, aux_loss: 0.0000, lr: 0.00000273, epoch_time: 19.0min
Epoch:[1/1](80540/113215), loss: 1.7649, logits_loss: 1.7649, aux_loss: 0.0000, lr: 0.00000273, epoch_time: 19.0min
Epoch:[1/1](80560/113215), loss: 1.7572, logits_loss: 1.7572, aux_loss: 0.0000, lr: 0.00000272, epoch_time: 19.0min
Epoch:[1/1](80580/113215), loss: 1.7743, logits_loss: 1.7743, aux_loss: 0.0000, lr: 0.00000272, epoch_time: 19.0min
Epoch:[1/1](80600/113215), loss: 1.3844, logits_loss: 1.3844, aux_loss: 0.0000, lr: 0.00000272, epoch_time: 19.0min
Epoch:[1/1](80620/113215), loss: 1.7767, logits_loss: 1.7767, aux_loss: 0.0000, lr: 0.00000272, epoch_time: 19.0min
Epoch:[1/1](80640/113215), loss: 1.8640, logits_loss: 1.8640, aux_loss: 0.0000, lr: 0.00000272, epoch_time: 19.0min
Epoch:[1/1](80660/113215), loss: 1.4859, logits_loss: 1.4859, aux_loss: 0.0000, lr: 0.00000271, epoch_time: 19.0min
Epoch:[1/1](80680/113215), loss: 1.5557, logits_loss: 1.5557, aux_loss: 0.0000, lr: 0.00000271, epoch_time: 19.0min
Epoch:[1/1](80700/113215), loss: 1.4248, logits_loss: 1.4248, aux_loss: 0.0000, lr: 0.00000271, epoch_time: 19.0min
Epoch:[1/1](80720/113215), loss: 1.5331, logits_loss: 1.5331, aux_loss: 0.0000, lr: 0.00000271, epoch_time: 19.0min
Epoch:[1/1](80740/113215), loss: 2.0944, logits_loss: 2.0944, aux_loss: 0.0000, lr: 0.00000271, epoch_time: 19.0min
Epoch:[1/1](80760/113215), loss: 1.6447, logits_loss: 1.6447, aux_loss: 0.0000, lr: 0.00000270, epoch_time: 18.0min
Epoch:[1/1](80780/113215), loss: 1.5501, logits_loss: 1.5501, aux_loss: 0.0000, lr: 0.00000270, epoch_time: 18.0min
Epoch:[1/1](80800/113215), loss: 1.5623, logits_loss: 1.5623, aux_loss: 0.0000, lr: 0.00000270, epoch_time: 18.0min
Epoch:[1/1](80820/113215), loss: 1.7160, logits_loss: 1.7160, aux_loss: 0.0000, lr: 0.00000270, epoch_time: 18.0min
Epoch:[1/1](80840/113215), loss: 1.8365, logits_loss: 1.8365, aux_loss: 0.0000, lr: 0.00000270, epoch_time: 18.0min
Epoch:[1/1](80860/113215), loss: 1.7939, logits_loss: 1.7939, aux_loss: 0.0000, lr: 0.00000270, epoch_time: 18.0min
Epoch:[1/1](80880/113215), loss: 1.8617, logits_loss: 1.8617, aux_loss: 0.0000, lr: 0.00000269, epoch_time: 18.0min
Epoch:[1/1](80900/113215), loss: 1.2282, logits_loss: 1.2282, aux_loss: 0.0000, lr: 0.00000269, epoch_time: 18.0min
Epoch:[1/1](80920/113215), loss: 1.7636, logits_loss: 1.7636, aux_loss: 0.0000, lr: 0.00000269, epoch_time: 18.0min
Epoch:[1/1](80940/113215), loss: 2.0109, logits_loss: 2.0109, aux_loss: 0.0000, lr: 0.00000269, epoch_time: 18.0min
Epoch:[1/1](80960/113215), loss: 1.9413, logits_loss: 1.9413, aux_loss: 0.0000, lr: 0.00000269, epoch_time: 18.0min
Epoch:[1/1](80980/113215), loss: 1.9215, logits_loss: 1.9215, aux_loss: 0.0000, lr: 0.00000268, epoch_time: 18.0min
Epoch:[1/1](81000/113215), loss: 1.7627, logits_loss: 1.7627, aux_loss: 0.0000, lr: 0.00000268, epoch_time: 18.0min
Epoch:[1/1](81020/113215), loss: 1.4749, logits_loss: 1.4749, aux_loss: 0.0000, lr: 0.00000268, epoch_time: 18.0min
Epoch:[1/1](81040/113215), loss: 1.5013, logits_loss: 1.5013, aux_loss: 0.0000, lr: 0.00000268, epoch_time: 18.0min
Epoch:[1/1](81060/113215), loss: 1.7219, logits_loss: 1.7219, aux_loss: 0.0000, lr: 0.00000268, epoch_time: 18.0min
Epoch:[1/1](81080/113215), loss: 1.5566, logits_loss: 1.5566, aux_loss: 0.0000, lr: 0.00000267, epoch_time: 18.0min
Epoch:[1/1](81100/113215), loss: 1.6526, logits_loss: 1.6526, aux_loss: 0.0000, lr: 0.00000267, epoch_time: 18.0min
Epoch:[1/1](81120/113215), loss: 1.4184, logits_loss: 1.4184, aux_loss: 0.0000, lr: 0.00000267, epoch_time: 18.0min
Epoch:[1/1](81140/113215), loss: 1.7103, logits_loss: 1.7103, aux_loss: 0.0000, lr: 0.00000267, epoch_time: 18.0min
Epoch:[1/1](81160/113215), loss: 1.8523, logits_loss: 1.8523, aux_loss: 0.0000, lr: 0.00000267, epoch_time: 18.0min
Epoch:[1/1](81180/113215), loss: 1.5745, logits_loss: 1.5745, aux_loss: 0.0000, lr: 0.00000266, epoch_time: 18.0min
Epoch:[1/1](81200/113215), loss: 1.7458, logits_loss: 1.7458, aux_loss: 0.0000, lr: 0.00000266, epoch_time: 18.0min
Epoch:[1/1](81220/113215), loss: 1.6181, logits_loss: 1.6181, aux_loss: 0.0000, lr: 0.00000266, epoch_time: 18.0min
Epoch:[1/1](81240/113215), loss: 1.8542, logits_loss: 1.8542, aux_loss: 0.0000, lr: 0.00000266, epoch_time: 18.0min
Epoch:[1/1](81260/113215), loss: 1.6804, logits_loss: 1.6804, aux_loss: 0.0000, lr: 0.00000266, epoch_time: 18.0min
Epoch:[1/1](81280/113215), loss: 1.3874, logits_loss: 1.3874, aux_loss: 0.0000, lr: 0.00000265, epoch_time: 18.0min
Epoch:[1/1](81300/113215), loss: 2.0164, logits_loss: 2.0164, aux_loss: 0.0000, lr: 0.00000265, epoch_time: 18.0min
Epoch:[1/1](81320/113215), loss: 2.0282, logits_loss: 2.0282, aux_loss: 0.0000, lr: 0.00000265, epoch_time: 18.0min
Epoch:[1/1](81340/113215), loss: 1.6791, logits_loss: 1.6791, aux_loss: 0.0000, lr: 0.00000265, epoch_time: 18.0min
Epoch:[1/1](81360/113215), loss: 1.9673, logits_loss: 1.9673, aux_loss: 0.0000, lr: 0.00000265, epoch_time: 18.0min
Epoch:[1/1](81380/113215), loss: 1.7796, logits_loss: 1.7796, aux_loss: 0.0000, lr: 0.00000264, epoch_time: 18.0min
Epoch:[1/1](81400/113215), loss: 1.8351, logits_loss: 1.8351, aux_loss: 0.0000, lr: 0.00000264, epoch_time: 18.0min
Epoch:[1/1](81420/113215), loss: 1.6442, logits_loss: 1.6442, aux_loss: 0.0000, lr: 0.00000264, epoch_time: 18.0min
Epoch:[1/1](81440/113215), loss: 1.7682, logits_loss: 1.7682, aux_loss: 0.0000, lr: 0.00000264, epoch_time: 18.0min
Epoch:[1/1](81460/113215), loss: 1.7687, logits_loss: 1.7687, aux_loss: 0.0000, lr: 0.00000264, epoch_time: 18.0min
Epoch:[1/1](81480/113215), loss: 1.4687, logits_loss: 1.4687, aux_loss: 0.0000, lr: 0.00000263, epoch_time: 18.0min
Epoch:[1/1](81500/113215), loss: 1.4269, logits_loss: 1.4269, aux_loss: 0.0000, lr: 0.00000263, epoch_time: 18.0min
Epoch:[1/1](81520/113215), loss: 1.7561, logits_loss: 1.7561, aux_loss: 0.0000, lr: 0.00000263, epoch_time: 18.0min
Epoch:[1/1](81540/113215), loss: 1.8378, logits_loss: 1.8378, aux_loss: 0.0000, lr: 0.00000263, epoch_time: 18.0min
Epoch:[1/1](81560/113215), loss: 1.5820, logits_loss: 1.5820, aux_loss: 0.0000, lr: 0.00000263, epoch_time: 18.0min
Epoch:[1/1](81580/113215), loss: 1.6344, logits_loss: 1.6344, aux_loss: 0.0000, lr: 0.00000263, epoch_time: 18.0min
Epoch:[1/1](81600/113215), loss: 1.4505, logits_loss: 1.4505, aux_loss: 0.0000, lr: 0.00000262, epoch_time: 18.0min
Epoch:[1/1](81620/113215), loss: 1.8852, logits_loss: 1.8852, aux_loss: 0.0000, lr: 0.00000262, epoch_time: 18.0min
Epoch:[1/1](81640/113215), loss: 1.9526, logits_loss: 1.9526, aux_loss: 0.0000, lr: 0.00000262, epoch_time: 18.0min
Epoch:[1/1](81660/113215), loss: 1.5501, logits_loss: 1.5501, aux_loss: 0.0000, lr: 0.00000262, epoch_time: 18.0min
Epoch:[1/1](81680/113215), loss: 1.8283, logits_loss: 1.8283, aux_loss: 0.0000, lr: 0.00000262, epoch_time: 18.0min
Epoch:[1/1](81700/113215), loss: 1.8039, logits_loss: 1.8039, aux_loss: 0.0000, lr: 0.00000261, epoch_time: 18.0min
Epoch:[1/1](81720/113215), loss: 1.4659, logits_loss: 1.4659, aux_loss: 0.0000, lr: 0.00000261, epoch_time: 18.0min
Epoch:[1/1](81740/113215), loss: 1.7270, logits_loss: 1.7270, aux_loss: 0.0000, lr: 0.00000261, epoch_time: 18.0min
Epoch:[1/1](81760/113215), loss: 1.4780, logits_loss: 1.4780, aux_loss: 0.0000, lr: 0.00000261, epoch_time: 18.0min
Epoch:[1/1](81780/113215), loss: 1.9995, logits_loss: 1.9995, aux_loss: 0.0000, lr: 0.00000261, epoch_time: 18.0min
Epoch:[1/1](81800/113215), loss: 1.9757, logits_loss: 1.9757, aux_loss: 0.0000, lr: 0.00000260, epoch_time: 18.0min
Epoch:[1/1](81820/113215), loss: 1.6728, logits_loss: 1.6728, aux_loss: 0.0000, lr: 0.00000260, epoch_time: 18.0min
Epoch:[1/1](81840/113215), loss: 1.4884, logits_loss: 1.4884, aux_loss: 0.0000, lr: 0.00000260, epoch_time: 18.0min
Epoch:[1/1](81860/113215), loss: 1.7386, logits_loss: 1.7386, aux_loss: 0.0000, lr: 0.00000260, epoch_time: 18.0min
Epoch:[1/1](81880/113215), loss: 1.9951, logits_loss: 1.9951, aux_loss: 0.0000, lr: 0.00000260, epoch_time: 18.0min
Epoch:[1/1](81900/113215), loss: 1.6365, logits_loss: 1.6365, aux_loss: 0.0000, lr: 0.00000259, epoch_time: 18.0min
Epoch:[1/1](81920/113215), loss: 1.6462, logits_loss: 1.6462, aux_loss: 0.0000, lr: 0.00000259, epoch_time: 18.0min
Epoch:[1/1](81940/113215), loss: 1.8996, logits_loss: 1.8996, aux_loss: 0.0000, lr: 0.00000259, epoch_time: 18.0min
Epoch:[1/1](81960/113215), loss: 1.6609, logits_loss: 1.6609, aux_loss: 0.0000, lr: 0.00000259, epoch_time: 18.0min
Epoch:[1/1](81980/113215), loss: 1.6322, logits_loss: 1.6322, aux_loss: 0.0000, lr: 0.00000259, epoch_time: 18.0min
Epoch:[1/1](82000/113215), loss: 1.4281, logits_loss: 1.4281, aux_loss: 0.0000, lr: 0.00000259, epoch_time: 18.0min
Epoch:[1/1](82020/113215), loss: 1.5540, logits_loss: 1.5540, aux_loss: 0.0000, lr: 0.00000258, epoch_time: 18.0min
Epoch:[1/1](82040/113215), loss: 1.7049, logits_loss: 1.7049, aux_loss: 0.0000, lr: 0.00000258, epoch_time: 18.0min
Epoch:[1/1](82060/113215), loss: 1.7656, logits_loss: 1.7656, aux_loss: 0.0000, lr: 0.00000258, epoch_time: 18.0min
Epoch:[1/1](82080/113215), loss: 1.6400, logits_loss: 1.6400, aux_loss: 0.0000, lr: 0.00000258, epoch_time: 18.0min
Epoch:[1/1](82100/113215), loss: 1.5538, logits_loss: 1.5538, aux_loss: 0.0000, lr: 0.00000258, epoch_time: 18.0min
Epoch:[1/1](82120/113215), loss: 1.6973, logits_loss: 1.6973, aux_loss: 0.0000, lr: 0.00000257, epoch_time: 18.0min
Epoch:[1/1](82140/113215), loss: 1.7358, logits_loss: 1.7358, aux_loss: 0.0000, lr: 0.00000257, epoch_time: 18.0min
Epoch:[1/1](82160/113215), loss: 1.6998, logits_loss: 1.6998, aux_loss: 0.0000, lr: 0.00000257, epoch_time: 18.0min
Epoch:[1/1](82180/113215), loss: 2.2018, logits_loss: 2.2018, aux_loss: 0.0000, lr: 0.00000257, epoch_time: 18.0min
Epoch:[1/1](82200/113215), loss: 1.4674, logits_loss: 1.4674, aux_loss: 0.0000, lr: 0.00000257, epoch_time: 18.0min
Epoch:[1/1](82220/113215), loss: 1.8986, logits_loss: 1.8986, aux_loss: 0.0000, lr: 0.00000256, epoch_time: 18.0min
Epoch:[1/1](82240/113215), loss: 1.5482, logits_loss: 1.5482, aux_loss: 0.0000, lr: 0.00000256, epoch_time: 18.0min
Epoch:[1/1](82260/113215), loss: 2.1733, logits_loss: 2.1733, aux_loss: 0.0000, lr: 0.00000256, epoch_time: 18.0min
Epoch:[1/1](82280/113215), loss: 1.3200, logits_loss: 1.3200, aux_loss: 0.0000, lr: 0.00000256, epoch_time: 18.0min
Epoch:[1/1](82300/113215), loss: 1.5927, logits_loss: 1.5927, aux_loss: 0.0000, lr: 0.00000256, epoch_time: 18.0min
Epoch:[1/1](82320/113215), loss: 1.6036, logits_loss: 1.6036, aux_loss: 0.0000, lr: 0.00000255, epoch_time: 18.0min
Epoch:[1/1](82340/113215), loss: 1.7648, logits_loss: 1.7648, aux_loss: 0.0000, lr: 0.00000255, epoch_time: 18.0min
Epoch:[1/1](82360/113215), loss: 1.8843, logits_loss: 1.8843, aux_loss: 0.0000, lr: 0.00000255, epoch_time: 18.0min
Epoch:[1/1](82380/113215), loss: 1.8589, logits_loss: 1.8589, aux_loss: 0.0000, lr: 0.00000255, epoch_time: 18.0min
Epoch:[1/1](82400/113215), loss: 1.7471, logits_loss: 1.7471, aux_loss: 0.0000, lr: 0.00000255, epoch_time: 18.0min
Epoch:[1/1](82420/113215), loss: 1.6630, logits_loss: 1.6630, aux_loss: 0.0000, lr: 0.00000255, epoch_time: 18.0min
Epoch:[1/1](82440/113215), loss: 2.0281, logits_loss: 2.0281, aux_loss: 0.0000, lr: 0.00000254, epoch_time: 18.0min
Epoch:[1/1](82460/113215), loss: 1.9140, logits_loss: 1.9140, aux_loss: 0.0000, lr: 0.00000254, epoch_time: 17.0min
Epoch:[1/1](82480/113215), loss: 1.6703, logits_loss: 1.6703, aux_loss: 0.0000, lr: 0.00000254, epoch_time: 17.0min
Epoch:[1/1](82500/113215), loss: 1.8599, logits_loss: 1.8599, aux_loss: 0.0000, lr: 0.00000254, epoch_time: 17.0min
Epoch:[1/1](82520/113215), loss: 1.6647, logits_loss: 1.6647, aux_loss: 0.0000, lr: 0.00000254, epoch_time: 17.0min
Epoch:[1/1](82540/113215), loss: 2.0021, logits_loss: 2.0021, aux_loss: 0.0000, lr: 0.00000253, epoch_time: 17.0min
Epoch:[1/1](82560/113215), loss: 1.4058, logits_loss: 1.4058, aux_loss: 0.0000, lr: 0.00000253, epoch_time: 17.0min
Epoch:[1/1](82580/113215), loss: 1.8370, logits_loss: 1.8370, aux_loss: 0.0000, lr: 0.00000253, epoch_time: 17.0min
Epoch:[1/1](82600/113215), loss: 1.8945, logits_loss: 1.8945, aux_loss: 0.0000, lr: 0.00000253, epoch_time: 17.0min
Epoch:[1/1](82620/113215), loss: 1.9707, logits_loss: 1.9707, aux_loss: 0.0000, lr: 0.00000253, epoch_time: 17.0min
Epoch:[1/1](82640/113215), loss: 1.9161, logits_loss: 1.9161, aux_loss: 0.0000, lr: 0.00000252, epoch_time: 17.0min
Epoch:[1/1](82660/113215), loss: 1.5151, logits_loss: 1.5151, aux_loss: 0.0000, lr: 0.00000252, epoch_time: 17.0min
Epoch:[1/1](82680/113215), loss: 1.5241, logits_loss: 1.5241, aux_loss: 0.0000, lr: 0.00000252, epoch_time: 17.0min
Epoch:[1/1](82700/113215), loss: 1.7323, logits_loss: 1.7323, aux_loss: 0.0000, lr: 0.00000252, epoch_time: 17.0min
Epoch:[1/1](82720/113215), loss: 1.6223, logits_loss: 1.6223, aux_loss: 0.0000, lr: 0.00000252, epoch_time: 17.0min
Epoch:[1/1](82740/113215), loss: 1.7430, logits_loss: 1.7430, aux_loss: 0.0000, lr: 0.00000252, epoch_time: 17.0min
Epoch:[1/1](82760/113215), loss: 1.6616, logits_loss: 1.6616, aux_loss: 0.0000, lr: 0.00000251, epoch_time: 17.0min
Epoch:[1/1](82780/113215), loss: 1.9254, logits_loss: 1.9254, aux_loss: 0.0000, lr: 0.00000251, epoch_time: 17.0min
Epoch:[1/1](82800/113215), loss: 1.7407, logits_loss: 1.7407, aux_loss: 0.0000, lr: 0.00000251, epoch_time: 17.0min
Epoch:[1/1](82820/113215), loss: 1.9360, logits_loss: 1.9360, aux_loss: 0.0000, lr: 0.00000251, epoch_time: 17.0min
Epoch:[1/1](82840/113215), loss: 1.5927, logits_loss: 1.5927, aux_loss: 0.0000, lr: 0.00000251, epoch_time: 17.0min
Epoch:[1/1](82860/113215), loss: 1.5361, logits_loss: 1.5361, aux_loss: 0.0000, lr: 0.00000250, epoch_time: 17.0min
Epoch:[1/1](82880/113215), loss: 1.9473, logits_loss: 1.9473, aux_loss: 0.0000, lr: 0.00000250, epoch_time: 17.0min
Epoch:[1/1](82900/113215), loss: 2.0169, logits_loss: 2.0169, aux_loss: 0.0000, lr: 0.00000250, epoch_time: 17.0min
Epoch:[1/1](82920/113215), loss: 1.7867, logits_loss: 1.7867, aux_loss: 0.0000, lr: 0.00000250, epoch_time: 17.0min
Epoch:[1/1](82940/113215), loss: 1.7286, logits_loss: 1.7286, aux_loss: 0.0000, lr: 0.00000250, epoch_time: 17.0min
Epoch:[1/1](82960/113215), loss: 1.8319, logits_loss: 1.8319, aux_loss: 0.0000, lr: 0.00000249, epoch_time: 17.0min
Epoch:[1/1](82980/113215), loss: 1.8666, logits_loss: 1.8666, aux_loss: 0.0000, lr: 0.00000249, epoch_time: 17.0min
Epoch:[1/1](83000/113215), loss: 1.8377, logits_loss: 1.8377, aux_loss: 0.0000, lr: 0.00000249, epoch_time: 17.0min
Epoch:[1/1](83020/113215), loss: 1.7975, logits_loss: 1.7975, aux_loss: 0.0000, lr: 0.00000249, epoch_time: 17.0min
Epoch:[1/1](83040/113215), loss: 1.6484, logits_loss: 1.6484, aux_loss: 0.0000, lr: 0.00000249, epoch_time: 17.0min
Epoch:[1/1](83060/113215), loss: 1.7533, logits_loss: 1.7533, aux_loss: 0.0000, lr: 0.00000249, epoch_time: 17.0min
Epoch:[1/1](83080/113215), loss: 1.5873, logits_loss: 1.5873, aux_loss: 0.0000, lr: 0.00000248, epoch_time: 17.0min
Epoch:[1/1](83100/113215), loss: 1.7853, logits_loss: 1.7853, aux_loss: 0.0000, lr: 0.00000248, epoch_time: 17.0min
Epoch:[1/1](83120/113215), loss: 1.7493, logits_loss: 1.7493, aux_loss: 0.0000, lr: 0.00000248, epoch_time: 17.0min
Epoch:[1/1](83140/113215), loss: 1.7469, logits_loss: 1.7469, aux_loss: 0.0000, lr: 0.00000248, epoch_time: 17.0min
Epoch:[1/1](83160/113215), loss: 1.8529, logits_loss: 1.8529, aux_loss: 0.0000, lr: 0.00000248, epoch_time: 17.0min
Epoch:[1/1](83180/113215), loss: 1.4709, logits_loss: 1.4709, aux_loss: 0.0000, lr: 0.00000247, epoch_time: 17.0min
Epoch:[1/1](83200/113215), loss: 1.8280, logits_loss: 1.8280, aux_loss: 0.0000, lr: 0.00000247, epoch_time: 17.0min
Epoch:[1/1](83220/113215), loss: 1.5323, logits_loss: 1.5323, aux_loss: 0.0000, lr: 0.00000247, epoch_time: 17.0min
Epoch:[1/1](83240/113215), loss: 2.0070, logits_loss: 2.0070, aux_loss: 0.0000, lr: 0.00000247, epoch_time: 17.0min
Epoch:[1/1](83260/113215), loss: 1.8574, logits_loss: 1.8574, aux_loss: 0.0000, lr: 0.00000247, epoch_time: 17.0min
Epoch:[1/1](83280/113215), loss: 1.5121, logits_loss: 1.5121, aux_loss: 0.0000, lr: 0.00000247, epoch_time: 17.0min
Epoch:[1/1](83300/113215), loss: 1.6649, logits_loss: 1.6649, aux_loss: 0.0000, lr: 0.00000246, epoch_time: 17.0min
Epoch:[1/1](83320/113215), loss: 1.6589, logits_loss: 1.6589, aux_loss: 0.0000, lr: 0.00000246, epoch_time: 17.0min
Epoch:[1/1](83340/113215), loss: 1.9048, logits_loss: 1.9048, aux_loss: 0.0000, lr: 0.00000246, epoch_time: 17.0min
Epoch:[1/1](83360/113215), loss: 1.6922, logits_loss: 1.6922, aux_loss: 0.0000, lr: 0.00000246, epoch_time: 17.0min
Epoch:[1/1](83380/113215), loss: 1.6087, logits_loss: 1.6087, aux_loss: 0.0000, lr: 0.00000246, epoch_time: 17.0min
Epoch:[1/1](83400/113215), loss: 1.7195, logits_loss: 1.7195, aux_loss: 0.0000, lr: 0.00000245, epoch_time: 17.0min
Epoch:[1/1](83420/113215), loss: 1.6993, logits_loss: 1.6993, aux_loss: 0.0000, lr: 0.00000245, epoch_time: 17.0min
Epoch:[1/1](83440/113215), loss: 1.8905, logits_loss: 1.8905, aux_loss: 0.0000, lr: 0.00000245, epoch_time: 17.0min
Epoch:[1/1](83460/113215), loss: 1.7778, logits_loss: 1.7778, aux_loss: 0.0000, lr: 0.00000245, epoch_time: 17.0min
Epoch:[1/1](83480/113215), loss: 1.5301, logits_loss: 1.5301, aux_loss: 0.0000, lr: 0.00000245, epoch_time: 17.0min
Epoch:[1/1](83500/113215), loss: 1.7172, logits_loss: 1.7172, aux_loss: 0.0000, lr: 0.00000245, epoch_time: 17.0min
Epoch:[1/1](83520/113215), loss: 1.8696, logits_loss: 1.8696, aux_loss: 0.0000, lr: 0.00000244, epoch_time: 17.0min
Epoch:[1/1](83540/113215), loss: 1.8280, logits_loss: 1.8280, aux_loss: 0.0000, lr: 0.00000244, epoch_time: 17.0min
Epoch:[1/1](83560/113215), loss: 1.4740, logits_loss: 1.4740, aux_loss: 0.0000, lr: 0.00000244, epoch_time: 17.0min
Epoch:[1/1](83580/113215), loss: 1.9288, logits_loss: 1.9288, aux_loss: 0.0000, lr: 0.00000244, epoch_time: 17.0min
Epoch:[1/1](83600/113215), loss: 1.6544, logits_loss: 1.6544, aux_loss: 0.0000, lr: 0.00000244, epoch_time: 17.0min
Epoch:[1/1](83620/113215), loss: 1.6477, logits_loss: 1.6477, aux_loss: 0.0000, lr: 0.00000243, epoch_time: 17.0min
Epoch:[1/1](83640/113215), loss: 1.5698, logits_loss: 1.5698, aux_loss: 0.0000, lr: 0.00000243, epoch_time: 17.0min
Epoch:[1/1](83660/113215), loss: 1.9437, logits_loss: 1.9437, aux_loss: 0.0000, lr: 0.00000243, epoch_time: 17.0min
Epoch:[1/1](83680/113215), loss: 1.2209, logits_loss: 1.2209, aux_loss: 0.0000, lr: 0.00000243, epoch_time: 17.0min
Epoch:[1/1](83700/113215), loss: 1.6699, logits_loss: 1.6699, aux_loss: 0.0000, lr: 0.00000243, epoch_time: 17.0min
Epoch:[1/1](83720/113215), loss: 1.6191, logits_loss: 1.6191, aux_loss: 0.0000, lr: 0.00000242, epoch_time: 17.0min
Epoch:[1/1](83740/113215), loss: 1.9330, logits_loss: 1.9330, aux_loss: 0.0000, lr: 0.00000242, epoch_time: 17.0min
Epoch:[1/1](83760/113215), loss: 1.7345, logits_loss: 1.7345, aux_loss: 0.0000, lr: 0.00000242, epoch_time: 17.0min
Epoch:[1/1](83780/113215), loss: 1.9165, logits_loss: 1.9165, aux_loss: 0.0000, lr: 0.00000242, epoch_time: 17.0min
Epoch:[1/1](83800/113215), loss: 1.6840, logits_loss: 1.6840, aux_loss: 0.0000, lr: 0.00000242, epoch_time: 17.0min
Epoch:[1/1](83820/113215), loss: 1.7529, logits_loss: 1.7529, aux_loss: 0.0000, lr: 0.00000242, epoch_time: 17.0min
Epoch:[1/1](83840/113215), loss: 1.4083, logits_loss: 1.4083, aux_loss: 0.0000, lr: 0.00000241, epoch_time: 17.0min
Epoch:[1/1](83860/113215), loss: 1.7348, logits_loss: 1.7348, aux_loss: 0.0000, lr: 0.00000241, epoch_time: 17.0min
Epoch:[1/1](83880/113215), loss: 1.2895, logits_loss: 1.2895, aux_loss: 0.0000, lr: 0.00000241, epoch_time: 17.0min
Epoch:[1/1](83900/113215), loss: 1.7921, logits_loss: 1.7921, aux_loss: 0.0000, lr: 0.00000241, epoch_time: 17.0min
Epoch:[1/1](83920/113215), loss: 1.3384, logits_loss: 1.3384, aux_loss: 0.0000, lr: 0.00000241, epoch_time: 17.0min
Epoch:[1/1](83940/113215), loss: 1.5883, logits_loss: 1.5883, aux_loss: 0.0000, lr: 0.00000240, epoch_time: 17.0min
Epoch:[1/1](83960/113215), loss: 1.5680, logits_loss: 1.5680, aux_loss: 0.0000, lr: 0.00000240, epoch_time: 17.0min
Epoch:[1/1](83980/113215), loss: 1.4114, logits_loss: 1.4114, aux_loss: 0.0000, lr: 0.00000240, epoch_time: 17.0min
Epoch:[1/1](84000/113215), loss: 1.8254, logits_loss: 1.8254, aux_loss: 0.0000, lr: 0.00000240, epoch_time: 17.0min
Epoch:[1/1](84020/113215), loss: 1.6438, logits_loss: 1.6438, aux_loss: 0.0000, lr: 0.00000240, epoch_time: 17.0min
Epoch:[1/1](84040/113215), loss: 1.7370, logits_loss: 1.7370, aux_loss: 0.0000, lr: 0.00000240, epoch_time: 17.0min
Epoch:[1/1](84060/113215), loss: 1.8564, logits_loss: 1.8564, aux_loss: 0.0000, lr: 0.00000239, epoch_time: 17.0min
Epoch:[1/1](84080/113215), loss: 1.5952, logits_loss: 1.5952, aux_loss: 0.0000, lr: 0.00000239, epoch_time: 17.0min
Epoch:[1/1](84100/113215), loss: 1.5894, logits_loss: 1.5894, aux_loss: 0.0000, lr: 0.00000239, epoch_time: 17.0min
Epoch:[1/1](84120/113215), loss: 1.6238, logits_loss: 1.6238, aux_loss: 0.0000, lr: 0.00000239, epoch_time: 17.0min
Epoch:[1/1](84140/113215), loss: 1.7774, logits_loss: 1.7774, aux_loss: 0.0000, lr: 0.00000239, epoch_time: 17.0min
Epoch:[1/1](84160/113215), loss: 1.5655, logits_loss: 1.5655, aux_loss: 0.0000, lr: 0.00000239, epoch_time: 16.0min
Epoch:[1/1](84180/113215), loss: 1.6216, logits_loss: 1.6216, aux_loss: 0.0000, lr: 0.00000238, epoch_time: 16.0min
Epoch:[1/1](84200/113215), loss: 1.2400, logits_loss: 1.2400, aux_loss: 0.0000, lr: 0.00000238, epoch_time: 16.0min
Epoch:[1/1](84220/113215), loss: 1.6935, logits_loss: 1.6935, aux_loss: 0.0000, lr: 0.00000238, epoch_time: 16.0min
Epoch:[1/1](84240/113215), loss: 1.6590, logits_loss: 1.6590, aux_loss: 0.0000, lr: 0.00000238, epoch_time: 16.0min
Epoch:[1/1](84260/113215), loss: 1.6788, logits_loss: 1.6788, aux_loss: 0.0000, lr: 0.00000238, epoch_time: 16.0min
Epoch:[1/1](84280/113215), loss: 1.4515, logits_loss: 1.4515, aux_loss: 0.0000, lr: 0.00000237, epoch_time: 16.0min
Epoch:[1/1](84300/113215), loss: 1.5898, logits_loss: 1.5898, aux_loss: 0.0000, lr: 0.00000237, epoch_time: 16.0min
Epoch:[1/1](84320/113215), loss: 1.6904, logits_loss: 1.6904, aux_loss: 0.0000, lr: 0.00000237, epoch_time: 16.0min
Epoch:[1/1](84340/113215), loss: 1.7316, logits_loss: 1.7316, aux_loss: 0.0000, lr: 0.00000237, epoch_time: 16.0min
Epoch:[1/1](84360/113215), loss: 1.5652, logits_loss: 1.5652, aux_loss: 0.0000, lr: 0.00000237, epoch_time: 16.0min
Epoch:[1/1](84380/113215), loss: 1.7195, logits_loss: 1.7195, aux_loss: 0.0000, lr: 0.00000237, epoch_time: 16.0min
Epoch:[1/1](84400/113215), loss: 1.7842, logits_loss: 1.7842, aux_loss: 0.0000, lr: 0.00000236, epoch_time: 16.0min
Epoch:[1/1](84420/113215), loss: 1.4510, logits_loss: 1.4510, aux_loss: 0.0000, lr: 0.00000236, epoch_time: 16.0min
Epoch:[1/1](84440/113215), loss: 2.0680, logits_loss: 2.0680, aux_loss: 0.0000, lr: 0.00000236, epoch_time: 16.0min
Epoch:[1/1](84460/113215), loss: 1.7540, logits_loss: 1.7540, aux_loss: 0.0000, lr: 0.00000236, epoch_time: 16.0min
Epoch:[1/1](84480/113215), loss: 1.6642, logits_loss: 1.6642, aux_loss: 0.0000, lr: 0.00000236, epoch_time: 16.0min
Epoch:[1/1](84500/113215), loss: 1.7011, logits_loss: 1.7011, aux_loss: 0.0000, lr: 0.00000235, epoch_time: 16.0min
Epoch:[1/1](84520/113215), loss: 1.5666, logits_loss: 1.5666, aux_loss: 0.0000, lr: 0.00000235, epoch_time: 16.0min
Epoch:[1/1](84540/113215), loss: 1.8861, logits_loss: 1.8861, aux_loss: 0.0000, lr: 0.00000235, epoch_time: 16.0min
Epoch:[1/1](84560/113215), loss: 1.8071, logits_loss: 1.8071, aux_loss: 0.0000, lr: 0.00000235, epoch_time: 16.0min
Epoch:[1/1](84580/113215), loss: 1.6216, logits_loss: 1.6216, aux_loss: 0.0000, lr: 0.00000235, epoch_time: 16.0min
Epoch:[1/1](84600/113215), loss: 1.8505, logits_loss: 1.8505, aux_loss: 0.0000, lr: 0.00000235, epoch_time: 16.0min
Epoch:[1/1](84620/113215), loss: 1.4388, logits_loss: 1.4388, aux_loss: 0.0000, lr: 0.00000234, epoch_time: 16.0min
Epoch:[1/1](84640/113215), loss: 1.7098, logits_loss: 1.7098, aux_loss: 0.0000, lr: 0.00000234, epoch_time: 16.0min
Epoch:[1/1](84660/113215), loss: 1.8593, logits_loss: 1.8593, aux_loss: 0.0000, lr: 0.00000234, epoch_time: 16.0min
Epoch:[1/1](84680/113215), loss: 1.6264, logits_loss: 1.6264, aux_loss: 0.0000, lr: 0.00000234, epoch_time: 16.0min
Epoch:[1/1](84700/113215), loss: 1.8546, logits_loss: 1.8546, aux_loss: 0.0000, lr: 0.00000234, epoch_time: 16.0min
Epoch:[1/1](84720/113215), loss: 1.6762, logits_loss: 1.6762, aux_loss: 0.0000, lr: 0.00000233, epoch_time: 16.0min
Epoch:[1/1](84740/113215), loss: 1.7543, logits_loss: 1.7543, aux_loss: 0.0000, lr: 0.00000233, epoch_time: 16.0min
Epoch:[1/1](84760/113215), loss: 1.8914, logits_loss: 1.8914, aux_loss: 0.0000, lr: 0.00000233, epoch_time: 16.0min
Epoch:[1/1](84780/113215), loss: 1.7460, logits_loss: 1.7460, aux_loss: 0.0000, lr: 0.00000233, epoch_time: 16.0min
Epoch:[1/1](84800/113215), loss: 1.7910, logits_loss: 1.7910, aux_loss: 0.0000, lr: 0.00000233, epoch_time: 16.0min
Epoch:[1/1](84820/113215), loss: 1.6854, logits_loss: 1.6854, aux_loss: 0.0000, lr: 0.00000233, epoch_time: 16.0min
Epoch:[1/1](84840/113215), loss: 1.6380, logits_loss: 1.6380, aux_loss: 0.0000, lr: 0.00000232, epoch_time: 16.0min
Epoch:[1/1](84860/113215), loss: 1.7024, logits_loss: 1.7024, aux_loss: 0.0000, lr: 0.00000232, epoch_time: 16.0min
Epoch:[1/1](84880/113215), loss: 1.8392, logits_loss: 1.8392, aux_loss: 0.0000, lr: 0.00000232, epoch_time: 16.0min
Epoch:[1/1](84900/113215), loss: 1.6027, logits_loss: 1.6027, aux_loss: 0.0000, lr: 0.00000232, epoch_time: 16.0min
Epoch:[1/1](84920/113215), loss: 1.9139, logits_loss: 1.9139, aux_loss: 0.0000, lr: 0.00000232, epoch_time: 16.0min
Epoch:[1/1](84940/113215), loss: 1.6723, logits_loss: 1.6723, aux_loss: 0.0000, lr: 0.00000232, epoch_time: 16.0min
Epoch:[1/1](84960/113215), loss: 1.7600, logits_loss: 1.7600, aux_loss: 0.0000, lr: 0.00000231, epoch_time: 16.0min
Epoch:[1/1](84980/113215), loss: 1.6897, logits_loss: 1.6897, aux_loss: 0.0000, lr: 0.00000231, epoch_time: 16.0min
Epoch:[1/1](85000/113215), loss: 1.8350, logits_loss: 1.8350, aux_loss: 0.0000, lr: 0.00000231, epoch_time: 16.0min
Epoch:[1/1](85020/113215), loss: 1.6433, logits_loss: 1.6433, aux_loss: 0.0000, lr: 0.00000231, epoch_time: 16.0min
Epoch:[1/1](85040/113215), loss: 1.6374, logits_loss: 1.6374, aux_loss: 0.0000, lr: 0.00000231, epoch_time: 16.0min
Epoch:[1/1](85060/113215), loss: 1.6616, logits_loss: 1.6616, aux_loss: 0.0000, lr: 0.00000230, epoch_time: 16.0min
Epoch:[1/1](85080/113215), loss: 1.9382, logits_loss: 1.9382, aux_loss: 0.0000, lr: 0.00000230, epoch_time: 16.0min
Epoch:[1/1](85100/113215), loss: 1.5897, logits_loss: 1.5897, aux_loss: 0.0000, lr: 0.00000230, epoch_time: 16.0min
Epoch:[1/1](85120/113215), loss: 1.4861, logits_loss: 1.4861, aux_loss: 0.0000, lr: 0.00000230, epoch_time: 16.0min
Epoch:[1/1](85140/113215), loss: 2.0186, logits_loss: 2.0186, aux_loss: 0.0000, lr: 0.00000230, epoch_time: 16.0min
Epoch:[1/1](85160/113215), loss: 1.7043, logits_loss: 1.7043, aux_loss: 0.0000, lr: 0.00000230, epoch_time: 16.0min
Epoch:[1/1](85180/113215), loss: 1.4909, logits_loss: 1.4909, aux_loss: 0.0000, lr: 0.00000229, epoch_time: 16.0min
Epoch:[1/1](85200/113215), loss: 1.8350, logits_loss: 1.8350, aux_loss: 0.0000, lr: 0.00000229, epoch_time: 16.0min
Epoch:[1/1](85220/113215), loss: 1.6980, logits_loss: 1.6980, aux_loss: 0.0000, lr: 0.00000229, epoch_time: 16.0min
Epoch:[1/1](85240/113215), loss: 1.9901, logits_loss: 1.9901, aux_loss: 0.0000, lr: 0.00000229, epoch_time: 16.0min
Epoch:[1/1](85260/113215), loss: 1.8473, logits_loss: 1.8473, aux_loss: 0.0000, lr: 0.00000229, epoch_time: 16.0min
Epoch:[1/1](85280/113215), loss: 1.9558, logits_loss: 1.9558, aux_loss: 0.0000, lr: 0.00000229, epoch_time: 16.0min
Epoch:[1/1](85300/113215), loss: 1.5146, logits_loss: 1.5146, aux_loss: 0.0000, lr: 0.00000228, epoch_time: 16.0min
Epoch:[1/1](85320/113215), loss: 1.7424, logits_loss: 1.7424, aux_loss: 0.0000, lr: 0.00000228, epoch_time: 16.0min
Epoch:[1/1](85340/113215), loss: 1.6825, logits_loss: 1.6825, aux_loss: 0.0000, lr: 0.00000228, epoch_time: 16.0min
Epoch:[1/1](85360/113215), loss: 1.8455, logits_loss: 1.8455, aux_loss: 0.0000, lr: 0.00000228, epoch_time: 16.0min
Epoch:[1/1](85380/113215), loss: 2.1394, logits_loss: 2.1394, aux_loss: 0.0000, lr: 0.00000228, epoch_time: 16.0min
Epoch:[1/1](85400/113215), loss: 1.9922, logits_loss: 1.9922, aux_loss: 0.0000, lr: 0.00000228, epoch_time: 16.0min
Epoch:[1/1](85420/113215), loss: 1.7383, logits_loss: 1.7383, aux_loss: 0.0000, lr: 0.00000227, epoch_time: 16.0min
Epoch:[1/1](85440/113215), loss: 1.6753, logits_loss: 1.6753, aux_loss: 0.0000, lr: 0.00000227, epoch_time: 16.0min
Epoch:[1/1](85460/113215), loss: 1.4386, logits_loss: 1.4386, aux_loss: 0.0000, lr: 0.00000227, epoch_time: 16.0min
Epoch:[1/1](85480/113215), loss: 1.6054, logits_loss: 1.6054, aux_loss: 0.0000, lr: 0.00000227, epoch_time: 16.0min
Epoch:[1/1](85500/113215), loss: 1.9584, logits_loss: 1.9584, aux_loss: 0.0000, lr: 0.00000227, epoch_time: 16.0min
Epoch:[1/1](85520/113215), loss: 1.6797, logits_loss: 1.6797, aux_loss: 0.0000, lr: 0.00000226, epoch_time: 16.0min
Epoch:[1/1](85540/113215), loss: 1.6308, logits_loss: 1.6308, aux_loss: 0.0000, lr: 0.00000226, epoch_time: 16.0min
Epoch:[1/1](85560/113215), loss: 1.8618, logits_loss: 1.8618, aux_loss: 0.0000, lr: 0.00000226, epoch_time: 16.0min
Epoch:[1/1](85580/113215), loss: 2.0973, logits_loss: 2.0973, aux_loss: 0.0000, lr: 0.00000226, epoch_time: 16.0min
Epoch:[1/1](85600/113215), loss: 1.6614, logits_loss: 1.6614, aux_loss: 0.0000, lr: 0.00000226, epoch_time: 16.0min
Epoch:[1/1](85620/113215), loss: 2.0077, logits_loss: 2.0077, aux_loss: 0.0000, lr: 0.00000226, epoch_time: 16.0min
Epoch:[1/1](85640/113215), loss: 1.5133, logits_loss: 1.5133, aux_loss: 0.0000, lr: 0.00000225, epoch_time: 16.0min
Epoch:[1/1](85660/113215), loss: 1.6233, logits_loss: 1.6233, aux_loss: 0.0000, lr: 0.00000225, epoch_time: 16.0min
Epoch:[1/1](85680/113215), loss: 1.6422, logits_loss: 1.6422, aux_loss: 0.0000, lr: 0.00000225, epoch_time: 16.0min
Epoch:[1/1](85700/113215), loss: 1.5907, logits_loss: 1.5907, aux_loss: 0.0000, lr: 0.00000225, epoch_time: 16.0min
Epoch:[1/1](85720/113215), loss: 1.7635, logits_loss: 1.7635, aux_loss: 0.0000, lr: 0.00000225, epoch_time: 16.0min
Epoch:[1/1](85740/113215), loss: 1.9690, logits_loss: 1.9690, aux_loss: 0.0000, lr: 0.00000225, epoch_time: 16.0min
Epoch:[1/1](85760/113215), loss: 1.7815, logits_loss: 1.7815, aux_loss: 0.0000, lr: 0.00000224, epoch_time: 16.0min
Epoch:[1/1](85780/113215), loss: 1.6201, logits_loss: 1.6201, aux_loss: 0.0000, lr: 0.00000224, epoch_time: 16.0min
Epoch:[1/1](85800/113215), loss: 1.7195, logits_loss: 1.7195, aux_loss: 0.0000, lr: 0.00000224, epoch_time: 16.0min
Epoch:[1/1](85820/113215), loss: 1.7882, logits_loss: 1.7882, aux_loss: 0.0000, lr: 0.00000224, epoch_time: 16.0min
Epoch:[1/1](85840/113215), loss: 1.7266, logits_loss: 1.7266, aux_loss: 0.0000, lr: 0.00000224, epoch_time: 15.0min
Epoch:[1/1](85860/113215), loss: 1.8705, logits_loss: 1.8705, aux_loss: 0.0000, lr: 0.00000224, epoch_time: 15.0min
Epoch:[1/1](85880/113215), loss: 1.4768, logits_loss: 1.4768, aux_loss: 0.0000, lr: 0.00000223, epoch_time: 15.0min
Epoch:[1/1](85900/113215), loss: 1.5840, logits_loss: 1.5840, aux_loss: 0.0000, lr: 0.00000223, epoch_time: 15.0min
Epoch:[1/1](85920/113215), loss: 1.9398, logits_loss: 1.9398, aux_loss: 0.0000, lr: 0.00000223, epoch_time: 15.0min
Epoch:[1/1](85940/113215), loss: 1.5371, logits_loss: 1.5371, aux_loss: 0.0000, lr: 0.00000223, epoch_time: 15.0min
Epoch:[1/1](85960/113215), loss: 1.6082, logits_loss: 1.6082, aux_loss: 0.0000, lr: 0.00000223, epoch_time: 15.0min
Epoch:[1/1](85980/113215), loss: 1.7548, logits_loss: 1.7548, aux_loss: 0.0000, lr: 0.00000223, epoch_time: 15.0min
Epoch:[1/1](86000/113215), loss: 1.9337, logits_loss: 1.9337, aux_loss: 0.0000, lr: 0.00000222, epoch_time: 15.0min
Epoch:[1/1](86020/113215), loss: 1.5398, logits_loss: 1.5398, aux_loss: 0.0000, lr: 0.00000222, epoch_time: 15.0min
Epoch:[1/1](86040/113215), loss: 1.8580, logits_loss: 1.8580, aux_loss: 0.0000, lr: 0.00000222, epoch_time: 15.0min
Epoch:[1/1](86060/113215), loss: 1.6614, logits_loss: 1.6614, aux_loss: 0.0000, lr: 0.00000222, epoch_time: 15.0min
Epoch:[1/1](86080/113215), loss: 1.9166, logits_loss: 1.9166, aux_loss: 0.0000, lr: 0.00000222, epoch_time: 15.0min
Epoch:[1/1](86100/113215), loss: 2.0080, logits_loss: 2.0080, aux_loss: 0.0000, lr: 0.00000221, epoch_time: 15.0min
Epoch:[1/1](86120/113215), loss: 1.7010, logits_loss: 1.7010, aux_loss: 0.0000, lr: 0.00000221, epoch_time: 15.0min
Epoch:[1/1](86140/113215), loss: 1.6193, logits_loss: 1.6193, aux_loss: 0.0000, lr: 0.00000221, epoch_time: 15.0min
Epoch:[1/1](86160/113215), loss: 1.8096, logits_loss: 1.8096, aux_loss: 0.0000, lr: 0.00000221, epoch_time: 15.0min
Epoch:[1/1](86180/113215), loss: 1.7422, logits_loss: 1.7422, aux_loss: 0.0000, lr: 0.00000221, epoch_time: 15.0min
Epoch:[1/1](86200/113215), loss: 1.5027, logits_loss: 1.5027, aux_loss: 0.0000, lr: 0.00000221, epoch_time: 15.0min
Epoch:[1/1](86220/113215), loss: 1.5062, logits_loss: 1.5062, aux_loss: 0.0000, lr: 0.00000220, epoch_time: 15.0min
Epoch:[1/1](86240/113215), loss: 1.6254, logits_loss: 1.6254, aux_loss: 0.0000, lr: 0.00000220, epoch_time: 15.0min
Epoch:[1/1](86260/113215), loss: 1.6759, logits_loss: 1.6759, aux_loss: 0.0000, lr: 0.00000220, epoch_time: 15.0min
Epoch:[1/1](86280/113215), loss: 1.7398, logits_loss: 1.7398, aux_loss: 0.0000, lr: 0.00000220, epoch_time: 15.0min
Epoch:[1/1](86300/113215), loss: 1.8224, logits_loss: 1.8224, aux_loss: 0.0000, lr: 0.00000220, epoch_time: 15.0min
Epoch:[1/1](86320/113215), loss: 1.6711, logits_loss: 1.6711, aux_loss: 0.0000, lr: 0.00000220, epoch_time: 15.0min
Epoch:[1/1](86340/113215), loss: 1.8307, logits_loss: 1.8307, aux_loss: 0.0000, lr: 0.00000219, epoch_time: 15.0min
Epoch:[1/1](86360/113215), loss: 1.5980, logits_loss: 1.5980, aux_loss: 0.0000, lr: 0.00000219, epoch_time: 15.0min
Epoch:[1/1](86380/113215), loss: 1.5408, logits_loss: 1.5408, aux_loss: 0.0000, lr: 0.00000219, epoch_time: 15.0min
Epoch:[1/1](86400/113215), loss: 1.8173, logits_loss: 1.8173, aux_loss: 0.0000, lr: 0.00000219, epoch_time: 15.0min
Epoch:[1/1](86420/113215), loss: 1.4690, logits_loss: 1.4690, aux_loss: 0.0000, lr: 0.00000219, epoch_time: 15.0min
Epoch:[1/1](86440/113215), loss: 1.9249, logits_loss: 1.9249, aux_loss: 0.0000, lr: 0.00000219, epoch_time: 15.0min
Epoch:[1/1](86460/113215), loss: 1.8770, logits_loss: 1.8770, aux_loss: 0.0000, lr: 0.00000218, epoch_time: 15.0min
Epoch:[1/1](86480/113215), loss: 1.8849, logits_loss: 1.8849, aux_loss: 0.0000, lr: 0.00000218, epoch_time: 15.0min
Epoch:[1/1](86500/113215), loss: 1.7823, logits_loss: 1.7823, aux_loss: 0.0000, lr: 0.00000218, epoch_time: 15.0min
Epoch:[1/1](86520/113215), loss: 1.7111, logits_loss: 1.7111, aux_loss: 0.0000, lr: 0.00000218, epoch_time: 15.0min
Epoch:[1/1](86540/113215), loss: 1.6698, logits_loss: 1.6698, aux_loss: 0.0000, lr: 0.00000218, epoch_time: 15.0min
Epoch:[1/1](86560/113215), loss: 1.9440, logits_loss: 1.9440, aux_loss: 0.0000, lr: 0.00000218, epoch_time: 15.0min
Epoch:[1/1](86580/113215), loss: 1.5876, logits_loss: 1.5876, aux_loss: 0.0000, lr: 0.00000217, epoch_time: 15.0min
Epoch:[1/1](86600/113215), loss: 1.5281, logits_loss: 1.5281, aux_loss: 0.0000, lr: 0.00000217, epoch_time: 15.0min
Epoch:[1/1](86620/113215), loss: 1.5443, logits_loss: 1.5443, aux_loss: 0.0000, lr: 0.00000217, epoch_time: 15.0min
Epoch:[1/1](86640/113215), loss: 1.7012, logits_loss: 1.7012, aux_loss: 0.0000, lr: 0.00000217, epoch_time: 15.0min
Epoch:[1/1](86660/113215), loss: 1.9537, logits_loss: 1.9537, aux_loss: 0.0000, lr: 0.00000217, epoch_time: 15.0min
Epoch:[1/1](86680/113215), loss: 1.7490, logits_loss: 1.7490, aux_loss: 0.0000, lr: 0.00000217, epoch_time: 15.0min
Epoch:[1/1](86700/113215), loss: 1.8483, logits_loss: 1.8483, aux_loss: 0.0000, lr: 0.00000216, epoch_time: 15.0min
Epoch:[1/1](86720/113215), loss: 1.7922, logits_loss: 1.7922, aux_loss: 0.0000, lr: 0.00000216, epoch_time: 15.0min
Epoch:[1/1](86740/113215), loss: 1.6966, logits_loss: 1.6966, aux_loss: 0.0000, lr: 0.00000216, epoch_time: 15.0min
Epoch:[1/1](86760/113215), loss: 1.8171, logits_loss: 1.8171, aux_loss: 0.0000, lr: 0.00000216, epoch_time: 15.0min
Epoch:[1/1](86780/113215), loss: 1.8249, logits_loss: 1.8249, aux_loss: 0.0000, lr: 0.00000216, epoch_time: 15.0min
Epoch:[1/1](86800/113215), loss: 1.9407, logits_loss: 1.9407, aux_loss: 0.0000, lr: 0.00000216, epoch_time: 15.0min
Epoch:[1/1](86820/113215), loss: 1.4890, logits_loss: 1.4890, aux_loss: 0.0000, lr: 0.00000215, epoch_time: 15.0min
Epoch:[1/1](86840/113215), loss: 1.7803, logits_loss: 1.7803, aux_loss: 0.0000, lr: 0.00000215, epoch_time: 15.0min
Epoch:[1/1](86860/113215), loss: 1.8007, logits_loss: 1.8007, aux_loss: 0.0000, lr: 0.00000215, epoch_time: 15.0min
Epoch:[1/1](86880/113215), loss: 1.8512, logits_loss: 1.8512, aux_loss: 0.0000, lr: 0.00000215, epoch_time: 15.0min
Epoch:[1/1](86900/113215), loss: 1.9035, logits_loss: 1.9035, aux_loss: 0.0000, lr: 0.00000215, epoch_time: 15.0min
Epoch:[1/1](86920/113215), loss: 1.7875, logits_loss: 1.7875, aux_loss: 0.0000, lr: 0.00000215, epoch_time: 15.0min
Epoch:[1/1](86940/113215), loss: 1.5213, logits_loss: 1.5213, aux_loss: 0.0000, lr: 0.00000214, epoch_time: 15.0min
Epoch:[1/1](86960/113215), loss: 1.8910, logits_loss: 1.8910, aux_loss: 0.0000, lr: 0.00000214, epoch_time: 15.0min
Epoch:[1/1](86980/113215), loss: 1.7094, logits_loss: 1.7094, aux_loss: 0.0000, lr: 0.00000214, epoch_time: 15.0min
Epoch:[1/1](87000/113215), loss: 1.5485, logits_loss: 1.5485, aux_loss: 0.0000, lr: 0.00000214, epoch_time: 15.0min
Epoch:[1/1](87020/113215), loss: 1.5462, logits_loss: 1.5462, aux_loss: 0.0000, lr: 0.00000214, epoch_time: 15.0min
Epoch:[1/1](87040/113215), loss: 1.5702, logits_loss: 1.5702, aux_loss: 0.0000, lr: 0.00000214, epoch_time: 15.0min
Epoch:[1/1](87060/113215), loss: 1.6551, logits_loss: 1.6551, aux_loss: 0.0000, lr: 0.00000213, epoch_time: 15.0min
Epoch:[1/1](87080/113215), loss: 1.5584, logits_loss: 1.5584, aux_loss: 0.0000, lr: 0.00000213, epoch_time: 15.0min
Epoch:[1/1](87100/113215), loss: 1.9007, logits_loss: 1.9007, aux_loss: 0.0000, lr: 0.00000213, epoch_time: 15.0min
Epoch:[1/1](87120/113215), loss: 1.7942, logits_loss: 1.7942, aux_loss: 0.0000, lr: 0.00000213, epoch_time: 15.0min
Epoch:[1/1](87140/113215), loss: 1.5353, logits_loss: 1.5353, aux_loss: 0.0000, lr: 0.00000213, epoch_time: 15.0min
Epoch:[1/1](87160/113215), loss: 1.7568, logits_loss: 1.7568, aux_loss: 0.0000, lr: 0.00000213, epoch_time: 15.0min
Epoch:[1/1](87180/113215), loss: 1.6081, logits_loss: 1.6081, aux_loss: 0.0000, lr: 0.00000212, epoch_time: 15.0min
Epoch:[1/1](87200/113215), loss: 2.1105, logits_loss: 2.1105, aux_loss: 0.0000, lr: 0.00000212, epoch_time: 15.0min
Epoch:[1/1](87220/113215), loss: 1.7521, logits_loss: 1.7521, aux_loss: 0.0000, lr: 0.00000212, epoch_time: 15.0min
Epoch:[1/1](87240/113215), loss: 1.5817, logits_loss: 1.5817, aux_loss: 0.0000, lr: 0.00000212, epoch_time: 15.0min
Epoch:[1/1](87260/113215), loss: 1.9367, logits_loss: 1.9367, aux_loss: 0.0000, lr: 0.00000212, epoch_time: 15.0min
Epoch:[1/1](87280/113215), loss: 1.6937, logits_loss: 1.6937, aux_loss: 0.0000, lr: 0.00000212, epoch_time: 15.0min
Epoch:[1/1](87300/113215), loss: 1.8157, logits_loss: 1.8157, aux_loss: 0.0000, lr: 0.00000211, epoch_time: 15.0min
Epoch:[1/1](87320/113215), loss: 1.5643, logits_loss: 1.5643, aux_loss: 0.0000, lr: 0.00000211, epoch_time: 15.0min
Epoch:[1/1](87340/113215), loss: 1.6827, logits_loss: 1.6827, aux_loss: 0.0000, lr: 0.00000211, epoch_time: 15.0min
Epoch:[1/1](87360/113215), loss: 1.6756, logits_loss: 1.6756, aux_loss: 0.0000, lr: 0.00000211, epoch_time: 15.0min
Epoch:[1/1](87380/113215), loss: 1.7056, logits_loss: 1.7056, aux_loss: 0.0000, lr: 0.00000211, epoch_time: 15.0min
Epoch:[1/1](87400/113215), loss: 1.7114, logits_loss: 1.7114, aux_loss: 0.0000, lr: 0.00000211, epoch_time: 15.0min
Epoch:[1/1](87420/113215), loss: 1.8626, logits_loss: 1.8626, aux_loss: 0.0000, lr: 0.00000210, epoch_time: 15.0min
Epoch:[1/1](87440/113215), loss: 1.6483, logits_loss: 1.6483, aux_loss: 0.0000, lr: 0.00000210, epoch_time: 15.0min
Epoch:[1/1](87460/113215), loss: 1.9883, logits_loss: 1.9883, aux_loss: 0.0000, lr: 0.00000210, epoch_time: 15.0min
Epoch:[1/1](87480/113215), loss: 1.7280, logits_loss: 1.7280, aux_loss: 0.0000, lr: 0.00000210, epoch_time: 15.0min
Epoch:[1/1](87500/113215), loss: 1.5856, logits_loss: 1.5856, aux_loss: 0.0000, lr: 0.00000210, epoch_time: 15.0min
Epoch:[1/1](87520/113215), loss: 1.6418, logits_loss: 1.6418, aux_loss: 0.0000, lr: 0.00000210, epoch_time: 15.0min
Epoch:[1/1](87540/113215), loss: 1.7663, logits_loss: 1.7663, aux_loss: 0.0000, lr: 0.00000209, epoch_time: 15.0min
Epoch:[1/1](87560/113215), loss: 1.8713, logits_loss: 1.8713, aux_loss: 0.0000, lr: 0.00000209, epoch_time: 14.0min
Epoch:[1/1](87580/113215), loss: 1.8194, logits_loss: 1.8194, aux_loss: 0.0000, lr: 0.00000209, epoch_time: 14.0min
Epoch:[1/1](87600/113215), loss: 1.8779, logits_loss: 1.8779, aux_loss: 0.0000, lr: 0.00000209, epoch_time: 14.0min
Epoch:[1/1](87620/113215), loss: 1.6748, logits_loss: 1.6748, aux_loss: 0.0000, lr: 0.00000209, epoch_time: 14.0min
Epoch:[1/1](87640/113215), loss: 1.8173, logits_loss: 1.8173, aux_loss: 0.0000, lr: 0.00000209, epoch_time: 14.0min
Epoch:[1/1](87660/113215), loss: 1.9371, logits_loss: 1.9371, aux_loss: 0.0000, lr: 0.00000208, epoch_time: 14.0min
Epoch:[1/1](87680/113215), loss: 1.5795, logits_loss: 1.5795, aux_loss: 0.0000, lr: 0.00000208, epoch_time: 14.0min
Epoch:[1/1](87700/113215), loss: 1.5502, logits_loss: 1.5502, aux_loss: 0.0000, lr: 0.00000208, epoch_time: 14.0min
Epoch:[1/1](87720/113215), loss: 1.7957, logits_loss: 1.7957, aux_loss: 0.0000, lr: 0.00000208, epoch_time: 14.0min
Epoch:[1/1](87740/113215), loss: 1.7333, logits_loss: 1.7333, aux_loss: 0.0000, lr: 0.00000208, epoch_time: 14.0min
Epoch:[1/1](87760/113215), loss: 1.8737, logits_loss: 1.8737, aux_loss: 0.0000, lr: 0.00000208, epoch_time: 14.0min
Epoch:[1/1](87780/113215), loss: 1.5510, logits_loss: 1.5510, aux_loss: 0.0000, lr: 0.00000208, epoch_time: 14.0min
Epoch:[1/1](87800/113215), loss: 1.6891, logits_loss: 1.6891, aux_loss: 0.0000, lr: 0.00000207, epoch_time: 14.0min
Epoch:[1/1](87820/113215), loss: 1.6957, logits_loss: 1.6957, aux_loss: 0.0000, lr: 0.00000207, epoch_time: 14.0min
Epoch:[1/1](87840/113215), loss: 1.6285, logits_loss: 1.6285, aux_loss: 0.0000, lr: 0.00000207, epoch_time: 14.0min
Epoch:[1/1](87860/113215), loss: 1.5926, logits_loss: 1.5926, aux_loss: 0.0000, lr: 0.00000207, epoch_time: 14.0min
Epoch:[1/1](87880/113215), loss: 1.7892, logits_loss: 1.7892, aux_loss: 0.0000, lr: 0.00000207, epoch_time: 14.0min
Epoch:[1/1](87900/113215), loss: 1.8337, logits_loss: 1.8337, aux_loss: 0.0000, lr: 0.00000207, epoch_time: 14.0min
Epoch:[1/1](87920/113215), loss: 1.5792, logits_loss: 1.5792, aux_loss: 0.0000, lr: 0.00000206, epoch_time: 14.0min
Epoch:[1/1](87940/113215), loss: 1.9681, logits_loss: 1.9681, aux_loss: 0.0000, lr: 0.00000206, epoch_time: 14.0min
Epoch:[1/1](87960/113215), loss: 1.9835, logits_loss: 1.9835, aux_loss: 0.0000, lr: 0.00000206, epoch_time: 14.0min
Epoch:[1/1](87980/113215), loss: 2.1018, logits_loss: 2.1018, aux_loss: 0.0000, lr: 0.00000206, epoch_time: 14.0min
Epoch:[1/1](88000/113215), loss: 2.0642, logits_loss: 2.0642, aux_loss: 0.0000, lr: 0.00000206, epoch_time: 14.0min
Epoch:[1/1](88020/113215), loss: 1.9776, logits_loss: 1.9776, aux_loss: 0.0000, lr: 0.00000206, epoch_time: 14.0min
Epoch:[1/1](88040/113215), loss: 1.7190, logits_loss: 1.7190, aux_loss: 0.0000, lr: 0.00000205, epoch_time: 14.0min
Epoch:[1/1](88060/113215), loss: 1.4308, logits_loss: 1.4308, aux_loss: 0.0000, lr: 0.00000205, epoch_time: 14.0min
Epoch:[1/1](88080/113215), loss: 1.6931, logits_loss: 1.6931, aux_loss: 0.0000, lr: 0.00000205, epoch_time: 14.0min
Epoch:[1/1](88100/113215), loss: 1.7571, logits_loss: 1.7571, aux_loss: 0.0000, lr: 0.00000205, epoch_time: 14.0min
Epoch:[1/1](88120/113215), loss: 1.8679, logits_loss: 1.8679, aux_loss: 0.0000, lr: 0.00000205, epoch_time: 14.0min
Epoch:[1/1](88140/113215), loss: 1.4933, logits_loss: 1.4933, aux_loss: 0.0000, lr: 0.00000205, epoch_time: 14.0min
Epoch:[1/1](88160/113215), loss: 1.6893, logits_loss: 1.6893, aux_loss: 0.0000, lr: 0.00000204, epoch_time: 14.0min
Epoch:[1/1](88180/113215), loss: 1.5668, logits_loss: 1.5668, aux_loss: 0.0000, lr: 0.00000204, epoch_time: 14.0min
Epoch:[1/1](88200/113215), loss: 1.7038, logits_loss: 1.7038, aux_loss: 0.0000, lr: 0.00000204, epoch_time: 14.0min
Epoch:[1/1](88220/113215), loss: 1.6355, logits_loss: 1.6355, aux_loss: 0.0000, lr: 0.00000204, epoch_time: 14.0min
Epoch:[1/1](88240/113215), loss: 1.5032, logits_loss: 1.5032, aux_loss: 0.0000, lr: 0.00000204, epoch_time: 14.0min
Epoch:[1/1](88260/113215), loss: 1.6756, logits_loss: 1.6756, aux_loss: 0.0000, lr: 0.00000204, epoch_time: 14.0min
Epoch:[1/1](88280/113215), loss: 1.8680, logits_loss: 1.8680, aux_loss: 0.0000, lr: 0.00000203, epoch_time: 14.0min
Epoch:[1/1](88300/113215), loss: 1.9431, logits_loss: 1.9431, aux_loss: 0.0000, lr: 0.00000203, epoch_time: 14.0min
Epoch:[1/1](88320/113215), loss: 1.8569, logits_loss: 1.8569, aux_loss: 0.0000, lr: 0.00000203, epoch_time: 14.0min
Epoch:[1/1](88340/113215), loss: 1.7233, logits_loss: 1.7233, aux_loss: 0.0000, lr: 0.00000203, epoch_time: 14.0min
Epoch:[1/1](88360/113215), loss: 1.9640, logits_loss: 1.9640, aux_loss: 0.0000, lr: 0.00000203, epoch_time: 14.0min
Epoch:[1/1](88380/113215), loss: 1.8344, logits_loss: 1.8344, aux_loss: 0.0000, lr: 0.00000203, epoch_time: 14.0min
Epoch:[1/1](88400/113215), loss: 1.8168, logits_loss: 1.8168, aux_loss: 0.0000, lr: 0.00000203, epoch_time: 14.0min
Epoch:[1/1](88420/113215), loss: 1.7283, logits_loss: 1.7283, aux_loss: 0.0000, lr: 0.00000202, epoch_time: 14.0min
Epoch:[1/1](88440/113215), loss: 1.6173, logits_loss: 1.6173, aux_loss: 0.0000, lr: 0.00000202, epoch_time: 14.0min
Epoch:[1/1](88460/113215), loss: 1.6033, logits_loss: 1.6033, aux_loss: 0.0000, lr: 0.00000202, epoch_time: 14.0min
Epoch:[1/1](88480/113215), loss: 1.5566, logits_loss: 1.5566, aux_loss: 0.0000, lr: 0.00000202, epoch_time: 14.0min
Epoch:[1/1](88500/113215), loss: 2.0087, logits_loss: 2.0087, aux_loss: 0.0000, lr: 0.00000202, epoch_time: 14.0min
Epoch:[1/1](88520/113215), loss: 1.7751, logits_loss: 1.7751, aux_loss: 0.0000, lr: 0.00000202, epoch_time: 14.0min
Epoch:[1/1](88540/113215), loss: 1.6927, logits_loss: 1.6927, aux_loss: 0.0000, lr: 0.00000201, epoch_time: 14.0min
Epoch:[1/1](88560/113215), loss: 1.5838, logits_loss: 1.5838, aux_loss: 0.0000, lr: 0.00000201, epoch_time: 14.0min
Epoch:[1/1](88580/113215), loss: 1.9895, logits_loss: 1.9895, aux_loss: 0.0000, lr: 0.00000201, epoch_time: 14.0min
Epoch:[1/1](88600/113215), loss: 1.8703, logits_loss: 1.8703, aux_loss: 0.0000, lr: 0.00000201, epoch_time: 14.0min
Epoch:[1/1](88620/113215), loss: 1.9858, logits_loss: 1.9858, aux_loss: 0.0000, lr: 0.00000201, epoch_time: 14.0min
Epoch:[1/1](88640/113215), loss: 1.5198, logits_loss: 1.5198, aux_loss: 0.0000, lr: 0.00000201, epoch_time: 14.0min
Epoch:[1/1](88660/113215), loss: 1.7287, logits_loss: 1.7287, aux_loss: 0.0000, lr: 0.00000200, epoch_time: 14.0min
Epoch:[1/1](88680/113215), loss: 1.8632, logits_loss: 1.8632, aux_loss: 0.0000, lr: 0.00000200, epoch_time: 14.0min
Epoch:[1/1](88700/113215), loss: 1.7015, logits_loss: 1.7015, aux_loss: 0.0000, lr: 0.00000200, epoch_time: 14.0min
Epoch:[1/1](88720/113215), loss: 1.8270, logits_loss: 1.8270, aux_loss: 0.0000, lr: 0.00000200, epoch_time: 14.0min
Epoch:[1/1](88740/113215), loss: 1.3179, logits_loss: 1.3179, aux_loss: 0.0000, lr: 0.00000200, epoch_time: 14.0min
Epoch:[1/1](88760/113215), loss: 1.7527, logits_loss: 1.7527, aux_loss: 0.0000, lr: 0.00000200, epoch_time: 14.0min
Epoch:[1/1](88780/113215), loss: 1.8558, logits_loss: 1.8558, aux_loss: 0.0000, lr: 0.00000200, epoch_time: 14.0min
Epoch:[1/1](88800/113215), loss: 1.7342, logits_loss: 1.7342, aux_loss: 0.0000, lr: 0.00000199, epoch_time: 14.0min
Epoch:[1/1](88820/113215), loss: 1.7557, logits_loss: 1.7557, aux_loss: 0.0000, lr: 0.00000199, epoch_time: 14.0min
Epoch:[1/1](88840/113215), loss: 1.5476, logits_loss: 1.5476, aux_loss: 0.0000, lr: 0.00000199, epoch_time: 14.0min
Epoch:[1/1](88860/113215), loss: 1.7062, logits_loss: 1.7062, aux_loss: 0.0000, lr: 0.00000199, epoch_time: 14.0min
Epoch:[1/1](88880/113215), loss: 1.7881, logits_loss: 1.7881, aux_loss: 0.0000, lr: 0.00000199, epoch_time: 14.0min
Epoch:[1/1](88900/113215), loss: 1.9206, logits_loss: 1.9206, aux_loss: 0.0000, lr: 0.00000199, epoch_time: 14.0min
Epoch:[1/1](88920/113215), loss: 1.8647, logits_loss: 1.8647, aux_loss: 0.0000, lr: 0.00000198, epoch_time: 14.0min
Epoch:[1/1](88940/113215), loss: 1.6787, logits_loss: 1.6787, aux_loss: 0.0000, lr: 0.00000198, epoch_time: 14.0min
Epoch:[1/1](88960/113215), loss: 1.6890, logits_loss: 1.6890, aux_loss: 0.0000, lr: 0.00000198, epoch_time: 14.0min
Epoch:[1/1](88980/113215), loss: 1.5173, logits_loss: 1.5173, aux_loss: 0.0000, lr: 0.00000198, epoch_time: 14.0min
Epoch:[1/1](89000/113215), loss: 1.8239, logits_loss: 1.8239, aux_loss: 0.0000, lr: 0.00000198, epoch_time: 14.0min
Epoch:[1/1](89020/113215), loss: 1.7411, logits_loss: 1.7411, aux_loss: 0.0000, lr: 0.00000198, epoch_time: 14.0min
Epoch:[1/1](89040/113215), loss: 1.7498, logits_loss: 1.7498, aux_loss: 0.0000, lr: 0.00000198, epoch_time: 14.0min
Epoch:[1/1](89060/113215), loss: 1.6887, logits_loss: 1.6887, aux_loss: 0.0000, lr: 0.00000197, epoch_time: 14.0min
Epoch:[1/1](89080/113215), loss: 1.5139, logits_loss: 1.5139, aux_loss: 0.0000, lr: 0.00000197, epoch_time: 14.0min
Epoch:[1/1](89100/113215), loss: 1.7555, logits_loss: 1.7555, aux_loss: 0.0000, lr: 0.00000197, epoch_time: 14.0min
Epoch:[1/1](89120/113215), loss: 1.7050, logits_loss: 1.7050, aux_loss: 0.0000, lr: 0.00000197, epoch_time: 14.0min
Epoch:[1/1](89140/113215), loss: 1.8904, logits_loss: 1.8904, aux_loss: 0.0000, lr: 0.00000197, epoch_time: 14.0min
Epoch:[1/1](89160/113215), loss: 1.4600, logits_loss: 1.4600, aux_loss: 0.0000, lr: 0.00000197, epoch_time: 14.0min
Epoch:[1/1](89180/113215), loss: 1.9704, logits_loss: 1.9704, aux_loss: 0.0000, lr: 0.00000196, epoch_time: 14.0min
Epoch:[1/1](89200/113215), loss: 1.8953, logits_loss: 1.8953, aux_loss: 0.0000, lr: 0.00000196, epoch_time: 14.0min
Epoch:[1/1](89220/113215), loss: 1.8561, logits_loss: 1.8561, aux_loss: 0.0000, lr: 0.00000196, epoch_time: 14.0min
Epoch:[1/1](89240/113215), loss: 1.7123, logits_loss: 1.7123, aux_loss: 0.0000, lr: 0.00000196, epoch_time: 14.0min
Epoch:[1/1](89260/113215), loss: 1.8445, logits_loss: 1.8445, aux_loss: 0.0000, lr: 0.00000196, epoch_time: 14.0min
Epoch:[1/1](89280/113215), loss: 1.8575, logits_loss: 1.8575, aux_loss: 0.0000, lr: 0.00000196, epoch_time: 13.0min
Epoch:[1/1](89300/113215), loss: 2.1663, logits_loss: 2.1663, aux_loss: 0.0000, lr: 0.00000196, epoch_time: 13.0min
Epoch:[1/1](89320/113215), loss: 1.7983, logits_loss: 1.7983, aux_loss: 0.0000, lr: 0.00000195, epoch_time: 13.0min
Epoch:[1/1](89340/113215), loss: 1.6392, logits_loss: 1.6392, aux_loss: 0.0000, lr: 0.00000195, epoch_time: 13.0min
Epoch:[1/1](89360/113215), loss: 1.8484, logits_loss: 1.8484, aux_loss: 0.0000, lr: 0.00000195, epoch_time: 13.0min
Epoch:[1/1](89380/113215), loss: 1.8119, logits_loss: 1.8119, aux_loss: 0.0000, lr: 0.00000195, epoch_time: 13.0min
Epoch:[1/1](89400/113215), loss: 1.7827, logits_loss: 1.7827, aux_loss: 0.0000, lr: 0.00000195, epoch_time: 13.0min
Epoch:[1/1](89420/113215), loss: 1.6569, logits_loss: 1.6569, aux_loss: 0.0000, lr: 0.00000195, epoch_time: 13.0min
Epoch:[1/1](89440/113215), loss: 1.7948, logits_loss: 1.7948, aux_loss: 0.0000, lr: 0.00000194, epoch_time: 13.0min
Epoch:[1/1](89460/113215), loss: 2.0139, logits_loss: 2.0139, aux_loss: 0.0000, lr: 0.00000194, epoch_time: 13.0min
Epoch:[1/1](89480/113215), loss: 2.2027, logits_loss: 2.2027, aux_loss: 0.0000, lr: 0.00000194, epoch_time: 13.0min
Epoch:[1/1](89500/113215), loss: 2.0198, logits_loss: 2.0198, aux_loss: 0.0000, lr: 0.00000194, epoch_time: 13.0min
Epoch:[1/1](89520/113215), loss: 1.9362, logits_loss: 1.9362, aux_loss: 0.0000, lr: 0.00000194, epoch_time: 13.0min
Epoch:[1/1](89540/113215), loss: 1.8515, logits_loss: 1.8515, aux_loss: 0.0000, lr: 0.00000194, epoch_time: 13.0min
Epoch:[1/1](89560/113215), loss: 1.6481, logits_loss: 1.6481, aux_loss: 0.0000, lr: 0.00000194, epoch_time: 13.0min
Epoch:[1/1](89580/113215), loss: 1.5594, logits_loss: 1.5594, aux_loss: 0.0000, lr: 0.00000193, epoch_time: 13.0min
Epoch:[1/1](89600/113215), loss: 1.4758, logits_loss: 1.4758, aux_loss: 0.0000, lr: 0.00000193, epoch_time: 13.0min
Epoch:[1/1](89620/113215), loss: 1.6450, logits_loss: 1.6450, aux_loss: 0.0000, lr: 0.00000193, epoch_time: 13.0min
Epoch:[1/1](89640/113215), loss: 1.9883, logits_loss: 1.9883, aux_loss: 0.0000, lr: 0.00000193, epoch_time: 13.0min
Epoch:[1/1](89660/113215), loss: 1.7374, logits_loss: 1.7374, aux_loss: 0.0000, lr: 0.00000193, epoch_time: 13.0min
Epoch:[1/1](89680/113215), loss: 1.5836, logits_loss: 1.5836, aux_loss: 0.0000, lr: 0.00000193, epoch_time: 13.0min
Epoch:[1/1](89700/113215), loss: 1.8501, logits_loss: 1.8501, aux_loss: 0.0000, lr: 0.00000192, epoch_time: 13.0min
Epoch:[1/1](89720/113215), loss: 1.9559, logits_loss: 1.9559, aux_loss: 0.0000, lr: 0.00000192, epoch_time: 13.0min
Epoch:[1/1](89740/113215), loss: 1.6769, logits_loss: 1.6769, aux_loss: 0.0000, lr: 0.00000192, epoch_time: 13.0min
Epoch:[1/1](89760/113215), loss: 2.0669, logits_loss: 2.0669, aux_loss: 0.0000, lr: 0.00000192, epoch_time: 13.0min
Epoch:[1/1](89780/113215), loss: 1.7208, logits_loss: 1.7208, aux_loss: 0.0000, lr: 0.00000192, epoch_time: 13.0min
Epoch:[1/1](89800/113215), loss: 1.3665, logits_loss: 1.3665, aux_loss: 0.0000, lr: 0.00000192, epoch_time: 13.0min
Epoch:[1/1](89820/113215), loss: 1.8213, logits_loss: 1.8213, aux_loss: 0.0000, lr: 0.00000192, epoch_time: 13.0min
Epoch:[1/1](89840/113215), loss: 1.9118, logits_loss: 1.9118, aux_loss: 0.0000, lr: 0.00000191, epoch_time: 13.0min
Epoch:[1/1](89860/113215), loss: 1.8386, logits_loss: 1.8386, aux_loss: 0.0000, lr: 0.00000191, epoch_time: 13.0min
Epoch:[1/1](89880/113215), loss: 1.7446, logits_loss: 1.7446, aux_loss: 0.0000, lr: 0.00000191, epoch_time: 13.0min
Epoch:[1/1](89900/113215), loss: 1.6944, logits_loss: 1.6944, aux_loss: 0.0000, lr: 0.00000191, epoch_time: 13.0min
Epoch:[1/1](89920/113215), loss: 1.6887, logits_loss: 1.6887, aux_loss: 0.0000, lr: 0.00000191, epoch_time: 13.0min
Epoch:[1/1](89940/113215), loss: 2.1288, logits_loss: 2.1288, aux_loss: 0.0000, lr: 0.00000191, epoch_time: 13.0min
Epoch:[1/1](89960/113215), loss: 1.6969, logits_loss: 1.6969, aux_loss: 0.0000, lr: 0.00000190, epoch_time: 13.0min
Epoch:[1/1](89980/113215), loss: 1.6565, logits_loss: 1.6565, aux_loss: 0.0000, lr: 0.00000190, epoch_time: 13.0min
Epoch:[1/1](90000/113215), loss: 1.6022, logits_loss: 1.6022, aux_loss: 0.0000, lr: 0.00000190, epoch_time: 13.0min
Epoch:[1/1](90020/113215), loss: 1.8842, logits_loss: 1.8842, aux_loss: 0.0000, lr: 0.00000190, epoch_time: 13.0min
Epoch:[1/1](90040/113215), loss: 2.2863, logits_loss: 2.2863, aux_loss: 0.0000, lr: 0.00000190, epoch_time: 13.0min
Epoch:[1/1](90060/113215), loss: 1.6434, logits_loss: 1.6434, aux_loss: 0.0000, lr: 0.00000190, epoch_time: 13.0min
Epoch:[1/1](90080/113215), loss: 1.7369, logits_loss: 1.7369, aux_loss: 0.0000, lr: 0.00000190, epoch_time: 13.0min
Epoch:[1/1](90100/113215), loss: 1.7706, logits_loss: 1.7706, aux_loss: 0.0000, lr: 0.00000189, epoch_time: 13.0min
Epoch:[1/1](90120/113215), loss: 1.4741, logits_loss: 1.4741, aux_loss: 0.0000, lr: 0.00000189, epoch_time: 13.0min
Epoch:[1/1](90140/113215), loss: 1.5562, logits_loss: 1.5562, aux_loss: 0.0000, lr: 0.00000189, epoch_time: 13.0min
Epoch:[1/1](90160/113215), loss: 1.8884, logits_loss: 1.8884, aux_loss: 0.0000, lr: 0.00000189, epoch_time: 13.0min
Epoch:[1/1](90180/113215), loss: 1.3563, logits_loss: 1.3563, aux_loss: 0.0000, lr: 0.00000189, epoch_time: 13.0min
Epoch:[1/1](90200/113215), loss: 1.6916, logits_loss: 1.6916, aux_loss: 0.0000, lr: 0.00000189, epoch_time: 13.0min
Epoch:[1/1](90220/113215), loss: 1.4985, logits_loss: 1.4985, aux_loss: 0.0000, lr: 0.00000189, epoch_time: 13.0min
Epoch:[1/1](90240/113215), loss: 1.7907, logits_loss: 1.7907, aux_loss: 0.0000, lr: 0.00000188, epoch_time: 13.0min
Epoch:[1/1](90260/113215), loss: 1.6472, logits_loss: 1.6472, aux_loss: 0.0000, lr: 0.00000188, epoch_time: 13.0min
Epoch:[1/1](90280/113215), loss: 1.9984, logits_loss: 1.9984, aux_loss: 0.0000, lr: 0.00000188, epoch_time: 13.0min
Epoch:[1/1](90300/113215), loss: 2.0390, logits_loss: 2.0390, aux_loss: 0.0000, lr: 0.00000188, epoch_time: 13.0min
Epoch:[1/1](90320/113215), loss: 1.7872, logits_loss: 1.7872, aux_loss: 0.0000, lr: 0.00000188, epoch_time: 13.0min
Epoch:[1/1](90340/113215), loss: 1.5852, logits_loss: 1.5852, aux_loss: 0.0000, lr: 0.00000188, epoch_time: 13.0min
Epoch:[1/1](90360/113215), loss: 1.7853, logits_loss: 1.7853, aux_loss: 0.0000, lr: 0.00000188, epoch_time: 13.0min
Epoch:[1/1](90380/113215), loss: 1.7649, logits_loss: 1.7649, aux_loss: 0.0000, lr: 0.00000187, epoch_time: 13.0min
Epoch:[1/1](90400/113215), loss: 1.9238, logits_loss: 1.9238, aux_loss: 0.0000, lr: 0.00000187, epoch_time: 13.0min
Epoch:[1/1](90420/113215), loss: 1.4897, logits_loss: 1.4897, aux_loss: 0.0000, lr: 0.00000187, epoch_time: 13.0min
Epoch:[1/1](90440/113215), loss: 1.7811, logits_loss: 1.7811, aux_loss: 0.0000, lr: 0.00000187, epoch_time: 13.0min
Epoch:[1/1](90460/113215), loss: 1.6277, logits_loss: 1.6277, aux_loss: 0.0000, lr: 0.00000187, epoch_time: 13.0min
Epoch:[1/1](90480/113215), loss: 1.9016, logits_loss: 1.9016, aux_loss: 0.0000, lr: 0.00000187, epoch_time: 13.0min
Epoch:[1/1](90500/113215), loss: 1.8590, logits_loss: 1.8590, aux_loss: 0.0000, lr: 0.00000186, epoch_time: 13.0min
Epoch:[1/1](90520/113215), loss: 1.6382, logits_loss: 1.6382, aux_loss: 0.0000, lr: 0.00000186, epoch_time: 13.0min
Epoch:[1/1](90540/113215), loss: 1.7490, logits_loss: 1.7490, aux_loss: 0.0000, lr: 0.00000186, epoch_time: 13.0min
Epoch:[1/1](90560/113215), loss: 1.8501, logits_loss: 1.8501, aux_loss: 0.0000, lr: 0.00000186, epoch_time: 13.0min
Epoch:[1/1](90580/113215), loss: 1.3336, logits_loss: 1.3336, aux_loss: 0.0000, lr: 0.00000186, epoch_time: 13.0min
Epoch:[1/1](90600/113215), loss: 1.4404, logits_loss: 1.4404, aux_loss: 0.0000, lr: 0.00000186, epoch_time: 13.0min
Epoch:[1/1](90620/113215), loss: 1.7794, logits_loss: 1.7794, aux_loss: 0.0000, lr: 0.00000186, epoch_time: 13.0min
Epoch:[1/1](90640/113215), loss: 1.5355, logits_loss: 1.5355, aux_loss: 0.0000, lr: 0.00000185, epoch_time: 13.0min
Epoch:[1/1](90660/113215), loss: 1.6945, logits_loss: 1.6945, aux_loss: 0.0000, lr: 0.00000185, epoch_time: 13.0min
Epoch:[1/1](90680/113215), loss: 1.8524, logits_loss: 1.8524, aux_loss: 0.0000, lr: 0.00000185, epoch_time: 13.0min
Epoch:[1/1](90700/113215), loss: 1.7859, logits_loss: 1.7859, aux_loss: 0.0000, lr: 0.00000185, epoch_time: 13.0min
Epoch:[1/1](90720/113215), loss: 1.9310, logits_loss: 1.9310, aux_loss: 0.0000, lr: 0.00000185, epoch_time: 13.0min
Epoch:[1/1](90740/113215), loss: 1.7085, logits_loss: 1.7085, aux_loss: 0.0000, lr: 0.00000185, epoch_time: 13.0min
Epoch:[1/1](90760/113215), loss: 1.6182, logits_loss: 1.6182, aux_loss: 0.0000, lr: 0.00000185, epoch_time: 13.0min
Epoch:[1/1](90780/113215), loss: 1.9049, logits_loss: 1.9049, aux_loss: 0.0000, lr: 0.00000184, epoch_time: 13.0min
Epoch:[1/1](90800/113215), loss: 1.7186, logits_loss: 1.7186, aux_loss: 0.0000, lr: 0.00000184, epoch_time: 13.0min
Epoch:[1/1](90820/113215), loss: 1.6792, logits_loss: 1.6792, aux_loss: 0.0000, lr: 0.00000184, epoch_time: 13.0min
Epoch:[1/1](90840/113215), loss: 1.8001, logits_loss: 1.8001, aux_loss: 0.0000, lr: 0.00000184, epoch_time: 13.0min
Epoch:[1/1](90860/113215), loss: 1.5297, logits_loss: 1.5297, aux_loss: 0.0000, lr: 0.00000184, epoch_time: 13.0min
Epoch:[1/1](90880/113215), loss: 1.6275, logits_loss: 1.6275, aux_loss: 0.0000, lr: 0.00000184, epoch_time: 13.0min
Epoch:[1/1](90900/113215), loss: 1.7954, logits_loss: 1.7954, aux_loss: 0.0000, lr: 0.00000184, epoch_time: 13.0min
Epoch:[1/1](90920/113215), loss: 1.9775, logits_loss: 1.9775, aux_loss: 0.0000, lr: 0.00000183, epoch_time: 13.0min
Epoch:[1/1](90940/113215), loss: 1.8038, logits_loss: 1.8038, aux_loss: 0.0000, lr: 0.00000183, epoch_time: 13.0min
Epoch:[1/1](90960/113215), loss: 1.6591, logits_loss: 1.6591, aux_loss: 0.0000, lr: 0.00000183, epoch_time: 12.0min
Epoch:[1/1](90980/113215), loss: 1.9197, logits_loss: 1.9197, aux_loss: 0.0000, lr: 0.00000183, epoch_time: 12.0min
Epoch:[1/1](91000/113215), loss: 1.9213, logits_loss: 1.9213, aux_loss: 0.0000, lr: 0.00000183, epoch_time: 12.0min
Epoch:[1/1](91020/113215), loss: 1.8821, logits_loss: 1.8821, aux_loss: 0.0000, lr: 0.00000183, epoch_time: 12.0min
Epoch:[1/1](91040/113215), loss: 1.4766, logits_loss: 1.4766, aux_loss: 0.0000, lr: 0.00000183, epoch_time: 12.0min
Epoch:[1/1](91060/113215), loss: 1.7135, logits_loss: 1.7135, aux_loss: 0.0000, lr: 0.00000182, epoch_time: 12.0min
Epoch:[1/1](91080/113215), loss: 1.5017, logits_loss: 1.5017, aux_loss: 0.0000, lr: 0.00000182, epoch_time: 12.0min
Epoch:[1/1](91100/113215), loss: 1.7630, logits_loss: 1.7630, aux_loss: 0.0000, lr: 0.00000182, epoch_time: 12.0min
Epoch:[1/1](91120/113215), loss: 1.7667, logits_loss: 1.7667, aux_loss: 0.0000, lr: 0.00000182, epoch_time: 12.0min
Epoch:[1/1](91140/113215), loss: 1.6722, logits_loss: 1.6722, aux_loss: 0.0000, lr: 0.00000182, epoch_time: 12.0min
Epoch:[1/1](91160/113215), loss: 1.7994, logits_loss: 1.7994, aux_loss: 0.0000, lr: 0.00000182, epoch_time: 12.0min
Epoch:[1/1](91180/113215), loss: 1.5644, logits_loss: 1.5644, aux_loss: 0.0000, lr: 0.00000182, epoch_time: 12.0min
Epoch:[1/1](91200/113215), loss: 1.9879, logits_loss: 1.9879, aux_loss: 0.0000, lr: 0.00000181, epoch_time: 12.0min
Epoch:[1/1](91220/113215), loss: 1.8635, logits_loss: 1.8635, aux_loss: 0.0000, lr: 0.00000181, epoch_time: 12.0min
Epoch:[1/1](91240/113215), loss: 1.8041, logits_loss: 1.8041, aux_loss: 0.0000, lr: 0.00000181, epoch_time: 12.0min
Epoch:[1/1](91260/113215), loss: 1.6300, logits_loss: 1.6300, aux_loss: 0.0000, lr: 0.00000181, epoch_time: 12.0min
Epoch:[1/1](91280/113215), loss: 1.7932, logits_loss: 1.7932, aux_loss: 0.0000, lr: 0.00000181, epoch_time: 12.0min
Epoch:[1/1](91300/113215), loss: 1.9788, logits_loss: 1.9788, aux_loss: 0.0000, lr: 0.00000181, epoch_time: 12.0min
Epoch:[1/1](91320/113215), loss: 1.9250, logits_loss: 1.9250, aux_loss: 0.0000, lr: 0.00000181, epoch_time: 12.0min
Epoch:[1/1](91340/113215), loss: 2.0239, logits_loss: 2.0239, aux_loss: 0.0000, lr: 0.00000180, epoch_time: 12.0min
Epoch:[1/1](91360/113215), loss: 1.8187, logits_loss: 1.8187, aux_loss: 0.0000, lr: 0.00000180, epoch_time: 12.0min
Epoch:[1/1](91380/113215), loss: 1.9550, logits_loss: 1.9550, aux_loss: 0.0000, lr: 0.00000180, epoch_time: 12.0min
Epoch:[1/1](91400/113215), loss: 1.8096, logits_loss: 1.8096, aux_loss: 0.0000, lr: 0.00000180, epoch_time: 12.0min
Epoch:[1/1](91420/113215), loss: 1.9218, logits_loss: 1.9218, aux_loss: 0.0000, lr: 0.00000180, epoch_time: 12.0min
Epoch:[1/1](91440/113215), loss: 1.7512, logits_loss: 1.7512, aux_loss: 0.0000, lr: 0.00000180, epoch_time: 12.0min
Epoch:[1/1](91460/113215), loss: 1.6214, logits_loss: 1.6214, aux_loss: 0.0000, lr: 0.00000180, epoch_time: 12.0min
Epoch:[1/1](91480/113215), loss: 1.5937, logits_loss: 1.5937, aux_loss: 0.0000, lr: 0.00000179, epoch_time: 12.0min
Epoch:[1/1](91500/113215), loss: 1.7812, logits_loss: 1.7812, aux_loss: 0.0000, lr: 0.00000179, epoch_time: 12.0min
Epoch:[1/1](91520/113215), loss: 1.6464, logits_loss: 1.6464, aux_loss: 0.0000, lr: 0.00000179, epoch_time: 12.0min
Epoch:[1/1](91540/113215), loss: 1.8597, logits_loss: 1.8597, aux_loss: 0.0000, lr: 0.00000179, epoch_time: 12.0min
Epoch:[1/1](91560/113215), loss: 1.6284, logits_loss: 1.6284, aux_loss: 0.0000, lr: 0.00000179, epoch_time: 12.0min
Epoch:[1/1](91580/113215), loss: 1.8830, logits_loss: 1.8830, aux_loss: 0.0000, lr: 0.00000179, epoch_time: 12.0min
Epoch:[1/1](91600/113215), loss: 1.7753, logits_loss: 1.7753, aux_loss: 0.0000, lr: 0.00000179, epoch_time: 12.0min
Epoch:[1/1](91620/113215), loss: 1.7807, logits_loss: 1.7807, aux_loss: 0.0000, lr: 0.00000178, epoch_time: 12.0min
Epoch:[1/1](91640/113215), loss: 1.7545, logits_loss: 1.7545, aux_loss: 0.0000, lr: 0.00000178, epoch_time: 12.0min
Epoch:[1/1](91660/113215), loss: 1.7811, logits_loss: 1.7811, aux_loss: 0.0000, lr: 0.00000178, epoch_time: 12.0min
Epoch:[1/1](91680/113215), loss: 1.6325, logits_loss: 1.6325, aux_loss: 0.0000, lr: 0.00000178, epoch_time: 12.0min
Epoch:[1/1](91700/113215), loss: 1.5914, logits_loss: 1.5914, aux_loss: 0.0000, lr: 0.00000178, epoch_time: 12.0min
Epoch:[1/1](91720/113215), loss: 1.9631, logits_loss: 1.9631, aux_loss: 0.0000, lr: 0.00000178, epoch_time: 12.0min
Epoch:[1/1](91740/113215), loss: 1.7707, logits_loss: 1.7707, aux_loss: 0.0000, lr: 0.00000178, epoch_time: 12.0min
Epoch:[1/1](91760/113215), loss: 1.6022, logits_loss: 1.6022, aux_loss: 0.0000, lr: 0.00000177, epoch_time: 12.0min
Epoch:[1/1](91780/113215), loss: 2.0713, logits_loss: 2.0713, aux_loss: 0.0000, lr: 0.00000177, epoch_time: 12.0min
Epoch:[1/1](91800/113215), loss: 1.6765, logits_loss: 1.6765, aux_loss: 0.0000, lr: 0.00000177, epoch_time: 12.0min
Epoch:[1/1](91820/113215), loss: 1.7505, logits_loss: 1.7505, aux_loss: 0.0000, lr: 0.00000177, epoch_time: 12.0min
Epoch:[1/1](91840/113215), loss: 1.9449, logits_loss: 1.9449, aux_loss: 0.0000, lr: 0.00000177, epoch_time: 12.0min
Epoch:[1/1](91860/113215), loss: 1.8950, logits_loss: 1.8950, aux_loss: 0.0000, lr: 0.00000177, epoch_time: 12.0min
Epoch:[1/1](91880/113215), loss: 1.6070, logits_loss: 1.6070, aux_loss: 0.0000, lr: 0.00000177, epoch_time: 12.0min
Epoch:[1/1](91900/113215), loss: 1.7782, logits_loss: 1.7782, aux_loss: 0.0000, lr: 0.00000176, epoch_time: 12.0min
Epoch:[1/1](91920/113215), loss: 1.7350, logits_loss: 1.7350, aux_loss: 0.0000, lr: 0.00000176, epoch_time: 12.0min
Epoch:[1/1](91940/113215), loss: 1.9442, logits_loss: 1.9442, aux_loss: 0.0000, lr: 0.00000176, epoch_time: 12.0min
Epoch:[1/1](91960/113215), loss: 1.6251, logits_loss: 1.6251, aux_loss: 0.0000, lr: 0.00000176, epoch_time: 12.0min
Epoch:[1/1](91980/113215), loss: 1.7199, logits_loss: 1.7199, aux_loss: 0.0000, lr: 0.00000176, epoch_time: 12.0min
Epoch:[1/1](92000/113215), loss: 1.8613, logits_loss: 1.8613, aux_loss: 0.0000, lr: 0.00000176, epoch_time: 12.0min
Epoch:[1/1](92020/113215), loss: 2.0128, logits_loss: 2.0128, aux_loss: 0.0000, lr: 0.00000176, epoch_time: 12.0min
Epoch:[1/1](92040/113215), loss: 1.6794, logits_loss: 1.6794, aux_loss: 0.0000, lr: 0.00000175, epoch_time: 12.0min
Epoch:[1/1](92060/113215), loss: 1.8255, logits_loss: 1.8255, aux_loss: 0.0000, lr: 0.00000175, epoch_time: 12.0min
Epoch:[1/1](92080/113215), loss: 1.5210, logits_loss: 1.5210, aux_loss: 0.0000, lr: 0.00000175, epoch_time: 12.0min
Epoch:[1/1](92100/113215), loss: 1.6651, logits_loss: 1.6651, aux_loss: 0.0000, lr: 0.00000175, epoch_time: 12.0min
Epoch:[1/1](92120/113215), loss: 1.5916, logits_loss: 1.5916, aux_loss: 0.0000, lr: 0.00000175, epoch_time: 12.0min
Epoch:[1/1](92140/113215), loss: 1.6655, logits_loss: 1.6655, aux_loss: 0.0000, lr: 0.00000175, epoch_time: 12.0min
Epoch:[1/1](92160/113215), loss: 1.6586, logits_loss: 1.6586, aux_loss: 0.0000, lr: 0.00000175, epoch_time: 12.0min
Epoch:[1/1](92180/113215), loss: 1.7631, logits_loss: 1.7631, aux_loss: 0.0000, lr: 0.00000175, epoch_time: 12.0min
Epoch:[1/1](92200/113215), loss: 1.7188, logits_loss: 1.7188, aux_loss: 0.0000, lr: 0.00000174, epoch_time: 12.0min
Epoch:[1/1](92220/113215), loss: 1.9546, logits_loss: 1.9546, aux_loss: 0.0000, lr: 0.00000174, epoch_time: 12.0min
Epoch:[1/1](92240/113215), loss: 1.8401, logits_loss: 1.8401, aux_loss: 0.0000, lr: 0.00000174, epoch_time: 12.0min
Epoch:[1/1](92260/113215), loss: 1.5940, logits_loss: 1.5940, aux_loss: 0.0000, lr: 0.00000174, epoch_time: 12.0min
Epoch:[1/1](92280/113215), loss: 1.5399, logits_loss: 1.5399, aux_loss: 0.0000, lr: 0.00000174, epoch_time: 12.0min
Epoch:[1/1](92300/113215), loss: 1.6210, logits_loss: 1.6210, aux_loss: 0.0000, lr: 0.00000174, epoch_time: 12.0min
Epoch:[1/1](92320/113215), loss: 1.9815, logits_loss: 1.9815, aux_loss: 0.0000, lr: 0.00000174, epoch_time: 12.0min
Epoch:[1/1](92340/113215), loss: 1.7852, logits_loss: 1.7852, aux_loss: 0.0000, lr: 0.00000173, epoch_time: 12.0min
Epoch:[1/1](92360/113215), loss: 1.7183, logits_loss: 1.7183, aux_loss: 0.0000, lr: 0.00000173, epoch_time: 12.0min
Epoch:[1/1](92380/113215), loss: 1.7526, logits_loss: 1.7526, aux_loss: 0.0000, lr: 0.00000173, epoch_time: 12.0min
Epoch:[1/1](92400/113215), loss: 1.5827, logits_loss: 1.5827, aux_loss: 0.0000, lr: 0.00000173, epoch_time: 12.0min
Epoch:[1/1](92420/113215), loss: 1.4800, logits_loss: 1.4800, aux_loss: 0.0000, lr: 0.00000173, epoch_time: 12.0min
Epoch:[1/1](92440/113215), loss: 1.7857, logits_loss: 1.7857, aux_loss: 0.0000, lr: 0.00000173, epoch_time: 12.0min
Epoch:[1/1](92460/113215), loss: 1.7024, logits_loss: 1.7024, aux_loss: 0.0000, lr: 0.00000173, epoch_time: 12.0min
Epoch:[1/1](92480/113215), loss: 1.8161, logits_loss: 1.8161, aux_loss: 0.0000, lr: 0.00000172, epoch_time: 12.0min
Epoch:[1/1](92500/113215), loss: 1.5909, logits_loss: 1.5909, aux_loss: 0.0000, lr: 0.00000172, epoch_time: 12.0min
Epoch:[1/1](92520/113215), loss: 1.7195, logits_loss: 1.7195, aux_loss: 0.0000, lr: 0.00000172, epoch_time: 12.0min
Epoch:[1/1](92540/113215), loss: 1.4830, logits_loss: 1.4830, aux_loss: 0.0000, lr: 0.00000172, epoch_time: 12.0min
Epoch:[1/1](92560/113215), loss: 1.5666, logits_loss: 1.5666, aux_loss: 0.0000, lr: 0.00000172, epoch_time: 12.0min
Epoch:[1/1](92580/113215), loss: 1.7945, logits_loss: 1.7945, aux_loss: 0.0000, lr: 0.00000172, epoch_time: 12.0min
Epoch:[1/1](92600/113215), loss: 1.6205, logits_loss: 1.6205, aux_loss: 0.0000, lr: 0.00000172, epoch_time: 12.0min
Epoch:[1/1](92620/113215), loss: 1.6282, logits_loss: 1.6282, aux_loss: 0.0000, lr: 0.00000172, epoch_time: 12.0min
Epoch:[1/1](92640/113215), loss: 1.7843, logits_loss: 1.7843, aux_loss: 0.0000, lr: 0.00000171, epoch_time: 12.0min
Epoch:[1/1](92660/113215), loss: 1.7398, logits_loss: 1.7398, aux_loss: 0.0000, lr: 0.00000171, epoch_time: 12.0min
Epoch:[1/1](92680/113215), loss: 1.7518, logits_loss: 1.7518, aux_loss: 0.0000, lr: 0.00000171, epoch_time: 11.0min
Epoch:[1/1](92700/113215), loss: 1.9027, logits_loss: 1.9027, aux_loss: 0.0000, lr: 0.00000171, epoch_time: 11.0min
Epoch:[1/1](92720/113215), loss: 1.8220, logits_loss: 1.8220, aux_loss: 0.0000, lr: 0.00000171, epoch_time: 11.0min
Epoch:[1/1](92740/113215), loss: 1.5195, logits_loss: 1.5195, aux_loss: 0.0000, lr: 0.00000171, epoch_time: 11.0min
Epoch:[1/1](92760/113215), loss: 1.7119, logits_loss: 1.7119, aux_loss: 0.0000, lr: 0.00000171, epoch_time: 11.0min
Epoch:[1/1](92780/113215), loss: 1.8465, logits_loss: 1.8465, aux_loss: 0.0000, lr: 0.00000170, epoch_time: 11.0min
Epoch:[1/1](92800/113215), loss: 1.7134, logits_loss: 1.7134, aux_loss: 0.0000, lr: 0.00000170, epoch_time: 11.0min
Epoch:[1/1](92820/113215), loss: 1.7939, logits_loss: 1.7939, aux_loss: 0.0000, lr: 0.00000170, epoch_time: 11.0min
Epoch:[1/1](92840/113215), loss: 1.7956, logits_loss: 1.7956, aux_loss: 0.0000, lr: 0.00000170, epoch_time: 11.0min
Epoch:[1/1](92860/113215), loss: 1.5050, logits_loss: 1.5050, aux_loss: 0.0000, lr: 0.00000170, epoch_time: 11.0min
Epoch:[1/1](92880/113215), loss: 1.7155, logits_loss: 1.7155, aux_loss: 0.0000, lr: 0.00000170, epoch_time: 11.0min
Epoch:[1/1](92900/113215), loss: 1.6296, logits_loss: 1.6296, aux_loss: 0.0000, lr: 0.00000170, epoch_time: 11.0min
Epoch:[1/1](92920/113215), loss: 2.1141, logits_loss: 2.1141, aux_loss: 0.0000, lr: 0.00000169, epoch_time: 11.0min
Epoch:[1/1](92940/113215), loss: 1.6696, logits_loss: 1.6696, aux_loss: 0.0000, lr: 0.00000169, epoch_time: 11.0min
Epoch:[1/1](92960/113215), loss: 1.6515, logits_loss: 1.6515, aux_loss: 0.0000, lr: 0.00000169, epoch_time: 11.0min
Epoch:[1/1](92980/113215), loss: 1.8212, logits_loss: 1.8212, aux_loss: 0.0000, lr: 0.00000169, epoch_time: 11.0min
Epoch:[1/1](93000/113215), loss: 1.3679, logits_loss: 1.3679, aux_loss: 0.0000, lr: 0.00000169, epoch_time: 11.0min
Epoch:[1/1](93020/113215), loss: 1.6987, logits_loss: 1.6987, aux_loss: 0.0000, lr: 0.00000169, epoch_time: 11.0min
Epoch:[1/1](93040/113215), loss: 1.5120, logits_loss: 1.5120, aux_loss: 0.0000, lr: 0.00000169, epoch_time: 11.0min
Epoch:[1/1](93060/113215), loss: 1.5184, logits_loss: 1.5184, aux_loss: 0.0000, lr: 0.00000169, epoch_time: 11.0min
Epoch:[1/1](93080/113215), loss: 1.8126, logits_loss: 1.8126, aux_loss: 0.0000, lr: 0.00000168, epoch_time: 11.0min
Epoch:[1/1](93100/113215), loss: 1.5393, logits_loss: 1.5393, aux_loss: 0.0000, lr: 0.00000168, epoch_time: 11.0min
Epoch:[1/1](93120/113215), loss: 1.7859, logits_loss: 1.7859, aux_loss: 0.0000, lr: 0.00000168, epoch_time: 11.0min
Epoch:[1/1](93140/113215), loss: 1.9838, logits_loss: 1.9838, aux_loss: 0.0000, lr: 0.00000168, epoch_time: 11.0min
Epoch:[1/1](93160/113215), loss: 1.8139, logits_loss: 1.8139, aux_loss: 0.0000, lr: 0.00000168, epoch_time: 11.0min
Epoch:[1/1](93180/113215), loss: 1.8334, logits_loss: 1.8334, aux_loss: 0.0000, lr: 0.00000168, epoch_time: 11.0min
Epoch:[1/1](93200/113215), loss: 1.5728, logits_loss: 1.5728, aux_loss: 0.0000, lr: 0.00000168, epoch_time: 11.0min
Epoch:[1/1](93220/113215), loss: 1.6954, logits_loss: 1.6954, aux_loss: 0.0000, lr: 0.00000168, epoch_time: 11.0min
Epoch:[1/1](93240/113215), loss: 1.5149, logits_loss: 1.5149, aux_loss: 0.0000, lr: 0.00000167, epoch_time: 11.0min
Epoch:[1/1](93260/113215), loss: 1.8981, logits_loss: 1.8981, aux_loss: 0.0000, lr: 0.00000167, epoch_time: 11.0min
Epoch:[1/1](93280/113215), loss: 1.5800, logits_loss: 1.5800, aux_loss: 0.0000, lr: 0.00000167, epoch_time: 11.0min
Epoch:[1/1](93300/113215), loss: 1.6733, logits_loss: 1.6733, aux_loss: 0.0000, lr: 0.00000167, epoch_time: 11.0min
Epoch:[1/1](93320/113215), loss: 1.7888, logits_loss: 1.7888, aux_loss: 0.0000, lr: 0.00000167, epoch_time: 11.0min
Epoch:[1/1](93340/113215), loss: 1.5105, logits_loss: 1.5105, aux_loss: 0.0000, lr: 0.00000167, epoch_time: 11.0min
Epoch:[1/1](93360/113215), loss: 1.6995, logits_loss: 1.6995, aux_loss: 0.0000, lr: 0.00000167, epoch_time: 11.0min
Epoch:[1/1](93380/113215), loss: 1.5913, logits_loss: 1.5913, aux_loss: 0.0000, lr: 0.00000166, epoch_time: 11.0min
Epoch:[1/1](93400/113215), loss: 1.5579, logits_loss: 1.5579, aux_loss: 0.0000, lr: 0.00000166, epoch_time: 11.0min
Epoch:[1/1](93420/113215), loss: 1.9441, logits_loss: 1.9441, aux_loss: 0.0000, lr: 0.00000166, epoch_time: 11.0min
Epoch:[1/1](93440/113215), loss: 1.6780, logits_loss: 1.6780, aux_loss: 0.0000, lr: 0.00000166, epoch_time: 11.0min
Epoch:[1/1](93460/113215), loss: 1.7757, logits_loss: 1.7757, aux_loss: 0.0000, lr: 0.00000166, epoch_time: 11.0min
Epoch:[1/1](93480/113215), loss: 1.6343, logits_loss: 1.6343, aux_loss: 0.0000, lr: 0.00000166, epoch_time: 11.0min
Epoch:[1/1](93500/113215), loss: 1.7715, logits_loss: 1.7715, aux_loss: 0.0000, lr: 0.00000166, epoch_time: 11.0min
Epoch:[1/1](93520/113215), loss: 1.6923, logits_loss: 1.6923, aux_loss: 0.0000, lr: 0.00000166, epoch_time: 11.0min
Epoch:[1/1](93540/113215), loss: 1.3860, logits_loss: 1.3860, aux_loss: 0.0000, lr: 0.00000165, epoch_time: 11.0min
Epoch:[1/1](93560/113215), loss: 1.7920, logits_loss: 1.7920, aux_loss: 0.0000, lr: 0.00000165, epoch_time: 11.0min
Epoch:[1/1](93580/113215), loss: 1.6386, logits_loss: 1.6386, aux_loss: 0.0000, lr: 0.00000165, epoch_time: 11.0min
Epoch:[1/1](93600/113215), loss: 1.7631, logits_loss: 1.7631, aux_loss: 0.0000, lr: 0.00000165, epoch_time: 11.0min
Epoch:[1/1](93620/113215), loss: 1.7842, logits_loss: 1.7842, aux_loss: 0.0000, lr: 0.00000165, epoch_time: 11.0min
Epoch:[1/1](93640/113215), loss: 1.7216, logits_loss: 1.7216, aux_loss: 0.0000, lr: 0.00000165, epoch_time: 11.0min
Epoch:[1/1](93660/113215), loss: 1.8146, logits_loss: 1.8146, aux_loss: 0.0000, lr: 0.00000165, epoch_time: 11.0min
Epoch:[1/1](93680/113215), loss: 2.2510, logits_loss: 2.2510, aux_loss: 0.0000, lr: 0.00000165, epoch_time: 11.0min
Epoch:[1/1](93700/113215), loss: 1.7941, logits_loss: 1.7941, aux_loss: 0.0000, lr: 0.00000164, epoch_time: 11.0min
Epoch:[1/1](93720/113215), loss: 1.8079, logits_loss: 1.8079, aux_loss: 0.0000, lr: 0.00000164, epoch_time: 11.0min
Epoch:[1/1](93740/113215), loss: 1.8348, logits_loss: 1.8348, aux_loss: 0.0000, lr: 0.00000164, epoch_time: 11.0min
Epoch:[1/1](93760/113215), loss: 1.6472, logits_loss: 1.6472, aux_loss: 0.0000, lr: 0.00000164, epoch_time: 11.0min
Epoch:[1/1](93780/113215), loss: 1.6239, logits_loss: 1.6239, aux_loss: 0.0000, lr: 0.00000164, epoch_time: 11.0min
Epoch:[1/1](93800/113215), loss: 1.9743, logits_loss: 1.9743, aux_loss: 0.0000, lr: 0.00000164, epoch_time: 11.0min
Epoch:[1/1](93820/113215), loss: 1.7333, logits_loss: 1.7333, aux_loss: 0.0000, lr: 0.00000164, epoch_time: 11.0min
Epoch:[1/1](93840/113215), loss: 2.0091, logits_loss: 2.0091, aux_loss: 0.0000, lr: 0.00000163, epoch_time: 11.0min
Epoch:[1/1](93860/113215), loss: 1.7321, logits_loss: 1.7321, aux_loss: 0.0000, lr: 0.00000163, epoch_time: 11.0min
Epoch:[1/1](93880/113215), loss: 1.7244, logits_loss: 1.7244, aux_loss: 0.0000, lr: 0.00000163, epoch_time: 11.0min
Epoch:[1/1](93900/113215), loss: 1.8132, logits_loss: 1.8132, aux_loss: 0.0000, lr: 0.00000163, epoch_time: 11.0min
Epoch:[1/1](93920/113215), loss: 1.8013, logits_loss: 1.8013, aux_loss: 0.0000, lr: 0.00000163, epoch_time: 11.0min
Epoch:[1/1](93940/113215), loss: 1.8009, logits_loss: 1.8009, aux_loss: 0.0000, lr: 0.00000163, epoch_time: 11.0min
Epoch:[1/1](93960/113215), loss: 1.8916, logits_loss: 1.8916, aux_loss: 0.0000, lr: 0.00000163, epoch_time: 11.0min
Epoch:[1/1](93980/113215), loss: 1.7557, logits_loss: 1.7557, aux_loss: 0.0000, lr: 0.00000163, epoch_time: 11.0min
Epoch:[1/1](94000/113215), loss: 1.9221, logits_loss: 1.9221, aux_loss: 0.0000, lr: 0.00000162, epoch_time: 11.0min
Epoch:[1/1](94020/113215), loss: 1.6715, logits_loss: 1.6715, aux_loss: 0.0000, lr: 0.00000162, epoch_time: 11.0min
Epoch:[1/1](94040/113215), loss: 1.6868, logits_loss: 1.6868, aux_loss: 0.0000, lr: 0.00000162, epoch_time: 11.0min
Epoch:[1/1](94060/113215), loss: 1.5558, logits_loss: 1.5558, aux_loss: 0.0000, lr: 0.00000162, epoch_time: 11.0min
Epoch:[1/1](94080/113215), loss: 1.7397, logits_loss: 1.7397, aux_loss: 0.0000, lr: 0.00000162, epoch_time: 11.0min
Epoch:[1/1](94100/113215), loss: 1.7060, logits_loss: 1.7060, aux_loss: 0.0000, lr: 0.00000162, epoch_time: 11.0min
Epoch:[1/1](94120/113215), loss: 1.5399, logits_loss: 1.5399, aux_loss: 0.0000, lr: 0.00000162, epoch_time: 11.0min
Epoch:[1/1](94140/113215), loss: 1.8232, logits_loss: 1.8232, aux_loss: 0.0000, lr: 0.00000162, epoch_time: 11.0min
Epoch:[1/1](94160/113215), loss: 1.9270, logits_loss: 1.9270, aux_loss: 0.0000, lr: 0.00000161, epoch_time: 11.0min
Epoch:[1/1](94180/113215), loss: 1.5406, logits_loss: 1.5406, aux_loss: 0.0000, lr: 0.00000161, epoch_time: 11.0min
Epoch:[1/1](94200/113215), loss: 1.7771, logits_loss: 1.7771, aux_loss: 0.0000, lr: 0.00000161, epoch_time: 11.0min
Epoch:[1/1](94220/113215), loss: 1.7130, logits_loss: 1.7130, aux_loss: 0.0000, lr: 0.00000161, epoch_time: 11.0min
Epoch:[1/1](94240/113215), loss: 1.9380, logits_loss: 1.9380, aux_loss: 0.0000, lr: 0.00000161, epoch_time: 11.0min
Epoch:[1/1](94260/113215), loss: 1.4517, logits_loss: 1.4517, aux_loss: 0.0000, lr: 0.00000161, epoch_time: 11.0min
Epoch:[1/1](94280/113215), loss: 1.7420, logits_loss: 1.7420, aux_loss: 0.0000, lr: 0.00000161, epoch_time: 11.0min
Epoch:[1/1](94300/113215), loss: 1.6152, logits_loss: 1.6152, aux_loss: 0.0000, lr: 0.00000161, epoch_time: 11.0min
Epoch:[1/1](94320/113215), loss: 2.0278, logits_loss: 2.0278, aux_loss: 0.0000, lr: 0.00000160, epoch_time: 11.0min
Epoch:[1/1](94340/113215), loss: 1.2592, logits_loss: 1.2592, aux_loss: 0.0000, lr: 0.00000160, epoch_time: 11.0min
Epoch:[1/1](94360/113215), loss: 1.7145, logits_loss: 1.7145, aux_loss: 0.0000, lr: 0.00000160, epoch_time: 11.0min
Epoch:[1/1](94380/113215), loss: 1.7252, logits_loss: 1.7252, aux_loss: 0.0000, lr: 0.00000160, epoch_time: 11.0min
Epoch:[1/1](94400/113215), loss: 1.7520, logits_loss: 1.7520, aux_loss: 0.0000, lr: 0.00000160, epoch_time: 10.0min
Epoch:[1/1](94420/113215), loss: 1.9602, logits_loss: 1.9602, aux_loss: 0.0000, lr: 0.00000160, epoch_time: 10.0min
Epoch:[1/1](94440/113215), loss: 1.6932, logits_loss: 1.6932, aux_loss: 0.0000, lr: 0.00000160, epoch_time: 10.0min
Epoch:[1/1](94460/113215), loss: 1.3722, logits_loss: 1.3722, aux_loss: 0.0000, lr: 0.00000160, epoch_time: 10.0min
Epoch:[1/1](94480/113215), loss: 1.7142, logits_loss: 1.7142, aux_loss: 0.0000, lr: 0.00000159, epoch_time: 10.0min
Epoch:[1/1](94500/113215), loss: 1.6067, logits_loss: 1.6067, aux_loss: 0.0000, lr: 0.00000159, epoch_time: 10.0min
Epoch:[1/1](94520/113215), loss: 1.8201, logits_loss: 1.8201, aux_loss: 0.0000, lr: 0.00000159, epoch_time: 10.0min
Epoch:[1/1](94540/113215), loss: 1.7188, logits_loss: 1.7188, aux_loss: 0.0000, lr: 0.00000159, epoch_time: 10.0min
Epoch:[1/1](94560/113215), loss: 1.8441, logits_loss: 1.8441, aux_loss: 0.0000, lr: 0.00000159, epoch_time: 10.0min
Epoch:[1/1](94580/113215), loss: 1.6305, logits_loss: 1.6305, aux_loss: 0.0000, lr: 0.00000159, epoch_time: 10.0min
Epoch:[1/1](94600/113215), loss: 1.6658, logits_loss: 1.6658, aux_loss: 0.0000, lr: 0.00000159, epoch_time: 10.0min
Epoch:[1/1](94620/113215), loss: 1.8302, logits_loss: 1.8302, aux_loss: 0.0000, lr: 0.00000159, epoch_time: 10.0min
Epoch:[1/1](94640/113215), loss: 1.7266, logits_loss: 1.7266, aux_loss: 0.0000, lr: 0.00000158, epoch_time: 10.0min
Epoch:[1/1](94660/113215), loss: 1.8272, logits_loss: 1.8272, aux_loss: 0.0000, lr: 0.00000158, epoch_time: 10.0min
Epoch:[1/1](94680/113215), loss: 1.6998, logits_loss: 1.6998, aux_loss: 0.0000, lr: 0.00000158, epoch_time: 10.0min
Epoch:[1/1](94700/113215), loss: 1.6514, logits_loss: 1.6514, aux_loss: 0.0000, lr: 0.00000158, epoch_time: 10.0min
Epoch:[1/1](94720/113215), loss: 1.5609, logits_loss: 1.5609, aux_loss: 0.0000, lr: 0.00000158, epoch_time: 10.0min
Epoch:[1/1](94740/113215), loss: 1.6627, logits_loss: 1.6627, aux_loss: 0.0000, lr: 0.00000158, epoch_time: 10.0min
Epoch:[1/1](94760/113215), loss: 1.7211, logits_loss: 1.7211, aux_loss: 0.0000, lr: 0.00000158, epoch_time: 10.0min
Epoch:[1/1](94780/113215), loss: 2.1425, logits_loss: 2.1425, aux_loss: 0.0000, lr: 0.00000158, epoch_time: 10.0min
Epoch:[1/1](94800/113215), loss: 1.7958, logits_loss: 1.7958, aux_loss: 0.0000, lr: 0.00000157, epoch_time: 10.0min
Epoch:[1/1](94820/113215), loss: 1.8303, logits_loss: 1.8303, aux_loss: 0.0000, lr: 0.00000157, epoch_time: 10.0min
Epoch:[1/1](94840/113215), loss: 1.6745, logits_loss: 1.6745, aux_loss: 0.0000, lr: 0.00000157, epoch_time: 10.0min
Epoch:[1/1](94860/113215), loss: 1.5112, logits_loss: 1.5112, aux_loss: 0.0000, lr: 0.00000157, epoch_time: 10.0min
Epoch:[1/1](94880/113215), loss: 2.0534, logits_loss: 2.0534, aux_loss: 0.0000, lr: 0.00000157, epoch_time: 10.0min
Epoch:[1/1](94900/113215), loss: 1.7784, logits_loss: 1.7784, aux_loss: 0.0000, lr: 0.00000157, epoch_time: 10.0min
Epoch:[1/1](94920/113215), loss: 1.6890, logits_loss: 1.6890, aux_loss: 0.0000, lr: 0.00000157, epoch_time: 10.0min
Epoch:[1/1](94940/113215), loss: 1.5179, logits_loss: 1.5179, aux_loss: 0.0000, lr: 0.00000157, epoch_time: 10.0min
Epoch:[1/1](94960/113215), loss: 1.7761, logits_loss: 1.7761, aux_loss: 0.0000, lr: 0.00000157, epoch_time: 10.0min
Epoch:[1/1](94980/113215), loss: 1.5426, logits_loss: 1.5426, aux_loss: 0.0000, lr: 0.00000156, epoch_time: 10.0min
Epoch:[1/1](95000/113215), loss: 1.7468, logits_loss: 1.7468, aux_loss: 0.0000, lr: 0.00000156, epoch_time: 10.0min
Epoch:[1/1](95020/113215), loss: 1.6942, logits_loss: 1.6942, aux_loss: 0.0000, lr: 0.00000156, epoch_time: 10.0min
Epoch:[1/1](95040/113215), loss: 1.5179, logits_loss: 1.5179, aux_loss: 0.0000, lr: 0.00000156, epoch_time: 10.0min
Epoch:[1/1](95060/113215), loss: 1.9086, logits_loss: 1.9086, aux_loss: 0.0000, lr: 0.00000156, epoch_time: 10.0min
Epoch:[1/1](95080/113215), loss: 1.5878, logits_loss: 1.5878, aux_loss: 0.0000, lr: 0.00000156, epoch_time: 10.0min
Epoch:[1/1](95100/113215), loss: 1.6104, logits_loss: 1.6104, aux_loss: 0.0000, lr: 0.00000156, epoch_time: 10.0min
Epoch:[1/1](95120/113215), loss: 1.8626, logits_loss: 1.8626, aux_loss: 0.0000, lr: 0.00000156, epoch_time: 10.0min
Epoch:[1/1](95140/113215), loss: 1.8746, logits_loss: 1.8746, aux_loss: 0.0000, lr: 0.00000155, epoch_time: 10.0min
Epoch:[1/1](95160/113215), loss: 1.5601, logits_loss: 1.5601, aux_loss: 0.0000, lr: 0.00000155, epoch_time: 10.0min
Epoch:[1/1](95180/113215), loss: 1.3998, logits_loss: 1.3998, aux_loss: 0.0000, lr: 0.00000155, epoch_time: 10.0min
Epoch:[1/1](95200/113215), loss: 1.6110, logits_loss: 1.6110, aux_loss: 0.0000, lr: 0.00000155, epoch_time: 10.0min
Epoch:[1/1](95220/113215), loss: 1.5036, logits_loss: 1.5036, aux_loss: 0.0000, lr: 0.00000155, epoch_time: 10.0min
Epoch:[1/1](95240/113215), loss: 1.7030, logits_loss: 1.7030, aux_loss: 0.0000, lr: 0.00000155, epoch_time: 10.0min
Epoch:[1/1](95260/113215), loss: 1.7071, logits_loss: 1.7071, aux_loss: 0.0000, lr: 0.00000155, epoch_time: 10.0min
Epoch:[1/1](95280/113215), loss: 1.6186, logits_loss: 1.6186, aux_loss: 0.0000, lr: 0.00000155, epoch_time: 10.0min
Epoch:[1/1](95300/113215), loss: 1.6602, logits_loss: 1.6602, aux_loss: 0.0000, lr: 0.00000154, epoch_time: 10.0min
Epoch:[1/1](95320/113215), loss: 1.7376, logits_loss: 1.7376, aux_loss: 0.0000, lr: 0.00000154, epoch_time: 10.0min
Epoch:[1/1](95340/113215), loss: 1.6998, logits_loss: 1.6998, aux_loss: 0.0000, lr: 0.00000154, epoch_time: 10.0min
Epoch:[1/1](95360/113215), loss: 1.5292, logits_loss: 1.5292, aux_loss: 0.0000, lr: 0.00000154, epoch_time: 10.0min
Epoch:[1/1](95380/113215), loss: 1.6972, logits_loss: 1.6972, aux_loss: 0.0000, lr: 0.00000154, epoch_time: 10.0min
Epoch:[1/1](95400/113215), loss: 1.7768, logits_loss: 1.7768, aux_loss: 0.0000, lr: 0.00000154, epoch_time: 10.0min
Epoch:[1/1](95420/113215), loss: 1.6485, logits_loss: 1.6485, aux_loss: 0.0000, lr: 0.00000154, epoch_time: 10.0min
Epoch:[1/1](95440/113215), loss: 1.9584, logits_loss: 1.9584, aux_loss: 0.0000, lr: 0.00000154, epoch_time: 10.0min
Epoch:[1/1](95460/113215), loss: 1.3178, logits_loss: 1.3178, aux_loss: 0.0000, lr: 0.00000154, epoch_time: 10.0min
Epoch:[1/1](95480/113215), loss: 1.9361, logits_loss: 1.9361, aux_loss: 0.0000, lr: 0.00000153, epoch_time: 10.0min
Epoch:[1/1](95500/113215), loss: 1.5460, logits_loss: 1.5460, aux_loss: 0.0000, lr: 0.00000153, epoch_time: 10.0min
Epoch:[1/1](95520/113215), loss: 1.7736, logits_loss: 1.7736, aux_loss: 0.0000, lr: 0.00000153, epoch_time: 10.0min
Epoch:[1/1](95540/113215), loss: 1.4492, logits_loss: 1.4492, aux_loss: 0.0000, lr: 0.00000153, epoch_time: 10.0min
Epoch:[1/1](95560/113215), loss: 1.8218, logits_loss: 1.8218, aux_loss: 0.0000, lr: 0.00000153, epoch_time: 10.0min
Epoch:[1/1](95580/113215), loss: 1.7100, logits_loss: 1.7100, aux_loss: 0.0000, lr: 0.00000153, epoch_time: 10.0min
Epoch:[1/1](95600/113215), loss: 1.5765, logits_loss: 1.5765, aux_loss: 0.0000, lr: 0.00000153, epoch_time: 10.0min
Epoch:[1/1](95620/113215), loss: 1.7778, logits_loss: 1.7778, aux_loss: 0.0000, lr: 0.00000153, epoch_time: 10.0min
Epoch:[1/1](95640/113215), loss: 1.6942, logits_loss: 1.6942, aux_loss: 0.0000, lr: 0.00000152, epoch_time: 10.0min
Epoch:[1/1](95660/113215), loss: 1.7288, logits_loss: 1.7288, aux_loss: 0.0000, lr: 0.00000152, epoch_time: 10.0min
Epoch:[1/1](95680/113215), loss: 1.5693, logits_loss: 1.5693, aux_loss: 0.0000, lr: 0.00000152, epoch_time: 10.0min
Epoch:[1/1](95700/113215), loss: 1.6522, logits_loss: 1.6522, aux_loss: 0.0000, lr: 0.00000152, epoch_time: 10.0min
Epoch:[1/1](95720/113215), loss: 1.8832, logits_loss: 1.8832, aux_loss: 0.0000, lr: 0.00000152, epoch_time: 10.0min
Epoch:[1/1](95740/113215), loss: 1.8477, logits_loss: 1.8477, aux_loss: 0.0000, lr: 0.00000152, epoch_time: 10.0min
Epoch:[1/1](95760/113215), loss: 1.8359, logits_loss: 1.8359, aux_loss: 0.0000, lr: 0.00000152, epoch_time: 10.0min
Epoch:[1/1](95780/113215), loss: 1.7127, logits_loss: 1.7127, aux_loss: 0.0000, lr: 0.00000152, epoch_time: 10.0min
Epoch:[1/1](95800/113215), loss: 1.6495, logits_loss: 1.6495, aux_loss: 0.0000, lr: 0.00000152, epoch_time: 10.0min
Epoch:[1/1](95820/113215), loss: 1.6602, logits_loss: 1.6602, aux_loss: 0.0000, lr: 0.00000151, epoch_time: 10.0min
Epoch:[1/1](95840/113215), loss: 1.6793, logits_loss: 1.6793, aux_loss: 0.0000, lr: 0.00000151, epoch_time: 10.0min
Epoch:[1/1](95860/113215), loss: 1.7159, logits_loss: 1.7159, aux_loss: 0.0000, lr: 0.00000151, epoch_time: 10.0min
Epoch:[1/1](95880/113215), loss: 1.7117, logits_loss: 1.7117, aux_loss: 0.0000, lr: 0.00000151, epoch_time: 10.0min
Epoch:[1/1](95900/113215), loss: 1.9673, logits_loss: 1.9673, aux_loss: 0.0000, lr: 0.00000151, epoch_time: 10.0min
Epoch:[1/1](95920/113215), loss: 2.0219, logits_loss: 2.0219, aux_loss: 0.0000, lr: 0.00000151, epoch_time: 10.0min
Epoch:[1/1](95940/113215), loss: 1.9412, logits_loss: 1.9412, aux_loss: 0.0000, lr: 0.00000151, epoch_time: 10.0min
Epoch:[1/1](95960/113215), loss: 1.5986, logits_loss: 1.5986, aux_loss: 0.0000, lr: 0.00000151, epoch_time: 10.0min
Epoch:[1/1](95980/113215), loss: 1.9082, logits_loss: 1.9082, aux_loss: 0.0000, lr: 0.00000150, epoch_time: 10.0min
Epoch:[1/1](96000/113215), loss: 1.9335, logits_loss: 1.9335, aux_loss: 0.0000, lr: 0.00000150, epoch_time: 10.0min
Epoch:[1/1](96020/113215), loss: 1.7508, logits_loss: 1.7508, aux_loss: 0.0000, lr: 0.00000150, epoch_time: 10.0min
Epoch:[1/1](96040/113215), loss: 1.6699, logits_loss: 1.6699, aux_loss: 0.0000, lr: 0.00000150, epoch_time: 10.0min
Epoch:[1/1](96060/113215), loss: 1.5907, logits_loss: 1.5907, aux_loss: 0.0000, lr: 0.00000150, epoch_time: 10.0min
Epoch:[1/1](96080/113215), loss: 1.9069, logits_loss: 1.9069, aux_loss: 0.0000, lr: 0.00000150, epoch_time: 10.0min
Epoch:[1/1](96100/113215), loss: 1.5939, logits_loss: 1.5939, aux_loss: 0.0000, lr: 0.00000150, epoch_time: 9.0min
Epoch:[1/1](96120/113215), loss: 1.4589, logits_loss: 1.4589, aux_loss: 0.0000, lr: 0.00000150, epoch_time: 9.0min
Epoch:[1/1](96140/113215), loss: 1.9377, logits_loss: 1.9377, aux_loss: 0.0000, lr: 0.00000150, epoch_time: 9.0min
Epoch:[1/1](96160/113215), loss: 1.7009, logits_loss: 1.7009, aux_loss: 0.0000, lr: 0.00000149, epoch_time: 9.0min
Epoch:[1/1](96180/113215), loss: 1.6400, logits_loss: 1.6400, aux_loss: 0.0000, lr: 0.00000149, epoch_time: 9.0min
Epoch:[1/1](96200/113215), loss: 1.8514, logits_loss: 1.8514, aux_loss: 0.0000, lr: 0.00000149, epoch_time: 9.0min
Epoch:[1/1](96220/113215), loss: 1.7421, logits_loss: 1.7421, aux_loss: 0.0000, lr: 0.00000149, epoch_time: 9.0min
Epoch:[1/1](96240/113215), loss: 1.7202, logits_loss: 1.7202, aux_loss: 0.0000, lr: 0.00000149, epoch_time: 9.0min
Epoch:[1/1](96260/113215), loss: 1.5900, logits_loss: 1.5900, aux_loss: 0.0000, lr: 0.00000149, epoch_time: 9.0min
Epoch:[1/1](96280/113215), loss: 1.8604, logits_loss: 1.8604, aux_loss: 0.0000, lr: 0.00000149, epoch_time: 9.0min
Epoch:[1/1](96300/113215), loss: 1.6186, logits_loss: 1.6186, aux_loss: 0.0000, lr: 0.00000149, epoch_time: 9.0min
Epoch:[1/1](96320/113215), loss: 1.9809, logits_loss: 1.9809, aux_loss: 0.0000, lr: 0.00000149, epoch_time: 9.0min
Epoch:[1/1](96340/113215), loss: 1.8182, logits_loss: 1.8182, aux_loss: 0.0000, lr: 0.00000148, epoch_time: 9.0min
Epoch:[1/1](96360/113215), loss: 1.6388, logits_loss: 1.6388, aux_loss: 0.0000, lr: 0.00000148, epoch_time: 9.0min
Epoch:[1/1](96380/113215), loss: 1.5636, logits_loss: 1.5636, aux_loss: 0.0000, lr: 0.00000148, epoch_time: 9.0min
Epoch:[1/1](96400/113215), loss: 1.7250, logits_loss: 1.7250, aux_loss: 0.0000, lr: 0.00000148, epoch_time: 9.0min
Epoch:[1/1](96420/113215), loss: 1.8942, logits_loss: 1.8942, aux_loss: 0.0000, lr: 0.00000148, epoch_time: 9.0min
Epoch:[1/1](96440/113215), loss: 1.3037, logits_loss: 1.3037, aux_loss: 0.0000, lr: 0.00000148, epoch_time: 9.0min
Epoch:[1/1](96460/113215), loss: 1.5766, logits_loss: 1.5766, aux_loss: 0.0000, lr: 0.00000148, epoch_time: 9.0min
Epoch:[1/1](96480/113215), loss: 1.7214, logits_loss: 1.7214, aux_loss: 0.0000, lr: 0.00000148, epoch_time: 9.0min
Epoch:[1/1](96500/113215), loss: 1.5652, logits_loss: 1.5652, aux_loss: 0.0000, lr: 0.00000148, epoch_time: 9.0min
Epoch:[1/1](96520/113215), loss: 1.7923, logits_loss: 1.7923, aux_loss: 0.0000, lr: 0.00000147, epoch_time: 9.0min
Epoch:[1/1](96540/113215), loss: 1.6892, logits_loss: 1.6892, aux_loss: 0.0000, lr: 0.00000147, epoch_time: 9.0min
Epoch:[1/1](96560/113215), loss: 1.5662, logits_loss: 1.5662, aux_loss: 0.0000, lr: 0.00000147, epoch_time: 9.0min
Epoch:[1/1](96580/113215), loss: 1.7875, logits_loss: 1.7875, aux_loss: 0.0000, lr: 0.00000147, epoch_time: 9.0min
Epoch:[1/1](96600/113215), loss: 1.6782, logits_loss: 1.6782, aux_loss: 0.0000, lr: 0.00000147, epoch_time: 9.0min
Epoch:[1/1](96620/113215), loss: 1.6236, logits_loss: 1.6236, aux_loss: 0.0000, lr: 0.00000147, epoch_time: 9.0min
Epoch:[1/1](96640/113215), loss: 1.6801, logits_loss: 1.6801, aux_loss: 0.0000, lr: 0.00000147, epoch_time: 9.0min
Epoch:[1/1](96660/113215), loss: 1.9088, logits_loss: 1.9088, aux_loss: 0.0000, lr: 0.00000147, epoch_time: 9.0min
Epoch:[1/1](96680/113215), loss: 1.7734, logits_loss: 1.7734, aux_loss: 0.0000, lr: 0.00000147, epoch_time: 9.0min
Epoch:[1/1](96700/113215), loss: 1.5379, logits_loss: 1.5379, aux_loss: 0.0000, lr: 0.00000146, epoch_time: 9.0min
Epoch:[1/1](96720/113215), loss: 1.8093, logits_loss: 1.8093, aux_loss: 0.0000, lr: 0.00000146, epoch_time: 9.0min
Epoch:[1/1](96740/113215), loss: 1.7126, logits_loss: 1.7126, aux_loss: 0.0000, lr: 0.00000146, epoch_time: 9.0min
Epoch:[1/1](96760/113215), loss: 1.3696, logits_loss: 1.3696, aux_loss: 0.0000, lr: 0.00000146, epoch_time: 9.0min
Epoch:[1/1](96780/113215), loss: 1.9465, logits_loss: 1.9465, aux_loss: 0.0000, lr: 0.00000146, epoch_time: 9.0min
Epoch:[1/1](96800/113215), loss: 1.7848, logits_loss: 1.7848, aux_loss: 0.0000, lr: 0.00000146, epoch_time: 9.0min
Epoch:[1/1](96820/113215), loss: 1.5576, logits_loss: 1.5576, aux_loss: 0.0000, lr: 0.00000146, epoch_time: 9.0min
Epoch:[1/1](96840/113215), loss: 1.5714, logits_loss: 1.5714, aux_loss: 0.0000, lr: 0.00000146, epoch_time: 9.0min
Epoch:[1/1](96860/113215), loss: 1.6869, logits_loss: 1.6869, aux_loss: 0.0000, lr: 0.00000146, epoch_time: 9.0min
Epoch:[1/1](96880/113215), loss: 1.5667, logits_loss: 1.5667, aux_loss: 0.0000, lr: 0.00000145, epoch_time: 9.0min
Epoch:[1/1](96900/113215), loss: 1.9056, logits_loss: 1.9056, aux_loss: 0.0000, lr: 0.00000145, epoch_time: 9.0min
Epoch:[1/1](96920/113215), loss: 1.9378, logits_loss: 1.9378, aux_loss: 0.0000, lr: 0.00000145, epoch_time: 9.0min
Epoch:[1/1](96940/113215), loss: 1.9486, logits_loss: 1.9486, aux_loss: 0.0000, lr: 0.00000145, epoch_time: 9.0min
Epoch:[1/1](96960/113215), loss: 1.4787, logits_loss: 1.4787, aux_loss: 0.0000, lr: 0.00000145, epoch_time: 9.0min
Epoch:[1/1](96980/113215), loss: 1.4979, logits_loss: 1.4979, aux_loss: 0.0000, lr: 0.00000145, epoch_time: 9.0min
Epoch:[1/1](97000/113215), loss: 1.4915, logits_loss: 1.4915, aux_loss: 0.0000, lr: 0.00000145, epoch_time: 9.0min
Epoch:[1/1](97020/113215), loss: 1.7315, logits_loss: 1.7315, aux_loss: 0.0000, lr: 0.00000145, epoch_time: 9.0min
Epoch:[1/1](97040/113215), loss: 1.2643, logits_loss: 1.2643, aux_loss: 0.0000, lr: 0.00000145, epoch_time: 9.0min
Epoch:[1/1](97060/113215), loss: 1.7259, logits_loss: 1.7259, aux_loss: 0.0000, lr: 0.00000144, epoch_time: 9.0min
Epoch:[1/1](97080/113215), loss: 1.6851, logits_loss: 1.6851, aux_loss: 0.0000, lr: 0.00000144, epoch_time: 9.0min
Epoch:[1/1](97100/113215), loss: 1.5929, logits_loss: 1.5929, aux_loss: 0.0000, lr: 0.00000144, epoch_time: 9.0min
Epoch:[1/1](97120/113215), loss: 1.8627, logits_loss: 1.8627, aux_loss: 0.0000, lr: 0.00000144, epoch_time: 9.0min
Epoch:[1/1](97140/113215), loss: 1.7503, logits_loss: 1.7503, aux_loss: 0.0000, lr: 0.00000144, epoch_time: 9.0min
Epoch:[1/1](97160/113215), loss: 1.8588, logits_loss: 1.8588, aux_loss: 0.0000, lr: 0.00000144, epoch_time: 9.0min
Epoch:[1/1](97180/113215), loss: 1.7071, logits_loss: 1.7071, aux_loss: 0.0000, lr: 0.00000144, epoch_time: 9.0min
Epoch:[1/1](97200/113215), loss: 1.7287, logits_loss: 1.7287, aux_loss: 0.0000, lr: 0.00000144, epoch_time: 9.0min
Epoch:[1/1](97220/113215), loss: 1.7106, logits_loss: 1.7106, aux_loss: 0.0000, lr: 0.00000144, epoch_time: 9.0min
Epoch:[1/1](97240/113215), loss: 1.6809, logits_loss: 1.6809, aux_loss: 0.0000, lr: 0.00000143, epoch_time: 9.0min
Epoch:[1/1](97260/113215), loss: 1.8060, logits_loss: 1.8060, aux_loss: 0.0000, lr: 0.00000143, epoch_time: 9.0min
Epoch:[1/1](97280/113215), loss: 1.6782, logits_loss: 1.6782, aux_loss: 0.0000, lr: 0.00000143, epoch_time: 9.0min
Epoch:[1/1](97300/113215), loss: 2.0648, logits_loss: 2.0648, aux_loss: 0.0000, lr: 0.00000143, epoch_time: 9.0min
Epoch:[1/1](97320/113215), loss: 1.7559, logits_loss: 1.7559, aux_loss: 0.0000, lr: 0.00000143, epoch_time: 9.0min
Epoch:[1/1](97340/113215), loss: 1.6992, logits_loss: 1.6992, aux_loss: 0.0000, lr: 0.00000143, epoch_time: 9.0min
Epoch:[1/1](97360/113215), loss: 1.6233, logits_loss: 1.6233, aux_loss: 0.0000, lr: 0.00000143, epoch_time: 9.0min
Epoch:[1/1](97380/113215), loss: 2.0170, logits_loss: 2.0170, aux_loss: 0.0000, lr: 0.00000143, epoch_time: 9.0min
Epoch:[1/1](97400/113215), loss: 1.4952, logits_loss: 1.4952, aux_loss: 0.0000, lr: 0.00000143, epoch_time: 9.0min
Epoch:[1/1](97420/113215), loss: 1.7380, logits_loss: 1.7380, aux_loss: 0.0000, lr: 0.00000143, epoch_time: 9.0min
Epoch:[1/1](97440/113215), loss: 1.6964, logits_loss: 1.6964, aux_loss: 0.0000, lr: 0.00000142, epoch_time: 9.0min
Epoch:[1/1](97460/113215), loss: 1.5874, logits_loss: 1.5874, aux_loss: 0.0000, lr: 0.00000142, epoch_time: 9.0min
Epoch:[1/1](97480/113215), loss: 1.5744, logits_loss: 1.5744, aux_loss: 0.0000, lr: 0.00000142, epoch_time: 9.0min
Epoch:[1/1](97500/113215), loss: 2.0583, logits_loss: 2.0583, aux_loss: 0.0000, lr: 0.00000142, epoch_time: 9.0min
Epoch:[1/1](97520/113215), loss: 1.7553, logits_loss: 1.7553, aux_loss: 0.0000, lr: 0.00000142, epoch_time: 9.0min
Epoch:[1/1](97540/113215), loss: 1.8947, logits_loss: 1.8947, aux_loss: 0.0000, lr: 0.00000142, epoch_time: 9.0min
Epoch:[1/1](97560/113215), loss: 1.5470, logits_loss: 1.5470, aux_loss: 0.0000, lr: 0.00000142, epoch_time: 9.0min
Epoch:[1/1](97580/113215), loss: 1.8346, logits_loss: 1.8346, aux_loss: 0.0000, lr: 0.00000142, epoch_time: 9.0min
Epoch:[1/1](97600/113215), loss: 1.6858, logits_loss: 1.6858, aux_loss: 0.0000, lr: 0.00000142, epoch_time: 9.0min
Epoch:[1/1](97620/113215), loss: 2.0222, logits_loss: 2.0222, aux_loss: 0.0000, lr: 0.00000141, epoch_time: 9.0min
Epoch:[1/1](97640/113215), loss: 1.7690, logits_loss: 1.7690, aux_loss: 0.0000, lr: 0.00000141, epoch_time: 9.0min
Epoch:[1/1](97660/113215), loss: 1.6386, logits_loss: 1.6386, aux_loss: 0.0000, lr: 0.00000141, epoch_time: 9.0min
Epoch:[1/1](97680/113215), loss: 1.7245, logits_loss: 1.7245, aux_loss: 0.0000, lr: 0.00000141, epoch_time: 9.0min
Epoch:[1/1](97700/113215), loss: 1.8733, logits_loss: 1.8733, aux_loss: 0.0000, lr: 0.00000141, epoch_time: 9.0min
Epoch:[1/1](97720/113215), loss: 1.6242, logits_loss: 1.6242, aux_loss: 0.0000, lr: 0.00000141, epoch_time: 9.0min
Epoch:[1/1](97740/113215), loss: 1.7379, logits_loss: 1.7379, aux_loss: 0.0000, lr: 0.00000141, epoch_time: 9.0min
Epoch:[1/1](97760/113215), loss: 1.7595, logits_loss: 1.7595, aux_loss: 0.0000, lr: 0.00000141, epoch_time: 9.0min
Epoch:[1/1](97780/113215), loss: 1.7324, logits_loss: 1.7324, aux_loss: 0.0000, lr: 0.00000141, epoch_time: 9.0min
Epoch:[1/1](97800/113215), loss: 1.6394, logits_loss: 1.6394, aux_loss: 0.0000, lr: 0.00000141, epoch_time: 8.0min
Epoch:[1/1](97820/113215), loss: 1.4138, logits_loss: 1.4138, aux_loss: 0.0000, lr: 0.00000140, epoch_time: 8.0min
Epoch:[1/1](97840/113215), loss: 1.7156, logits_loss: 1.7156, aux_loss: 0.0000, lr: 0.00000140, epoch_time: 8.0min
Epoch:[1/1](97860/113215), loss: 1.6228, logits_loss: 1.6228, aux_loss: 0.0000, lr: 0.00000140, epoch_time: 8.0min
Epoch:[1/1](97880/113215), loss: 2.0915, logits_loss: 2.0915, aux_loss: 0.0000, lr: 0.00000140, epoch_time: 8.0min
Epoch:[1/1](97900/113215), loss: 1.7814, logits_loss: 1.7814, aux_loss: 0.0000, lr: 0.00000140, epoch_time: 8.0min
Epoch:[1/1](97920/113215), loss: 1.6381, logits_loss: 1.6381, aux_loss: 0.0000, lr: 0.00000140, epoch_time: 8.0min
Epoch:[1/1](97940/113215), loss: 1.8251, logits_loss: 1.8251, aux_loss: 0.0000, lr: 0.00000140, epoch_time: 8.0min
Epoch:[1/1](97960/113215), loss: 1.6394, logits_loss: 1.6394, aux_loss: 0.0000, lr: 0.00000140, epoch_time: 8.0min
Epoch:[1/1](97980/113215), loss: 1.6490, logits_loss: 1.6490, aux_loss: 0.0000, lr: 0.00000140, epoch_time: 8.0min
Epoch:[1/1](98000/113215), loss: 1.4962, logits_loss: 1.4962, aux_loss: 0.0000, lr: 0.00000140, epoch_time: 8.0min
Epoch:[1/1](98020/113215), loss: 1.6627, logits_loss: 1.6627, aux_loss: 0.0000, lr: 0.00000139, epoch_time: 8.0min
Epoch:[1/1](98040/113215), loss: 1.3316, logits_loss: 1.3316, aux_loss: 0.0000, lr: 0.00000139, epoch_time: 8.0min
Epoch:[1/1](98060/113215), loss: 2.0151, logits_loss: 2.0151, aux_loss: 0.0000, lr: 0.00000139, epoch_time: 8.0min
Epoch:[1/1](98080/113215), loss: 1.7205, logits_loss: 1.7205, aux_loss: 0.0000, lr: 0.00000139, epoch_time: 8.0min
Epoch:[1/1](98100/113215), loss: 1.9339, logits_loss: 1.9339, aux_loss: 0.0000, lr: 0.00000139, epoch_time: 8.0min
Epoch:[1/1](98120/113215), loss: 1.5434, logits_loss: 1.5434, aux_loss: 0.0000, lr: 0.00000139, epoch_time: 8.0min
Epoch:[1/1](98140/113215), loss: 1.7433, logits_loss: 1.7433, aux_loss: 0.0000, lr: 0.00000139, epoch_time: 8.0min
Epoch:[1/1](98160/113215), loss: 1.7625, logits_loss: 1.7625, aux_loss: 0.0000, lr: 0.00000139, epoch_time: 8.0min
Epoch:[1/1](98180/113215), loss: 1.6769, logits_loss: 1.6769, aux_loss: 0.0000, lr: 0.00000139, epoch_time: 8.0min
Epoch:[1/1](98200/113215), loss: 1.7515, logits_loss: 1.7515, aux_loss: 0.0000, lr: 0.00000138, epoch_time: 8.0min
Epoch:[1/1](98220/113215), loss: 1.3134, logits_loss: 1.3134, aux_loss: 0.0000, lr: 0.00000138, epoch_time: 8.0min
Epoch:[1/1](98240/113215), loss: 1.9748, logits_loss: 1.9748, aux_loss: 0.0000, lr: 0.00000138, epoch_time: 8.0min
Epoch:[1/1](98260/113215), loss: 1.4687, logits_loss: 1.4687, aux_loss: 0.0000, lr: 0.00000138, epoch_time: 8.0min
Epoch:[1/1](98280/113215), loss: 1.5051, logits_loss: 1.5051, aux_loss: 0.0000, lr: 0.00000138, epoch_time: 8.0min
Epoch:[1/1](98300/113215), loss: 1.6174, logits_loss: 1.6174, aux_loss: 0.0000, lr: 0.00000138, epoch_time: 8.0min
Epoch:[1/1](98320/113215), loss: 1.6926, logits_loss: 1.6926, aux_loss: 0.0000, lr: 0.00000138, epoch_time: 8.0min
Epoch:[1/1](98340/113215), loss: 1.6766, logits_loss: 1.6766, aux_loss: 0.0000, lr: 0.00000138, epoch_time: 8.0min
Epoch:[1/1](98360/113215), loss: 1.6128, logits_loss: 1.6128, aux_loss: 0.0000, lr: 0.00000138, epoch_time: 8.0min
Epoch:[1/1](98380/113215), loss: 1.6156, logits_loss: 1.6156, aux_loss: 0.0000, lr: 0.00000138, epoch_time: 8.0min
Epoch:[1/1](98400/113215), loss: 1.7081, logits_loss: 1.7081, aux_loss: 0.0000, lr: 0.00000137, epoch_time: 8.0min
Epoch:[1/1](98420/113215), loss: 1.8758, logits_loss: 1.8758, aux_loss: 0.0000, lr: 0.00000137, epoch_time: 8.0min
Epoch:[1/1](98440/113215), loss: 1.7257, logits_loss: 1.7257, aux_loss: 0.0000, lr: 0.00000137, epoch_time: 8.0min
Epoch:[1/1](98460/113215), loss: 1.5830, logits_loss: 1.5830, aux_loss: 0.0000, lr: 0.00000137, epoch_time: 8.0min
Epoch:[1/1](98480/113215), loss: 1.6577, logits_loss: 1.6577, aux_loss: 0.0000, lr: 0.00000137, epoch_time: 8.0min
Epoch:[1/1](98500/113215), loss: 1.6804, logits_loss: 1.6804, aux_loss: 0.0000, lr: 0.00000137, epoch_time: 8.0min
Epoch:[1/1](98520/113215), loss: 1.6269, logits_loss: 1.6269, aux_loss: 0.0000, lr: 0.00000137, epoch_time: 8.0min
Epoch:[1/1](98540/113215), loss: 1.7859, logits_loss: 1.7859, aux_loss: 0.0000, lr: 0.00000137, epoch_time: 8.0min
Epoch:[1/1](98560/113215), loss: 1.9520, logits_loss: 1.9520, aux_loss: 0.0000, lr: 0.00000137, epoch_time: 8.0min
Epoch:[1/1](98580/113215), loss: 1.8513, logits_loss: 1.8513, aux_loss: 0.0000, lr: 0.00000137, epoch_time: 8.0min
Epoch:[1/1](98600/113215), loss: 1.8466, logits_loss: 1.8466, aux_loss: 0.0000, lr: 0.00000137, epoch_time: 8.0min
Epoch:[1/1](98620/113215), loss: 1.8806, logits_loss: 1.8806, aux_loss: 0.0000, lr: 0.00000136, epoch_time: 8.0min
Epoch:[1/1](98640/113215), loss: 1.8506, logits_loss: 1.8506, aux_loss: 0.0000, lr: 0.00000136, epoch_time: 8.0min
Epoch:[1/1](98660/113215), loss: 1.9825, logits_loss: 1.9825, aux_loss: 0.0000, lr: 0.00000136, epoch_time: 8.0min
Epoch:[1/1](98680/113215), loss: 1.6360, logits_loss: 1.6360, aux_loss: 0.0000, lr: 0.00000136, epoch_time: 8.0min
Epoch:[1/1](98700/113215), loss: 1.5201, logits_loss: 1.5201, aux_loss: 0.0000, lr: 0.00000136, epoch_time: 8.0min
Epoch:[1/1](98720/113215), loss: 1.8925, logits_loss: 1.8925, aux_loss: 0.0000, lr: 0.00000136, epoch_time: 8.0min
Epoch:[1/1](98740/113215), loss: 1.5330, logits_loss: 1.5330, aux_loss: 0.0000, lr: 0.00000136, epoch_time: 8.0min
Epoch:[1/1](98760/113215), loss: 1.9091, logits_loss: 1.9091, aux_loss: 0.0000, lr: 0.00000136, epoch_time: 8.0min
Epoch:[1/1](98780/113215), loss: 1.7915, logits_loss: 1.7915, aux_loss: 0.0000, lr: 0.00000136, epoch_time: 8.0min
Epoch:[1/1](98800/113215), loss: 1.8884, logits_loss: 1.8884, aux_loss: 0.0000, lr: 0.00000136, epoch_time: 8.0min
Epoch:[1/1](98820/113215), loss: 1.8210, logits_loss: 1.8210, aux_loss: 0.0000, lr: 0.00000135, epoch_time: 8.0min
Epoch:[1/1](98840/113215), loss: 1.6336, logits_loss: 1.6336, aux_loss: 0.0000, lr: 0.00000135, epoch_time: 8.0min
Epoch:[1/1](98860/113215), loss: 1.5669, logits_loss: 1.5669, aux_loss: 0.0000, lr: 0.00000135, epoch_time: 8.0min
Epoch:[1/1](98880/113215), loss: 1.5716, logits_loss: 1.5716, aux_loss: 0.0000, lr: 0.00000135, epoch_time: 8.0min
Epoch:[1/1](98900/113215), loss: 1.5394, logits_loss: 1.5394, aux_loss: 0.0000, lr: 0.00000135, epoch_time: 8.0min
Epoch:[1/1](98920/113215), loss: 1.7088, logits_loss: 1.7088, aux_loss: 0.0000, lr: 0.00000135, epoch_time: 8.0min
Epoch:[1/1](98940/113215), loss: 1.5270, logits_loss: 1.5270, aux_loss: 0.0000, lr: 0.00000135, epoch_time: 8.0min
Epoch:[1/1](98960/113215), loss: 1.6357, logits_loss: 1.6357, aux_loss: 0.0000, lr: 0.00000135, epoch_time: 8.0min
Epoch:[1/1](98980/113215), loss: 1.4811, logits_loss: 1.4811, aux_loss: 0.0000, lr: 0.00000135, epoch_time: 8.0min
Epoch:[1/1](99000/113215), loss: 1.7557, logits_loss: 1.7557, aux_loss: 0.0000, lr: 0.00000135, epoch_time: 8.0min
Epoch:[1/1](99020/113215), loss: 1.4892, logits_loss: 1.4892, aux_loss: 0.0000, lr: 0.00000134, epoch_time: 8.0min
Epoch:[1/1](99040/113215), loss: 1.7960, logits_loss: 1.7960, aux_loss: 0.0000, lr: 0.00000134, epoch_time: 8.0min
Epoch:[1/1](99060/113215), loss: 1.9993, logits_loss: 1.9993, aux_loss: 0.0000, lr: 0.00000134, epoch_time: 8.0min
Epoch:[1/1](99080/113215), loss: 1.7916, logits_loss: 1.7916, aux_loss: 0.0000, lr: 0.00000134, epoch_time: 8.0min
Epoch:[1/1](99100/113215), loss: 1.5181, logits_loss: 1.5181, aux_loss: 0.0000, lr: 0.00000134, epoch_time: 8.0min
Epoch:[1/1](99120/113215), loss: 1.6907, logits_loss: 1.6907, aux_loss: 0.0000, lr: 0.00000134, epoch_time: 8.0min
Epoch:[1/1](99140/113215), loss: 1.8042, logits_loss: 1.8042, aux_loss: 0.0000, lr: 0.00000134, epoch_time: 8.0min
Epoch:[1/1](99160/113215), loss: 1.9147, logits_loss: 1.9147, aux_loss: 0.0000, lr: 0.00000134, epoch_time: 8.0min
Epoch:[1/1](99180/113215), loss: 1.4090, logits_loss: 1.4090, aux_loss: 0.0000, lr: 0.00000134, epoch_time: 8.0min
Epoch:[1/1](99200/113215), loss: 1.9093, logits_loss: 1.9093, aux_loss: 0.0000, lr: 0.00000134, epoch_time: 8.0min
Epoch:[1/1](99220/113215), loss: 1.8309, logits_loss: 1.8309, aux_loss: 0.0000, lr: 0.00000134, epoch_time: 8.0min
Epoch:[1/1](99240/113215), loss: 2.1171, logits_loss: 2.1171, aux_loss: 0.0000, lr: 0.00000133, epoch_time: 8.0min
Epoch:[1/1](99260/113215), loss: 1.7331, logits_loss: 1.7331, aux_loss: 0.0000, lr: 0.00000133, epoch_time: 8.0min
Epoch:[1/1](99280/113215), loss: 1.7090, logits_loss: 1.7090, aux_loss: 0.0000, lr: 0.00000133, epoch_time: 8.0min
Epoch:[1/1](99300/113215), loss: 1.7553, logits_loss: 1.7553, aux_loss: 0.0000, lr: 0.00000133, epoch_time: 8.0min
Epoch:[1/1](99320/113215), loss: 1.7912, logits_loss: 1.7912, aux_loss: 0.0000, lr: 0.00000133, epoch_time: 8.0min
Epoch:[1/1](99340/113215), loss: 1.9366, logits_loss: 1.9366, aux_loss: 0.0000, lr: 0.00000133, epoch_time: 8.0min
Epoch:[1/1](99360/113215), loss: 1.7000, logits_loss: 1.7000, aux_loss: 0.0000, lr: 0.00000133, epoch_time: 8.0min
Epoch:[1/1](99380/113215), loss: 1.7091, logits_loss: 1.7091, aux_loss: 0.0000, lr: 0.00000133, epoch_time: 8.0min
Epoch:[1/1](99400/113215), loss: 1.7032, logits_loss: 1.7032, aux_loss: 0.0000, lr: 0.00000133, epoch_time: 8.0min
Epoch:[1/1](99420/113215), loss: 1.4097, logits_loss: 1.4097, aux_loss: 0.0000, lr: 0.00000133, epoch_time: 8.0min
Epoch:[1/1](99440/113215), loss: 1.5023, logits_loss: 1.5023, aux_loss: 0.0000, lr: 0.00000132, epoch_time: 8.0min
Epoch:[1/1](99460/113215), loss: 1.8365, logits_loss: 1.8365, aux_loss: 0.0000, lr: 0.00000132, epoch_time: 8.0min
Epoch:[1/1](99480/113215), loss: 1.6953, logits_loss: 1.6953, aux_loss: 0.0000, lr: 0.00000132, epoch_time: 8.0min
Epoch:[1/1](99500/113215), loss: 1.5474, logits_loss: 1.5474, aux_loss: 0.0000, lr: 0.00000132, epoch_time: 8.0min
Epoch:[1/1](99520/113215), loss: 1.5153, logits_loss: 1.5153, aux_loss: 0.0000, lr: 0.00000132, epoch_time: 7.0min
Epoch:[1/1](99540/113215), loss: 1.6813, logits_loss: 1.6813, aux_loss: 0.0000, lr: 0.00000132, epoch_time: 7.0min
Epoch:[1/1](99560/113215), loss: 1.8302, logits_loss: 1.8302, aux_loss: 0.0000, lr: 0.00000132, epoch_time: 7.0min
Epoch:[1/1](99580/113215), loss: 1.4174, logits_loss: 1.4174, aux_loss: 0.0000, lr: 0.00000132, epoch_time: 7.0min
Epoch:[1/1](99600/113215), loss: 1.6085, logits_loss: 1.6085, aux_loss: 0.0000, lr: 0.00000132, epoch_time: 7.0min
Epoch:[1/1](99620/113215), loss: 1.9193, logits_loss: 1.9193, aux_loss: 0.0000, lr: 0.00000132, epoch_time: 7.0min
Epoch:[1/1](99640/113215), loss: 1.8455, logits_loss: 1.8455, aux_loss: 0.0000, lr: 0.00000132, epoch_time: 7.0min
Epoch:[1/1](99660/113215), loss: 1.7822, logits_loss: 1.7822, aux_loss: 0.0000, lr: 0.00000131, epoch_time: 7.0min
Epoch:[1/1](99680/113215), loss: 1.4051, logits_loss: 1.4051, aux_loss: 0.0000, lr: 0.00000131, epoch_time: 7.0min
Epoch:[1/1](99700/113215), loss: 1.6610, logits_loss: 1.6610, aux_loss: 0.0000, lr: 0.00000131, epoch_time: 7.0min
Epoch:[1/1](99720/113215), loss: 1.7335, logits_loss: 1.7335, aux_loss: 0.0000, lr: 0.00000131, epoch_time: 7.0min
Epoch:[1/1](99740/113215), loss: 1.5831, logits_loss: 1.5831, aux_loss: 0.0000, lr: 0.00000131, epoch_time: 7.0min
Epoch:[1/1](99760/113215), loss: 1.9397, logits_loss: 1.9397, aux_loss: 0.0000, lr: 0.00000131, epoch_time: 7.0min
Epoch:[1/1](99780/113215), loss: 1.5634, logits_loss: 1.5634, aux_loss: 0.0000, lr: 0.00000131, epoch_time: 7.0min
Epoch:[1/1](99800/113215), loss: 1.5993, logits_loss: 1.5993, aux_loss: 0.0000, lr: 0.00000131, epoch_time: 7.0min
Epoch:[1/1](99820/113215), loss: 1.7427, logits_loss: 1.7427, aux_loss: 0.0000, lr: 0.00000131, epoch_time: 7.0min
Epoch:[1/1](99840/113215), loss: 1.6544, logits_loss: 1.6544, aux_loss: 0.0000, lr: 0.00000131, epoch_time: 7.0min
Epoch:[1/1](99860/113215), loss: 1.8919, logits_loss: 1.8919, aux_loss: 0.0000, lr: 0.00000131, epoch_time: 7.0min
Epoch:[1/1](99880/113215), loss: 1.8052, logits_loss: 1.8052, aux_loss: 0.0000, lr: 0.00000130, epoch_time: 7.0min
Epoch:[1/1](99900/113215), loss: 1.7920, logits_loss: 1.7920, aux_loss: 0.0000, lr: 0.00000130, epoch_time: 7.0min
Epoch:[1/1](99920/113215), loss: 1.2584, logits_loss: 1.2584, aux_loss: 0.0000, lr: 0.00000130, epoch_time: 7.0min
Epoch:[1/1](99940/113215), loss: 1.9290, logits_loss: 1.9290, aux_loss: 0.0000, lr: 0.00000130, epoch_time: 7.0min
Epoch:[1/1](99960/113215), loss: 1.8602, logits_loss: 1.8602, aux_loss: 0.0000, lr: 0.00000130, epoch_time: 7.0min
Epoch:[1/1](99980/113215), loss: 1.5125, logits_loss: 1.5125, aux_loss: 0.0000, lr: 0.00000130, epoch_time: 7.0min
Epoch:[1/1](100000/113215), loss: 1.6377, logits_loss: 1.6377, aux_loss: 0.0000, lr: 0.00000130, epoch_time: 7.0min
Epoch:[1/1](100020/113215), loss: 1.7356, logits_loss: 1.7356, aux_loss: 0.0000, lr: 0.00000130, epoch_time: 7.0min
Epoch:[1/1](100040/113215), loss: 1.6901, logits_loss: 1.6901, aux_loss: 0.0000, lr: 0.00000130, epoch_time: 7.0min
Epoch:[1/1](100060/113215), loss: 1.7054, logits_loss: 1.7054, aux_loss: 0.0000, lr: 0.00000130, epoch_time: 7.0min
Epoch:[1/1](100080/113215), loss: 1.8458, logits_loss: 1.8458, aux_loss: 0.0000, lr: 0.00000130, epoch_time: 7.0min
Epoch:[1/1](100100/113215), loss: 1.7564, logits_loss: 1.7564, aux_loss: 0.0000, lr: 0.00000129, epoch_time: 7.0min
Epoch:[1/1](100120/113215), loss: 1.6287, logits_loss: 1.6287, aux_loss: 0.0000, lr: 0.00000129, epoch_time: 7.0min
Epoch:[1/1](100140/113215), loss: 1.6746, logits_loss: 1.6746, aux_loss: 0.0000, lr: 0.00000129, epoch_time: 7.0min
Epoch:[1/1](100160/113215), loss: 1.4991, logits_loss: 1.4991, aux_loss: 0.0000, lr: 0.00000129, epoch_time: 7.0min
Epoch:[1/1](100180/113215), loss: 2.0165, logits_loss: 2.0165, aux_loss: 0.0000, lr: 0.00000129, epoch_time: 7.0min
Epoch:[1/1](100200/113215), loss: 1.5369, logits_loss: 1.5369, aux_loss: 0.0000, lr: 0.00000129, epoch_time: 7.0min
Epoch:[1/1](100220/113215), loss: 1.7724, logits_loss: 1.7724, aux_loss: 0.0000, lr: 0.00000129, epoch_time: 7.0min
Epoch:[1/1](100240/113215), loss: 1.9056, logits_loss: 1.9056, aux_loss: 0.0000, lr: 0.00000129, epoch_time: 7.0min
Epoch:[1/1](100260/113215), loss: 1.7612, logits_loss: 1.7612, aux_loss: 0.0000, lr: 0.00000129, epoch_time: 7.0min
Epoch:[1/1](100280/113215), loss: 1.5784, logits_loss: 1.5784, aux_loss: 0.0000, lr: 0.00000129, epoch_time: 7.0min
Epoch:[1/1](100300/113215), loss: 1.6026, logits_loss: 1.6026, aux_loss: 0.0000, lr: 0.00000129, epoch_time: 7.0min
Epoch:[1/1](100320/113215), loss: 1.7063, logits_loss: 1.7063, aux_loss: 0.0000, lr: 0.00000129, epoch_time: 7.0min
Epoch:[1/1](100340/113215), loss: 1.8605, logits_loss: 1.8605, aux_loss: 0.0000, lr: 0.00000128, epoch_time: 7.0min
Epoch:[1/1](100360/113215), loss: 1.8113, logits_loss: 1.8113, aux_loss: 0.0000, lr: 0.00000128, epoch_time: 7.0min
Epoch:[1/1](100380/113215), loss: 1.7779, logits_loss: 1.7779, aux_loss: 0.0000, lr: 0.00000128, epoch_time: 7.0min
Epoch:[1/1](100400/113215), loss: 1.6815, logits_loss: 1.6815, aux_loss: 0.0000, lr: 0.00000128, epoch_time: 7.0min
Epoch:[1/1](100420/113215), loss: 1.8443, logits_loss: 1.8443, aux_loss: 0.0000, lr: 0.00000128, epoch_time: 7.0min
Epoch:[1/1](100440/113215), loss: 1.5625, logits_loss: 1.5625, aux_loss: 0.0000, lr: 0.00000128, epoch_time: 7.0min
Epoch:[1/1](100460/113215), loss: 1.7324, logits_loss: 1.7324, aux_loss: 0.0000, lr: 0.00000128, epoch_time: 7.0min
Epoch:[1/1](100480/113215), loss: 1.8016, logits_loss: 1.8016, aux_loss: 0.0000, lr: 0.00000128, epoch_time: 7.0min
Epoch:[1/1](100500/113215), loss: 2.0105, logits_loss: 2.0105, aux_loss: 0.0000, lr: 0.00000128, epoch_time: 7.0min
Epoch:[1/1](100520/113215), loss: 1.2306, logits_loss: 1.2306, aux_loss: 0.0000, lr: 0.00000128, epoch_time: 7.0min
Epoch:[1/1](100540/113215), loss: 1.8154, logits_loss: 1.8154, aux_loss: 0.0000, lr: 0.00000128, epoch_time: 7.0min
Epoch:[1/1](100560/113215), loss: 1.7760, logits_loss: 1.7760, aux_loss: 0.0000, lr: 0.00000127, epoch_time: 7.0min
Epoch:[1/1](100580/113215), loss: 1.9618, logits_loss: 1.9618, aux_loss: 0.0000, lr: 0.00000127, epoch_time: 7.0min
Epoch:[1/1](100600/113215), loss: 1.4285, logits_loss: 1.4285, aux_loss: 0.0000, lr: 0.00000127, epoch_time: 7.0min
Epoch:[1/1](100620/113215), loss: 1.6589, logits_loss: 1.6589, aux_loss: 0.0000, lr: 0.00000127, epoch_time: 7.0min
Epoch:[1/1](100640/113215), loss: 1.7279, logits_loss: 1.7279, aux_loss: 0.0000, lr: 0.00000127, epoch_time: 7.0min
Epoch:[1/1](100660/113215), loss: 1.6771, logits_loss: 1.6771, aux_loss: 0.0000, lr: 0.00000127, epoch_time: 7.0min
Epoch:[1/1](100680/113215), loss: 1.6926, logits_loss: 1.6926, aux_loss: 0.0000, lr: 0.00000127, epoch_time: 7.0min
Epoch:[1/1](100700/113215), loss: 1.8001, logits_loss: 1.8001, aux_loss: 0.0000, lr: 0.00000127, epoch_time: 7.0min
Epoch:[1/1](100720/113215), loss: 1.8639, logits_loss: 1.8639, aux_loss: 0.0000, lr: 0.00000127, epoch_time: 7.0min
Epoch:[1/1](100740/113215), loss: 1.7669, logits_loss: 1.7669, aux_loss: 0.0000, lr: 0.00000127, epoch_time: 7.0min
Epoch:[1/1](100760/113215), loss: 1.5797, logits_loss: 1.5797, aux_loss: 0.0000, lr: 0.00000127, epoch_time: 7.0min
Epoch:[1/1](100780/113215), loss: 1.7878, logits_loss: 1.7878, aux_loss: 0.0000, lr: 0.00000127, epoch_time: 7.0min
Epoch:[1/1](100800/113215), loss: 1.8980, logits_loss: 1.8980, aux_loss: 0.0000, lr: 0.00000126, epoch_time: 7.0min
Epoch:[1/1](100820/113215), loss: 1.7013, logits_loss: 1.7013, aux_loss: 0.0000, lr: 0.00000126, epoch_time: 7.0min
Epoch:[1/1](100840/113215), loss: 1.7639, logits_loss: 1.7639, aux_loss: 0.0000, lr: 0.00000126, epoch_time: 7.0min
Epoch:[1/1](100860/113215), loss: 1.6550, logits_loss: 1.6550, aux_loss: 0.0000, lr: 0.00000126, epoch_time: 7.0min
Epoch:[1/1](100880/113215), loss: 1.7320, logits_loss: 1.7320, aux_loss: 0.0000, lr: 0.00000126, epoch_time: 7.0min
Epoch:[1/1](100900/113215), loss: 1.9325, logits_loss: 1.9325, aux_loss: 0.0000, lr: 0.00000126, epoch_time: 7.0min
Epoch:[1/1](100920/113215), loss: 1.5635, logits_loss: 1.5635, aux_loss: 0.0000, lr: 0.00000126, epoch_time: 7.0min
Epoch:[1/1](100940/113215), loss: 1.9925, logits_loss: 1.9925, aux_loss: 0.0000, lr: 0.00000126, epoch_time: 7.0min
Epoch:[1/1](100960/113215), loss: 1.8773, logits_loss: 1.8773, aux_loss: 0.0000, lr: 0.00000126, epoch_time: 7.0min
Epoch:[1/1](100980/113215), loss: 1.8400, logits_loss: 1.8400, aux_loss: 0.0000, lr: 0.00000126, epoch_time: 7.0min
Epoch:[1/1](101000/113215), loss: 1.7721, logits_loss: 1.7721, aux_loss: 0.0000, lr: 0.00000126, epoch_time: 7.0min
Epoch:[1/1](101020/113215), loss: 1.6949, logits_loss: 1.6949, aux_loss: 0.0000, lr: 0.00000126, epoch_time: 7.0min
Epoch:[1/1](101040/113215), loss: 1.5204, logits_loss: 1.5204, aux_loss: 0.0000, lr: 0.00000125, epoch_time: 7.0min
Epoch:[1/1](101060/113215), loss: 1.2978, logits_loss: 1.2978, aux_loss: 0.0000, lr: 0.00000125, epoch_time: 7.0min
Epoch:[1/1](101080/113215), loss: 2.0046, logits_loss: 2.0046, aux_loss: 0.0000, lr: 0.00000125, epoch_time: 7.0min
Epoch:[1/1](101100/113215), loss: 1.7906, logits_loss: 1.7906, aux_loss: 0.0000, lr: 0.00000125, epoch_time: 7.0min
Epoch:[1/1](101120/113215), loss: 1.6540, logits_loss: 1.6540, aux_loss: 0.0000, lr: 0.00000125, epoch_time: 7.0min
Epoch:[1/1](101140/113215), loss: 1.5651, logits_loss: 1.5651, aux_loss: 0.0000, lr: 0.00000125, epoch_time: 7.0min
Epoch:[1/1](101160/113215), loss: 1.3016, logits_loss: 1.3016, aux_loss: 0.0000, lr: 0.00000125, epoch_time: 7.0min
Epoch:[1/1](101180/113215), loss: 1.8846, logits_loss: 1.8846, aux_loss: 0.0000, lr: 0.00000125, epoch_time: 7.0min
Epoch:[1/1](101200/113215), loss: 1.6933, logits_loss: 1.6933, aux_loss: 0.0000, lr: 0.00000125, epoch_time: 7.0min
Epoch:[1/1](101220/113215), loss: 1.4810, logits_loss: 1.4810, aux_loss: 0.0000, lr: 0.00000125, epoch_time: 7.0min
Epoch:[1/1](101240/113215), loss: 1.8682, logits_loss: 1.8682, aux_loss: 0.0000, lr: 0.00000125, epoch_time: 6.0min
Epoch:[1/1](101260/113215), loss: 1.5411, logits_loss: 1.5411, aux_loss: 0.0000, lr: 0.00000125, epoch_time: 6.0min
Epoch:[1/1](101280/113215), loss: 1.6676, logits_loss: 1.6676, aux_loss: 0.0000, lr: 0.00000124, epoch_time: 6.0min
Epoch:[1/1](101300/113215), loss: 1.3035, logits_loss: 1.3035, aux_loss: 0.0000, lr: 0.00000124, epoch_time: 6.0min
Epoch:[1/1](101320/113215), loss: 1.9769, logits_loss: 1.9769, aux_loss: 0.0000, lr: 0.00000124, epoch_time: 6.0min
Epoch:[1/1](101340/113215), loss: 1.7279, logits_loss: 1.7279, aux_loss: 0.0000, lr: 0.00000124, epoch_time: 6.0min
Epoch:[1/1](101360/113215), loss: 1.6531, logits_loss: 1.6531, aux_loss: 0.0000, lr: 0.00000124, epoch_time: 6.0min
Epoch:[1/1](101380/113215), loss: 1.3900, logits_loss: 1.3900, aux_loss: 0.0000, lr: 0.00000124, epoch_time: 6.0min
Epoch:[1/1](101400/113215), loss: 1.7197, logits_loss: 1.7197, aux_loss: 0.0000, lr: 0.00000124, epoch_time: 6.0min
Epoch:[1/1](101420/113215), loss: 1.8357, logits_loss: 1.8357, aux_loss: 0.0000, lr: 0.00000124, epoch_time: 6.0min
Epoch:[1/1](101440/113215), loss: 1.6097, logits_loss: 1.6097, aux_loss: 0.0000, lr: 0.00000124, epoch_time: 6.0min
Epoch:[1/1](101460/113215), loss: 1.5631, logits_loss: 1.5631, aux_loss: 0.0000, lr: 0.00000124, epoch_time: 6.0min
Epoch:[1/1](101480/113215), loss: 2.0981, logits_loss: 2.0981, aux_loss: 0.0000, lr: 0.00000124, epoch_time: 6.0min
Epoch:[1/1](101500/113215), loss: 1.6622, logits_loss: 1.6622, aux_loss: 0.0000, lr: 0.00000124, epoch_time: 6.0min
Epoch:[1/1](101520/113215), loss: 1.6660, logits_loss: 1.6660, aux_loss: 0.0000, lr: 0.00000123, epoch_time: 6.0min
Epoch:[1/1](101540/113215), loss: 1.9604, logits_loss: 1.9604, aux_loss: 0.0000, lr: 0.00000123, epoch_time: 6.0min
Epoch:[1/1](101560/113215), loss: 1.7569, logits_loss: 1.7569, aux_loss: 0.0000, lr: 0.00000123, epoch_time: 6.0min
Epoch:[1/1](101580/113215), loss: 1.4395, logits_loss: 1.4395, aux_loss: 0.0000, lr: 0.00000123, epoch_time: 6.0min
Epoch:[1/1](101600/113215), loss: 1.7898, logits_loss: 1.7898, aux_loss: 0.0000, lr: 0.00000123, epoch_time: 6.0min
Epoch:[1/1](101620/113215), loss: 2.0364, logits_loss: 2.0364, aux_loss: 0.0000, lr: 0.00000123, epoch_time: 6.0min
Epoch:[1/1](101640/113215), loss: 1.7245, logits_loss: 1.7245, aux_loss: 0.0000, lr: 0.00000123, epoch_time: 6.0min
Epoch:[1/1](101660/113215), loss: 1.8201, logits_loss: 1.8201, aux_loss: 0.0000, lr: 0.00000123, epoch_time: 6.0min
Epoch:[1/1](101680/113215), loss: 1.7879, logits_loss: 1.7879, aux_loss: 0.0000, lr: 0.00000123, epoch_time: 6.0min
Epoch:[1/1](101700/113215), loss: 1.5976, logits_loss: 1.5976, aux_loss: 0.0000, lr: 0.00000123, epoch_time: 6.0min
Epoch:[1/1](101720/113215), loss: 1.8360, logits_loss: 1.8360, aux_loss: 0.0000, lr: 0.00000123, epoch_time: 6.0min
Epoch:[1/1](101740/113215), loss: 1.7173, logits_loss: 1.7173, aux_loss: 0.0000, lr: 0.00000123, epoch_time: 6.0min
Epoch:[1/1](101760/113215), loss: 1.5463, logits_loss: 1.5463, aux_loss: 0.0000, lr: 0.00000123, epoch_time: 6.0min
Epoch:[1/1](101780/113215), loss: 1.9584, logits_loss: 1.9584, aux_loss: 0.0000, lr: 0.00000122, epoch_time: 6.0min
Epoch:[1/1](101800/113215), loss: 1.7601, logits_loss: 1.7601, aux_loss: 0.0000, lr: 0.00000122, epoch_time: 6.0min
Epoch:[1/1](101820/113215), loss: 1.5911, logits_loss: 1.5911, aux_loss: 0.0000, lr: 0.00000122, epoch_time: 6.0min
Epoch:[1/1](101840/113215), loss: 1.7562, logits_loss: 1.7562, aux_loss: 0.0000, lr: 0.00000122, epoch_time: 6.0min
Epoch:[1/1](101860/113215), loss: 1.5642, logits_loss: 1.5642, aux_loss: 0.0000, lr: 0.00000122, epoch_time: 6.0min
Epoch:[1/1](101880/113215), loss: 1.6483, logits_loss: 1.6483, aux_loss: 0.0000, lr: 0.00000122, epoch_time: 6.0min
Epoch:[1/1](101900/113215), loss: 1.8131, logits_loss: 1.8131, aux_loss: 0.0000, lr: 0.00000122, epoch_time: 6.0min
Epoch:[1/1](101920/113215), loss: 1.7180, logits_loss: 1.7180, aux_loss: 0.0000, lr: 0.00000122, epoch_time: 6.0min
Epoch:[1/1](101940/113215), loss: 1.9709, logits_loss: 1.9709, aux_loss: 0.0000, lr: 0.00000122, epoch_time: 6.0min
Epoch:[1/1](101960/113215), loss: 1.6284, logits_loss: 1.6284, aux_loss: 0.0000, lr: 0.00000122, epoch_time: 6.0min
Epoch:[1/1](101980/113215), loss: 2.1110, logits_loss: 2.1110, aux_loss: 0.0000, lr: 0.00000122, epoch_time: 6.0min
Epoch:[1/1](102000/113215), loss: 1.7498, logits_loss: 1.7498, aux_loss: 0.0000, lr: 0.00000122, epoch_time: 6.0min
Epoch:[1/1](102020/113215), loss: 1.6761, logits_loss: 1.6761, aux_loss: 0.0000, lr: 0.00000122, epoch_time: 6.0min
Epoch:[1/1](102040/113215), loss: 1.4656, logits_loss: 1.4656, aux_loss: 0.0000, lr: 0.00000121, epoch_time: 6.0min
Epoch:[1/1](102060/113215), loss: 1.8712, logits_loss: 1.8712, aux_loss: 0.0000, lr: 0.00000121, epoch_time: 6.0min
Epoch:[1/1](102080/113215), loss: 1.8666, logits_loss: 1.8666, aux_loss: 0.0000, lr: 0.00000121, epoch_time: 6.0min
Epoch:[1/1](102100/113215), loss: 1.8990, logits_loss: 1.8990, aux_loss: 0.0000, lr: 0.00000121, epoch_time: 6.0min
Epoch:[1/1](102120/113215), loss: 1.8584, logits_loss: 1.8584, aux_loss: 0.0000, lr: 0.00000121, epoch_time: 6.0min
Epoch:[1/1](102140/113215), loss: 1.3997, logits_loss: 1.3997, aux_loss: 0.0000, lr: 0.00000121, epoch_time: 6.0min
Epoch:[1/1](102160/113215), loss: 1.6141, logits_loss: 1.6141, aux_loss: 0.0000, lr: 0.00000121, epoch_time: 6.0min
Epoch:[1/1](102180/113215), loss: 1.4081, logits_loss: 1.4081, aux_loss: 0.0000, lr: 0.00000121, epoch_time: 6.0min
Epoch:[1/1](102200/113215), loss: 1.9421, logits_loss: 1.9421, aux_loss: 0.0000, lr: 0.00000121, epoch_time: 6.0min
Epoch:[1/1](102220/113215), loss: 1.7599, logits_loss: 1.7599, aux_loss: 0.0000, lr: 0.00000121, epoch_time: 6.0min
Epoch:[1/1](102240/113215), loss: 1.3618, logits_loss: 1.3618, aux_loss: 0.0000, lr: 0.00000121, epoch_time: 6.0min
Epoch:[1/1](102260/113215), loss: 1.5954, logits_loss: 1.5954, aux_loss: 0.0000, lr: 0.00000121, epoch_time: 6.0min
Epoch:[1/1](102280/113215), loss: 1.6894, logits_loss: 1.6894, aux_loss: 0.0000, lr: 0.00000121, epoch_time: 6.0min
Epoch:[1/1](102300/113215), loss: 1.7188, logits_loss: 1.7188, aux_loss: 0.0000, lr: 0.00000120, epoch_time: 6.0min
Epoch:[1/1](102320/113215), loss: 1.8478, logits_loss: 1.8478, aux_loss: 0.0000, lr: 0.00000120, epoch_time: 6.0min
Epoch:[1/1](102340/113215), loss: 1.4531, logits_loss: 1.4531, aux_loss: 0.0000, lr: 0.00000120, epoch_time: 6.0min
Epoch:[1/1](102360/113215), loss: 1.6704, logits_loss: 1.6704, aux_loss: 0.0000, lr: 0.00000120, epoch_time: 6.0min
Epoch:[1/1](102380/113215), loss: 1.6554, logits_loss: 1.6554, aux_loss: 0.0000, lr: 0.00000120, epoch_time: 6.0min
Epoch:[1/1](102400/113215), loss: 1.6477, logits_loss: 1.6477, aux_loss: 0.0000, lr: 0.00000120, epoch_time: 6.0min
Epoch:[1/1](102420/113215), loss: 1.9783, logits_loss: 1.9783, aux_loss: 0.0000, lr: 0.00000120, epoch_time: 6.0min
Epoch:[1/1](102440/113215), loss: 1.7467, logits_loss: 1.7467, aux_loss: 0.0000, lr: 0.00000120, epoch_time: 6.0min
Epoch:[1/1](102460/113215), loss: 1.4793, logits_loss: 1.4793, aux_loss: 0.0000, lr: 0.00000120, epoch_time: 6.0min
Epoch:[1/1](102480/113215), loss: 1.5177, logits_loss: 1.5177, aux_loss: 0.0000, lr: 0.00000120, epoch_time: 6.0min
Epoch:[1/1](102500/113215), loss: 1.5754, logits_loss: 1.5754, aux_loss: 0.0000, lr: 0.00000120, epoch_time: 6.0min
Epoch:[1/1](102520/113215), loss: 1.5899, logits_loss: 1.5899, aux_loss: 0.0000, lr: 0.00000120, epoch_time: 6.0min
Epoch:[1/1](102540/113215), loss: 1.8532, logits_loss: 1.8532, aux_loss: 0.0000, lr: 0.00000120, epoch_time: 6.0min
Epoch:[1/1](102560/113215), loss: 1.5563, logits_loss: 1.5563, aux_loss: 0.0000, lr: 0.00000120, epoch_time: 6.0min
Epoch:[1/1](102580/113215), loss: 1.9096, logits_loss: 1.9096, aux_loss: 0.0000, lr: 0.00000119, epoch_time: 6.0min
Epoch:[1/1](102600/113215), loss: 1.5923, logits_loss: 1.5923, aux_loss: 0.0000, lr: 0.00000119, epoch_time: 6.0min
Epoch:[1/1](102620/113215), loss: 1.3057, logits_loss: 1.3057, aux_loss: 0.0000, lr: 0.00000119, epoch_time: 6.0min
Epoch:[1/1](102640/113215), loss: 1.7536, logits_loss: 1.7536, aux_loss: 0.0000, lr: 0.00000119, epoch_time: 6.0min
Epoch:[1/1](102660/113215), loss: 1.6539, logits_loss: 1.6539, aux_loss: 0.0000, lr: 0.00000119, epoch_time: 6.0min
Epoch:[1/1](102680/113215), loss: 1.5392, logits_loss: 1.5392, aux_loss: 0.0000, lr: 0.00000119, epoch_time: 6.0min
Epoch:[1/1](102700/113215), loss: 1.6820, logits_loss: 1.6820, aux_loss: 0.0000, lr: 0.00000119, epoch_time: 6.0min
Epoch:[1/1](102720/113215), loss: 1.5839, logits_loss: 1.5839, aux_loss: 0.0000, lr: 0.00000119, epoch_time: 6.0min
Epoch:[1/1](102740/113215), loss: 1.6453, logits_loss: 1.6453, aux_loss: 0.0000, lr: 0.00000119, epoch_time: 6.0min
Epoch:[1/1](102760/113215), loss: 1.7000, logits_loss: 1.7000, aux_loss: 0.0000, lr: 0.00000119, epoch_time: 6.0min
Epoch:[1/1](102780/113215), loss: 2.1171, logits_loss: 2.1171, aux_loss: 0.0000, lr: 0.00000119, epoch_time: 6.0min
Epoch:[1/1](102800/113215), loss: 1.7015, logits_loss: 1.7015, aux_loss: 0.0000, lr: 0.00000119, epoch_time: 6.0min
Epoch:[1/1](102820/113215), loss: 1.5687, logits_loss: 1.5687, aux_loss: 0.0000, lr: 0.00000119, epoch_time: 6.0min
Epoch:[1/1](102840/113215), loss: 1.6265, logits_loss: 1.6265, aux_loss: 0.0000, lr: 0.00000119, epoch_time: 6.0min
Epoch:[1/1](102860/113215), loss: 1.8730, logits_loss: 1.8730, aux_loss: 0.0000, lr: 0.00000118, epoch_time: 6.0min
Epoch:[1/1](102880/113215), loss: 1.7567, logits_loss: 1.7567, aux_loss: 0.0000, lr: 0.00000118, epoch_time: 6.0min
Epoch:[1/1](102900/113215), loss: 1.5520, logits_loss: 1.5520, aux_loss: 0.0000, lr: 0.00000118, epoch_time: 6.0min
Epoch:[1/1](102920/113215), loss: 1.7061, logits_loss: 1.7061, aux_loss: 0.0000, lr: 0.00000118, epoch_time: 6.0min
Epoch:[1/1](102940/113215), loss: 1.6035, logits_loss: 1.6035, aux_loss: 0.0000, lr: 0.00000118, epoch_time: 5.0min
Epoch:[1/1](102960/113215), loss: 2.0830, logits_loss: 2.0830, aux_loss: 0.0000, lr: 0.00000118, epoch_time: 5.0min
Epoch:[1/1](102980/113215), loss: 1.4794, logits_loss: 1.4794, aux_loss: 0.0000, lr: 0.00000118, epoch_time: 5.0min
Epoch:[1/1](103000/113215), loss: 1.5923, logits_loss: 1.5923, aux_loss: 0.0000, lr: 0.00000118, epoch_time: 5.0min
Epoch:[1/1](103020/113215), loss: 1.8146, logits_loss: 1.8146, aux_loss: 0.0000, lr: 0.00000118, epoch_time: 5.0min
Epoch:[1/1](103040/113215), loss: 1.4751, logits_loss: 1.4751, aux_loss: 0.0000, lr: 0.00000118, epoch_time: 5.0min
Epoch:[1/1](103060/113215), loss: 1.7133, logits_loss: 1.7133, aux_loss: 0.0000, lr: 0.00000118, epoch_time: 5.0min
Epoch:[1/1](103080/113215), loss: 1.9604, logits_loss: 1.9604, aux_loss: 0.0000, lr: 0.00000118, epoch_time: 5.0min
Epoch:[1/1](103100/113215), loss: 1.7492, logits_loss: 1.7492, aux_loss: 0.0000, lr: 0.00000118, epoch_time: 5.0min
Epoch:[1/1](103120/113215), loss: 1.8962, logits_loss: 1.8962, aux_loss: 0.0000, lr: 0.00000118, epoch_time: 5.0min
Epoch:[1/1](103140/113215), loss: 1.6117, logits_loss: 1.6117, aux_loss: 0.0000, lr: 0.00000117, epoch_time: 5.0min
Epoch:[1/1](103160/113215), loss: 1.4674, logits_loss: 1.4674, aux_loss: 0.0000, lr: 0.00000117, epoch_time: 5.0min
Epoch:[1/1](103180/113215), loss: 1.6915, logits_loss: 1.6915, aux_loss: 0.0000, lr: 0.00000117, epoch_time: 5.0min
Epoch:[1/1](103200/113215), loss: 1.6098, logits_loss: 1.6098, aux_loss: 0.0000, lr: 0.00000117, epoch_time: 5.0min
Epoch:[1/1](103220/113215), loss: 1.6513, logits_loss: 1.6513, aux_loss: 0.0000, lr: 0.00000117, epoch_time: 5.0min
Epoch:[1/1](103240/113215), loss: 1.7999, logits_loss: 1.7999, aux_loss: 0.0000, lr: 0.00000117, epoch_time: 5.0min
Epoch:[1/1](103260/113215), loss: 1.8905, logits_loss: 1.8905, aux_loss: 0.0000, lr: 0.00000117, epoch_time: 5.0min
Epoch:[1/1](103280/113215), loss: 1.8763, logits_loss: 1.8763, aux_loss: 0.0000, lr: 0.00000117, epoch_time: 5.0min
Epoch:[1/1](103300/113215), loss: 1.8607, logits_loss: 1.8607, aux_loss: 0.0000, lr: 0.00000117, epoch_time: 5.0min
Epoch:[1/1](103320/113215), loss: 1.7487, logits_loss: 1.7487, aux_loss: 0.0000, lr: 0.00000117, epoch_time: 5.0min
Epoch:[1/1](103340/113215), loss: 1.9902, logits_loss: 1.9902, aux_loss: 0.0000, lr: 0.00000117, epoch_time: 5.0min
Epoch:[1/1](103360/113215), loss: 1.8152, logits_loss: 1.8152, aux_loss: 0.0000, lr: 0.00000117, epoch_time: 5.0min
Epoch:[1/1](103380/113215), loss: 1.9293, logits_loss: 1.9293, aux_loss: 0.0000, lr: 0.00000117, epoch_time: 5.0min
Epoch:[1/1](103400/113215), loss: 1.5930, logits_loss: 1.5930, aux_loss: 0.0000, lr: 0.00000117, epoch_time: 5.0min
Epoch:[1/1](103420/113215), loss: 1.5500, logits_loss: 1.5500, aux_loss: 0.0000, lr: 0.00000117, epoch_time: 5.0min
Epoch:[1/1](103440/113215), loss: 1.7896, logits_loss: 1.7896, aux_loss: 0.0000, lr: 0.00000116, epoch_time: 5.0min
Epoch:[1/1](103460/113215), loss: 1.8566, logits_loss: 1.8566, aux_loss: 0.0000, lr: 0.00000116, epoch_time: 5.0min
Epoch:[1/1](103480/113215), loss: 1.7132, logits_loss: 1.7132, aux_loss: 0.0000, lr: 0.00000116, epoch_time: 5.0min
Epoch:[1/1](103500/113215), loss: 1.7718, logits_loss: 1.7718, aux_loss: 0.0000, lr: 0.00000116, epoch_time: 5.0min
Epoch:[1/1](103520/113215), loss: 1.5952, logits_loss: 1.5952, aux_loss: 0.0000, lr: 0.00000116, epoch_time: 5.0min
Epoch:[1/1](103540/113215), loss: 1.7311, logits_loss: 1.7311, aux_loss: 0.0000, lr: 0.00000116, epoch_time: 5.0min
Epoch:[1/1](103560/113215), loss: 1.7396, logits_loss: 1.7396, aux_loss: 0.0000, lr: 0.00000116, epoch_time: 5.0min
Epoch:[1/1](103580/113215), loss: 1.7986, logits_loss: 1.7986, aux_loss: 0.0000, lr: 0.00000116, epoch_time: 5.0min
Epoch:[1/1](103600/113215), loss: 1.8097, logits_loss: 1.8097, aux_loss: 0.0000, lr: 0.00000116, epoch_time: 5.0min
Epoch:[1/1](103620/113215), loss: 1.5821, logits_loss: 1.5821, aux_loss: 0.0000, lr: 0.00000116, epoch_time: 5.0min
Epoch:[1/1](103640/113215), loss: 2.0248, logits_loss: 2.0248, aux_loss: 0.0000, lr: 0.00000116, epoch_time: 5.0min
Epoch:[1/1](103660/113215), loss: 1.8456, logits_loss: 1.8456, aux_loss: 0.0000, lr: 0.00000116, epoch_time: 5.0min
Epoch:[1/1](103680/113215), loss: 1.6302, logits_loss: 1.6302, aux_loss: 0.0000, lr: 0.00000116, epoch_time: 5.0min
Epoch:[1/1](103700/113215), loss: 1.7252, logits_loss: 1.7252, aux_loss: 0.0000, lr: 0.00000116, epoch_time: 5.0min
Epoch:[1/1](103720/113215), loss: 1.8450, logits_loss: 1.8450, aux_loss: 0.0000, lr: 0.00000116, epoch_time: 5.0min
Epoch:[1/1](103740/113215), loss: 1.8109, logits_loss: 1.8109, aux_loss: 0.0000, lr: 0.00000115, epoch_time: 5.0min
Epoch:[1/1](103760/113215), loss: 1.4208, logits_loss: 1.4208, aux_loss: 0.0000, lr: 0.00000115, epoch_time: 5.0min
Epoch:[1/1](103780/113215), loss: 1.9888, logits_loss: 1.9888, aux_loss: 0.0000, lr: 0.00000115, epoch_time: 5.0min
Epoch:[1/1](103800/113215), loss: 1.9076, logits_loss: 1.9076, aux_loss: 0.0000, lr: 0.00000115, epoch_time: 5.0min
Epoch:[1/1](103820/113215), loss: 1.8059, logits_loss: 1.8059, aux_loss: 0.0000, lr: 0.00000115, epoch_time: 5.0min
Epoch:[1/1](103840/113215), loss: 1.8948, logits_loss: 1.8948, aux_loss: 0.0000, lr: 0.00000115, epoch_time: 5.0min
Epoch:[1/1](103860/113215), loss: 1.6734, logits_loss: 1.6734, aux_loss: 0.0000, lr: 0.00000115, epoch_time: 5.0min
Epoch:[1/1](103880/113215), loss: 1.5994, logits_loss: 1.5994, aux_loss: 0.0000, lr: 0.00000115, epoch_time: 5.0min
Epoch:[1/1](103900/113215), loss: 1.7093, logits_loss: 1.7093, aux_loss: 0.0000, lr: 0.00000115, epoch_time: 5.0min
Epoch:[1/1](103920/113215), loss: 1.7157, logits_loss: 1.7157, aux_loss: 0.0000, lr: 0.00000115, epoch_time: 5.0min
Epoch:[1/1](103940/113215), loss: 1.8383, logits_loss: 1.8383, aux_loss: 0.0000, lr: 0.00000115, epoch_time: 5.0min
Epoch:[1/1](103960/113215), loss: 1.7601, logits_loss: 1.7601, aux_loss: 0.0000, lr: 0.00000115, epoch_time: 5.0min
Epoch:[1/1](103980/113215), loss: 1.9123, logits_loss: 1.9123, aux_loss: 0.0000, lr: 0.00000115, epoch_time: 5.0min
Epoch:[1/1](104000/113215), loss: 1.7617, logits_loss: 1.7617, aux_loss: 0.0000, lr: 0.00000115, epoch_time: 5.0min
Epoch:[1/1](104020/113215), loss: 1.6875, logits_loss: 1.6875, aux_loss: 0.0000, lr: 0.00000115, epoch_time: 5.0min
Epoch:[1/1](104040/113215), loss: 1.6338, logits_loss: 1.6338, aux_loss: 0.0000, lr: 0.00000115, epoch_time: 5.0min
Epoch:[1/1](104060/113215), loss: 1.6277, logits_loss: 1.6277, aux_loss: 0.0000, lr: 0.00000114, epoch_time: 5.0min
Epoch:[1/1](104080/113215), loss: 1.8806, logits_loss: 1.8806, aux_loss: 0.0000, lr: 0.00000114, epoch_time: 5.0min
Epoch:[1/1](104100/113215), loss: 1.8818, logits_loss: 1.8818, aux_loss: 0.0000, lr: 0.00000114, epoch_time: 5.0min
Epoch:[1/1](104120/113215), loss: 1.9328, logits_loss: 1.9328, aux_loss: 0.0000, lr: 0.00000114, epoch_time: 5.0min
Epoch:[1/1](104140/113215), loss: 1.4658, logits_loss: 1.4658, aux_loss: 0.0000, lr: 0.00000114, epoch_time: 5.0min
Epoch:[1/1](104160/113215), loss: 1.8483, logits_loss: 1.8483, aux_loss: 0.0000, lr: 0.00000114, epoch_time: 5.0min
Epoch:[1/1](104180/113215), loss: 1.7118, logits_loss: 1.7118, aux_loss: 0.0000, lr: 0.00000114, epoch_time: 5.0min
Epoch:[1/1](104200/113215), loss: 1.6916, logits_loss: 1.6916, aux_loss: 0.0000, lr: 0.00000114, epoch_time: 5.0min
Epoch:[1/1](104220/113215), loss: 1.7701, logits_loss: 1.7701, aux_loss: 0.0000, lr: 0.00000114, epoch_time: 5.0min
Epoch:[1/1](104240/113215), loss: 2.0259, logits_loss: 2.0259, aux_loss: 0.0000, lr: 0.00000114, epoch_time: 5.0min
Epoch:[1/1](104260/113215), loss: 1.7071, logits_loss: 1.7071, aux_loss: 0.0000, lr: 0.00000114, epoch_time: 5.0min
Epoch:[1/1](104280/113215), loss: 1.8213, logits_loss: 1.8213, aux_loss: 0.0000, lr: 0.00000114, epoch_time: 5.0min
Epoch:[1/1](104300/113215), loss: 1.3144, logits_loss: 1.3144, aux_loss: 0.0000, lr: 0.00000114, epoch_time: 5.0min
Epoch:[1/1](104320/113215), loss: 1.8901, logits_loss: 1.8901, aux_loss: 0.0000, lr: 0.00000114, epoch_time: 5.0min
Epoch:[1/1](104340/113215), loss: 1.5840, logits_loss: 1.5840, aux_loss: 0.0000, lr: 0.00000114, epoch_time: 5.0min
Epoch:[1/1](104360/113215), loss: 1.9447, logits_loss: 1.9447, aux_loss: 0.0000, lr: 0.00000114, epoch_time: 5.0min
Epoch:[1/1](104380/113215), loss: 1.8179, logits_loss: 1.8179, aux_loss: 0.0000, lr: 0.00000113, epoch_time: 5.0min
Epoch:[1/1](104400/113215), loss: 1.8151, logits_loss: 1.8151, aux_loss: 0.0000, lr: 0.00000113, epoch_time: 5.0min
Epoch:[1/1](104420/113215), loss: 1.5675, logits_loss: 1.5675, aux_loss: 0.0000, lr: 0.00000113, epoch_time: 5.0min
Epoch:[1/1](104440/113215), loss: 1.7740, logits_loss: 1.7740, aux_loss: 0.0000, lr: 0.00000113, epoch_time: 5.0min
Epoch:[1/1](104460/113215), loss: 1.5769, logits_loss: 1.5769, aux_loss: 0.0000, lr: 0.00000113, epoch_time: 5.0min
Epoch:[1/1](104480/113215), loss: 1.6631, logits_loss: 1.6631, aux_loss: 0.0000, lr: 0.00000113, epoch_time: 5.0min
Epoch:[1/1](104500/113215), loss: 1.8451, logits_loss: 1.8451, aux_loss: 0.0000, lr: 0.00000113, epoch_time: 5.0min
Epoch:[1/1](104520/113215), loss: 1.7329, logits_loss: 1.7329, aux_loss: 0.0000, lr: 0.00000113, epoch_time: 5.0min
Epoch:[1/1](104540/113215), loss: 1.6273, logits_loss: 1.6273, aux_loss: 0.0000, lr: 0.00000113, epoch_time: 5.0min
Epoch:[1/1](104560/113215), loss: 1.6030, logits_loss: 1.6030, aux_loss: 0.0000, lr: 0.00000113, epoch_time: 5.0min
Epoch:[1/1](104580/113215), loss: 1.7712, logits_loss: 1.7712, aux_loss: 0.0000, lr: 0.00000113, epoch_time: 5.0min
Epoch:[1/1](104600/113215), loss: 1.9883, logits_loss: 1.9883, aux_loss: 0.0000, lr: 0.00000113, epoch_time: 5.0min
Epoch:[1/1](104620/113215), loss: 1.7278, logits_loss: 1.7278, aux_loss: 0.0000, lr: 0.00000113, epoch_time: 5.0min
Epoch:[1/1](104640/113215), loss: 1.9467, logits_loss: 1.9467, aux_loss: 0.0000, lr: 0.00000113, epoch_time: 5.0min
Epoch:[1/1](104660/113215), loss: 1.7354, logits_loss: 1.7354, aux_loss: 0.0000, lr: 0.00000113, epoch_time: 4.0min
Epoch:[1/1](104680/113215), loss: 1.4893, logits_loss: 1.4893, aux_loss: 0.0000, lr: 0.00000113, epoch_time: 4.0min
Epoch:[1/1](104700/113215), loss: 1.7651, logits_loss: 1.7651, aux_loss: 0.0000, lr: 0.00000113, epoch_time: 4.0min
Epoch:[1/1](104720/113215), loss: 1.7209, logits_loss: 1.7209, aux_loss: 0.0000, lr: 0.00000112, epoch_time: 4.0min
Epoch:[1/1](104740/113215), loss: 1.4081, logits_loss: 1.4081, aux_loss: 0.0000, lr: 0.00000112, epoch_time: 4.0min
Epoch:[1/1](104760/113215), loss: 1.3900, logits_loss: 1.3900, aux_loss: 0.0000, lr: 0.00000112, epoch_time: 4.0min
Epoch:[1/1](104780/113215), loss: 1.7683, logits_loss: 1.7683, aux_loss: 0.0000, lr: 0.00000112, epoch_time: 4.0min
Epoch:[1/1](104800/113215), loss: 1.6084, logits_loss: 1.6084, aux_loss: 0.0000, lr: 0.00000112, epoch_time: 4.0min
Epoch:[1/1](104820/113215), loss: 1.6846, logits_loss: 1.6846, aux_loss: 0.0000, lr: 0.00000112, epoch_time: 4.0min
Epoch:[1/1](104840/113215), loss: 1.9414, logits_loss: 1.9414, aux_loss: 0.0000, lr: 0.00000112, epoch_time: 4.0min
Epoch:[1/1](104860/113215), loss: 1.9450, logits_loss: 1.9450, aux_loss: 0.0000, lr: 0.00000112, epoch_time: 4.0min
Epoch:[1/1](104880/113215), loss: 1.7898, logits_loss: 1.7898, aux_loss: 0.0000, lr: 0.00000112, epoch_time: 4.0min
Epoch:[1/1](104900/113215), loss: 1.9073, logits_loss: 1.9073, aux_loss: 0.0000, lr: 0.00000112, epoch_time: 4.0min
Epoch:[1/1](104920/113215), loss: 1.5879, logits_loss: 1.5879, aux_loss: 0.0000, lr: 0.00000112, epoch_time: 4.0min
Epoch:[1/1](104940/113215), loss: 1.7937, logits_loss: 1.7937, aux_loss: 0.0000, lr: 0.00000112, epoch_time: 4.0min
Epoch:[1/1](104960/113215), loss: 1.8368, logits_loss: 1.8368, aux_loss: 0.0000, lr: 0.00000112, epoch_time: 4.0min
Epoch:[1/1](104980/113215), loss: 1.7743, logits_loss: 1.7743, aux_loss: 0.0000, lr: 0.00000112, epoch_time: 4.0min
Epoch:[1/1](105000/113215), loss: 1.6791, logits_loss: 1.6791, aux_loss: 0.0000, lr: 0.00000112, epoch_time: 4.0min
Epoch:[1/1](105020/113215), loss: 1.9232, logits_loss: 1.9232, aux_loss: 0.0000, lr: 0.00000112, epoch_time: 4.0min
Epoch:[1/1](105040/113215), loss: 1.7008, logits_loss: 1.7008, aux_loss: 0.0000, lr: 0.00000112, epoch_time: 4.0min
Epoch:[1/1](105060/113215), loss: 1.9684, logits_loss: 1.9684, aux_loss: 0.0000, lr: 0.00000111, epoch_time: 4.0min
Epoch:[1/1](105080/113215), loss: 1.9931, logits_loss: 1.9931, aux_loss: 0.0000, lr: 0.00000111, epoch_time: 4.0min
Epoch:[1/1](105100/113215), loss: 1.5303, logits_loss: 1.5303, aux_loss: 0.0000, lr: 0.00000111, epoch_time: 4.0min
Epoch:[1/1](105120/113215), loss: 1.5224, logits_loss: 1.5224, aux_loss: 0.0000, lr: 0.00000111, epoch_time: 4.0min
Epoch:[1/1](105140/113215), loss: 1.8323, logits_loss: 1.8323, aux_loss: 0.0000, lr: 0.00000111, epoch_time: 4.0min
Epoch:[1/1](105160/113215), loss: 1.8502, logits_loss: 1.8502, aux_loss: 0.0000, lr: 0.00000111, epoch_time: 4.0min
Epoch:[1/1](105180/113215), loss: 1.7745, logits_loss: 1.7745, aux_loss: 0.0000, lr: 0.00000111, epoch_time: 4.0min
Epoch:[1/1](105200/113215), loss: 1.7993, logits_loss: 1.7993, aux_loss: 0.0000, lr: 0.00000111, epoch_time: 4.0min
Epoch:[1/1](105220/113215), loss: 1.4133, logits_loss: 1.4133, aux_loss: 0.0000, lr: 0.00000111, epoch_time: 4.0min
Epoch:[1/1](105240/113215), loss: 1.6468, logits_loss: 1.6468, aux_loss: 0.0000, lr: 0.00000111, epoch_time: 4.0min
Epoch:[1/1](105260/113215), loss: 1.5305, logits_loss: 1.5305, aux_loss: 0.0000, lr: 0.00000111, epoch_time: 4.0min
Epoch:[1/1](105280/113215), loss: 1.5027, logits_loss: 1.5027, aux_loss: 0.0000, lr: 0.00000111, epoch_time: 4.0min
Epoch:[1/1](105300/113215), loss: 1.8256, logits_loss: 1.8256, aux_loss: 0.0000, lr: 0.00000111, epoch_time: 4.0min
Epoch:[1/1](105320/113215), loss: 1.7142, logits_loss: 1.7142, aux_loss: 0.0000, lr: 0.00000111, epoch_time: 4.0min
Epoch:[1/1](105340/113215), loss: 1.8781, logits_loss: 1.8781, aux_loss: 0.0000, lr: 0.00000111, epoch_time: 4.0min
Epoch:[1/1](105360/113215), loss: 1.7928, logits_loss: 1.7928, aux_loss: 0.0000, lr: 0.00000111, epoch_time: 4.0min
Epoch:[1/1](105380/113215), loss: 1.7181, logits_loss: 1.7181, aux_loss: 0.0000, lr: 0.00000111, epoch_time: 4.0min
Epoch:[1/1](105400/113215), loss: 1.8337, logits_loss: 1.8337, aux_loss: 0.0000, lr: 0.00000111, epoch_time: 4.0min
Epoch:[1/1](105420/113215), loss: 1.5515, logits_loss: 1.5515, aux_loss: 0.0000, lr: 0.00000110, epoch_time: 4.0min
Epoch:[1/1](105440/113215), loss: 2.0981, logits_loss: 2.0981, aux_loss: 0.0000, lr: 0.00000110, epoch_time: 4.0min
Epoch:[1/1](105460/113215), loss: 1.8879, logits_loss: 1.8879, aux_loss: 0.0000, lr: 0.00000110, epoch_time: 4.0min
Epoch:[1/1](105480/113215), loss: 1.6559, logits_loss: 1.6559, aux_loss: 0.0000, lr: 0.00000110, epoch_time: 4.0min
Epoch:[1/1](105500/113215), loss: 1.8872, logits_loss: 1.8872, aux_loss: 0.0000, lr: 0.00000110, epoch_time: 4.0min
Epoch:[1/1](105520/113215), loss: 1.7178, logits_loss: 1.7178, aux_loss: 0.0000, lr: 0.00000110, epoch_time: 4.0min
Epoch:[1/1](105540/113215), loss: 1.4680, logits_loss: 1.4680, aux_loss: 0.0000, lr: 0.00000110, epoch_time: 4.0min
Epoch:[1/1](105560/113215), loss: 1.7010, logits_loss: 1.7010, aux_loss: 0.0000, lr: 0.00000110, epoch_time: 4.0min
Epoch:[1/1](105580/113215), loss: 1.4664, logits_loss: 1.4664, aux_loss: 0.0000, lr: 0.00000110, epoch_time: 4.0min
Epoch:[1/1](105600/113215), loss: 1.9763, logits_loss: 1.9763, aux_loss: 0.0000, lr: 0.00000110, epoch_time: 4.0min
Epoch:[1/1](105620/113215), loss: 1.6413, logits_loss: 1.6413, aux_loss: 0.0000, lr: 0.00000110, epoch_time: 4.0min
Epoch:[1/1](105640/113215), loss: 1.5140, logits_loss: 1.5140, aux_loss: 0.0000, lr: 0.00000110, epoch_time: 4.0min
Epoch:[1/1](105660/113215), loss: 1.6801, logits_loss: 1.6801, aux_loss: 0.0000, lr: 0.00000110, epoch_time: 4.0min
Epoch:[1/1](105680/113215), loss: 1.5950, logits_loss: 1.5950, aux_loss: 0.0000, lr: 0.00000110, epoch_time: 4.0min
Epoch:[1/1](105700/113215), loss: 1.6250, logits_loss: 1.6250, aux_loss: 0.0000, lr: 0.00000110, epoch_time: 4.0min
Epoch:[1/1](105720/113215), loss: 1.5769, logits_loss: 1.5769, aux_loss: 0.0000, lr: 0.00000110, epoch_time: 4.0min
Epoch:[1/1](105740/113215), loss: 1.5783, logits_loss: 1.5783, aux_loss: 0.0000, lr: 0.00000110, epoch_time: 4.0min
Epoch:[1/1](105760/113215), loss: 1.7398, logits_loss: 1.7398, aux_loss: 0.0000, lr: 0.00000110, epoch_time: 4.0min
Epoch:[1/1](105780/113215), loss: 1.9431, logits_loss: 1.9431, aux_loss: 0.0000, lr: 0.00000110, epoch_time: 4.0min
Epoch:[1/1](105800/113215), loss: 1.8430, logits_loss: 1.8430, aux_loss: 0.0000, lr: 0.00000109, epoch_time: 4.0min
Epoch:[1/1](105820/113215), loss: 1.7751, logits_loss: 1.7751, aux_loss: 0.0000, lr: 0.00000109, epoch_time: 4.0min
Epoch:[1/1](105840/113215), loss: 1.7375, logits_loss: 1.7375, aux_loss: 0.0000, lr: 0.00000109, epoch_time: 4.0min
Epoch:[1/1](105860/113215), loss: 1.9374, logits_loss: 1.9374, aux_loss: 0.0000, lr: 0.00000109, epoch_time: 4.0min
Epoch:[1/1](105880/113215), loss: 1.5755, logits_loss: 1.5755, aux_loss: 0.0000, lr: 0.00000109, epoch_time: 4.0min
Epoch:[1/1](105900/113215), loss: 2.0661, logits_loss: 2.0661, aux_loss: 0.0000, lr: 0.00000109, epoch_time: 4.0min
Epoch:[1/1](105920/113215), loss: 1.6452, logits_loss: 1.6452, aux_loss: 0.0000, lr: 0.00000109, epoch_time: 4.0min
Epoch:[1/1](105940/113215), loss: 1.6509, logits_loss: 1.6509, aux_loss: 0.0000, lr: 0.00000109, epoch_time: 4.0min
Epoch:[1/1](105960/113215), loss: 1.4949, logits_loss: 1.4949, aux_loss: 0.0000, lr: 0.00000109, epoch_time: 4.0min
Epoch:[1/1](105980/113215), loss: 1.9956, logits_loss: 1.9956, aux_loss: 0.0000, lr: 0.00000109, epoch_time: 4.0min
Epoch:[1/1](106000/113215), loss: 1.8534, logits_loss: 1.8534, aux_loss: 0.0000, lr: 0.00000109, epoch_time: 4.0min
Epoch:[1/1](106020/113215), loss: 1.9366, logits_loss: 1.9366, aux_loss: 0.0000, lr: 0.00000109, epoch_time: 4.0min
Epoch:[1/1](106040/113215), loss: 1.8592, logits_loss: 1.8592, aux_loss: 0.0000, lr: 0.00000109, epoch_time: 4.0min
Epoch:[1/1](106060/113215), loss: 1.8444, logits_loss: 1.8444, aux_loss: 0.0000, lr: 0.00000109, epoch_time: 4.0min
Epoch:[1/1](106080/113215), loss: 1.7892, logits_loss: 1.7892, aux_loss: 0.0000, lr: 0.00000109, epoch_time: 4.0min
Epoch:[1/1](106100/113215), loss: 1.6061, logits_loss: 1.6061, aux_loss: 0.0000, lr: 0.00000109, epoch_time: 4.0min
Epoch:[1/1](106120/113215), loss: 1.3615, logits_loss: 1.3615, aux_loss: 0.0000, lr: 0.00000109, epoch_time: 4.0min
Epoch:[1/1](106140/113215), loss: 1.9231, logits_loss: 1.9231, aux_loss: 0.0000, lr: 0.00000109, epoch_time: 4.0min
Epoch:[1/1](106160/113215), loss: 1.6833, logits_loss: 1.6833, aux_loss: 0.0000, lr: 0.00000109, epoch_time: 4.0min
Epoch:[1/1](106180/113215), loss: 1.6388, logits_loss: 1.6388, aux_loss: 0.0000, lr: 0.00000109, epoch_time: 4.0min
Epoch:[1/1](106200/113215), loss: 1.7579, logits_loss: 1.7579, aux_loss: 0.0000, lr: 0.00000108, epoch_time: 4.0min
Epoch:[1/1](106220/113215), loss: 1.5987, logits_loss: 1.5987, aux_loss: 0.0000, lr: 0.00000108, epoch_time: 4.0min
Epoch:[1/1](106240/113215), loss: 1.5755, logits_loss: 1.5755, aux_loss: 0.0000, lr: 0.00000108, epoch_time: 4.0min
Epoch:[1/1](106260/113215), loss: 1.6767, logits_loss: 1.6767, aux_loss: 0.0000, lr: 0.00000108, epoch_time: 4.0min
Epoch:[1/1](106280/113215), loss: 1.6878, logits_loss: 1.6878, aux_loss: 0.0000, lr: 0.00000108, epoch_time: 4.0min
Epoch:[1/1](106300/113215), loss: 1.8548, logits_loss: 1.8548, aux_loss: 0.0000, lr: 0.00000108, epoch_time: 4.0min
Epoch:[1/1](106320/113215), loss: 1.3118, logits_loss: 1.3118, aux_loss: 0.0000, lr: 0.00000108, epoch_time: 4.0min
Epoch:[1/1](106340/113215), loss: 1.7263, logits_loss: 1.7263, aux_loss: 0.0000, lr: 0.00000108, epoch_time: 4.0min
Epoch:[1/1](106360/113215), loss: 1.8234, logits_loss: 1.8234, aux_loss: 0.0000, lr: 0.00000108, epoch_time: 4.0min
Epoch:[1/1](106380/113215), loss: 1.7106, logits_loss: 1.7106, aux_loss: 0.0000, lr: 0.00000108, epoch_time: 3.0min
Epoch:[1/1](106400/113215), loss: 1.7506, logits_loss: 1.7506, aux_loss: 0.0000, lr: 0.00000108, epoch_time: 3.0min
Epoch:[1/1](106420/113215), loss: 2.0269, logits_loss: 2.0269, aux_loss: 0.0000, lr: 0.00000108, epoch_time: 3.0min
Epoch:[1/1](106440/113215), loss: 1.8447, logits_loss: 1.8447, aux_loss: 0.0000, lr: 0.00000108, epoch_time: 3.0min
Epoch:[1/1](106460/113215), loss: 1.5413, logits_loss: 1.5413, aux_loss: 0.0000, lr: 0.00000108, epoch_time: 3.0min
Epoch:[1/1](106480/113215), loss: 1.5966, logits_loss: 1.5966, aux_loss: 0.0000, lr: 0.00000108, epoch_time: 3.0min
Epoch:[1/1](106500/113215), loss: 1.8303, logits_loss: 1.8303, aux_loss: 0.0000, lr: 0.00000108, epoch_time: 3.0min
Epoch:[1/1](106520/113215), loss: 1.5177, logits_loss: 1.5177, aux_loss: 0.0000, lr: 0.00000108, epoch_time: 3.0min
Epoch:[1/1](106540/113215), loss: 1.9719, logits_loss: 1.9719, aux_loss: 0.0000, lr: 0.00000108, epoch_time: 3.0min
Epoch:[1/1](106560/113215), loss: 1.7721, logits_loss: 1.7721, aux_loss: 0.0000, lr: 0.00000108, epoch_time: 3.0min
Epoch:[1/1](106580/113215), loss: 1.9552, logits_loss: 1.9552, aux_loss: 0.0000, lr: 0.00000108, epoch_time: 3.0min
Epoch:[1/1](106600/113215), loss: 1.6551, logits_loss: 1.6551, aux_loss: 0.0000, lr: 0.00000108, epoch_time: 3.0min
Epoch:[1/1](106620/113215), loss: 1.9148, logits_loss: 1.9148, aux_loss: 0.0000, lr: 0.00000108, epoch_time: 3.0min
Epoch:[1/1](106640/113215), loss: 1.6596, logits_loss: 1.6596, aux_loss: 0.0000, lr: 0.00000107, epoch_time: 3.0min
Epoch:[1/1](106660/113215), loss: 1.8200, logits_loss: 1.8200, aux_loss: 0.0000, lr: 0.00000107, epoch_time: 3.0min
Epoch:[1/1](106680/113215), loss: 1.6435, logits_loss: 1.6435, aux_loss: 0.0000, lr: 0.00000107, epoch_time: 3.0min
Epoch:[1/1](106700/113215), loss: 1.6822, logits_loss: 1.6822, aux_loss: 0.0000, lr: 0.00000107, epoch_time: 3.0min
Epoch:[1/1](106720/113215), loss: 2.0450, logits_loss: 2.0450, aux_loss: 0.0000, lr: 0.00000107, epoch_time: 3.0min
Epoch:[1/1](106740/113215), loss: 1.7632, logits_loss: 1.7632, aux_loss: 0.0000, lr: 0.00000107, epoch_time: 3.0min
Epoch:[1/1](106760/113215), loss: 1.7186, logits_loss: 1.7186, aux_loss: 0.0000, lr: 0.00000107, epoch_time: 3.0min
Epoch:[1/1](106780/113215), loss: 1.6391, logits_loss: 1.6391, aux_loss: 0.0000, lr: 0.00000107, epoch_time: 3.0min
Epoch:[1/1](106800/113215), loss: 1.6710, logits_loss: 1.6710, aux_loss: 0.0000, lr: 0.00000107, epoch_time: 3.0min
Epoch:[1/1](106820/113215), loss: 1.8129, logits_loss: 1.8129, aux_loss: 0.0000, lr: 0.00000107, epoch_time: 3.0min
Epoch:[1/1](106840/113215), loss: 1.9372, logits_loss: 1.9372, aux_loss: 0.0000, lr: 0.00000107, epoch_time: 3.0min
Epoch:[1/1](106860/113215), loss: 1.6111, logits_loss: 1.6111, aux_loss: 0.0000, lr: 0.00000107, epoch_time: 3.0min
Epoch:[1/1](106880/113215), loss: 1.9711, logits_loss: 1.9711, aux_loss: 0.0000, lr: 0.00000107, epoch_time: 3.0min
Epoch:[1/1](106900/113215), loss: 1.6219, logits_loss: 1.6219, aux_loss: 0.0000, lr: 0.00000107, epoch_time: 3.0min
Epoch:[1/1](106920/113215), loss: 1.6776, logits_loss: 1.6776, aux_loss: 0.0000, lr: 0.00000107, epoch_time: 3.0min
Epoch:[1/1](106940/113215), loss: 1.8683, logits_loss: 1.8683, aux_loss: 0.0000, lr: 0.00000107, epoch_time: 3.0min
Epoch:[1/1](106960/113215), loss: 1.4521, logits_loss: 1.4521, aux_loss: 0.0000, lr: 0.00000107, epoch_time: 3.0min
Epoch:[1/1](106980/113215), loss: 1.8238, logits_loss: 1.8238, aux_loss: 0.0000, lr: 0.00000107, epoch_time: 3.0min
Epoch:[1/1](107000/113215), loss: 1.7191, logits_loss: 1.7191, aux_loss: 0.0000, lr: 0.00000107, epoch_time: 3.0min
Epoch:[1/1](107020/113215), loss: 1.9795, logits_loss: 1.9795, aux_loss: 0.0000, lr: 0.00000107, epoch_time: 3.0min
Epoch:[1/1](107040/113215), loss: 1.6110, logits_loss: 1.6110, aux_loss: 0.0000, lr: 0.00000107, epoch_time: 3.0min
Epoch:[1/1](107060/113215), loss: 1.5532, logits_loss: 1.5532, aux_loss: 0.0000, lr: 0.00000107, epoch_time: 3.0min
Epoch:[1/1](107080/113215), loss: 1.5871, logits_loss: 1.5871, aux_loss: 0.0000, lr: 0.00000107, epoch_time: 3.0min
Epoch:[1/1](107100/113215), loss: 1.4109, logits_loss: 1.4109, aux_loss: 0.0000, lr: 0.00000106, epoch_time: 3.0min
Epoch:[1/1](107120/113215), loss: 2.1146, logits_loss: 2.1146, aux_loss: 0.0000, lr: 0.00000106, epoch_time: 3.0min
Epoch:[1/1](107140/113215), loss: 1.8265, logits_loss: 1.8265, aux_loss: 0.0000, lr: 0.00000106, epoch_time: 3.0min
Epoch:[1/1](107160/113215), loss: 1.7940, logits_loss: 1.7940, aux_loss: 0.0000, lr: 0.00000106, epoch_time: 3.0min
Epoch:[1/1](107180/113215), loss: 1.7995, logits_loss: 1.7995, aux_loss: 0.0000, lr: 0.00000106, epoch_time: 3.0min
Epoch:[1/1](107200/113215), loss: 1.8766, logits_loss: 1.8766, aux_loss: 0.0000, lr: 0.00000106, epoch_time: 3.0min
Epoch:[1/1](107220/113215), loss: 1.3756, logits_loss: 1.3756, aux_loss: 0.0000, lr: 0.00000106, epoch_time: 3.0min
Epoch:[1/1](107240/113215), loss: 2.0606, logits_loss: 2.0606, aux_loss: 0.0000, lr: 0.00000106, epoch_time: 3.0min
Epoch:[1/1](107260/113215), loss: 1.9628, logits_loss: 1.9628, aux_loss: 0.0000, lr: 0.00000106, epoch_time: 3.0min
Epoch:[1/1](107280/113215), loss: 1.5379, logits_loss: 1.5379, aux_loss: 0.0000, lr: 0.00000106, epoch_time: 3.0min
Epoch:[1/1](107300/113215), loss: 1.3679, logits_loss: 1.3679, aux_loss: 0.0000, lr: 0.00000106, epoch_time: 3.0min
Epoch:[1/1](107320/113215), loss: 1.7399, logits_loss: 1.7399, aux_loss: 0.0000, lr: 0.00000106, epoch_time: 3.0min
Epoch:[1/1](107340/113215), loss: 1.7030, logits_loss: 1.7030, aux_loss: 0.0000, lr: 0.00000106, epoch_time: 3.0min
Epoch:[1/1](107360/113215), loss: 1.8715, logits_loss: 1.8715, aux_loss: 0.0000, lr: 0.00000106, epoch_time: 3.0min
Epoch:[1/1](107380/113215), loss: 1.5872, logits_loss: 1.5872, aux_loss: 0.0000, lr: 0.00000106, epoch_time: 3.0min
Epoch:[1/1](107400/113215), loss: 1.6367, logits_loss: 1.6367, aux_loss: 0.0000, lr: 0.00000106, epoch_time: 3.0min
Epoch:[1/1](107420/113215), loss: 1.9183, logits_loss: 1.9183, aux_loss: 0.0000, lr: 0.00000106, epoch_time: 3.0min
Epoch:[1/1](107440/113215), loss: 1.6425, logits_loss: 1.6425, aux_loss: 0.0000, lr: 0.00000106, epoch_time: 3.0min
Epoch:[1/1](107460/113215), loss: 1.6488, logits_loss: 1.6488, aux_loss: 0.0000, lr: 0.00000106, epoch_time: 3.0min
Epoch:[1/1](107480/113215), loss: 1.6556, logits_loss: 1.6556, aux_loss: 0.0000, lr: 0.00000106, epoch_time: 3.0min
Epoch:[1/1](107500/113215), loss: 1.2919, logits_loss: 1.2919, aux_loss: 0.0000, lr: 0.00000106, epoch_time: 3.0min
Epoch:[1/1](107520/113215), loss: 1.7394, logits_loss: 1.7394, aux_loss: 0.0000, lr: 0.00000106, epoch_time: 3.0min
Epoch:[1/1](107540/113215), loss: 1.5344, logits_loss: 1.5344, aux_loss: 0.0000, lr: 0.00000106, epoch_time: 3.0min
Epoch:[1/1](107560/113215), loss: 1.8703, logits_loss: 1.8703, aux_loss: 0.0000, lr: 0.00000106, epoch_time: 3.0min
Epoch:[1/1](107580/113215), loss: 1.8520, logits_loss: 1.8520, aux_loss: 0.0000, lr: 0.00000105, epoch_time: 3.0min
Epoch:[1/1](107600/113215), loss: 1.7785, logits_loss: 1.7785, aux_loss: 0.0000, lr: 0.00000105, epoch_time: 3.0min
Epoch:[1/1](107620/113215), loss: 1.1479, logits_loss: 1.1479, aux_loss: 0.0000, lr: 0.00000105, epoch_time: 3.0min
Epoch:[1/1](107640/113215), loss: 2.0999, logits_loss: 2.0999, aux_loss: 0.0000, lr: 0.00000105, epoch_time: 3.0min
Epoch:[1/1](107660/113215), loss: 1.5975, logits_loss: 1.5975, aux_loss: 0.0000, lr: 0.00000105, epoch_time: 3.0min
Epoch:[1/1](107680/113215), loss: 1.7916, logits_loss: 1.7916, aux_loss: 0.0000, lr: 0.00000105, epoch_time: 3.0min
Epoch:[1/1](107700/113215), loss: 1.7590, logits_loss: 1.7590, aux_loss: 0.0000, lr: 0.00000105, epoch_time: 3.0min
Epoch:[1/1](107720/113215), loss: 1.5846, logits_loss: 1.5846, aux_loss: 0.0000, lr: 0.00000105, epoch_time: 3.0min
Epoch:[1/1](107740/113215), loss: 1.8996, logits_loss: 1.8996, aux_loss: 0.0000, lr: 0.00000105, epoch_time: 3.0min
Epoch:[1/1](107760/113215), loss: 1.8228, logits_loss: 1.8228, aux_loss: 0.0000, lr: 0.00000105, epoch_time: 3.0min
Epoch:[1/1](107780/113215), loss: 1.9055, logits_loss: 1.9055, aux_loss: 0.0000, lr: 0.00000105, epoch_time: 3.0min
Epoch:[1/1](107800/113215), loss: 1.6801, logits_loss: 1.6801, aux_loss: 0.0000, lr: 0.00000105, epoch_time: 3.0min
Epoch:[1/1](107820/113215), loss: 1.5511, logits_loss: 1.5511, aux_loss: 0.0000, lr: 0.00000105, epoch_time: 3.0min
Epoch:[1/1](107840/113215), loss: 1.2691, logits_loss: 1.2691, aux_loss: 0.0000, lr: 0.00000105, epoch_time: 3.0min
Epoch:[1/1](107860/113215), loss: 1.8567, logits_loss: 1.8567, aux_loss: 0.0000, lr: 0.00000105, epoch_time: 3.0min
Epoch:[1/1](107880/113215), loss: 1.5303, logits_loss: 1.5303, aux_loss: 0.0000, lr: 0.00000105, epoch_time: 3.0min
Epoch:[1/1](107900/113215), loss: 1.5678, logits_loss: 1.5678, aux_loss: 0.0000, lr: 0.00000105, epoch_time: 3.0min
Epoch:[1/1](107920/113215), loss: 1.5509, logits_loss: 1.5509, aux_loss: 0.0000, lr: 0.00000105, epoch_time: 3.0min
Epoch:[1/1](107940/113215), loss: 1.8948, logits_loss: 1.8948, aux_loss: 0.0000, lr: 0.00000105, epoch_time: 3.0min
Epoch:[1/1](107960/113215), loss: 1.2803, logits_loss: 1.2803, aux_loss: 0.0000, lr: 0.00000105, epoch_time: 3.0min
Epoch:[1/1](107980/113215), loss: 1.5346, logits_loss: 1.5346, aux_loss: 0.0000, lr: 0.00000105, epoch_time: 3.0min
Epoch:[1/1](108000/113215), loss: 1.6610, logits_loss: 1.6610, aux_loss: 0.0000, lr: 0.00000105, epoch_time: 3.0min
Epoch:[1/1](108020/113215), loss: 1.6913, logits_loss: 1.6913, aux_loss: 0.0000, lr: 0.00000105, epoch_time: 3.0min
Epoch:[1/1](108040/113215), loss: 1.9863, logits_loss: 1.9863, aux_loss: 0.0000, lr: 0.00000105, epoch_time: 3.0min
Epoch:[1/1](108060/113215), loss: 1.8341, logits_loss: 1.8341, aux_loss: 0.0000, lr: 0.00000105, epoch_time: 3.0min
Epoch:[1/1](108080/113215), loss: 1.7532, logits_loss: 1.7532, aux_loss: 0.0000, lr: 0.00000105, epoch_time: 2.0min
Epoch:[1/1](108100/113215), loss: 1.5506, logits_loss: 1.5506, aux_loss: 0.0000, lr: 0.00000105, epoch_time: 2.0min
Epoch:[1/1](108120/113215), loss: 1.5113, logits_loss: 1.5113, aux_loss: 0.0000, lr: 0.00000104, epoch_time: 2.0min
Epoch:[1/1](108140/113215), loss: 1.8178, logits_loss: 1.8178, aux_loss: 0.0000, lr: 0.00000104, epoch_time: 2.0min
Epoch:[1/1](108160/113215), loss: 1.7928, logits_loss: 1.7928, aux_loss: 0.0000, lr: 0.00000104, epoch_time: 2.0min
Epoch:[1/1](108180/113215), loss: 1.7556, logits_loss: 1.7556, aux_loss: 0.0000, lr: 0.00000104, epoch_time: 2.0min
Epoch:[1/1](108200/113215), loss: 1.5288, logits_loss: 1.5288, aux_loss: 0.0000, lr: 0.00000104, epoch_time: 2.0min
Epoch:[1/1](108220/113215), loss: 1.9381, logits_loss: 1.9381, aux_loss: 0.0000, lr: 0.00000104, epoch_time: 2.0min
Epoch:[1/1](108240/113215), loss: 1.8413, logits_loss: 1.8413, aux_loss: 0.0000, lr: 0.00000104, epoch_time: 2.0min
Epoch:[1/1](108260/113215), loss: 1.8970, logits_loss: 1.8970, aux_loss: 0.0000, lr: 0.00000104, epoch_time: 2.0min
Epoch:[1/1](108280/113215), loss: 1.7325, logits_loss: 1.7325, aux_loss: 0.0000, lr: 0.00000104, epoch_time: 2.0min
Epoch:[1/1](108300/113215), loss: 1.7648, logits_loss: 1.7648, aux_loss: 0.0000, lr: 0.00000104, epoch_time: 2.0min
Epoch:[1/1](108320/113215), loss: 1.4697, logits_loss: 1.4697, aux_loss: 0.0000, lr: 0.00000104, epoch_time: 2.0min
Epoch:[1/1](108340/113215), loss: 1.7108, logits_loss: 1.7108, aux_loss: 0.0000, lr: 0.00000104, epoch_time: 2.0min
Epoch:[1/1](108360/113215), loss: 1.8279, logits_loss: 1.8279, aux_loss: 0.0000, lr: 0.00000104, epoch_time: 2.0min
Epoch:[1/1](108380/113215), loss: 1.3094, logits_loss: 1.3094, aux_loss: 0.0000, lr: 0.00000104, epoch_time: 2.0min
Epoch:[1/1](108400/113215), loss: 1.9741, logits_loss: 1.9741, aux_loss: 0.0000, lr: 0.00000104, epoch_time: 2.0min
Epoch:[1/1](108420/113215), loss: 1.7519, logits_loss: 1.7519, aux_loss: 0.0000, lr: 0.00000104, epoch_time: 2.0min
Epoch:[1/1](108440/113215), loss: 1.6930, logits_loss: 1.6930, aux_loss: 0.0000, lr: 0.00000104, epoch_time: 2.0min
Epoch:[1/1](108460/113215), loss: 1.7926, logits_loss: 1.7926, aux_loss: 0.0000, lr: 0.00000104, epoch_time: 2.0min
Epoch:[1/1](108480/113215), loss: 1.6539, logits_loss: 1.6539, aux_loss: 0.0000, lr: 0.00000104, epoch_time: 2.0min
Epoch:[1/1](108500/113215), loss: 1.5767, logits_loss: 1.5767, aux_loss: 0.0000, lr: 0.00000104, epoch_time: 2.0min
Epoch:[1/1](108520/113215), loss: 1.4643, logits_loss: 1.4643, aux_loss: 0.0000, lr: 0.00000104, epoch_time: 2.0min
Epoch:[1/1](108540/113215), loss: 1.7486, logits_loss: 1.7486, aux_loss: 0.0000, lr: 0.00000104, epoch_time: 2.0min
Epoch:[1/1](108560/113215), loss: 1.7536, logits_loss: 1.7536, aux_loss: 0.0000, lr: 0.00000104, epoch_time: 2.0min
Epoch:[1/1](108580/113215), loss: 1.4785, logits_loss: 1.4785, aux_loss: 0.0000, lr: 0.00000104, epoch_time: 2.0min
Epoch:[1/1](108600/113215), loss: 1.6885, logits_loss: 1.6885, aux_loss: 0.0000, lr: 0.00000104, epoch_time: 2.0min
Epoch:[1/1](108620/113215), loss: 1.8109, logits_loss: 1.8109, aux_loss: 0.0000, lr: 0.00000104, epoch_time: 2.0min
Epoch:[1/1](108640/113215), loss: 1.7083, logits_loss: 1.7083, aux_loss: 0.0000, lr: 0.00000104, epoch_time: 2.0min
Epoch:[1/1](108660/113215), loss: 1.9135, logits_loss: 1.9135, aux_loss: 0.0000, lr: 0.00000104, epoch_time: 2.0min
Epoch:[1/1](108680/113215), loss: 1.7865, logits_loss: 1.7865, aux_loss: 0.0000, lr: 0.00000104, epoch_time: 2.0min
Epoch:[1/1](108700/113215), loss: 1.8386, logits_loss: 1.8386, aux_loss: 0.0000, lr: 0.00000104, epoch_time: 2.0min
Epoch:[1/1](108720/113215), loss: 1.6930, logits_loss: 1.6930, aux_loss: 0.0000, lr: 0.00000103, epoch_time: 2.0min
Epoch:[1/1](108740/113215), loss: 1.9035, logits_loss: 1.9035, aux_loss: 0.0000, lr: 0.00000103, epoch_time: 2.0min
Epoch:[1/1](108760/113215), loss: 2.1147, logits_loss: 2.1147, aux_loss: 0.0000, lr: 0.00000103, epoch_time: 2.0min
Epoch:[1/1](108780/113215), loss: 1.5584, logits_loss: 1.5584, aux_loss: 0.0000, lr: 0.00000103, epoch_time: 2.0min
Epoch:[1/1](108800/113215), loss: 1.6691, logits_loss: 1.6691, aux_loss: 0.0000, lr: 0.00000103, epoch_time: 2.0min
Epoch:[1/1](108820/113215), loss: 1.8063, logits_loss: 1.8063, aux_loss: 0.0000, lr: 0.00000103, epoch_time: 2.0min
Epoch:[1/1](108840/113215), loss: 1.6646, logits_loss: 1.6646, aux_loss: 0.0000, lr: 0.00000103, epoch_time: 2.0min
Epoch:[1/1](108860/113215), loss: 1.6659, logits_loss: 1.6659, aux_loss: 0.0000, lr: 0.00000103, epoch_time: 2.0min
Epoch:[1/1](108880/113215), loss: 1.7995, logits_loss: 1.7995, aux_loss: 0.0000, lr: 0.00000103, epoch_time: 2.0min
Epoch:[1/1](108900/113215), loss: 2.0057, logits_loss: 2.0057, aux_loss: 0.0000, lr: 0.00000103, epoch_time: 2.0min
Epoch:[1/1](108920/113215), loss: 1.7345, logits_loss: 1.7345, aux_loss: 0.0000, lr: 0.00000103, epoch_time: 2.0min
Epoch:[1/1](108940/113215), loss: 1.8758, logits_loss: 1.8758, aux_loss: 0.0000, lr: 0.00000103, epoch_time: 2.0min
Epoch:[1/1](108960/113215), loss: 1.7644, logits_loss: 1.7644, aux_loss: 0.0000, lr: 0.00000103, epoch_time: 2.0min
Epoch:[1/1](108980/113215), loss: 1.6225, logits_loss: 1.6225, aux_loss: 0.0000, lr: 0.00000103, epoch_time: 2.0min
Epoch:[1/1](109000/113215), loss: 1.5888, logits_loss: 1.5888, aux_loss: 0.0000, lr: 0.00000103, epoch_time: 2.0min
Epoch:[1/1](109020/113215), loss: 1.9308, logits_loss: 1.9308, aux_loss: 0.0000, lr: 0.00000103, epoch_time: 2.0min
Epoch:[1/1](109040/113215), loss: 1.5487, logits_loss: 1.5487, aux_loss: 0.0000, lr: 0.00000103, epoch_time: 2.0min
Epoch:[1/1](109060/113215), loss: 1.7138, logits_loss: 1.7138, aux_loss: 0.0000, lr: 0.00000103, epoch_time: 2.0min
Epoch:[1/1](109080/113215), loss: 2.0326, logits_loss: 2.0326, aux_loss: 0.0000, lr: 0.00000103, epoch_time: 2.0min
Epoch:[1/1](109100/113215), loss: 1.8151, logits_loss: 1.8151, aux_loss: 0.0000, lr: 0.00000103, epoch_time: 2.0min
Epoch:[1/1](109120/113215), loss: 1.6431, logits_loss: 1.6431, aux_loss: 0.0000, lr: 0.00000103, epoch_time: 2.0min
Epoch:[1/1](109140/113215), loss: 1.9111, logits_loss: 1.9111, aux_loss: 0.0000, lr: 0.00000103, epoch_time: 2.0min
Epoch:[1/1](109160/113215), loss: 1.7217, logits_loss: 1.7217, aux_loss: 0.0000, lr: 0.00000103, epoch_time: 2.0min
Epoch:[1/1](109180/113215), loss: 2.0434, logits_loss: 2.0434, aux_loss: 0.0000, lr: 0.00000103, epoch_time: 2.0min
Epoch:[1/1](109200/113215), loss: 1.6661, logits_loss: 1.6661, aux_loss: 0.0000, lr: 0.00000103, epoch_time: 2.0min
Epoch:[1/1](109220/113215), loss: 1.9549, logits_loss: 1.9549, aux_loss: 0.0000, lr: 0.00000103, epoch_time: 2.0min
Epoch:[1/1](109240/113215), loss: 1.5297, logits_loss: 1.5297, aux_loss: 0.0000, lr: 0.00000103, epoch_time: 2.0min
Epoch:[1/1](109260/113215), loss: 1.8453, logits_loss: 1.8453, aux_loss: 0.0000, lr: 0.00000103, epoch_time: 2.0min
Epoch:[1/1](109280/113215), loss: 1.9857, logits_loss: 1.9857, aux_loss: 0.0000, lr: 0.00000103, epoch_time: 2.0min
Epoch:[1/1](109300/113215), loss: 1.8439, logits_loss: 1.8439, aux_loss: 0.0000, lr: 0.00000103, epoch_time: 2.0min
Epoch:[1/1](109320/113215), loss: 1.1770, logits_loss: 1.1770, aux_loss: 0.0000, lr: 0.00000103, epoch_time: 2.0min
Epoch:[1/1](109340/113215), loss: 1.6914, logits_loss: 1.6914, aux_loss: 0.0000, lr: 0.00000103, epoch_time: 2.0min
Epoch:[1/1](109360/113215), loss: 1.7224, logits_loss: 1.7224, aux_loss: 0.0000, lr: 0.00000103, epoch_time: 2.0min
Epoch:[1/1](109380/113215), loss: 1.5218, logits_loss: 1.5218, aux_loss: 0.0000, lr: 0.00000103, epoch_time: 2.0min
Epoch:[1/1](109400/113215), loss: 1.7903, logits_loss: 1.7903, aux_loss: 0.0000, lr: 0.00000103, epoch_time: 2.0min
Epoch:[1/1](109420/113215), loss: 1.5909, logits_loss: 1.5909, aux_loss: 0.0000, lr: 0.00000102, epoch_time: 2.0min
Epoch:[1/1](109440/113215), loss: 1.5948, logits_loss: 1.5948, aux_loss: 0.0000, lr: 0.00000102, epoch_time: 2.0min
Epoch:[1/1](109460/113215), loss: 1.6033, logits_loss: 1.6033, aux_loss: 0.0000, lr: 0.00000102, epoch_time: 2.0min
Epoch:[1/1](109480/113215), loss: 1.7872, logits_loss: 1.7872, aux_loss: 0.0000, lr: 0.00000102, epoch_time: 2.0min
Epoch:[1/1](109500/113215), loss: 1.5102, logits_loss: 1.5102, aux_loss: 0.0000, lr: 0.00000102, epoch_time: 2.0min
Epoch:[1/1](109520/113215), loss: 1.7176, logits_loss: 1.7176, aux_loss: 0.0000, lr: 0.00000102, epoch_time: 2.0min
Epoch:[1/1](109540/113215), loss: 1.8027, logits_loss: 1.8027, aux_loss: 0.0000, lr: 0.00000102, epoch_time: 2.0min
Epoch:[1/1](109560/113215), loss: 1.7765, logits_loss: 1.7765, aux_loss: 0.0000, lr: 0.00000102, epoch_time: 2.0min
Epoch:[1/1](109580/113215), loss: 1.4544, logits_loss: 1.4544, aux_loss: 0.0000, lr: 0.00000102, epoch_time: 2.0min
Epoch:[1/1](109600/113215), loss: 2.0763, logits_loss: 2.0763, aux_loss: 0.0000, lr: 0.00000102, epoch_time: 2.0min
Epoch:[1/1](109620/113215), loss: 1.6237, logits_loss: 1.6237, aux_loss: 0.0000, lr: 0.00000102, epoch_time: 2.0min
Epoch:[1/1](109640/113215), loss: 1.7759, logits_loss: 1.7759, aux_loss: 0.0000, lr: 0.00000102, epoch_time: 2.0min
Epoch:[1/1](109660/113215), loss: 1.3645, logits_loss: 1.3645, aux_loss: 0.0000, lr: 0.00000102, epoch_time: 2.0min
Epoch:[1/1](109680/113215), loss: 1.8581, logits_loss: 1.8581, aux_loss: 0.0000, lr: 0.00000102, epoch_time: 2.0min
Epoch:[1/1](109700/113215), loss: 1.7363, logits_loss: 1.7363, aux_loss: 0.0000, lr: 0.00000102, epoch_time: 2.0min
Epoch:[1/1](109720/113215), loss: 1.7027, logits_loss: 1.7027, aux_loss: 0.0000, lr: 0.00000102, epoch_time: 2.0min
Epoch:[1/1](109740/113215), loss: 1.6876, logits_loss: 1.6876, aux_loss: 0.0000, lr: 0.00000102, epoch_time: 2.0min
Epoch:[1/1](109760/113215), loss: 1.8174, logits_loss: 1.8174, aux_loss: 0.0000, lr: 0.00000102, epoch_time: 2.0min
Epoch:[1/1](109780/113215), loss: 1.5028, logits_loss: 1.5028, aux_loss: 0.0000, lr: 0.00000102, epoch_time: 2.0min
Epoch:[1/1](109800/113215), loss: 1.7737, logits_loss: 1.7737, aux_loss: 0.0000, lr: 0.00000102, epoch_time: 1.0min
Epoch:[1/1](109820/113215), loss: 1.6548, logits_loss: 1.6548, aux_loss: 0.0000, lr: 0.00000102, epoch_time: 1.0min
Epoch:[1/1](109840/113215), loss: 1.5940, logits_loss: 1.5940, aux_loss: 0.0000, lr: 0.00000102, epoch_time: 1.0min
Epoch:[1/1](109860/113215), loss: 1.9967, logits_loss: 1.9967, aux_loss: 0.0000, lr: 0.00000102, epoch_time: 1.0min
Epoch:[1/1](109880/113215), loss: 1.5976, logits_loss: 1.5976, aux_loss: 0.0000, lr: 0.00000102, epoch_time: 1.0min
Epoch:[1/1](109900/113215), loss: 1.8251, logits_loss: 1.8251, aux_loss: 0.0000, lr: 0.00000102, epoch_time: 1.0min
Epoch:[1/1](109920/113215), loss: 1.5294, logits_loss: 1.5294, aux_loss: 0.0000, lr: 0.00000102, epoch_time: 1.0min
Epoch:[1/1](109940/113215), loss: 1.8663, logits_loss: 1.8663, aux_loss: 0.0000, lr: 0.00000102, epoch_time: 1.0min
Epoch:[1/1](109960/113215), loss: 1.7891, logits_loss: 1.7891, aux_loss: 0.0000, lr: 0.00000102, epoch_time: 1.0min
Epoch:[1/1](109980/113215), loss: 1.7645, logits_loss: 1.7645, aux_loss: 0.0000, lr: 0.00000102, epoch_time: 1.0min
Epoch:[1/1](110000/113215), loss: 1.6237, logits_loss: 1.6237, aux_loss: 0.0000, lr: 0.00000102, epoch_time: 1.0min
Epoch:[1/1](110020/113215), loss: 1.8036, logits_loss: 1.8036, aux_loss: 0.0000, lr: 0.00000102, epoch_time: 1.0min
Epoch:[1/1](110040/113215), loss: 1.5674, logits_loss: 1.5674, aux_loss: 0.0000, lr: 0.00000102, epoch_time: 1.0min
Epoch:[1/1](110060/113215), loss: 1.5432, logits_loss: 1.5432, aux_loss: 0.0000, lr: 0.00000102, epoch_time: 1.0min
Epoch:[1/1](110080/113215), loss: 1.6619, logits_loss: 1.6619, aux_loss: 0.0000, lr: 0.00000102, epoch_time: 1.0min
Epoch:[1/1](110100/113215), loss: 1.7028, logits_loss: 1.7028, aux_loss: 0.0000, lr: 0.00000102, epoch_time: 1.0min
Epoch:[1/1](110120/113215), loss: 1.5358, logits_loss: 1.5358, aux_loss: 0.0000, lr: 0.00000102, epoch_time: 1.0min
Epoch:[1/1](110140/113215), loss: 1.6364, logits_loss: 1.6364, aux_loss: 0.0000, lr: 0.00000102, epoch_time: 1.0min
Epoch:[1/1](110160/113215), loss: 1.9090, logits_loss: 1.9090, aux_loss: 0.0000, lr: 0.00000102, epoch_time: 1.0min
Epoch:[1/1](110180/113215), loss: 1.5252, logits_loss: 1.5252, aux_loss: 0.0000, lr: 0.00000102, epoch_time: 1.0min
Epoch:[1/1](110200/113215), loss: 1.4095, logits_loss: 1.4095, aux_loss: 0.0000, lr: 0.00000102, epoch_time: 1.0min
Epoch:[1/1](110220/113215), loss: 1.6675, logits_loss: 1.6675, aux_loss: 0.0000, lr: 0.00000102, epoch_time: 1.0min
Epoch:[1/1](110240/113215), loss: 1.7726, logits_loss: 1.7726, aux_loss: 0.0000, lr: 0.00000102, epoch_time: 1.0min
Epoch:[1/1](110260/113215), loss: 1.6897, logits_loss: 1.6897, aux_loss: 0.0000, lr: 0.00000102, epoch_time: 1.0min
Epoch:[1/1](110280/113215), loss: 1.6776, logits_loss: 1.6776, aux_loss: 0.0000, lr: 0.00000101, epoch_time: 1.0min
Epoch:[1/1](110300/113215), loss: 1.6592, logits_loss: 1.6592, aux_loss: 0.0000, lr: 0.00000101, epoch_time: 1.0min
Epoch:[1/1](110320/113215), loss: 1.5159, logits_loss: 1.5159, aux_loss: 0.0000, lr: 0.00000101, epoch_time: 1.0min
Epoch:[1/1](110340/113215), loss: 1.7921, logits_loss: 1.7921, aux_loss: 0.0000, lr: 0.00000101, epoch_time: 1.0min
Epoch:[1/1](110360/113215), loss: 2.0796, logits_loss: 2.0796, aux_loss: 0.0000, lr: 0.00000101, epoch_time: 1.0min
Epoch:[1/1](110380/113215), loss: 1.6807, logits_loss: 1.6807, aux_loss: 0.0000, lr: 0.00000101, epoch_time: 1.0min
Epoch:[1/1](110400/113215), loss: 1.7270, logits_loss: 1.7270, aux_loss: 0.0000, lr: 0.00000101, epoch_time: 1.0min
Epoch:[1/1](110420/113215), loss: 1.8236, logits_loss: 1.8236, aux_loss: 0.0000, lr: 0.00000101, epoch_time: 1.0min
Epoch:[1/1](110440/113215), loss: 1.8679, logits_loss: 1.8679, aux_loss: 0.0000, lr: 0.00000101, epoch_time: 1.0min
Epoch:[1/1](110460/113215), loss: 1.9038, logits_loss: 1.9038, aux_loss: 0.0000, lr: 0.00000101, epoch_time: 1.0min
Epoch:[1/1](110480/113215), loss: 1.5214, logits_loss: 1.5214, aux_loss: 0.0000, lr: 0.00000101, epoch_time: 1.0min
Epoch:[1/1](110500/113215), loss: 1.4223, logits_loss: 1.4223, aux_loss: 0.0000, lr: 0.00000101, epoch_time: 1.0min
Epoch:[1/1](110520/113215), loss: 1.8709, logits_loss: 1.8709, aux_loss: 0.0000, lr: 0.00000101, epoch_time: 1.0min
Epoch:[1/1](110540/113215), loss: 1.6876, logits_loss: 1.6876, aux_loss: 0.0000, lr: 0.00000101, epoch_time: 1.0min
Epoch:[1/1](110560/113215), loss: 1.8373, logits_loss: 1.8373, aux_loss: 0.0000, lr: 0.00000101, epoch_time: 1.0min
Epoch:[1/1](110580/113215), loss: 1.9079, logits_loss: 1.9079, aux_loss: 0.0000, lr: 0.00000101, epoch_time: 1.0min
Epoch:[1/1](110600/113215), loss: 1.4194, logits_loss: 1.4194, aux_loss: 0.0000, lr: 0.00000101, epoch_time: 1.0min
Epoch:[1/1](110620/113215), loss: 1.4592, logits_loss: 1.4592, aux_loss: 0.0000, lr: 0.00000101, epoch_time: 1.0min
Epoch:[1/1](110640/113215), loss: 1.7744, logits_loss: 1.7744, aux_loss: 0.0000, lr: 0.00000101, epoch_time: 1.0min
Epoch:[1/1](110660/113215), loss: 1.6959, logits_loss: 1.6959, aux_loss: 0.0000, lr: 0.00000101, epoch_time: 1.0min
Epoch:[1/1](110680/113215), loss: 1.7852, logits_loss: 1.7852, aux_loss: 0.0000, lr: 0.00000101, epoch_time: 1.0min
Epoch:[1/1](110700/113215), loss: 1.7323, logits_loss: 1.7323, aux_loss: 0.0000, lr: 0.00000101, epoch_time: 1.0min
Epoch:[1/1](110720/113215), loss: 1.6243, logits_loss: 1.6243, aux_loss: 0.0000, lr: 0.00000101, epoch_time: 1.0min
Epoch:[1/1](110740/113215), loss: 1.9319, logits_loss: 1.9319, aux_loss: 0.0000, lr: 0.00000101, epoch_time: 1.0min
Epoch:[1/1](110760/113215), loss: 1.5744, logits_loss: 1.5744, aux_loss: 0.0000, lr: 0.00000101, epoch_time: 1.0min
Epoch:[1/1](110780/113215), loss: 1.7885, logits_loss: 1.7885, aux_loss: 0.0000, lr: 0.00000101, epoch_time: 1.0min
Epoch:[1/1](110800/113215), loss: 1.5230, logits_loss: 1.5230, aux_loss: 0.0000, lr: 0.00000101, epoch_time: 1.0min
Epoch:[1/1](110820/113215), loss: 1.8249, logits_loss: 1.8249, aux_loss: 0.0000, lr: 0.00000101, epoch_time: 1.0min
Epoch:[1/1](110840/113215), loss: 1.5283, logits_loss: 1.5283, aux_loss: 0.0000, lr: 0.00000101, epoch_time: 1.0min
Epoch:[1/1](110860/113215), loss: 1.6530, logits_loss: 1.6530, aux_loss: 0.0000, lr: 0.00000101, epoch_time: 1.0min
Epoch:[1/1](110880/113215), loss: 1.7268, logits_loss: 1.7268, aux_loss: 0.0000, lr: 0.00000101, epoch_time: 1.0min
Epoch:[1/1](110900/113215), loss: 1.9773, logits_loss: 1.9773, aux_loss: 0.0000, lr: 0.00000101, epoch_time: 1.0min
Epoch:[1/1](110920/113215), loss: 1.6248, logits_loss: 1.6248, aux_loss: 0.0000, lr: 0.00000101, epoch_time: 1.0min
Epoch:[1/1](110940/113215), loss: 1.7578, logits_loss: 1.7578, aux_loss: 0.0000, lr: 0.00000101, epoch_time: 1.0min
Epoch:[1/1](110960/113215), loss: 1.8732, logits_loss: 1.8732, aux_loss: 0.0000, lr: 0.00000101, epoch_time: 1.0min
Epoch:[1/1](110980/113215), loss: 1.4663, logits_loss: 1.4663, aux_loss: 0.0000, lr: 0.00000101, epoch_time: 1.0min
Epoch:[1/1](111000/113215), loss: 1.8795, logits_loss: 1.8795, aux_loss: 0.0000, lr: 0.00000101, epoch_time: 1.0min
Epoch:[1/1](111020/113215), loss: 1.9828, logits_loss: 1.9828, aux_loss: 0.0000, lr: 0.00000101, epoch_time: 1.0min
Epoch:[1/1](111040/113215), loss: 1.3344, logits_loss: 1.3344, aux_loss: 0.0000, lr: 0.00000101, epoch_time: 1.0min
Epoch:[1/1](111060/113215), loss: 1.6858, logits_loss: 1.6858, aux_loss: 0.0000, lr: 0.00000101, epoch_time: 1.0min
Epoch:[1/1](111080/113215), loss: 1.8120, logits_loss: 1.8120, aux_loss: 0.0000, lr: 0.00000101, epoch_time: 1.0min
Epoch:[1/1](111100/113215), loss: 1.4242, logits_loss: 1.4242, aux_loss: 0.0000, lr: 0.00000101, epoch_time: 1.0min
Epoch:[1/1](111120/113215), loss: 1.5027, logits_loss: 1.5027, aux_loss: 0.0000, lr: 0.00000101, epoch_time: 1.0min
Epoch:[1/1](111140/113215), loss: 1.9981, logits_loss: 1.9981, aux_loss: 0.0000, lr: 0.00000101, epoch_time: 1.0min
Epoch:[1/1](111160/113215), loss: 1.8250, logits_loss: 1.8250, aux_loss: 0.0000, lr: 0.00000101, epoch_time: 1.0min
Epoch:[1/1](111180/113215), loss: 1.6340, logits_loss: 1.6340, aux_loss: 0.0000, lr: 0.00000101, epoch_time: 1.0min
Epoch:[1/1](111200/113215), loss: 1.8486, logits_loss: 1.8486, aux_loss: 0.0000, lr: 0.00000101, epoch_time: 1.0min
Epoch:[1/1](111220/113215), loss: 1.6892, logits_loss: 1.6892, aux_loss: 0.0000, lr: 0.00000101, epoch_time: 1.0min
Epoch:[1/1](111240/113215), loss: 1.7397, logits_loss: 1.7397, aux_loss: 0.0000, lr: 0.00000101, epoch_time: 1.0min
Epoch:[1/1](111260/113215), loss: 1.8129, logits_loss: 1.8129, aux_loss: 0.0000, lr: 0.00000101, epoch_time: 1.0min
Epoch:[1/1](111280/113215), loss: 1.7944, logits_loss: 1.7944, aux_loss: 0.0000, lr: 0.00000101, epoch_time: 1.0min
Epoch:[1/1](111300/113215), loss: 1.8172, logits_loss: 1.8172, aux_loss: 0.0000, lr: 0.00000101, epoch_time: 1.0min
Epoch:[1/1](111320/113215), loss: 1.6456, logits_loss: 1.6456, aux_loss: 0.0000, lr: 0.00000101, epoch_time: 1.0min
Epoch:[1/1](111340/113215), loss: 1.6890, logits_loss: 1.6890, aux_loss: 0.0000, lr: 0.00000101, epoch_time: 1.0min
Epoch:[1/1](111360/113215), loss: 1.8332, logits_loss: 1.8332, aux_loss: 0.0000, lr: 0.00000101, epoch_time: 1.0min
Epoch:[1/1](111380/113215), loss: 1.6788, logits_loss: 1.6788, aux_loss: 0.0000, lr: 0.00000101, epoch_time: 1.0min
Epoch:[1/1](111400/113215), loss: 1.7256, logits_loss: 1.7256, aux_loss: 0.0000, lr: 0.00000101, epoch_time: 1.0min
Epoch:[1/1](111420/113215), loss: 2.0466, logits_loss: 2.0466, aux_loss: 0.0000, lr: 0.00000101, epoch_time: 1.0min
Epoch:[1/1](111440/113215), loss: 1.7583, logits_loss: 1.7583, aux_loss: 0.0000, lr: 0.00000101, epoch_time: 1.0min
Epoch:[1/1](111460/113215), loss: 1.5575, logits_loss: 1.5575, aux_loss: 0.0000, lr: 0.00000101, epoch_time: 1.0min
Epoch:[1/1](111480/113215), loss: 1.8679, logits_loss: 1.8679, aux_loss: 0.0000, lr: 0.00000101, epoch_time: 1.0min
Epoch:[1/1](111500/113215), loss: 1.8323, logits_loss: 1.8323, aux_loss: 0.0000, lr: 0.00000101, epoch_time: 1.0min
Epoch:[1/1](111520/113215), loss: 1.8154, logits_loss: 1.8154, aux_loss: 0.0000, lr: 0.00000100, epoch_time: 0.0min
Epoch:[1/1](111540/113215), loss: 1.9186, logits_loss: 1.9186, aux_loss: 0.0000, lr: 0.00000100, epoch_time: 0.0min
Epoch:[1/1](111560/113215), loss: 1.6887, logits_loss: 1.6887, aux_loss: 0.0000, lr: 0.00000100, epoch_time: 0.0min
Epoch:[1/1](111580/113215), loss: 1.9795, logits_loss: 1.9795, aux_loss: 0.0000, lr: 0.00000100, epoch_time: 0.0min
Epoch:[1/1](111600/113215), loss: 1.8143, logits_loss: 1.8143, aux_loss: 0.0000, lr: 0.00000100, epoch_time: 0.0min
Epoch:[1/1](111620/113215), loss: 1.6926, logits_loss: 1.6926, aux_loss: 0.0000, lr: 0.00000100, epoch_time: 0.0min
Epoch:[1/1](111640/113215), loss: 1.7447, logits_loss: 1.7447, aux_loss: 0.0000, lr: 0.00000100, epoch_time: 0.0min
Epoch:[1/1](111660/113215), loss: 1.6188, logits_loss: 1.6188, aux_loss: 0.0000, lr: 0.00000100, epoch_time: 0.0min
Epoch:[1/1](111680/113215), loss: 1.6365, logits_loss: 1.6365, aux_loss: 0.0000, lr: 0.00000100, epoch_time: 0.0min
Epoch:[1/1](111700/113215), loss: 1.8022, logits_loss: 1.8022, aux_loss: 0.0000, lr: 0.00000100, epoch_time: 0.0min
Epoch:[1/1](111720/113215), loss: 1.7796, logits_loss: 1.7796, aux_loss: 0.0000, lr: 0.00000100, epoch_time: 0.0min
Epoch:[1/1](111740/113215), loss: 1.5839, logits_loss: 1.5839, aux_loss: 0.0000, lr: 0.00000100, epoch_time: 0.0min
Epoch:[1/1](111760/113215), loss: 1.6319, logits_loss: 1.6319, aux_loss: 0.0000, lr: 0.00000100, epoch_time: 0.0min
Epoch:[1/1](111780/113215), loss: 1.7221, logits_loss: 1.7221, aux_loss: 0.0000, lr: 0.00000100, epoch_time: 0.0min
Epoch:[1/1](111800/113215), loss: 1.8216, logits_loss: 1.8216, aux_loss: 0.0000, lr: 0.00000100, epoch_time: 0.0min
Epoch:[1/1](111820/113215), loss: 1.7145, logits_loss: 1.7145, aux_loss: 0.0000, lr: 0.00000100, epoch_time: 0.0min
Epoch:[1/1](111840/113215), loss: 1.7015, logits_loss: 1.7015, aux_loss: 0.0000, lr: 0.00000100, epoch_time: 0.0min
Epoch:[1/1](111860/113215), loss: 1.8538, logits_loss: 1.8538, aux_loss: 0.0000, lr: 0.00000100, epoch_time: 0.0min
Epoch:[1/1](111880/113215), loss: 1.6854, logits_loss: 1.6854, aux_loss: 0.0000, lr: 0.00000100, epoch_time: 0.0min
Epoch:[1/1](111900/113215), loss: 1.9423, logits_loss: 1.9423, aux_loss: 0.0000, lr: 0.00000100, epoch_time: 0.0min
Epoch:[1/1](111920/113215), loss: 1.6721, logits_loss: 1.6721, aux_loss: 0.0000, lr: 0.00000100, epoch_time: 0.0min
Epoch:[1/1](111940/113215), loss: 1.6623, logits_loss: 1.6623, aux_loss: 0.0000, lr: 0.00000100, epoch_time: 0.0min
Epoch:[1/1](111960/113215), loss: 1.6221, logits_loss: 1.6221, aux_loss: 0.0000, lr: 0.00000100, epoch_time: 0.0min
Epoch:[1/1](111980/113215), loss: 1.4806, logits_loss: 1.4806, aux_loss: 0.0000, lr: 0.00000100, epoch_time: 0.0min
Epoch:[1/1](112000/113215), loss: 1.8229, logits_loss: 1.8229, aux_loss: 0.0000, lr: 0.00000100, epoch_time: 0.0min
Epoch:[1/1](112020/113215), loss: 1.8339, logits_loss: 1.8339, aux_loss: 0.0000, lr: 0.00000100, epoch_time: 0.0min
Epoch:[1/1](112040/113215), loss: 1.7556, logits_loss: 1.7556, aux_loss: 0.0000, lr: 0.00000100, epoch_time: 0.0min
Epoch:[1/1](112060/113215), loss: 2.0078, logits_loss: 2.0078, aux_loss: 0.0000, lr: 0.00000100, epoch_time: 0.0min
Epoch:[1/1](112080/113215), loss: 1.4229, logits_loss: 1.4229, aux_loss: 0.0000, lr: 0.00000100, epoch_time: 0.0min
Epoch:[1/1](112100/113215), loss: 1.6715, logits_loss: 1.6715, aux_loss: 0.0000, lr: 0.00000100, epoch_time: 0.0min
Epoch:[1/1](112120/113215), loss: 1.6631, logits_loss: 1.6631, aux_loss: 0.0000, lr: 0.00000100, epoch_time: 0.0min
Epoch:[1/1](112140/113215), loss: 1.4157, logits_loss: 1.4157, aux_loss: 0.0000, lr: 0.00000100, epoch_time: 0.0min
Epoch:[1/1](112160/113215), loss: 1.6620, logits_loss: 1.6620, aux_loss: 0.0000, lr: 0.00000100, epoch_time: 0.0min
Epoch:[1/1](112180/113215), loss: 1.7540, logits_loss: 1.7540, aux_loss: 0.0000, lr: 0.00000100, epoch_time: 0.0min
Epoch:[1/1](112200/113215), loss: 1.6537, logits_loss: 1.6537, aux_loss: 0.0000, lr: 0.00000100, epoch_time: 0.0min
Epoch:[1/1](112220/113215), loss: 2.1312, logits_loss: 2.1312, aux_loss: 0.0000, lr: 0.00000100, epoch_time: 0.0min
Epoch:[1/1](112240/113215), loss: 1.8793, logits_loss: 1.8793, aux_loss: 0.0000, lr: 0.00000100, epoch_time: 0.0min
Epoch:[1/1](112260/113215), loss: 1.6890, logits_loss: 1.6890, aux_loss: 0.0000, lr: 0.00000100, epoch_time: 0.0min
Epoch:[1/1](112280/113215), loss: 1.6450, logits_loss: 1.6450, aux_loss: 0.0000, lr: 0.00000100, epoch_time: 0.0min
Epoch:[1/1](112300/113215), loss: 1.8608, logits_loss: 1.8608, aux_loss: 0.0000, lr: 0.00000100, epoch_time: 0.0min
Epoch:[1/1](112320/113215), loss: 1.5697, logits_loss: 1.5697, aux_loss: 0.0000, lr: 0.00000100, epoch_time: 0.0min
Epoch:[1/1](112340/113215), loss: 1.8726, logits_loss: 1.8726, aux_loss: 0.0000, lr: 0.00000100, epoch_time: 0.0min
Epoch:[1/1](112360/113215), loss: 1.7369, logits_loss: 1.7369, aux_loss: 0.0000, lr: 0.00000100, epoch_time: 0.0min
Epoch:[1/1](112380/113215), loss: 1.6840, logits_loss: 1.6840, aux_loss: 0.0000, lr: 0.00000100, epoch_time: 0.0min
Epoch:[1/1](112400/113215), loss: 1.7795, logits_loss: 1.7795, aux_loss: 0.0000, lr: 0.00000100, epoch_time: 0.0min
Epoch:[1/1](112420/113215), loss: 1.7077, logits_loss: 1.7077, aux_loss: 0.0000, lr: 0.00000100, epoch_time: 0.0min
Epoch:[1/1](112440/113215), loss: 1.6619, logits_loss: 1.6619, aux_loss: 0.0000, lr: 0.00000100, epoch_time: 0.0min
Epoch:[1/1](112460/113215), loss: 1.4937, logits_loss: 1.4937, aux_loss: 0.0000, lr: 0.00000100, epoch_time: 0.0min
Epoch:[1/1](112480/113215), loss: 1.5768, logits_loss: 1.5768, aux_loss: 0.0000, lr: 0.00000100, epoch_time: 0.0min
Epoch:[1/1](112500/113215), loss: 1.6505, logits_loss: 1.6505, aux_loss: 0.0000, lr: 0.00000100, epoch_time: 0.0min
Epoch:[1/1](112520/113215), loss: 1.6716, logits_loss: 1.6716, aux_loss: 0.0000, lr: 0.00000100, epoch_time: 0.0min
Epoch:[1/1](112540/113215), loss: 1.9945, logits_loss: 1.9945, aux_loss: 0.0000, lr: 0.00000100, epoch_time: 0.0min
Epoch:[1/1](112560/113215), loss: 1.8034, logits_loss: 1.8034, aux_loss: 0.0000, lr: 0.00000100, epoch_time: 0.0min
Epoch:[1/1](112580/113215), loss: 1.6335, logits_loss: 1.6335, aux_loss: 0.0000, lr: 0.00000100, epoch_time: 0.0min
Epoch:[1/1](112600/113215), loss: 1.8258, logits_loss: 1.8258, aux_loss: 0.0000, lr: 0.00000100, epoch_time: 0.0min
Epoch:[1/1](112620/113215), loss: 1.5620, logits_loss: 1.5620, aux_loss: 0.0000, lr: 0.00000100, epoch_time: 0.0min
Epoch:[1/1](112640/113215), loss: 1.6401, logits_loss: 1.6401, aux_loss: 0.0000, lr: 0.00000100, epoch_time: 0.0min
Epoch:[1/1](112660/113215), loss: 1.7510, logits_loss: 1.7510, aux_loss: 0.0000, lr: 0.00000100, epoch_time: 0.0min
Epoch:[1/1](112680/113215), loss: 1.8897, logits_loss: 1.8897, aux_loss: 0.0000, lr: 0.00000100, epoch_time: 0.0min
Epoch:[1/1](112700/113215), loss: 1.7686, logits_loss: 1.7686, aux_loss: 0.0000, lr: 0.00000100, epoch_time: 0.0min
Epoch:[1/1](112720/113215), loss: 1.3813, logits_loss: 1.3813, aux_loss: 0.0000, lr: 0.00000100, epoch_time: 0.0min
Epoch:[1/1](112740/113215), loss: 1.6542, logits_loss: 1.6542, aux_loss: 0.0000, lr: 0.00000100, epoch_time: 0.0min
Epoch:[1/1](112760/113215), loss: 1.7907, logits_loss: 1.7907, aux_loss: 0.0000, lr: 0.00000100, epoch_time: 0.0min
Epoch:[1/1](112780/113215), loss: 1.5459, logits_loss: 1.5459, aux_loss: 0.0000, lr: 0.00000100, epoch_time: 0.0min
Epoch:[1/1](112800/113215), loss: 1.9030, logits_loss: 1.9030, aux_loss: 0.0000, lr: 0.00000100, epoch_time: 0.0min
Epoch:[1/1](112820/113215), loss: 1.6183, logits_loss: 1.6183, aux_loss: 0.0000, lr: 0.00000100, epoch_time: 0.0min
Epoch:[1/1](112840/113215), loss: 1.7717, logits_loss: 1.7717, aux_loss: 0.0000, lr: 0.00000100, epoch_time: 0.0min
Epoch:[1/1](112860/113215), loss: 1.9227, logits_loss: 1.9227, aux_loss: 0.0000, lr: 0.00000100, epoch_time: 0.0min
Epoch:[1/1](112880/113215), loss: 1.9347, logits_loss: 1.9347, aux_loss: 0.0000, lr: 0.00000100, epoch_time: 0.0min
Epoch:[1/1](112900/113215), loss: 1.9828, logits_loss: 1.9828, aux_loss: 0.0000, lr: 0.00000100, epoch_time: 0.0min
Epoch:[1/1](112920/113215), loss: 1.6728, logits_loss: 1.6728, aux_loss: 0.0000, lr: 0.00000100, epoch_time: 0.0min
Epoch:[1/1](112940/113215), loss: 1.7489, logits_loss: 1.7489, aux_loss: 0.0000, lr: 0.00000100, epoch_time: 0.0min
Epoch:[1/1](112960/113215), loss: 2.0217, logits_loss: 2.0217, aux_loss: 0.0000, lr: 0.00000100, epoch_time: 0.0min
Epoch:[1/1](112980/113215), loss: 1.7463, logits_loss: 1.7463, aux_loss: 0.0000, lr: 0.00000100, epoch_time: 0.0min
Epoch:[1/1](113000/113215), loss: 1.5136, logits_loss: 1.5136, aux_loss: 0.0000, lr: 0.00000100, epoch_time: 0.0min
Epoch:[1/1](113020/113215), loss: 1.5211, logits_loss: 1.5211, aux_loss: 0.0000, lr: 0.00000100, epoch_time: 0.0min
Epoch:[1/1](113040/113215), loss: 1.9191, logits_loss: 1.9191, aux_loss: 0.0000, lr: 0.00000100, epoch_time: 0.0min
Epoch:[1/1](113060/113215), loss: 1.8084, logits_loss: 1.8084, aux_loss: 0.0000, lr: 0.00000100, epoch_time: 0.0min
Epoch:[1/1](113080/113215), loss: 1.2752, logits_loss: 1.2752, aux_loss: 0.0000, lr: 0.00000100, epoch_time: 0.0min
Epoch:[1/1](113100/113215), loss: 1.8695, logits_loss: 1.8695, aux_loss: 0.0000, lr: 0.00000100, epoch_time: 0.0min
Epoch:[1/1](113120/113215), loss: 1.8793, logits_loss: 1.8793, aux_loss: 0.0000, lr: 0.00000100, epoch_time: 0.0min
Epoch:[1/1](113140/113215), loss: 1.5426, logits_loss: 1.5426, aux_loss: 0.0000, lr: 0.00000100, epoch_time: 0.0min
Epoch:[1/1](113160/113215), loss: 1.3856, logits_loss: 1.3856, aux_loss: 0.0000, lr: 0.00000100, epoch_time: 0.0min
Epoch:[1/1](113180/113215), loss: 1.6778, logits_loss: 1.6778, aux_loss: 0.0000, lr: 0.00000100, epoch_time: 0.0min
Epoch:[1/1](113200/113215), loss: 1.8268, logits_loss: 1.8268, aux_loss: 0.0000, lr: 0.00000100, epoch_time: 0.0min
Epoch:[1/1](113215/113215), loss: 1.7008, logits_loss: 1.7008, aux_loss: 0.0000, lr: 0.00000100, epoch_time: 0.0min
===== FULL SFT LEN1024 DONE =====
Fri Jun  5 10:46:53 PM HKT 2026
