===== JOB INFO =====
Tue May 19 01:57:55 PM HKT 2026
dgx-21
Tue May 19 13:57:55 2026       
+-----------------------------------------------------------------------------------------+
| NVIDIA-SMI 570.158.01             Driver Version: 570.158.01     CUDA Version: 12.8     |
|-----------------------------------------+------------------------+----------------------+
| GPU  Name                 Persistence-M | Bus-Id          Disp.A | Volatile Uncorr. ECC |
| Fan  Temp   Perf          Pwr:Usage/Cap |           Memory-Usage | GPU-Util  Compute M. |
|                                         |                        |               MIG M. |
|=========================================+========================+======================|
|   0  NVIDIA H800                    On  |   00000000:61:00.0 Off |                    0 |
| N/A   41C    P0             72W /  700W |       0MiB /  81559MiB |      0%      Default |
|                                         |                        |             Disabled |
+-----------------------------------------+------------------------+----------------------+
                                                                                         
+-----------------------------------------------------------------------------------------+
| Processes:                                                                              |
|  GPU   GI   CI              PID   Type   Process name                        GPU Memory |
|        ID   ID                                                               Usage      |
|=========================================================================================|
|  No running processes found                                                             |
+-----------------------------------------------------------------------------------------+
Python 3.10.20
torch 2.7.1+cu126
cuda True
gpu NVIDIA H800
===== FULL SFT START =====
Model Params: 63.91M
Trainable Params: 63.912M
Epoch:[1/1](20/56608), loss: 2.3888, logits_loss: 2.3888, aux_loss: 0.0000, lr: 0.00001000, epoch_time: 67.0min
Epoch:[1/1](40/56608), loss: 2.5748, logits_loss: 2.5748, aux_loss: 0.0000, lr: 0.00001000, epoch_time: 54.0min
Epoch:[1/1](60/56608), loss: 2.5014, logits_loss: 2.5014, aux_loss: 0.0000, lr: 0.00001000, epoch_time: 49.0min
Epoch:[1/1](80/56608), loss: 2.3082, logits_loss: 2.3082, aux_loss: 0.0000, lr: 0.00001000, epoch_time: 47.0min
Epoch:[1/1](100/56608), loss: 2.2712, logits_loss: 2.2712, aux_loss: 0.0000, lr: 0.00001000, epoch_time: 46.0min
Epoch:[1/1](120/56608), loss: 2.0189, logits_loss: 2.0189, aux_loss: 0.0000, lr: 0.00001000, epoch_time: 45.0min
Epoch:[1/1](140/56608), loss: 2.4150, logits_loss: 2.4150, aux_loss: 0.0000, lr: 0.00001000, epoch_time: 44.0min
Epoch:[1/1](160/56608), loss: 2.3549, logits_loss: 2.3549, aux_loss: 0.0000, lr: 0.00001000, epoch_time: 44.0min
Epoch:[1/1](180/56608), loss: 2.1585, logits_loss: 2.1585, aux_loss: 0.0000, lr: 0.00001000, epoch_time: 43.0min
Epoch:[1/1](200/56608), loss: 2.3578, logits_loss: 2.3578, aux_loss: 0.0000, lr: 0.00001000, epoch_time: 43.0min
Epoch:[1/1](220/56608), loss: 2.1529, logits_loss: 2.1529, aux_loss: 0.0000, lr: 0.00001000, epoch_time: 43.0min
Epoch:[1/1](240/56608), loss: 2.2245, logits_loss: 2.2245, aux_loss: 0.0000, lr: 0.00001000, epoch_time: 43.0min
Epoch:[1/1](260/56608), loss: 2.0576, logits_loss: 2.0576, aux_loss: 0.0000, lr: 0.00001000, epoch_time: 42.0min
Epoch:[1/1](280/56608), loss: 2.1230, logits_loss: 2.1230, aux_loss: 0.0000, lr: 0.00001000, epoch_time: 42.0min
Epoch:[1/1](300/56608), loss: 2.1588, logits_loss: 2.1588, aux_loss: 0.0000, lr: 0.00001000, epoch_time: 42.0min
Epoch:[1/1](320/56608), loss: 2.0487, logits_loss: 2.0487, aux_loss: 0.0000, lr: 0.00001000, epoch_time: 42.0min
Epoch:[1/1](340/56608), loss: 2.1704, logits_loss: 2.1704, aux_loss: 0.0000, lr: 0.00001000, epoch_time: 42.0min
Epoch:[1/1](360/56608), loss: 2.0694, logits_loss: 2.0694, aux_loss: 0.0000, lr: 0.00001000, epoch_time: 42.0min
Epoch:[1/1](380/56608), loss: 2.0331, logits_loss: 2.0331, aux_loss: 0.0000, lr: 0.00001000, epoch_time: 42.0min
Epoch:[1/1](400/56608), loss: 2.3127, logits_loss: 2.3127, aux_loss: 0.0000, lr: 0.00001000, epoch_time: 42.0min
Epoch:[1/1](420/56608), loss: 1.9443, logits_loss: 1.9443, aux_loss: 0.0000, lr: 0.00001000, epoch_time: 41.0min
Epoch:[1/1](440/56608), loss: 2.0741, logits_loss: 2.0741, aux_loss: 0.0000, lr: 0.00001000, epoch_time: 41.0min
Epoch:[1/1](460/56608), loss: 2.0167, logits_loss: 2.0167, aux_loss: 0.0000, lr: 0.00001000, epoch_time: 41.0min
Epoch:[1/1](480/56608), loss: 1.9630, logits_loss: 1.9630, aux_loss: 0.0000, lr: 0.00001000, epoch_time: 41.0min
Epoch:[1/1](500/56608), loss: 1.9657, logits_loss: 1.9657, aux_loss: 0.0000, lr: 0.00001000, epoch_time: 41.0min
Epoch:[1/1](520/56608), loss: 2.1066, logits_loss: 2.1066, aux_loss: 0.0000, lr: 0.00001000, epoch_time: 41.0min
Epoch:[1/1](540/56608), loss: 1.9584, logits_loss: 1.9584, aux_loss: 0.0000, lr: 0.00001000, epoch_time: 41.0min
Epoch:[1/1](560/56608), loss: 2.1153, logits_loss: 2.1153, aux_loss: 0.0000, lr: 0.00001000, epoch_time: 41.0min
Epoch:[1/1](580/56608), loss: 2.0255, logits_loss: 2.0255, aux_loss: 0.0000, lr: 0.00001000, epoch_time: 41.0min
Epoch:[1/1](600/56608), loss: 2.0157, logits_loss: 2.0157, aux_loss: 0.0000, lr: 0.00001000, epoch_time: 41.0min
Epoch:[1/1](620/56608), loss: 2.1673, logits_loss: 2.1673, aux_loss: 0.0000, lr: 0.00001000, epoch_time: 41.0min
Epoch:[1/1](640/56608), loss: 2.0306, logits_loss: 2.0306, aux_loss: 0.0000, lr: 0.00001000, epoch_time: 41.0min
Epoch:[1/1](660/56608), loss: 2.1062, logits_loss: 2.1062, aux_loss: 0.0000, lr: 0.00001000, epoch_time: 41.0min
Epoch:[1/1](680/56608), loss: 2.2241, logits_loss: 2.2241, aux_loss: 0.0000, lr: 0.00001000, epoch_time: 41.0min
Epoch:[1/1](700/56608), loss: 1.9956, logits_loss: 1.9956, aux_loss: 0.0000, lr: 0.00001000, epoch_time: 41.0min
Epoch:[1/1](720/56608), loss: 2.1788, logits_loss: 2.1788, aux_loss: 0.0000, lr: 0.00001000, epoch_time: 41.0min
Epoch:[1/1](740/56608), loss: 2.0588, logits_loss: 2.0588, aux_loss: 0.0000, lr: 0.00001000, epoch_time: 41.0min
Epoch:[1/1](760/56608), loss: 1.9864, logits_loss: 1.9864, aux_loss: 0.0000, lr: 0.00001000, epoch_time: 41.0min
Epoch:[1/1](780/56608), loss: 1.9128, logits_loss: 1.9128, aux_loss: 0.0000, lr: 0.00001000, epoch_time: 41.0min
Epoch:[1/1](800/56608), loss: 2.0000, logits_loss: 2.0000, aux_loss: 0.0000, lr: 0.00001000, epoch_time: 41.0min
Epoch:[1/1](820/56608), loss: 1.9700, logits_loss: 1.9700, aux_loss: 0.0000, lr: 0.00001000, epoch_time: 41.0min
Epoch:[1/1](840/56608), loss: 2.1881, logits_loss: 2.1881, aux_loss: 0.0000, lr: 0.00001000, epoch_time: 41.0min
Epoch:[1/1](860/56608), loss: 2.0292, logits_loss: 2.0292, aux_loss: 0.0000, lr: 0.00000999, epoch_time: 41.0min
Epoch:[1/1](880/56608), loss: 2.1069, logits_loss: 2.1069, aux_loss: 0.0000, lr: 0.00000999, epoch_time: 40.0min
Epoch:[1/1](900/56608), loss: 1.8907, logits_loss: 1.8907, aux_loss: 0.0000, lr: 0.00000999, epoch_time: 40.0min
Epoch:[1/1](920/56608), loss: 2.1717, logits_loss: 2.1717, aux_loss: 0.0000, lr: 0.00000999, epoch_time: 40.0min
Epoch:[1/1](940/56608), loss: 2.0076, logits_loss: 2.0076, aux_loss: 0.0000, lr: 0.00000999, epoch_time: 40.0min
Epoch:[1/1](960/56608), loss: 2.0838, logits_loss: 2.0838, aux_loss: 0.0000, lr: 0.00000999, epoch_time: 40.0min
Epoch:[1/1](980/56608), loss: 2.0928, logits_loss: 2.0928, aux_loss: 0.0000, lr: 0.00000999, epoch_time: 40.0min
Epoch:[1/1](1000/56608), loss: 2.1104, logits_loss: 2.1104, aux_loss: 0.0000, lr: 0.00000999, epoch_time: 40.0min
Epoch:[1/1](1020/56608), loss: 2.0168, logits_loss: 2.0168, aux_loss: 0.0000, lr: 0.00000999, epoch_time: 44.0min
Epoch:[1/1](1040/56608), loss: 1.9126, logits_loss: 1.9126, aux_loss: 0.0000, lr: 0.00000999, epoch_time: 44.0min
Epoch:[1/1](1060/56608), loss: 1.9457, logits_loss: 1.9457, aux_loss: 0.0000, lr: 0.00000999, epoch_time: 44.0min
Epoch:[1/1](1080/56608), loss: 2.1087, logits_loss: 2.1087, aux_loss: 0.0000, lr: 0.00000999, epoch_time: 43.0min
Epoch:[1/1](1100/56608), loss: 2.0686, logits_loss: 2.0686, aux_loss: 0.0000, lr: 0.00000999, epoch_time: 43.0min
Epoch:[1/1](1120/56608), loss: 2.2360, logits_loss: 2.2360, aux_loss: 0.0000, lr: 0.00000999, epoch_time: 43.0min
Epoch:[1/1](1140/56608), loss: 1.9229, logits_loss: 1.9229, aux_loss: 0.0000, lr: 0.00000999, epoch_time: 43.0min
Epoch:[1/1](1160/56608), loss: 1.9760, logits_loss: 1.9760, aux_loss: 0.0000, lr: 0.00000999, epoch_time: 43.0min
Epoch:[1/1](1180/56608), loss: 2.0493, logits_loss: 2.0493, aux_loss: 0.0000, lr: 0.00000999, epoch_time: 43.0min
Epoch:[1/1](1200/56608), loss: 2.0820, logits_loss: 2.0820, aux_loss: 0.0000, lr: 0.00000999, epoch_time: 43.0min
Epoch:[1/1](1220/56608), loss: 2.1366, logits_loss: 2.1366, aux_loss: 0.0000, lr: 0.00000999, epoch_time: 43.0min
Epoch:[1/1](1240/56608), loss: 1.9791, logits_loss: 1.9791, aux_loss: 0.0000, lr: 0.00000999, epoch_time: 43.0min
Epoch:[1/1](1260/56608), loss: 2.0163, logits_loss: 2.0163, aux_loss: 0.0000, lr: 0.00000999, epoch_time: 43.0min
Epoch:[1/1](1280/56608), loss: 2.0264, logits_loss: 2.0264, aux_loss: 0.0000, lr: 0.00000999, epoch_time: 43.0min
Epoch:[1/1](1300/56608), loss: 1.9614, logits_loss: 1.9614, aux_loss: 0.0000, lr: 0.00000999, epoch_time: 43.0min
Epoch:[1/1](1320/56608), loss: 1.8804, logits_loss: 1.8804, aux_loss: 0.0000, lr: 0.00000999, epoch_time: 43.0min
Epoch:[1/1](1340/56608), loss: 1.9677, logits_loss: 1.9677, aux_loss: 0.0000, lr: 0.00000999, epoch_time: 43.0min
Epoch:[1/1](1360/56608), loss: 2.0858, logits_loss: 2.0858, aux_loss: 0.0000, lr: 0.00000999, epoch_time: 43.0min
Epoch:[1/1](1380/56608), loss: 1.7940, logits_loss: 1.7940, aux_loss: 0.0000, lr: 0.00000999, epoch_time: 42.0min
Epoch:[1/1](1400/56608), loss: 2.0186, logits_loss: 2.0186, aux_loss: 0.0000, lr: 0.00000999, epoch_time: 42.0min
Epoch:[1/1](1420/56608), loss: 2.2919, logits_loss: 2.2919, aux_loss: 0.0000, lr: 0.00000999, epoch_time: 42.0min
Epoch:[1/1](1440/56608), loss: 1.9719, logits_loss: 1.9719, aux_loss: 0.0000, lr: 0.00000999, epoch_time: 42.0min
Epoch:[1/1](1460/56608), loss: 2.0393, logits_loss: 2.0393, aux_loss: 0.0000, lr: 0.00000999, epoch_time: 42.0min
Epoch:[1/1](1480/56608), loss: 2.1520, logits_loss: 2.1520, aux_loss: 0.0000, lr: 0.00000998, epoch_time: 42.0min
Epoch:[1/1](1500/56608), loss: 1.8105, logits_loss: 1.8105, aux_loss: 0.0000, lr: 0.00000998, epoch_time: 42.0min
Epoch:[1/1](1520/56608), loss: 1.6920, logits_loss: 1.6920, aux_loss: 0.0000, lr: 0.00000998, epoch_time: 42.0min
Epoch:[1/1](1540/56608), loss: 1.8980, logits_loss: 1.8980, aux_loss: 0.0000, lr: 0.00000998, epoch_time: 42.0min
Epoch:[1/1](1560/56608), loss: 2.1095, logits_loss: 2.1095, aux_loss: 0.0000, lr: 0.00000998, epoch_time: 42.0min
Epoch:[1/1](1580/56608), loss: 1.9174, logits_loss: 1.9174, aux_loss: 0.0000, lr: 0.00000998, epoch_time: 42.0min
Epoch:[1/1](1600/56608), loss: 2.0766, logits_loss: 2.0766, aux_loss: 0.0000, lr: 0.00000998, epoch_time: 42.0min
Epoch:[1/1](1620/56608), loss: 1.8357, logits_loss: 1.8357, aux_loss: 0.0000, lr: 0.00000998, epoch_time: 42.0min
Epoch:[1/1](1640/56608), loss: 2.1087, logits_loss: 2.1087, aux_loss: 0.0000, lr: 0.00000998, epoch_time: 42.0min
Epoch:[1/1](1660/56608), loss: 1.9778, logits_loss: 1.9778, aux_loss: 0.0000, lr: 0.00000998, epoch_time: 42.0min
Epoch:[1/1](1680/56608), loss: 1.8644, logits_loss: 1.8644, aux_loss: 0.0000, lr: 0.00000998, epoch_time: 42.0min
Epoch:[1/1](1700/56608), loss: 2.1115, logits_loss: 2.1115, aux_loss: 0.0000, lr: 0.00000998, epoch_time: 42.0min
Epoch:[1/1](1720/56608), loss: 1.7484, logits_loss: 1.7484, aux_loss: 0.0000, lr: 0.00000998, epoch_time: 42.0min
Epoch:[1/1](1740/56608), loss: 2.1736, logits_loss: 2.1736, aux_loss: 0.0000, lr: 0.00000998, epoch_time: 42.0min
Epoch:[1/1](1760/56608), loss: 1.9476, logits_loss: 1.9476, aux_loss: 0.0000, lr: 0.00000998, epoch_time: 42.0min
Epoch:[1/1](1780/56608), loss: 1.9154, logits_loss: 1.9154, aux_loss: 0.0000, lr: 0.00000998, epoch_time: 41.0min
Epoch:[1/1](1800/56608), loss: 2.0900, logits_loss: 2.0900, aux_loss: 0.0000, lr: 0.00000998, epoch_time: 41.0min
Epoch:[1/1](1820/56608), loss: 1.9315, logits_loss: 1.9315, aux_loss: 0.0000, lr: 0.00000998, epoch_time: 41.0min
Epoch:[1/1](1840/56608), loss: 2.0067, logits_loss: 2.0067, aux_loss: 0.0000, lr: 0.00000998, epoch_time: 41.0min
Epoch:[1/1](1860/56608), loss: 1.8349, logits_loss: 1.8349, aux_loss: 0.0000, lr: 0.00000998, epoch_time: 41.0min
Epoch:[1/1](1880/56608), loss: 2.0558, logits_loss: 2.0558, aux_loss: 0.0000, lr: 0.00000998, epoch_time: 41.0min
Epoch:[1/1](1900/56608), loss: 2.0537, logits_loss: 2.0537, aux_loss: 0.0000, lr: 0.00000998, epoch_time: 41.0min
Epoch:[1/1](1920/56608), loss: 2.0881, logits_loss: 2.0881, aux_loss: 0.0000, lr: 0.00000997, epoch_time: 41.0min
Epoch:[1/1](1940/56608), loss: 2.0246, logits_loss: 2.0246, aux_loss: 0.0000, lr: 0.00000997, epoch_time: 41.0min
Epoch:[1/1](1960/56608), loss: 2.0677, logits_loss: 2.0677, aux_loss: 0.0000, lr: 0.00000997, epoch_time: 41.0min
Epoch:[1/1](1980/56608), loss: 1.9975, logits_loss: 1.9975, aux_loss: 0.0000, lr: 0.00000997, epoch_time: 41.0min
Epoch:[1/1](2000/56608), loss: 1.8314, logits_loss: 1.8314, aux_loss: 0.0000, lr: 0.00000997, epoch_time: 41.0min
Epoch:[1/1](2020/56608), loss: 1.9323, logits_loss: 1.9323, aux_loss: 0.0000, lr: 0.00000997, epoch_time: 43.0min
Epoch:[1/1](2040/56608), loss: 1.7775, logits_loss: 1.7775, aux_loss: 0.0000, lr: 0.00000997, epoch_time: 43.0min
Epoch:[1/1](2060/56608), loss: 1.8468, logits_loss: 1.8468, aux_loss: 0.0000, lr: 0.00000997, epoch_time: 43.0min
Epoch:[1/1](2080/56608), loss: 1.8516, logits_loss: 1.8516, aux_loss: 0.0000, lr: 0.00000997, epoch_time: 43.0min
Epoch:[1/1](2100/56608), loss: 1.8126, logits_loss: 1.8126, aux_loss: 0.0000, lr: 0.00000997, epoch_time: 43.0min
Epoch:[1/1](2120/56608), loss: 1.9819, logits_loss: 1.9819, aux_loss: 0.0000, lr: 0.00000997, epoch_time: 43.0min
Epoch:[1/1](2140/56608), loss: 1.9844, logits_loss: 1.9844, aux_loss: 0.0000, lr: 0.00000997, epoch_time: 42.0min
Epoch:[1/1](2160/56608), loss: 1.9755, logits_loss: 1.9755, aux_loss: 0.0000, lr: 0.00000997, epoch_time: 42.0min
Epoch:[1/1](2180/56608), loss: 1.8164, logits_loss: 1.8164, aux_loss: 0.0000, lr: 0.00000997, epoch_time: 42.0min
Epoch:[1/1](2200/56608), loss: 1.7489, logits_loss: 1.7489, aux_loss: 0.0000, lr: 0.00000997, epoch_time: 42.0min
Epoch:[1/1](2220/56608), loss: 1.8373, logits_loss: 1.8373, aux_loss: 0.0000, lr: 0.00000997, epoch_time: 42.0min
Epoch:[1/1](2240/56608), loss: 1.7803, logits_loss: 1.7803, aux_loss: 0.0000, lr: 0.00000997, epoch_time: 42.0min
Epoch:[1/1](2260/56608), loss: 1.8936, logits_loss: 1.8936, aux_loss: 0.0000, lr: 0.00000996, epoch_time: 42.0min
Epoch:[1/1](2280/56608), loss: 2.0126, logits_loss: 2.0126, aux_loss: 0.0000, lr: 0.00000996, epoch_time: 42.0min
Epoch:[1/1](2300/56608), loss: 2.0147, logits_loss: 2.0147, aux_loss: 0.0000, lr: 0.00000996, epoch_time: 42.0min
Epoch:[1/1](2320/56608), loss: 1.8858, logits_loss: 1.8858, aux_loss: 0.0000, lr: 0.00000996, epoch_time: 42.0min
Epoch:[1/1](2340/56608), loss: 1.8970, logits_loss: 1.8970, aux_loss: 0.0000, lr: 0.00000996, epoch_time: 42.0min
Epoch:[1/1](2360/56608), loss: 2.1036, logits_loss: 2.1036, aux_loss: 0.0000, lr: 0.00000996, epoch_time: 42.0min
Epoch:[1/1](2380/56608), loss: 2.0726, logits_loss: 2.0726, aux_loss: 0.0000, lr: 0.00000996, epoch_time: 42.0min
Epoch:[1/1](2400/56608), loss: 1.9750, logits_loss: 1.9750, aux_loss: 0.0000, lr: 0.00000996, epoch_time: 42.0min
Epoch:[1/1](2420/56608), loss: 1.9437, logits_loss: 1.9437, aux_loss: 0.0000, lr: 0.00000996, epoch_time: 42.0min
Epoch:[1/1](2440/56608), loss: 1.9195, logits_loss: 1.9195, aux_loss: 0.0000, lr: 0.00000996, epoch_time: 42.0min
Epoch:[1/1](2460/56608), loss: 1.8002, logits_loss: 1.8002, aux_loss: 0.0000, lr: 0.00000996, epoch_time: 42.0min
Epoch:[1/1](2480/56608), loss: 2.1239, logits_loss: 2.1239, aux_loss: 0.0000, lr: 0.00000996, epoch_time: 42.0min
Epoch:[1/1](2500/56608), loss: 1.9381, logits_loss: 1.9381, aux_loss: 0.0000, lr: 0.00000996, epoch_time: 42.0min
Epoch:[1/1](2520/56608), loss: 2.0852, logits_loss: 2.0852, aux_loss: 0.0000, lr: 0.00000996, epoch_time: 42.0min
Epoch:[1/1](2540/56608), loss: 1.9763, logits_loss: 1.9763, aux_loss: 0.0000, lr: 0.00000996, epoch_time: 42.0min
Epoch:[1/1](2560/56608), loss: 1.9406, logits_loss: 1.9406, aux_loss: 0.0000, lr: 0.00000995, epoch_time: 42.0min
Epoch:[1/1](2580/56608), loss: 1.9399, logits_loss: 1.9399, aux_loss: 0.0000, lr: 0.00000995, epoch_time: 42.0min
Epoch:[1/1](2600/56608), loss: 1.9506, logits_loss: 1.9506, aux_loss: 0.0000, lr: 0.00000995, epoch_time: 41.0min
Epoch:[1/1](2620/56608), loss: 1.9977, logits_loss: 1.9977, aux_loss: 0.0000, lr: 0.00000995, epoch_time: 41.0min
Epoch:[1/1](2640/56608), loss: 1.9491, logits_loss: 1.9491, aux_loss: 0.0000, lr: 0.00000995, epoch_time: 41.0min
Epoch:[1/1](2660/56608), loss: 1.9446, logits_loss: 1.9446, aux_loss: 0.0000, lr: 0.00000995, epoch_time: 41.0min
Epoch:[1/1](2680/56608), loss: 1.8764, logits_loss: 1.8764, aux_loss: 0.0000, lr: 0.00000995, epoch_time: 41.0min
Epoch:[1/1](2700/56608), loss: 2.0111, logits_loss: 2.0111, aux_loss: 0.0000, lr: 0.00000995, epoch_time: 41.0min
Epoch:[1/1](2720/56608), loss: 1.8857, logits_loss: 1.8857, aux_loss: 0.0000, lr: 0.00000995, epoch_time: 41.0min
Epoch:[1/1](2740/56608), loss: 1.5827, logits_loss: 1.5827, aux_loss: 0.0000, lr: 0.00000995, epoch_time: 41.0min
Epoch:[1/1](2760/56608), loss: 2.0845, logits_loss: 2.0845, aux_loss: 0.0000, lr: 0.00000995, epoch_time: 41.0min
Epoch:[1/1](2780/56608), loss: 1.7851, logits_loss: 1.7851, aux_loss: 0.0000, lr: 0.00000995, epoch_time: 41.0min
Epoch:[1/1](2800/56608), loss: 1.7131, logits_loss: 1.7131, aux_loss: 0.0000, lr: 0.00000995, epoch_time: 41.0min
Epoch:[1/1](2820/56608), loss: 1.8601, logits_loss: 1.8601, aux_loss: 0.0000, lr: 0.00000995, epoch_time: 41.0min
Epoch:[1/1](2840/56608), loss: 1.9356, logits_loss: 1.9356, aux_loss: 0.0000, lr: 0.00000994, epoch_time: 41.0min
Epoch:[1/1](2860/56608), loss: 1.9276, logits_loss: 1.9276, aux_loss: 0.0000, lr: 0.00000994, epoch_time: 41.0min
Epoch:[1/1](2880/56608), loss: 1.8500, logits_loss: 1.8500, aux_loss: 0.0000, lr: 0.00000994, epoch_time: 41.0min
Epoch:[1/1](2900/56608), loss: 1.9769, logits_loss: 1.9769, aux_loss: 0.0000, lr: 0.00000994, epoch_time: 41.0min
Epoch:[1/1](2920/56608), loss: 1.8229, logits_loss: 1.8229, aux_loss: 0.0000, lr: 0.00000994, epoch_time: 41.0min
Epoch:[1/1](2940/56608), loss: 1.8035, logits_loss: 1.8035, aux_loss: 0.0000, lr: 0.00000994, epoch_time: 41.0min
Epoch:[1/1](2960/56608), loss: 1.7827, logits_loss: 1.7827, aux_loss: 0.0000, lr: 0.00000994, epoch_time: 41.0min
Epoch:[1/1](2980/56608), loss: 2.1350, logits_loss: 2.1350, aux_loss: 0.0000, lr: 0.00000994, epoch_time: 41.0min
Epoch:[1/1](3000/56608), loss: 1.9545, logits_loss: 1.9545, aux_loss: 0.0000, lr: 0.00000994, epoch_time: 41.0min
Epoch:[1/1](3020/56608), loss: 1.9144, logits_loss: 1.9144, aux_loss: 0.0000, lr: 0.00000994, epoch_time: 42.0min
Epoch:[1/1](3040/56608), loss: 1.9321, logits_loss: 1.9321, aux_loss: 0.0000, lr: 0.00000994, epoch_time: 42.0min
Epoch:[1/1](3060/56608), loss: 1.9066, logits_loss: 1.9066, aux_loss: 0.0000, lr: 0.00000994, epoch_time: 42.0min
Epoch:[1/1](3080/56608), loss: 1.8652, logits_loss: 1.8652, aux_loss: 0.0000, lr: 0.00000993, epoch_time: 42.0min
Epoch:[1/1](3100/56608), loss: 1.7316, logits_loss: 1.7316, aux_loss: 0.0000, lr: 0.00000993, epoch_time: 42.0min
Epoch:[1/1](3120/56608), loss: 1.8808, logits_loss: 1.8808, aux_loss: 0.0000, lr: 0.00000993, epoch_time: 42.0min
Epoch:[1/1](3140/56608), loss: 1.7677, logits_loss: 1.7677, aux_loss: 0.0000, lr: 0.00000993, epoch_time: 42.0min
Epoch:[1/1](3160/56608), loss: 1.9106, logits_loss: 1.9106, aux_loss: 0.0000, lr: 0.00000993, epoch_time: 42.0min
Epoch:[1/1](3180/56608), loss: 2.0769, logits_loss: 2.0769, aux_loss: 0.0000, lr: 0.00000993, epoch_time: 42.0min
Epoch:[1/1](3200/56608), loss: 1.8469, logits_loss: 1.8469, aux_loss: 0.0000, lr: 0.00000993, epoch_time: 42.0min
Epoch:[1/1](3220/56608), loss: 1.9757, logits_loss: 1.9757, aux_loss: 0.0000, lr: 0.00000993, epoch_time: 42.0min
Epoch:[1/1](3240/56608), loss: 2.0140, logits_loss: 2.0140, aux_loss: 0.0000, lr: 0.00000993, epoch_time: 42.0min
Epoch:[1/1](3260/56608), loss: 1.8410, logits_loss: 1.8410, aux_loss: 0.0000, lr: 0.00000993, epoch_time: 42.0min
Epoch:[1/1](3280/56608), loss: 1.8153, logits_loss: 1.8153, aux_loss: 0.0000, lr: 0.00000993, epoch_time: 41.0min
Epoch:[1/1](3300/56608), loss: 1.9668, logits_loss: 1.9668, aux_loss: 0.0000, lr: 0.00000992, epoch_time: 41.0min
Epoch:[1/1](3320/56608), loss: 1.8947, logits_loss: 1.8947, aux_loss: 0.0000, lr: 0.00000992, epoch_time: 41.0min
Epoch:[1/1](3340/56608), loss: 1.8825, logits_loss: 1.8825, aux_loss: 0.0000, lr: 0.00000992, epoch_time: 41.0min
Epoch:[1/1](3360/56608), loss: 1.9383, logits_loss: 1.9383, aux_loss: 0.0000, lr: 0.00000992, epoch_time: 41.0min
Epoch:[1/1](3380/56608), loss: 1.8075, logits_loss: 1.8075, aux_loss: 0.0000, lr: 0.00000992, epoch_time: 41.0min
Epoch:[1/1](3400/56608), loss: 1.7919, logits_loss: 1.7919, aux_loss: 0.0000, lr: 0.00000992, epoch_time: 41.0min
Epoch:[1/1](3420/56608), loss: 1.8860, logits_loss: 1.8860, aux_loss: 0.0000, lr: 0.00000992, epoch_time: 41.0min
Epoch:[1/1](3440/56608), loss: 2.0788, logits_loss: 2.0788, aux_loss: 0.0000, lr: 0.00000992, epoch_time: 41.0min
Epoch:[1/1](3460/56608), loss: 1.5934, logits_loss: 1.5934, aux_loss: 0.0000, lr: 0.00000992, epoch_time: 41.0min
Epoch:[1/1](3480/56608), loss: 2.0509, logits_loss: 2.0509, aux_loss: 0.0000, lr: 0.00000992, epoch_time: 41.0min
Epoch:[1/1](3500/56608), loss: 1.7919, logits_loss: 1.7919, aux_loss: 0.0000, lr: 0.00000992, epoch_time: 41.0min
Epoch:[1/1](3520/56608), loss: 2.0795, logits_loss: 2.0795, aux_loss: 0.0000, lr: 0.00000991, epoch_time: 41.0min
Epoch:[1/1](3540/56608), loss: 1.7615, logits_loss: 1.7615, aux_loss: 0.0000, lr: 0.00000991, epoch_time: 41.0min
Epoch:[1/1](3560/56608), loss: 1.8527, logits_loss: 1.8527, aux_loss: 0.0000, lr: 0.00000991, epoch_time: 41.0min
Epoch:[1/1](3580/56608), loss: 1.7937, logits_loss: 1.7937, aux_loss: 0.0000, lr: 0.00000991, epoch_time: 41.0min
Epoch:[1/1](3600/56608), loss: 1.7927, logits_loss: 1.7927, aux_loss: 0.0000, lr: 0.00000991, epoch_time: 41.0min
Epoch:[1/1](3620/56608), loss: 1.9675, logits_loss: 1.9675, aux_loss: 0.0000, lr: 0.00000991, epoch_time: 41.0min
Epoch:[1/1](3640/56608), loss: 1.8991, logits_loss: 1.8991, aux_loss: 0.0000, lr: 0.00000991, epoch_time: 41.0min
Epoch:[1/1](3660/56608), loss: 1.9119, logits_loss: 1.9119, aux_loss: 0.0000, lr: 0.00000991, epoch_time: 41.0min
Epoch:[1/1](3680/56608), loss: 1.7570, logits_loss: 1.7570, aux_loss: 0.0000, lr: 0.00000991, epoch_time: 41.0min
Epoch:[1/1](3700/56608), loss: 1.8782, logits_loss: 1.8782, aux_loss: 0.0000, lr: 0.00000991, epoch_time: 41.0min
Epoch:[1/1](3720/56608), loss: 1.7762, logits_loss: 1.7762, aux_loss: 0.0000, lr: 0.00000990, epoch_time: 41.0min
Epoch:[1/1](3740/56608), loss: 1.7908, logits_loss: 1.7908, aux_loss: 0.0000, lr: 0.00000990, epoch_time: 41.0min
Epoch:[1/1](3760/56608), loss: 1.8014, logits_loss: 1.8014, aux_loss: 0.0000, lr: 0.00000990, epoch_time: 41.0min
Epoch:[1/1](3780/56608), loss: 1.7340, logits_loss: 1.7340, aux_loss: 0.0000, lr: 0.00000990, epoch_time: 41.0min
Epoch:[1/1](3800/56608), loss: 1.9576, logits_loss: 1.9576, aux_loss: 0.0000, lr: 0.00000990, epoch_time: 41.0min
Epoch:[1/1](3820/56608), loss: 2.0215, logits_loss: 2.0215, aux_loss: 0.0000, lr: 0.00000990, epoch_time: 41.0min
Epoch:[1/1](3840/56608), loss: 2.0514, logits_loss: 2.0514, aux_loss: 0.0000, lr: 0.00000990, epoch_time: 41.0min
Epoch:[1/1](3860/56608), loss: 1.9187, logits_loss: 1.9187, aux_loss: 0.0000, lr: 0.00000990, epoch_time: 41.0min
Epoch:[1/1](3880/56608), loss: 1.8073, logits_loss: 1.8073, aux_loss: 0.0000, lr: 0.00000990, epoch_time: 41.0min
Epoch:[1/1](3900/56608), loss: 1.9339, logits_loss: 1.9339, aux_loss: 0.0000, lr: 0.00000990, epoch_time: 40.0min
Epoch:[1/1](3920/56608), loss: 2.0551, logits_loss: 2.0551, aux_loss: 0.0000, lr: 0.00000989, epoch_time: 40.0min
Epoch:[1/1](3940/56608), loss: 1.7365, logits_loss: 1.7365, aux_loss: 0.0000, lr: 0.00000989, epoch_time: 40.0min
Epoch:[1/1](3960/56608), loss: 1.8249, logits_loss: 1.8249, aux_loss: 0.0000, lr: 0.00000989, epoch_time: 40.0min
Epoch:[1/1](3980/56608), loss: 2.0556, logits_loss: 2.0556, aux_loss: 0.0000, lr: 0.00000989, epoch_time: 40.0min
Epoch:[1/1](4000/56608), loss: 1.8859, logits_loss: 1.8859, aux_loss: 0.0000, lr: 0.00000989, epoch_time: 40.0min
Epoch:[1/1](4020/56608), loss: 1.8581, logits_loss: 1.8581, aux_loss: 0.0000, lr: 0.00000989, epoch_time: 41.0min
Epoch:[1/1](4040/56608), loss: 1.8267, logits_loss: 1.8267, aux_loss: 0.0000, lr: 0.00000989, epoch_time: 41.0min
Epoch:[1/1](4060/56608), loss: 1.8952, logits_loss: 1.8952, aux_loss: 0.0000, lr: 0.00000989, epoch_time: 41.0min
Epoch:[1/1](4080/56608), loss: 1.8072, logits_loss: 1.8072, aux_loss: 0.0000, lr: 0.00000989, epoch_time: 41.0min
Epoch:[1/1](4100/56608), loss: 1.8647, logits_loss: 1.8647, aux_loss: 0.0000, lr: 0.00000988, epoch_time: 41.0min
Epoch:[1/1](4120/56608), loss: 1.9805, logits_loss: 1.9805, aux_loss: 0.0000, lr: 0.00000988, epoch_time: 41.0min
Epoch:[1/1](4140/56608), loss: 1.9589, logits_loss: 1.9589, aux_loss: 0.0000, lr: 0.00000988, epoch_time: 41.0min
Epoch:[1/1](4160/56608), loss: 1.7450, logits_loss: 1.7450, aux_loss: 0.0000, lr: 0.00000988, epoch_time: 41.0min
Epoch:[1/1](4180/56608), loss: 1.7544, logits_loss: 1.7544, aux_loss: 0.0000, lr: 0.00000988, epoch_time: 41.0min
Epoch:[1/1](4200/56608), loss: 1.9076, logits_loss: 1.9076, aux_loss: 0.0000, lr: 0.00000988, epoch_time: 41.0min
Epoch:[1/1](4220/56608), loss: 1.9633, logits_loss: 1.9633, aux_loss: 0.0000, lr: 0.00000988, epoch_time: 41.0min
Epoch:[1/1](4240/56608), loss: 1.8656, logits_loss: 1.8656, aux_loss: 0.0000, lr: 0.00000988, epoch_time: 41.0min
Epoch:[1/1](4260/56608), loss: 1.8491, logits_loss: 1.8491, aux_loss: 0.0000, lr: 0.00000987, epoch_time: 41.0min
Epoch:[1/1](4280/56608), loss: 1.7627, logits_loss: 1.7627, aux_loss: 0.0000, lr: 0.00000987, epoch_time: 41.0min
Epoch:[1/1](4300/56608), loss: 1.8413, logits_loss: 1.8413, aux_loss: 0.0000, lr: 0.00000987, epoch_time: 41.0min
Epoch:[1/1](4320/56608), loss: 1.9766, logits_loss: 1.9766, aux_loss: 0.0000, lr: 0.00000987, epoch_time: 41.0min
Epoch:[1/1](4340/56608), loss: 1.9047, logits_loss: 1.9047, aux_loss: 0.0000, lr: 0.00000987, epoch_time: 41.0min
Epoch:[1/1](4360/56608), loss: 2.0316, logits_loss: 2.0316, aux_loss: 0.0000, lr: 0.00000987, epoch_time: 41.0min
Epoch:[1/1](4380/56608), loss: 1.7044, logits_loss: 1.7044, aux_loss: 0.0000, lr: 0.00000987, epoch_time: 41.0min
Epoch:[1/1](4400/56608), loss: 1.7322, logits_loss: 1.7322, aux_loss: 0.0000, lr: 0.00000987, epoch_time: 41.0min
Epoch:[1/1](4420/56608), loss: 1.9650, logits_loss: 1.9650, aux_loss: 0.0000, lr: 0.00000987, epoch_time: 41.0min
Epoch:[1/1](4440/56608), loss: 1.9487, logits_loss: 1.9487, aux_loss: 0.0000, lr: 0.00000986, epoch_time: 41.0min
Epoch:[1/1](4460/56608), loss: 1.8392, logits_loss: 1.8392, aux_loss: 0.0000, lr: 0.00000986, epoch_time: 40.0min
Epoch:[1/1](4480/56608), loss: 2.0015, logits_loss: 2.0015, aux_loss: 0.0000, lr: 0.00000986, epoch_time: 40.0min
Epoch:[1/1](4500/56608), loss: 1.9259, logits_loss: 1.9259, aux_loss: 0.0000, lr: 0.00000986, epoch_time: 40.0min
Epoch:[1/1](4520/56608), loss: 1.8927, logits_loss: 1.8927, aux_loss: 0.0000, lr: 0.00000986, epoch_time: 40.0min
Epoch:[1/1](4540/56608), loss: 1.7594, logits_loss: 1.7594, aux_loss: 0.0000, lr: 0.00000986, epoch_time: 40.0min
Epoch:[1/1](4560/56608), loss: 1.8540, logits_loss: 1.8540, aux_loss: 0.0000, lr: 0.00000986, epoch_time: 40.0min
Epoch:[1/1](4580/56608), loss: 1.7514, logits_loss: 1.7514, aux_loss: 0.0000, lr: 0.00000986, epoch_time: 40.0min
Epoch:[1/1](4600/56608), loss: 2.0041, logits_loss: 2.0041, aux_loss: 0.0000, lr: 0.00000985, epoch_time: 40.0min
Epoch:[1/1](4620/56608), loss: 2.0171, logits_loss: 2.0171, aux_loss: 0.0000, lr: 0.00000985, epoch_time: 40.0min
Epoch:[1/1](4640/56608), loss: 1.9432, logits_loss: 1.9432, aux_loss: 0.0000, lr: 0.00000985, epoch_time: 40.0min
Epoch:[1/1](4660/56608), loss: 2.0246, logits_loss: 2.0246, aux_loss: 0.0000, lr: 0.00000985, epoch_time: 40.0min
Epoch:[1/1](4680/56608), loss: 2.0588, logits_loss: 2.0588, aux_loss: 0.0000, lr: 0.00000985, epoch_time: 40.0min
Epoch:[1/1](4700/56608), loss: 2.0144, logits_loss: 2.0144, aux_loss: 0.0000, lr: 0.00000985, epoch_time: 40.0min
Epoch:[1/1](4720/56608), loss: 1.7383, logits_loss: 1.7383, aux_loss: 0.0000, lr: 0.00000985, epoch_time: 40.0min
Epoch:[1/1](4740/56608), loss: 1.7933, logits_loss: 1.7933, aux_loss: 0.0000, lr: 0.00000985, epoch_time: 40.0min
Epoch:[1/1](4760/56608), loss: 1.8117, logits_loss: 1.8117, aux_loss: 0.0000, lr: 0.00000984, epoch_time: 40.0min
Epoch:[1/1](4780/56608), loss: 1.6393, logits_loss: 1.6393, aux_loss: 0.0000, lr: 0.00000984, epoch_time: 40.0min
Epoch:[1/1](4800/56608), loss: 1.8049, logits_loss: 1.8049, aux_loss: 0.0000, lr: 0.00000984, epoch_time: 40.0min
Epoch:[1/1](4820/56608), loss: 1.8090, logits_loss: 1.8090, aux_loss: 0.0000, lr: 0.00000984, epoch_time: 40.0min
Epoch:[1/1](4840/56608), loss: 1.9019, logits_loss: 1.9019, aux_loss: 0.0000, lr: 0.00000984, epoch_time: 40.0min
Epoch:[1/1](4860/56608), loss: 1.9447, logits_loss: 1.9447, aux_loss: 0.0000, lr: 0.00000984, epoch_time: 40.0min
Epoch:[1/1](4880/56608), loss: 1.8527, logits_loss: 1.8527, aux_loss: 0.0000, lr: 0.00000984, epoch_time: 40.0min
Epoch:[1/1](4900/56608), loss: 1.9612, logits_loss: 1.9612, aux_loss: 0.0000, lr: 0.00000983, epoch_time: 40.0min
Epoch:[1/1](4920/56608), loss: 1.8722, logits_loss: 1.8722, aux_loss: 0.0000, lr: 0.00000983, epoch_time: 40.0min
Epoch:[1/1](4940/56608), loss: 1.9292, logits_loss: 1.9292, aux_loss: 0.0000, lr: 0.00000983, epoch_time: 40.0min
Epoch:[1/1](4960/56608), loss: 1.9012, logits_loss: 1.9012, aux_loss: 0.0000, lr: 0.00000983, epoch_time: 40.0min
Epoch:[1/1](4980/56608), loss: 1.9508, logits_loss: 1.9508, aux_loss: 0.0000, lr: 0.00000983, epoch_time: 40.0min
Epoch:[1/1](5000/56608), loss: 1.8877, logits_loss: 1.8877, aux_loss: 0.0000, lr: 0.00000983, epoch_time: 40.0min
Epoch:[1/1](5020/56608), loss: 1.9436, logits_loss: 1.9436, aux_loss: 0.0000, lr: 0.00000983, epoch_time: 40.0min
Epoch:[1/1](5040/56608), loss: 1.9642, logits_loss: 1.9642, aux_loss: 0.0000, lr: 0.00000983, epoch_time: 40.0min
Epoch:[1/1](5060/56608), loss: 1.7867, logits_loss: 1.7867, aux_loss: 0.0000, lr: 0.00000982, epoch_time: 40.0min
Epoch:[1/1](5080/56608), loss: 1.9583, logits_loss: 1.9583, aux_loss: 0.0000, lr: 0.00000982, epoch_time: 40.0min
Epoch:[1/1](5100/56608), loss: 1.8357, logits_loss: 1.8357, aux_loss: 0.0000, lr: 0.00000982, epoch_time: 40.0min
Epoch:[1/1](5120/56608), loss: 1.9297, logits_loss: 1.9297, aux_loss: 0.0000, lr: 0.00000982, epoch_time: 40.0min
Epoch:[1/1](5140/56608), loss: 1.8984, logits_loss: 1.8984, aux_loss: 0.0000, lr: 0.00000982, epoch_time: 40.0min
Epoch:[1/1](5160/56608), loss: 1.8333, logits_loss: 1.8333, aux_loss: 0.0000, lr: 0.00000982, epoch_time: 40.0min
Epoch:[1/1](5180/56608), loss: 1.7829, logits_loss: 1.7829, aux_loss: 0.0000, lr: 0.00000982, epoch_time: 40.0min
Epoch:[1/1](5200/56608), loss: 1.7992, logits_loss: 1.7992, aux_loss: 0.0000, lr: 0.00000981, epoch_time: 40.0min
Epoch:[1/1](5220/56608), loss: 1.9217, logits_loss: 1.9217, aux_loss: 0.0000, lr: 0.00000981, epoch_time: 40.0min
Epoch:[1/1](5240/56608), loss: 1.8581, logits_loss: 1.8581, aux_loss: 0.0000, lr: 0.00000981, epoch_time: 40.0min
Epoch:[1/1](5260/56608), loss: 1.8046, logits_loss: 1.8046, aux_loss: 0.0000, lr: 0.00000981, epoch_time: 40.0min
Epoch:[1/1](5280/56608), loss: 1.6645, logits_loss: 1.6645, aux_loss: 0.0000, lr: 0.00000981, epoch_time: 40.0min
Epoch:[1/1](5300/56608), loss: 1.8795, logits_loss: 1.8795, aux_loss: 0.0000, lr: 0.00000981, epoch_time: 40.0min
Epoch:[1/1](5320/56608), loss: 1.7282, logits_loss: 1.7282, aux_loss: 0.0000, lr: 0.00000981, epoch_time: 40.0min
Epoch:[1/1](5340/56608), loss: 1.6531, logits_loss: 1.6531, aux_loss: 0.0000, lr: 0.00000980, epoch_time: 40.0min
Epoch:[1/1](5360/56608), loss: 1.8375, logits_loss: 1.8375, aux_loss: 0.0000, lr: 0.00000980, epoch_time: 40.0min
Epoch:[1/1](5380/56608), loss: 1.8919, logits_loss: 1.8919, aux_loss: 0.0000, lr: 0.00000980, epoch_time: 40.0min
Epoch:[1/1](5400/56608), loss: 1.8213, logits_loss: 1.8213, aux_loss: 0.0000, lr: 0.00000980, epoch_time: 40.0min
Epoch:[1/1](5420/56608), loss: 1.8415, logits_loss: 1.8415, aux_loss: 0.0000, lr: 0.00000980, epoch_time: 40.0min
Epoch:[1/1](5440/56608), loss: 1.9234, logits_loss: 1.9234, aux_loss: 0.0000, lr: 0.00000980, epoch_time: 40.0min
Epoch:[1/1](5460/56608), loss: 1.6919, logits_loss: 1.6919, aux_loss: 0.0000, lr: 0.00000979, epoch_time: 40.0min
Epoch:[1/1](5480/56608), loss: 1.9247, logits_loss: 1.9247, aux_loss: 0.0000, lr: 0.00000979, epoch_time: 40.0min
Epoch:[1/1](5500/56608), loss: 1.8491, logits_loss: 1.8491, aux_loss: 0.0000, lr: 0.00000979, epoch_time: 40.0min
Epoch:[1/1](5520/56608), loss: 1.9055, logits_loss: 1.9055, aux_loss: 0.0000, lr: 0.00000979, epoch_time: 40.0min
Epoch:[1/1](5540/56608), loss: 2.0332, logits_loss: 2.0332, aux_loss: 0.0000, lr: 0.00000979, epoch_time: 40.0min
Epoch:[1/1](5560/56608), loss: 1.8062, logits_loss: 1.8062, aux_loss: 0.0000, lr: 0.00000979, epoch_time: 40.0min
Epoch:[1/1](5580/56608), loss: 1.9876, logits_loss: 1.9876, aux_loss: 0.0000, lr: 0.00000979, epoch_time: 40.0min
Epoch:[1/1](5600/56608), loss: 1.9502, logits_loss: 1.9502, aux_loss: 0.0000, lr: 0.00000978, epoch_time: 39.0min
Epoch:[1/1](5620/56608), loss: 1.9073, logits_loss: 1.9073, aux_loss: 0.0000, lr: 0.00000978, epoch_time: 39.0min
Epoch:[1/1](5640/56608), loss: 1.7945, logits_loss: 1.7945, aux_loss: 0.0000, lr: 0.00000978, epoch_time: 39.0min
Epoch:[1/1](5660/56608), loss: 1.9504, logits_loss: 1.9504, aux_loss: 0.0000, lr: 0.00000978, epoch_time: 39.0min
Epoch:[1/1](5680/56608), loss: 1.6092, logits_loss: 1.6092, aux_loss: 0.0000, lr: 0.00000978, epoch_time: 39.0min
Epoch:[1/1](5700/56608), loss: 1.9135, logits_loss: 1.9135, aux_loss: 0.0000, lr: 0.00000978, epoch_time: 39.0min
Epoch:[1/1](5720/56608), loss: 1.7043, logits_loss: 1.7043, aux_loss: 0.0000, lr: 0.00000978, epoch_time: 39.0min
Epoch:[1/1](5740/56608), loss: 1.9267, logits_loss: 1.9267, aux_loss: 0.0000, lr: 0.00000977, epoch_time: 39.0min
Epoch:[1/1](5760/56608), loss: 1.6886, logits_loss: 1.6886, aux_loss: 0.0000, lr: 0.00000977, epoch_time: 39.0min
Epoch:[1/1](5780/56608), loss: 1.7961, logits_loss: 1.7961, aux_loss: 0.0000, lr: 0.00000977, epoch_time: 39.0min
Epoch:[1/1](5800/56608), loss: 1.8645, logits_loss: 1.8645, aux_loss: 0.0000, lr: 0.00000977, epoch_time: 39.0min
Epoch:[1/1](5820/56608), loss: 1.9237, logits_loss: 1.9237, aux_loss: 0.0000, lr: 0.00000977, epoch_time: 39.0min
Epoch:[1/1](5840/56608), loss: 1.8389, logits_loss: 1.8389, aux_loss: 0.0000, lr: 0.00000977, epoch_time: 39.0min
Epoch:[1/1](5860/56608), loss: 1.9295, logits_loss: 1.9295, aux_loss: 0.0000, lr: 0.00000976, epoch_time: 39.0min
Epoch:[1/1](5880/56608), loss: 1.8367, logits_loss: 1.8367, aux_loss: 0.0000, lr: 0.00000976, epoch_time: 39.0min
Epoch:[1/1](5900/56608), loss: 1.9339, logits_loss: 1.9339, aux_loss: 0.0000, lr: 0.00000976, epoch_time: 39.0min
Epoch:[1/1](5920/56608), loss: 1.9560, logits_loss: 1.9560, aux_loss: 0.0000, lr: 0.00000976, epoch_time: 39.0min
Epoch:[1/1](5940/56608), loss: 1.9510, logits_loss: 1.9510, aux_loss: 0.0000, lr: 0.00000976, epoch_time: 39.0min
Epoch:[1/1](5960/56608), loss: 1.9621, logits_loss: 1.9621, aux_loss: 0.0000, lr: 0.00000976, epoch_time: 39.0min
Epoch:[1/1](5980/56608), loss: 1.7876, logits_loss: 1.7876, aux_loss: 0.0000, lr: 0.00000975, epoch_time: 39.0min
Epoch:[1/1](6000/56608), loss: 1.8317, logits_loss: 1.8317, aux_loss: 0.0000, lr: 0.00000975, epoch_time: 39.0min
Epoch:[1/1](6020/56608), loss: 1.7267, logits_loss: 1.7267, aux_loss: 0.0000, lr: 0.00000975, epoch_time: 40.0min
Epoch:[1/1](6040/56608), loss: 1.9708, logits_loss: 1.9708, aux_loss: 0.0000, lr: 0.00000975, epoch_time: 39.0min
Epoch:[1/1](6060/56608), loss: 1.7155, logits_loss: 1.7155, aux_loss: 0.0000, lr: 0.00000975, epoch_time: 39.0min
Epoch:[1/1](6080/56608), loss: 1.8219, logits_loss: 1.8219, aux_loss: 0.0000, lr: 0.00000975, epoch_time: 39.0min
Epoch:[1/1](6100/56608), loss: 1.7912, logits_loss: 1.7912, aux_loss: 0.0000, lr: 0.00000974, epoch_time: 39.0min
Epoch:[1/1](6120/56608), loss: 1.7826, logits_loss: 1.7826, aux_loss: 0.0000, lr: 0.00000974, epoch_time: 39.0min
Epoch:[1/1](6140/56608), loss: 1.9143, logits_loss: 1.9143, aux_loss: 0.0000, lr: 0.00000974, epoch_time: 39.0min
Epoch:[1/1](6160/56608), loss: 1.8248, logits_loss: 1.8248, aux_loss: 0.0000, lr: 0.00000974, epoch_time: 39.0min
Epoch:[1/1](6180/56608), loss: 1.9085, logits_loss: 1.9085, aux_loss: 0.0000, lr: 0.00000974, epoch_time: 39.0min
Epoch:[1/1](6200/56608), loss: 1.7850, logits_loss: 1.7850, aux_loss: 0.0000, lr: 0.00000974, epoch_time: 39.0min
Epoch:[1/1](6220/56608), loss: 1.9543, logits_loss: 1.9543, aux_loss: 0.0000, lr: 0.00000973, epoch_time: 39.0min
Epoch:[1/1](6240/56608), loss: 1.8074, logits_loss: 1.8074, aux_loss: 0.0000, lr: 0.00000973, epoch_time: 39.0min
Epoch:[1/1](6260/56608), loss: 1.9448, logits_loss: 1.9448, aux_loss: 0.0000, lr: 0.00000973, epoch_time: 39.0min
Epoch:[1/1](6280/56608), loss: 1.8366, logits_loss: 1.8366, aux_loss: 0.0000, lr: 0.00000973, epoch_time: 39.0min
Epoch:[1/1](6300/56608), loss: 1.8640, logits_loss: 1.8640, aux_loss: 0.0000, lr: 0.00000973, epoch_time: 39.0min
Epoch:[1/1](6320/56608), loss: 1.7191, logits_loss: 1.7191, aux_loss: 0.0000, lr: 0.00000973, epoch_time: 39.0min
Epoch:[1/1](6340/56608), loss: 1.7636, logits_loss: 1.7636, aux_loss: 0.0000, lr: 0.00000972, epoch_time: 39.0min
Epoch:[1/1](6360/56608), loss: 1.9097, logits_loss: 1.9097, aux_loss: 0.0000, lr: 0.00000972, epoch_time: 39.0min
Epoch:[1/1](6380/56608), loss: 1.7270, logits_loss: 1.7270, aux_loss: 0.0000, lr: 0.00000972, epoch_time: 39.0min
Epoch:[1/1](6400/56608), loss: 1.8989, logits_loss: 1.8989, aux_loss: 0.0000, lr: 0.00000972, epoch_time: 39.0min
Epoch:[1/1](6420/56608), loss: 2.0674, logits_loss: 2.0674, aux_loss: 0.0000, lr: 0.00000972, epoch_time: 39.0min
Epoch:[1/1](6440/56608), loss: 1.9554, logits_loss: 1.9554, aux_loss: 0.0000, lr: 0.00000972, epoch_time: 39.0min
Epoch:[1/1](6460/56608), loss: 1.8902, logits_loss: 1.8902, aux_loss: 0.0000, lr: 0.00000971, epoch_time: 39.0min
Epoch:[1/1](6480/56608), loss: 1.6461, logits_loss: 1.6461, aux_loss: 0.0000, lr: 0.00000971, epoch_time: 39.0min
Epoch:[1/1](6500/56608), loss: 1.8369, logits_loss: 1.8369, aux_loss: 0.0000, lr: 0.00000971, epoch_time: 39.0min
Epoch:[1/1](6520/56608), loss: 1.9439, logits_loss: 1.9439, aux_loss: 0.0000, lr: 0.00000971, epoch_time: 39.0min
Epoch:[1/1](6540/56608), loss: 1.7807, logits_loss: 1.7807, aux_loss: 0.0000, lr: 0.00000971, epoch_time: 39.0min
Epoch:[1/1](6560/56608), loss: 1.9049, logits_loss: 1.9049, aux_loss: 0.0000, lr: 0.00000971, epoch_time: 39.0min
Epoch:[1/1](6580/56608), loss: 1.9175, logits_loss: 1.9175, aux_loss: 0.0000, lr: 0.00000970, epoch_time: 39.0min
Epoch:[1/1](6600/56608), loss: 1.9803, logits_loss: 1.9803, aux_loss: 0.0000, lr: 0.00000970, epoch_time: 39.0min
Epoch:[1/1](6620/56608), loss: 1.8848, logits_loss: 1.8848, aux_loss: 0.0000, lr: 0.00000970, epoch_time: 39.0min
Epoch:[1/1](6640/56608), loss: 1.7130, logits_loss: 1.7130, aux_loss: 0.0000, lr: 0.00000970, epoch_time: 39.0min
Epoch:[1/1](6660/56608), loss: 1.8726, logits_loss: 1.8726, aux_loss: 0.0000, lr: 0.00000970, epoch_time: 39.0min
Epoch:[1/1](6680/56608), loss: 1.8069, logits_loss: 1.8069, aux_loss: 0.0000, lr: 0.00000969, epoch_time: 39.0min
Epoch:[1/1](6700/56608), loss: 2.0298, logits_loss: 2.0298, aux_loss: 0.0000, lr: 0.00000969, epoch_time: 39.0min
Epoch:[1/1](6720/56608), loss: 1.8337, logits_loss: 1.8337, aux_loss: 0.0000, lr: 0.00000969, epoch_time: 39.0min
Epoch:[1/1](6740/56608), loss: 1.8894, logits_loss: 1.8894, aux_loss: 0.0000, lr: 0.00000969, epoch_time: 39.0min
Epoch:[1/1](6760/56608), loss: 1.6420, logits_loss: 1.6420, aux_loss: 0.0000, lr: 0.00000969, epoch_time: 39.0min
Epoch:[1/1](6780/56608), loss: 1.6766, logits_loss: 1.6766, aux_loss: 0.0000, lr: 0.00000969, epoch_time: 39.0min
Epoch:[1/1](6800/56608), loss: 1.9881, logits_loss: 1.9881, aux_loss: 0.0000, lr: 0.00000968, epoch_time: 39.0min
Epoch:[1/1](6820/56608), loss: 1.8700, logits_loss: 1.8700, aux_loss: 0.0000, lr: 0.00000968, epoch_time: 38.0min
Epoch:[1/1](6840/56608), loss: 1.9791, logits_loss: 1.9791, aux_loss: 0.0000, lr: 0.00000968, epoch_time: 38.0min
Epoch:[1/1](6860/56608), loss: 1.9065, logits_loss: 1.9065, aux_loss: 0.0000, lr: 0.00000968, epoch_time: 38.0min
Epoch:[1/1](6880/56608), loss: 1.8943, logits_loss: 1.8943, aux_loss: 0.0000, lr: 0.00000968, epoch_time: 38.0min
Epoch:[1/1](6900/56608), loss: 1.9398, logits_loss: 1.9398, aux_loss: 0.0000, lr: 0.00000967, epoch_time: 38.0min
Epoch:[1/1](6920/56608), loss: 1.8361, logits_loss: 1.8361, aux_loss: 0.0000, lr: 0.00000967, epoch_time: 38.0min
Epoch:[1/1](6940/56608), loss: 1.9154, logits_loss: 1.9154, aux_loss: 0.0000, lr: 0.00000967, epoch_time: 38.0min
Epoch:[1/1](6960/56608), loss: 1.8225, logits_loss: 1.8225, aux_loss: 0.0000, lr: 0.00000967, epoch_time: 38.0min
Epoch:[1/1](6980/56608), loss: 1.7972, logits_loss: 1.7972, aux_loss: 0.0000, lr: 0.00000967, epoch_time: 38.0min
Epoch:[1/1](7000/56608), loss: 1.8603, logits_loss: 1.8603, aux_loss: 0.0000, lr: 0.00000966, epoch_time: 38.0min
Epoch:[1/1](7020/56608), loss: 1.8640, logits_loss: 1.8640, aux_loss: 0.0000, lr: 0.00000966, epoch_time: 39.0min
Epoch:[1/1](7040/56608), loss: 1.7535, logits_loss: 1.7535, aux_loss: 0.0000, lr: 0.00000966, epoch_time: 39.0min
Epoch:[1/1](7060/56608), loss: 1.8710, logits_loss: 1.8710, aux_loss: 0.0000, lr: 0.00000966, epoch_time: 39.0min
Epoch:[1/1](7080/56608), loss: 1.7532, logits_loss: 1.7532, aux_loss: 0.0000, lr: 0.00000966, epoch_time: 39.0min
Epoch:[1/1](7100/56608), loss: 1.9046, logits_loss: 1.9046, aux_loss: 0.0000, lr: 0.00000966, epoch_time: 39.0min
Epoch:[1/1](7120/56608), loss: 1.9451, logits_loss: 1.9451, aux_loss: 0.0000, lr: 0.00000965, epoch_time: 39.0min
Epoch:[1/1](7140/56608), loss: 1.7787, logits_loss: 1.7787, aux_loss: 0.0000, lr: 0.00000965, epoch_time: 39.0min
Epoch:[1/1](7160/56608), loss: 2.0163, logits_loss: 2.0163, aux_loss: 0.0000, lr: 0.00000965, epoch_time: 39.0min
Epoch:[1/1](7180/56608), loss: 1.9678, logits_loss: 1.9678, aux_loss: 0.0000, lr: 0.00000965, epoch_time: 39.0min
Epoch:[1/1](7200/56608), loss: 1.6885, logits_loss: 1.6885, aux_loss: 0.0000, lr: 0.00000965, epoch_time: 38.0min
Epoch:[1/1](7220/56608), loss: 1.8453, logits_loss: 1.8453, aux_loss: 0.0000, lr: 0.00000964, epoch_time: 38.0min
Epoch:[1/1](7240/56608), loss: 1.7950, logits_loss: 1.7950, aux_loss: 0.0000, lr: 0.00000964, epoch_time: 38.0min
Epoch:[1/1](7260/56608), loss: 1.8957, logits_loss: 1.8957, aux_loss: 0.0000, lr: 0.00000964, epoch_time: 38.0min
Epoch:[1/1](7280/56608), loss: 1.8720, logits_loss: 1.8720, aux_loss: 0.0000, lr: 0.00000964, epoch_time: 38.0min
Epoch:[1/1](7300/56608), loss: 1.8781, logits_loss: 1.8781, aux_loss: 0.0000, lr: 0.00000964, epoch_time: 38.0min
Epoch:[1/1](7320/56608), loss: 1.8873, logits_loss: 1.8873, aux_loss: 0.0000, lr: 0.00000963, epoch_time: 38.0min
Epoch:[1/1](7340/56608), loss: 1.8298, logits_loss: 1.8298, aux_loss: 0.0000, lr: 0.00000963, epoch_time: 38.0min
Epoch:[1/1](7360/56608), loss: 1.9889, logits_loss: 1.9889, aux_loss: 0.0000, lr: 0.00000963, epoch_time: 38.0min
Epoch:[1/1](7380/56608), loss: 1.8952, logits_loss: 1.8952, aux_loss: 0.0000, lr: 0.00000963, epoch_time: 38.0min
Epoch:[1/1](7400/56608), loss: 1.9253, logits_loss: 1.9253, aux_loss: 0.0000, lr: 0.00000963, epoch_time: 38.0min
Epoch:[1/1](7420/56608), loss: 1.8198, logits_loss: 1.8198, aux_loss: 0.0000, lr: 0.00000962, epoch_time: 38.0min
Epoch:[1/1](7440/56608), loss: 1.7273, logits_loss: 1.7273, aux_loss: 0.0000, lr: 0.00000962, epoch_time: 38.0min
Epoch:[1/1](7460/56608), loss: 1.8992, logits_loss: 1.8992, aux_loss: 0.0000, lr: 0.00000962, epoch_time: 38.0min
Epoch:[1/1](7480/56608), loss: 1.8276, logits_loss: 1.8276, aux_loss: 0.0000, lr: 0.00000962, epoch_time: 38.0min
Epoch:[1/1](7500/56608), loss: 1.6774, logits_loss: 1.6774, aux_loss: 0.0000, lr: 0.00000962, epoch_time: 38.0min
Epoch:[1/1](7520/56608), loss: 1.8334, logits_loss: 1.8334, aux_loss: 0.0000, lr: 0.00000961, epoch_time: 38.0min
Epoch:[1/1](7540/56608), loss: 1.7113, logits_loss: 1.7113, aux_loss: 0.0000, lr: 0.00000961, epoch_time: 38.0min
Epoch:[1/1](7560/56608), loss: 1.8540, logits_loss: 1.8540, aux_loss: 0.0000, lr: 0.00000961, epoch_time: 38.0min
Epoch:[1/1](7580/56608), loss: 1.7327, logits_loss: 1.7327, aux_loss: 0.0000, lr: 0.00000961, epoch_time: 38.0min
Epoch:[1/1](7600/56608), loss: 1.9473, logits_loss: 1.9473, aux_loss: 0.0000, lr: 0.00000961, epoch_time: 38.0min
Epoch:[1/1](7620/56608), loss: 1.8073, logits_loss: 1.8073, aux_loss: 0.0000, lr: 0.00000960, epoch_time: 38.0min
Epoch:[1/1](7640/56608), loss: 1.8605, logits_loss: 1.8605, aux_loss: 0.0000, lr: 0.00000960, epoch_time: 38.0min
Epoch:[1/1](7660/56608), loss: 1.7337, logits_loss: 1.7337, aux_loss: 0.0000, lr: 0.00000960, epoch_time: 38.0min
Epoch:[1/1](7680/56608), loss: 1.8506, logits_loss: 1.8506, aux_loss: 0.0000, lr: 0.00000960, epoch_time: 38.0min
Epoch:[1/1](7700/56608), loss: 1.9005, logits_loss: 1.9005, aux_loss: 0.0000, lr: 0.00000960, epoch_time: 38.0min
Epoch:[1/1](7720/56608), loss: 1.7175, logits_loss: 1.7175, aux_loss: 0.0000, lr: 0.00000959, epoch_time: 38.0min
Epoch:[1/1](7740/56608), loss: 1.9487, logits_loss: 1.9487, aux_loss: 0.0000, lr: 0.00000959, epoch_time: 38.0min
Epoch:[1/1](7760/56608), loss: 1.7450, logits_loss: 1.7450, aux_loss: 0.0000, lr: 0.00000959, epoch_time: 38.0min
Epoch:[1/1](7780/56608), loss: 1.9347, logits_loss: 1.9347, aux_loss: 0.0000, lr: 0.00000959, epoch_time: 38.0min
Epoch:[1/1](7800/56608), loss: 1.8797, logits_loss: 1.8797, aux_loss: 0.0000, lr: 0.00000958, epoch_time: 38.0min
Epoch:[1/1](7820/56608), loss: 1.7411, logits_loss: 1.7411, aux_loss: 0.0000, lr: 0.00000958, epoch_time: 38.0min
Epoch:[1/1](7840/56608), loss: 1.8368, logits_loss: 1.8368, aux_loss: 0.0000, lr: 0.00000958, epoch_time: 38.0min
Epoch:[1/1](7860/56608), loss: 1.9753, logits_loss: 1.9753, aux_loss: 0.0000, lr: 0.00000958, epoch_time: 38.0min
Epoch:[1/1](7880/56608), loss: 1.9962, logits_loss: 1.9962, aux_loss: 0.0000, lr: 0.00000958, epoch_time: 38.0min
Epoch:[1/1](7900/56608), loss: 1.8378, logits_loss: 1.8378, aux_loss: 0.0000, lr: 0.00000957, epoch_time: 38.0min
Epoch:[1/1](7920/56608), loss: 1.9878, logits_loss: 1.9878, aux_loss: 0.0000, lr: 0.00000957, epoch_time: 38.0min
Epoch:[1/1](7940/56608), loss: 1.7641, logits_loss: 1.7641, aux_loss: 0.0000, lr: 0.00000957, epoch_time: 38.0min
Epoch:[1/1](7960/56608), loss: 1.8099, logits_loss: 1.8099, aux_loss: 0.0000, lr: 0.00000957, epoch_time: 38.0min
Epoch:[1/1](7980/56608), loss: 1.7921, logits_loss: 1.7921, aux_loss: 0.0000, lr: 0.00000957, epoch_time: 38.0min
Epoch:[1/1](8000/56608), loss: 1.7965, logits_loss: 1.7965, aux_loss: 0.0000, lr: 0.00000956, epoch_time: 38.0min
Epoch:[1/1](8020/56608), loss: 1.8704, logits_loss: 1.8704, aux_loss: 0.0000, lr: 0.00000956, epoch_time: 38.0min
Epoch:[1/1](8040/56608), loss: 1.7252, logits_loss: 1.7252, aux_loss: 0.0000, lr: 0.00000956, epoch_time: 38.0min
Epoch:[1/1](8060/56608), loss: 1.7774, logits_loss: 1.7774, aux_loss: 0.0000, lr: 0.00000956, epoch_time: 38.0min
Epoch:[1/1](8080/56608), loss: 1.7090, logits_loss: 1.7090, aux_loss: 0.0000, lr: 0.00000956, epoch_time: 38.0min
Epoch:[1/1](8100/56608), loss: 1.6668, logits_loss: 1.6668, aux_loss: 0.0000, lr: 0.00000955, epoch_time: 38.0min
Epoch:[1/1](8120/56608), loss: 1.8198, logits_loss: 1.8198, aux_loss: 0.0000, lr: 0.00000955, epoch_time: 38.0min
Epoch:[1/1](8140/56608), loss: 1.7486, logits_loss: 1.7486, aux_loss: 0.0000, lr: 0.00000955, epoch_time: 38.0min
Epoch:[1/1](8160/56608), loss: 1.7941, logits_loss: 1.7941, aux_loss: 0.0000, lr: 0.00000955, epoch_time: 38.0min
Epoch:[1/1](8180/56608), loss: 1.8280, logits_loss: 1.8280, aux_loss: 0.0000, lr: 0.00000954, epoch_time: 38.0min
Epoch:[1/1](8200/56608), loss: 1.7210, logits_loss: 1.7210, aux_loss: 0.0000, lr: 0.00000954, epoch_time: 38.0min
Epoch:[1/1](8220/56608), loss: 1.7696, logits_loss: 1.7696, aux_loss: 0.0000, lr: 0.00000954, epoch_time: 38.0min
Epoch:[1/1](8240/56608), loss: 1.9267, logits_loss: 1.9267, aux_loss: 0.0000, lr: 0.00000954, epoch_time: 38.0min
Epoch:[1/1](8260/56608), loss: 1.8286, logits_loss: 1.8286, aux_loss: 0.0000, lr: 0.00000954, epoch_time: 38.0min
Epoch:[1/1](8280/56608), loss: 1.9071, logits_loss: 1.9071, aux_loss: 0.0000, lr: 0.00000953, epoch_time: 38.0min
Epoch:[1/1](8300/56608), loss: 1.5077, logits_loss: 1.5077, aux_loss: 0.0000, lr: 0.00000953, epoch_time: 38.0min
Epoch:[1/1](8320/56608), loss: 1.9057, logits_loss: 1.9057, aux_loss: 0.0000, lr: 0.00000953, epoch_time: 38.0min
Epoch:[1/1](8340/56608), loss: 2.0363, logits_loss: 2.0363, aux_loss: 0.0000, lr: 0.00000953, epoch_time: 38.0min
Epoch:[1/1](8360/56608), loss: 1.7993, logits_loss: 1.7993, aux_loss: 0.0000, lr: 0.00000952, epoch_time: 38.0min
Epoch:[1/1](8380/56608), loss: 1.7220, logits_loss: 1.7220, aux_loss: 0.0000, lr: 0.00000952, epoch_time: 38.0min
Epoch:[1/1](8400/56608), loss: 1.8648, logits_loss: 1.8648, aux_loss: 0.0000, lr: 0.00000952, epoch_time: 38.0min
Epoch:[1/1](8420/56608), loss: 1.8901, logits_loss: 1.8901, aux_loss: 0.0000, lr: 0.00000952, epoch_time: 38.0min
Epoch:[1/1](8440/56608), loss: 1.8673, logits_loss: 1.8673, aux_loss: 0.0000, lr: 0.00000952, epoch_time: 38.0min
Epoch:[1/1](8460/56608), loss: 1.9024, logits_loss: 1.9024, aux_loss: 0.0000, lr: 0.00000951, epoch_time: 38.0min
Epoch:[1/1](8480/56608), loss: 1.6645, logits_loss: 1.6645, aux_loss: 0.0000, lr: 0.00000951, epoch_time: 38.0min
Epoch:[1/1](8500/56608), loss: 1.9016, logits_loss: 1.9016, aux_loss: 0.0000, lr: 0.00000951, epoch_time: 37.0min
Epoch:[1/1](8520/56608), loss: 1.8119, logits_loss: 1.8119, aux_loss: 0.0000, lr: 0.00000951, epoch_time: 37.0min
Epoch:[1/1](8540/56608), loss: 1.6808, logits_loss: 1.6808, aux_loss: 0.0000, lr: 0.00000950, epoch_time: 37.0min
Epoch:[1/1](8560/56608), loss: 1.8749, logits_loss: 1.8749, aux_loss: 0.0000, lr: 0.00000950, epoch_time: 37.0min
Epoch:[1/1](8580/56608), loss: 1.7643, logits_loss: 1.7643, aux_loss: 0.0000, lr: 0.00000950, epoch_time: 37.0min
Epoch:[1/1](8600/56608), loss: 1.9369, logits_loss: 1.9369, aux_loss: 0.0000, lr: 0.00000950, epoch_time: 37.0min
Epoch:[1/1](8620/56608), loss: 1.7589, logits_loss: 1.7589, aux_loss: 0.0000, lr: 0.00000949, epoch_time: 37.0min
Epoch:[1/1](8640/56608), loss: 1.7890, logits_loss: 1.7890, aux_loss: 0.0000, lr: 0.00000949, epoch_time: 37.0min
Epoch:[1/1](8660/56608), loss: 1.6835, logits_loss: 1.6835, aux_loss: 0.0000, lr: 0.00000949, epoch_time: 37.0min
Epoch:[1/1](8680/56608), loss: 1.8092, logits_loss: 1.8092, aux_loss: 0.0000, lr: 0.00000949, epoch_time: 37.0min
Epoch:[1/1](8700/56608), loss: 1.8036, logits_loss: 1.8036, aux_loss: 0.0000, lr: 0.00000949, epoch_time: 37.0min
Epoch:[1/1](8720/56608), loss: 1.8601, logits_loss: 1.8601, aux_loss: 0.0000, lr: 0.00000948, epoch_time: 37.0min
Epoch:[1/1](8740/56608), loss: 1.9423, logits_loss: 1.9423, aux_loss: 0.0000, lr: 0.00000948, epoch_time: 37.0min
Epoch:[1/1](8760/56608), loss: 1.8657, logits_loss: 1.8657, aux_loss: 0.0000, lr: 0.00000948, epoch_time: 37.0min
Epoch:[1/1](8780/56608), loss: 1.8124, logits_loss: 1.8124, aux_loss: 0.0000, lr: 0.00000948, epoch_time: 37.0min
Epoch:[1/1](8800/56608), loss: 1.8607, logits_loss: 1.8607, aux_loss: 0.0000, lr: 0.00000947, epoch_time: 37.0min
Epoch:[1/1](8820/56608), loss: 1.8923, logits_loss: 1.8923, aux_loss: 0.0000, lr: 0.00000947, epoch_time: 37.0min
Epoch:[1/1](8840/56608), loss: 1.9394, logits_loss: 1.9394, aux_loss: 0.0000, lr: 0.00000947, epoch_time: 37.0min
Epoch:[1/1](8860/56608), loss: 1.8689, logits_loss: 1.8689, aux_loss: 0.0000, lr: 0.00000947, epoch_time: 37.0min
Epoch:[1/1](8880/56608), loss: 1.8617, logits_loss: 1.8617, aux_loss: 0.0000, lr: 0.00000946, epoch_time: 37.0min
Epoch:[1/1](8900/56608), loss: 1.7796, logits_loss: 1.7796, aux_loss: 0.0000, lr: 0.00000946, epoch_time: 37.0min
Epoch:[1/1](8920/56608), loss: 1.7408, logits_loss: 1.7408, aux_loss: 0.0000, lr: 0.00000946, epoch_time: 37.0min
Epoch:[1/1](8940/56608), loss: 1.8866, logits_loss: 1.8866, aux_loss: 0.0000, lr: 0.00000946, epoch_time: 37.0min
Epoch:[1/1](8960/56608), loss: 1.9469, logits_loss: 1.9469, aux_loss: 0.0000, lr: 0.00000946, epoch_time: 37.0min
Epoch:[1/1](8980/56608), loss: 1.6866, logits_loss: 1.6866, aux_loss: 0.0000, lr: 0.00000945, epoch_time: 37.0min
Epoch:[1/1](9000/56608), loss: 1.8670, logits_loss: 1.8670, aux_loss: 0.0000, lr: 0.00000945, epoch_time: 37.0min
Epoch:[1/1](9020/56608), loss: 1.7066, logits_loss: 1.7066, aux_loss: 0.0000, lr: 0.00000945, epoch_time: 37.0min
Epoch:[1/1](9040/56608), loss: 1.9620, logits_loss: 1.9620, aux_loss: 0.0000, lr: 0.00000945, epoch_time: 37.0min
Epoch:[1/1](9060/56608), loss: 1.8113, logits_loss: 1.8113, aux_loss: 0.0000, lr: 0.00000944, epoch_time: 37.0min
Epoch:[1/1](9080/56608), loss: 1.8262, logits_loss: 1.8262, aux_loss: 0.0000, lr: 0.00000944, epoch_time: 37.0min
Epoch:[1/1](9100/56608), loss: 1.9177, logits_loss: 1.9177, aux_loss: 0.0000, lr: 0.00000944, epoch_time: 37.0min
Epoch:[1/1](9120/56608), loss: 1.8693, logits_loss: 1.8693, aux_loss: 0.0000, lr: 0.00000944, epoch_time: 37.0min
Epoch:[1/1](9140/56608), loss: 1.7815, logits_loss: 1.7815, aux_loss: 0.0000, lr: 0.00000943, epoch_time: 37.0min
Epoch:[1/1](9160/56608), loss: 1.7961, logits_loss: 1.7961, aux_loss: 0.0000, lr: 0.00000943, epoch_time: 37.0min
Epoch:[1/1](9180/56608), loss: 1.7779, logits_loss: 1.7779, aux_loss: 0.0000, lr: 0.00000943, epoch_time: 37.0min
Epoch:[1/1](9200/56608), loss: 1.7666, logits_loss: 1.7666, aux_loss: 0.0000, lr: 0.00000943, epoch_time: 37.0min
Epoch:[1/1](9220/56608), loss: 1.9982, logits_loss: 1.9982, aux_loss: 0.0000, lr: 0.00000942, epoch_time: 37.0min
Epoch:[1/1](9240/56608), loss: 1.7446, logits_loss: 1.7446, aux_loss: 0.0000, lr: 0.00000942, epoch_time: 37.0min
Epoch:[1/1](9260/56608), loss: 1.9348, logits_loss: 1.9348, aux_loss: 0.0000, lr: 0.00000942, epoch_time: 37.0min
Epoch:[1/1](9280/56608), loss: 1.8827, logits_loss: 1.8827, aux_loss: 0.0000, lr: 0.00000942, epoch_time: 37.0min
Epoch:[1/1](9300/56608), loss: 1.8663, logits_loss: 1.8663, aux_loss: 0.0000, lr: 0.00000941, epoch_time: 37.0min
Epoch:[1/1](9320/56608), loss: 1.7976, logits_loss: 1.7976, aux_loss: 0.0000, lr: 0.00000941, epoch_time: 37.0min
Epoch:[1/1](9340/56608), loss: 1.8880, logits_loss: 1.8880, aux_loss: 0.0000, lr: 0.00000941, epoch_time: 37.0min
Epoch:[1/1](9360/56608), loss: 1.6519, logits_loss: 1.6519, aux_loss: 0.0000, lr: 0.00000941, epoch_time: 37.0min
Epoch:[1/1](9380/56608), loss: 1.5100, logits_loss: 1.5100, aux_loss: 0.0000, lr: 0.00000940, epoch_time: 37.0min
Epoch:[1/1](9400/56608), loss: 1.9402, logits_loss: 1.9402, aux_loss: 0.0000, lr: 0.00000940, epoch_time: 37.0min
Epoch:[1/1](9420/56608), loss: 1.8137, logits_loss: 1.8137, aux_loss: 0.0000, lr: 0.00000940, epoch_time: 37.0min
Epoch:[1/1](9440/56608), loss: 1.8537, logits_loss: 1.8537, aux_loss: 0.0000, lr: 0.00000940, epoch_time: 37.0min
Epoch:[1/1](9460/56608), loss: 1.7329, logits_loss: 1.7329, aux_loss: 0.0000, lr: 0.00000939, epoch_time: 37.0min
Epoch:[1/1](9480/56608), loss: 1.9770, logits_loss: 1.9770, aux_loss: 0.0000, lr: 0.00000939, epoch_time: 37.0min
Epoch:[1/1](9500/56608), loss: 1.9454, logits_loss: 1.9454, aux_loss: 0.0000, lr: 0.00000939, epoch_time: 37.0min
Epoch:[1/1](9520/56608), loss: 1.8658, logits_loss: 1.8658, aux_loss: 0.0000, lr: 0.00000939, epoch_time: 37.0min
Epoch:[1/1](9540/56608), loss: 1.7823, logits_loss: 1.7823, aux_loss: 0.0000, lr: 0.00000938, epoch_time: 37.0min
Epoch:[1/1](9560/56608), loss: 1.6862, logits_loss: 1.6862, aux_loss: 0.0000, lr: 0.00000938, epoch_time: 37.0min
Epoch:[1/1](9580/56608), loss: 1.7161, logits_loss: 1.7161, aux_loss: 0.0000, lr: 0.00000938, epoch_time: 37.0min
Epoch:[1/1](9600/56608), loss: 1.9246, logits_loss: 1.9246, aux_loss: 0.0000, lr: 0.00000938, epoch_time: 37.0min
Epoch:[1/1](9620/56608), loss: 2.0012, logits_loss: 2.0012, aux_loss: 0.0000, lr: 0.00000937, epoch_time: 37.0min
Epoch:[1/1](9640/56608), loss: 1.7958, logits_loss: 1.7958, aux_loss: 0.0000, lr: 0.00000937, epoch_time: 37.0min
Epoch:[1/1](9660/56608), loss: 1.7206, logits_loss: 1.7206, aux_loss: 0.0000, lr: 0.00000937, epoch_time: 37.0min
Epoch:[1/1](9680/56608), loss: 2.0137, logits_loss: 2.0137, aux_loss: 0.0000, lr: 0.00000937, epoch_time: 37.0min
Epoch:[1/1](9700/56608), loss: 1.7441, logits_loss: 1.7441, aux_loss: 0.0000, lr: 0.00000936, epoch_time: 36.0min
Epoch:[1/1](9720/56608), loss: 1.8706, logits_loss: 1.8706, aux_loss: 0.0000, lr: 0.00000936, epoch_time: 36.0min
Epoch:[1/1](9740/56608), loss: 1.8035, logits_loss: 1.8035, aux_loss: 0.0000, lr: 0.00000936, epoch_time: 36.0min
Epoch:[1/1](9760/56608), loss: 1.7965, logits_loss: 1.7965, aux_loss: 0.0000, lr: 0.00000936, epoch_time: 36.0min
Epoch:[1/1](9780/56608), loss: 1.6380, logits_loss: 1.6380, aux_loss: 0.0000, lr: 0.00000935, epoch_time: 36.0min
Epoch:[1/1](9800/56608), loss: 1.8435, logits_loss: 1.8435, aux_loss: 0.0000, lr: 0.00000935, epoch_time: 36.0min
Epoch:[1/1](9820/56608), loss: 1.6496, logits_loss: 1.6496, aux_loss: 0.0000, lr: 0.00000935, epoch_time: 36.0min
Epoch:[1/1](9840/56608), loss: 1.9338, logits_loss: 1.9338, aux_loss: 0.0000, lr: 0.00000935, epoch_time: 36.0min
Epoch:[1/1](9860/56608), loss: 2.1813, logits_loss: 2.1813, aux_loss: 0.0000, lr: 0.00000934, epoch_time: 36.0min
Epoch:[1/1](9880/56608), loss: 1.9550, logits_loss: 1.9550, aux_loss: 0.0000, lr: 0.00000934, epoch_time: 36.0min
Epoch:[1/1](9900/56608), loss: 1.7892, logits_loss: 1.7892, aux_loss: 0.0000, lr: 0.00000934, epoch_time: 36.0min
Epoch:[1/1](9920/56608), loss: 1.9320, logits_loss: 1.9320, aux_loss: 0.0000, lr: 0.00000934, epoch_time: 36.0min
Epoch:[1/1](9940/56608), loss: 1.6597, logits_loss: 1.6597, aux_loss: 0.0000, lr: 0.00000933, epoch_time: 36.0min
Epoch:[1/1](9960/56608), loss: 1.8798, logits_loss: 1.8798, aux_loss: 0.0000, lr: 0.00000933, epoch_time: 36.0min
Epoch:[1/1](9980/56608), loss: 1.6913, logits_loss: 1.6913, aux_loss: 0.0000, lr: 0.00000933, epoch_time: 36.0min
Epoch:[1/1](10000/56608), loss: 1.8791, logits_loss: 1.8791, aux_loss: 0.0000, lr: 0.00000932, epoch_time: 36.0min
Epoch:[1/1](10020/56608), loss: 1.9613, logits_loss: 1.9613, aux_loss: 0.0000, lr: 0.00000932, epoch_time: 36.0min
Epoch:[1/1](10040/56608), loss: 1.6444, logits_loss: 1.6444, aux_loss: 0.0000, lr: 0.00000932, epoch_time: 36.0min
Epoch:[1/1](10060/56608), loss: 1.8855, logits_loss: 1.8855, aux_loss: 0.0000, lr: 0.00000932, epoch_time: 36.0min
Epoch:[1/1](10080/56608), loss: 1.6126, logits_loss: 1.6126, aux_loss: 0.0000, lr: 0.00000931, epoch_time: 36.0min
Epoch:[1/1](10100/56608), loss: 1.8094, logits_loss: 1.8094, aux_loss: 0.0000, lr: 0.00000931, epoch_time: 36.0min
Epoch:[1/1](10120/56608), loss: 1.9267, logits_loss: 1.9267, aux_loss: 0.0000, lr: 0.00000931, epoch_time: 36.0min
Epoch:[1/1](10140/56608), loss: 2.0138, logits_loss: 2.0138, aux_loss: 0.0000, lr: 0.00000931, epoch_time: 36.0min
Epoch:[1/1](10160/56608), loss: 1.6833, logits_loss: 1.6833, aux_loss: 0.0000, lr: 0.00000930, epoch_time: 36.0min
Epoch:[1/1](10180/56608), loss: 1.8086, logits_loss: 1.8086, aux_loss: 0.0000, lr: 0.00000930, epoch_time: 36.0min
Epoch:[1/1](10200/56608), loss: 1.8352, logits_loss: 1.8352, aux_loss: 0.0000, lr: 0.00000930, epoch_time: 36.0min
Epoch:[1/1](10220/56608), loss: 1.8395, logits_loss: 1.8395, aux_loss: 0.0000, lr: 0.00000930, epoch_time: 36.0min
Epoch:[1/1](10240/56608), loss: 1.7421, logits_loss: 1.7421, aux_loss: 0.0000, lr: 0.00000929, epoch_time: 36.0min
Epoch:[1/1](10260/56608), loss: 1.9012, logits_loss: 1.9012, aux_loss: 0.0000, lr: 0.00000929, epoch_time: 36.0min
Epoch:[1/1](10280/56608), loss: 1.8339, logits_loss: 1.8339, aux_loss: 0.0000, lr: 0.00000929, epoch_time: 36.0min
Epoch:[1/1](10300/56608), loss: 1.7263, logits_loss: 1.7263, aux_loss: 0.0000, lr: 0.00000928, epoch_time: 36.0min
Epoch:[1/1](10320/56608), loss: 1.8525, logits_loss: 1.8525, aux_loss: 0.0000, lr: 0.00000928, epoch_time: 36.0min
Epoch:[1/1](10340/56608), loss: 1.5799, logits_loss: 1.5799, aux_loss: 0.0000, lr: 0.00000928, epoch_time: 36.0min
Epoch:[1/1](10360/56608), loss: 1.8987, logits_loss: 1.8987, aux_loss: 0.0000, lr: 0.00000928, epoch_time: 36.0min
Epoch:[1/1](10380/56608), loss: 1.6901, logits_loss: 1.6901, aux_loss: 0.0000, lr: 0.00000927, epoch_time: 36.0min
Epoch:[1/1](10400/56608), loss: 1.9672, logits_loss: 1.9672, aux_loss: 0.0000, lr: 0.00000927, epoch_time: 36.0min
Epoch:[1/1](10420/56608), loss: 1.8691, logits_loss: 1.8691, aux_loss: 0.0000, lr: 0.00000927, epoch_time: 36.0min
Epoch:[1/1](10440/56608), loss: 2.1178, logits_loss: 2.1178, aux_loss: 0.0000, lr: 0.00000927, epoch_time: 36.0min
Epoch:[1/1](10460/56608), loss: 1.6311, logits_loss: 1.6311, aux_loss: 0.0000, lr: 0.00000926, epoch_time: 36.0min
Epoch:[1/1](10480/56608), loss: 1.8361, logits_loss: 1.8361, aux_loss: 0.0000, lr: 0.00000926, epoch_time: 36.0min
Epoch:[1/1](10500/56608), loss: 1.9654, logits_loss: 1.9654, aux_loss: 0.0000, lr: 0.00000926, epoch_time: 36.0min
Epoch:[1/1](10520/56608), loss: 1.7959, logits_loss: 1.7959, aux_loss: 0.0000, lr: 0.00000925, epoch_time: 36.0min
Epoch:[1/1](10540/56608), loss: 1.7076, logits_loss: 1.7076, aux_loss: 0.0000, lr: 0.00000925, epoch_time: 36.0min
Epoch:[1/1](10560/56608), loss: 1.8130, logits_loss: 1.8130, aux_loss: 0.0000, lr: 0.00000925, epoch_time: 36.0min
Epoch:[1/1](10580/56608), loss: 1.6925, logits_loss: 1.6925, aux_loss: 0.0000, lr: 0.00000925, epoch_time: 36.0min
Epoch:[1/1](10600/56608), loss: 1.8319, logits_loss: 1.8319, aux_loss: 0.0000, lr: 0.00000924, epoch_time: 36.0min
Epoch:[1/1](10620/56608), loss: 1.7396, logits_loss: 1.7396, aux_loss: 0.0000, lr: 0.00000924, epoch_time: 36.0min
Epoch:[1/1](10640/56608), loss: 1.7740, logits_loss: 1.7740, aux_loss: 0.0000, lr: 0.00000924, epoch_time: 36.0min
Epoch:[1/1](10660/56608), loss: 1.7357, logits_loss: 1.7357, aux_loss: 0.0000, lr: 0.00000924, epoch_time: 36.0min
Epoch:[1/1](10680/56608), loss: 1.8634, logits_loss: 1.8634, aux_loss: 0.0000, lr: 0.00000923, epoch_time: 36.0min
Epoch:[1/1](10700/56608), loss: 1.7644, logits_loss: 1.7644, aux_loss: 0.0000, lr: 0.00000923, epoch_time: 36.0min
Epoch:[1/1](10720/56608), loss: 1.7570, logits_loss: 1.7570, aux_loss: 0.0000, lr: 0.00000923, epoch_time: 36.0min
Epoch:[1/1](10740/56608), loss: 1.8849, logits_loss: 1.8849, aux_loss: 0.0000, lr: 0.00000922, epoch_time: 36.0min
Epoch:[1/1](10760/56608), loss: 1.9534, logits_loss: 1.9534, aux_loss: 0.0000, lr: 0.00000922, epoch_time: 36.0min
Epoch:[1/1](10780/56608), loss: 1.7322, logits_loss: 1.7322, aux_loss: 0.0000, lr: 0.00000922, epoch_time: 36.0min
Epoch:[1/1](10800/56608), loss: 1.7645, logits_loss: 1.7645, aux_loss: 0.0000, lr: 0.00000922, epoch_time: 36.0min
Epoch:[1/1](10820/56608), loss: 1.6936, logits_loss: 1.6936, aux_loss: 0.0000, lr: 0.00000921, epoch_time: 36.0min
Epoch:[1/1](10840/56608), loss: 1.7296, logits_loss: 1.7296, aux_loss: 0.0000, lr: 0.00000921, epoch_time: 36.0min
Epoch:[1/1](10860/56608), loss: 1.7750, logits_loss: 1.7750, aux_loss: 0.0000, lr: 0.00000921, epoch_time: 36.0min
Epoch:[1/1](10880/56608), loss: 1.7419, logits_loss: 1.7419, aux_loss: 0.0000, lr: 0.00000920, epoch_time: 36.0min
Epoch:[1/1](10900/56608), loss: 1.9099, logits_loss: 1.9099, aux_loss: 0.0000, lr: 0.00000920, epoch_time: 35.0min
Epoch:[1/1](10920/56608), loss: 1.8059, logits_loss: 1.8059, aux_loss: 0.0000, lr: 0.00000920, epoch_time: 35.0min
Epoch:[1/1](10940/56608), loss: 1.7735, logits_loss: 1.7735, aux_loss: 0.0000, lr: 0.00000920, epoch_time: 35.0min
Epoch:[1/1](10960/56608), loss: 1.7178, logits_loss: 1.7178, aux_loss: 0.0000, lr: 0.00000919, epoch_time: 35.0min
Epoch:[1/1](10980/56608), loss: 1.6043, logits_loss: 1.6043, aux_loss: 0.0000, lr: 0.00000919, epoch_time: 35.0min
Epoch:[1/1](11000/56608), loss: 1.7956, logits_loss: 1.7956, aux_loss: 0.0000, lr: 0.00000919, epoch_time: 35.0min
Epoch:[1/1](11020/56608), loss: 1.9075, logits_loss: 1.9075, aux_loss: 0.0000, lr: 0.00000918, epoch_time: 36.0min
Epoch:[1/1](11040/56608), loss: 1.8601, logits_loss: 1.8601, aux_loss: 0.0000, lr: 0.00000918, epoch_time: 36.0min
Epoch:[1/1](11060/56608), loss: 1.8885, logits_loss: 1.8885, aux_loss: 0.0000, lr: 0.00000918, epoch_time: 36.0min
Epoch:[1/1](11080/56608), loss: 1.8359, logits_loss: 1.8359, aux_loss: 0.0000, lr: 0.00000918, epoch_time: 36.0min
Epoch:[1/1](11100/56608), loss: 1.8448, logits_loss: 1.8448, aux_loss: 0.0000, lr: 0.00000917, epoch_time: 36.0min
Epoch:[1/1](11120/56608), loss: 1.8190, logits_loss: 1.8190, aux_loss: 0.0000, lr: 0.00000917, epoch_time: 36.0min
Epoch:[1/1](11140/56608), loss: 1.8216, logits_loss: 1.8216, aux_loss: 0.0000, lr: 0.00000917, epoch_time: 35.0min
Epoch:[1/1](11160/56608), loss: 1.9046, logits_loss: 1.9046, aux_loss: 0.0000, lr: 0.00000916, epoch_time: 35.0min
Epoch:[1/1](11180/56608), loss: 1.7664, logits_loss: 1.7664, aux_loss: 0.0000, lr: 0.00000916, epoch_time: 35.0min
Epoch:[1/1](11200/56608), loss: 1.7371, logits_loss: 1.7371, aux_loss: 0.0000, lr: 0.00000916, epoch_time: 35.0min
Epoch:[1/1](11220/56608), loss: 1.7665, logits_loss: 1.7665, aux_loss: 0.0000, lr: 0.00000916, epoch_time: 35.0min
Epoch:[1/1](11240/56608), loss: 1.9287, logits_loss: 1.9287, aux_loss: 0.0000, lr: 0.00000915, epoch_time: 35.0min
Epoch:[1/1](11260/56608), loss: 1.8269, logits_loss: 1.8269, aux_loss: 0.0000, lr: 0.00000915, epoch_time: 35.0min
Epoch:[1/1](11280/56608), loss: 1.8149, logits_loss: 1.8149, aux_loss: 0.0000, lr: 0.00000915, epoch_time: 35.0min
Epoch:[1/1](11300/56608), loss: 1.7795, logits_loss: 1.7795, aux_loss: 0.0000, lr: 0.00000914, epoch_time: 35.0min
Epoch:[1/1](11320/56608), loss: 1.7909, logits_loss: 1.7909, aux_loss: 0.0000, lr: 0.00000914, epoch_time: 35.0min
Epoch:[1/1](11340/56608), loss: 1.7782, logits_loss: 1.7782, aux_loss: 0.0000, lr: 0.00000914, epoch_time: 35.0min
Epoch:[1/1](11360/56608), loss: 1.8989, logits_loss: 1.8989, aux_loss: 0.0000, lr: 0.00000913, epoch_time: 35.0min
Epoch:[1/1](11380/56608), loss: 1.9715, logits_loss: 1.9715, aux_loss: 0.0000, lr: 0.00000913, epoch_time: 35.0min
Epoch:[1/1](11400/56608), loss: 1.8183, logits_loss: 1.8183, aux_loss: 0.0000, lr: 0.00000913, epoch_time: 35.0min
Epoch:[1/1](11420/56608), loss: 1.8956, logits_loss: 1.8956, aux_loss: 0.0000, lr: 0.00000913, epoch_time: 35.0min
Epoch:[1/1](11440/56608), loss: 1.7907, logits_loss: 1.7907, aux_loss: 0.0000, lr: 0.00000912, epoch_time: 35.0min
Epoch:[1/1](11460/56608), loss: 1.8706, logits_loss: 1.8706, aux_loss: 0.0000, lr: 0.00000912, epoch_time: 35.0min
Epoch:[1/1](11480/56608), loss: 1.7679, logits_loss: 1.7679, aux_loss: 0.0000, lr: 0.00000912, epoch_time: 35.0min
Epoch:[1/1](11500/56608), loss: 1.9703, logits_loss: 1.9703, aux_loss: 0.0000, lr: 0.00000911, epoch_time: 35.0min
Epoch:[1/1](11520/56608), loss: 1.8284, logits_loss: 1.8284, aux_loss: 0.0000, lr: 0.00000911, epoch_time: 35.0min
Epoch:[1/1](11540/56608), loss: 1.7706, logits_loss: 1.7706, aux_loss: 0.0000, lr: 0.00000911, epoch_time: 35.0min
Epoch:[1/1](11560/56608), loss: 1.9800, logits_loss: 1.9800, aux_loss: 0.0000, lr: 0.00000911, epoch_time: 35.0min
Epoch:[1/1](11580/56608), loss: 1.7349, logits_loss: 1.7349, aux_loss: 0.0000, lr: 0.00000910, epoch_time: 35.0min
Epoch:[1/1](11600/56608), loss: 1.4980, logits_loss: 1.4980, aux_loss: 0.0000, lr: 0.00000910, epoch_time: 35.0min
Epoch:[1/1](11620/56608), loss: 1.8877, logits_loss: 1.8877, aux_loss: 0.0000, lr: 0.00000910, epoch_time: 35.0min
Epoch:[1/1](11640/56608), loss: 1.8807, logits_loss: 1.8807, aux_loss: 0.0000, lr: 0.00000909, epoch_time: 35.0min
Epoch:[1/1](11660/56608), loss: 1.8074, logits_loss: 1.8074, aux_loss: 0.0000, lr: 0.00000909, epoch_time: 35.0min
Epoch:[1/1](11680/56608), loss: 1.8330, logits_loss: 1.8330, aux_loss: 0.0000, lr: 0.00000909, epoch_time: 35.0min
Epoch:[1/1](11700/56608), loss: 1.8939, logits_loss: 1.8939, aux_loss: 0.0000, lr: 0.00000908, epoch_time: 35.0min
Epoch:[1/1](11720/56608), loss: 1.7115, logits_loss: 1.7115, aux_loss: 0.0000, lr: 0.00000908, epoch_time: 35.0min
Epoch:[1/1](11740/56608), loss: 1.8235, logits_loss: 1.8235, aux_loss: 0.0000, lr: 0.00000908, epoch_time: 35.0min
Epoch:[1/1](11760/56608), loss: 1.9814, logits_loss: 1.9814, aux_loss: 0.0000, lr: 0.00000908, epoch_time: 35.0min
Epoch:[1/1](11780/56608), loss: 1.9236, logits_loss: 1.9236, aux_loss: 0.0000, lr: 0.00000907, epoch_time: 35.0min
Epoch:[1/1](11800/56608), loss: 1.7815, logits_loss: 1.7815, aux_loss: 0.0000, lr: 0.00000907, epoch_time: 35.0min
Epoch:[1/1](11820/56608), loss: 1.8768, logits_loss: 1.8768, aux_loss: 0.0000, lr: 0.00000907, epoch_time: 35.0min
Epoch:[1/1](11840/56608), loss: 1.6372, logits_loss: 1.6372, aux_loss: 0.0000, lr: 0.00000906, epoch_time: 35.0min
Epoch:[1/1](11860/56608), loss: 1.8491, logits_loss: 1.8491, aux_loss: 0.0000, lr: 0.00000906, epoch_time: 35.0min
Epoch:[1/1](11880/56608), loss: 1.9774, logits_loss: 1.9774, aux_loss: 0.0000, lr: 0.00000906, epoch_time: 35.0min
Epoch:[1/1](11900/56608), loss: 1.9625, logits_loss: 1.9625, aux_loss: 0.0000, lr: 0.00000905, epoch_time: 35.0min
Epoch:[1/1](11920/56608), loss: 1.7095, logits_loss: 1.7095, aux_loss: 0.0000, lr: 0.00000905, epoch_time: 35.0min
Epoch:[1/1](11940/56608), loss: 1.7628, logits_loss: 1.7628, aux_loss: 0.0000, lr: 0.00000905, epoch_time: 35.0min
Epoch:[1/1](11960/56608), loss: 1.8906, logits_loss: 1.8906, aux_loss: 0.0000, lr: 0.00000904, epoch_time: 35.0min
Epoch:[1/1](11980/56608), loss: 1.7680, logits_loss: 1.7680, aux_loss: 0.0000, lr: 0.00000904, epoch_time: 35.0min
Epoch:[1/1](12000/56608), loss: 1.6819, logits_loss: 1.6819, aux_loss: 0.0000, lr: 0.00000904, epoch_time: 35.0min
Epoch:[1/1](12020/56608), loss: 1.9575, logits_loss: 1.9575, aux_loss: 0.0000, lr: 0.00000904, epoch_time: 35.0min
Epoch:[1/1](12040/56608), loss: 1.9878, logits_loss: 1.9878, aux_loss: 0.0000, lr: 0.00000903, epoch_time: 35.0min
Epoch:[1/1](12060/56608), loss: 1.7286, logits_loss: 1.7286, aux_loss: 0.0000, lr: 0.00000903, epoch_time: 35.0min
Epoch:[1/1](12080/56608), loss: 1.6623, logits_loss: 1.6623, aux_loss: 0.0000, lr: 0.00000903, epoch_time: 35.0min
Epoch:[1/1](12100/56608), loss: 1.9988, logits_loss: 1.9988, aux_loss: 0.0000, lr: 0.00000902, epoch_time: 35.0min
Epoch:[1/1](12120/56608), loss: 1.8400, logits_loss: 1.8400, aux_loss: 0.0000, lr: 0.00000902, epoch_time: 35.0min
Epoch:[1/1](12140/56608), loss: 1.7729, logits_loss: 1.7729, aux_loss: 0.0000, lr: 0.00000902, epoch_time: 35.0min
Epoch:[1/1](12160/56608), loss: 1.8250, logits_loss: 1.8250, aux_loss: 0.0000, lr: 0.00000901, epoch_time: 35.0min
Epoch:[1/1](12180/56608), loss: 1.8480, logits_loss: 1.8480, aux_loss: 0.0000, lr: 0.00000901, epoch_time: 35.0min
Epoch:[1/1](12200/56608), loss: 1.7880, logits_loss: 1.7880, aux_loss: 0.0000, lr: 0.00000901, epoch_time: 35.0min
Epoch:[1/1](12220/56608), loss: 1.6053, logits_loss: 1.6053, aux_loss: 0.0000, lr: 0.00000900, epoch_time: 35.0min
Epoch:[1/1](12240/56608), loss: 1.5097, logits_loss: 1.5097, aux_loss: 0.0000, lr: 0.00000900, epoch_time: 35.0min
Epoch:[1/1](12260/56608), loss: 1.8440, logits_loss: 1.8440, aux_loss: 0.0000, lr: 0.00000900, epoch_time: 35.0min
Epoch:[1/1](12280/56608), loss: 1.7812, logits_loss: 1.7812, aux_loss: 0.0000, lr: 0.00000899, epoch_time: 35.0min
Epoch:[1/1](12300/56608), loss: 1.7633, logits_loss: 1.7633, aux_loss: 0.0000, lr: 0.00000899, epoch_time: 35.0min
Epoch:[1/1](12320/56608), loss: 1.7194, logits_loss: 1.7194, aux_loss: 0.0000, lr: 0.00000899, epoch_time: 34.0min
Epoch:[1/1](12340/56608), loss: 1.6717, logits_loss: 1.6717, aux_loss: 0.0000, lr: 0.00000899, epoch_time: 34.0min
Epoch:[1/1](12360/56608), loss: 1.8917, logits_loss: 1.8917, aux_loss: 0.0000, lr: 0.00000898, epoch_time: 34.0min
Epoch:[1/1](12380/56608), loss: 1.8506, logits_loss: 1.8506, aux_loss: 0.0000, lr: 0.00000898, epoch_time: 34.0min
Epoch:[1/1](12400/56608), loss: 1.7870, logits_loss: 1.7870, aux_loss: 0.0000, lr: 0.00000898, epoch_time: 34.0min
Epoch:[1/1](12420/56608), loss: 1.6739, logits_loss: 1.6739, aux_loss: 0.0000, lr: 0.00000897, epoch_time: 34.0min
Epoch:[1/1](12440/56608), loss: 1.8028, logits_loss: 1.8028, aux_loss: 0.0000, lr: 0.00000897, epoch_time: 34.0min
Epoch:[1/1](12460/56608), loss: 1.7717, logits_loss: 1.7717, aux_loss: 0.0000, lr: 0.00000897, epoch_time: 34.0min
Epoch:[1/1](12480/56608), loss: 1.9383, logits_loss: 1.9383, aux_loss: 0.0000, lr: 0.00000896, epoch_time: 34.0min
Epoch:[1/1](12500/56608), loss: 1.8017, logits_loss: 1.8017, aux_loss: 0.0000, lr: 0.00000896, epoch_time: 34.0min
Epoch:[1/1](12520/56608), loss: 1.9354, logits_loss: 1.9354, aux_loss: 0.0000, lr: 0.00000896, epoch_time: 34.0min
Epoch:[1/1](12540/56608), loss: 1.9607, logits_loss: 1.9607, aux_loss: 0.0000, lr: 0.00000895, epoch_time: 34.0min
Epoch:[1/1](12560/56608), loss: 1.8246, logits_loss: 1.8246, aux_loss: 0.0000, lr: 0.00000895, epoch_time: 34.0min
Epoch:[1/1](12580/56608), loss: 1.9885, logits_loss: 1.9885, aux_loss: 0.0000, lr: 0.00000895, epoch_time: 34.0min
Epoch:[1/1](12600/56608), loss: 1.9620, logits_loss: 1.9620, aux_loss: 0.0000, lr: 0.00000894, epoch_time: 34.0min
Epoch:[1/1](12620/56608), loss: 1.9175, logits_loss: 1.9175, aux_loss: 0.0000, lr: 0.00000894, epoch_time: 34.0min
Epoch:[1/1](12640/56608), loss: 1.7598, logits_loss: 1.7598, aux_loss: 0.0000, lr: 0.00000894, epoch_time: 34.0min
Epoch:[1/1](12660/56608), loss: 1.9277, logits_loss: 1.9277, aux_loss: 0.0000, lr: 0.00000893, epoch_time: 34.0min
Epoch:[1/1](12680/56608), loss: 1.9389, logits_loss: 1.9389, aux_loss: 0.0000, lr: 0.00000893, epoch_time: 34.0min
Epoch:[1/1](12700/56608), loss: 1.8545, logits_loss: 1.8545, aux_loss: 0.0000, lr: 0.00000893, epoch_time: 34.0min
Epoch:[1/1](12720/56608), loss: 1.8312, logits_loss: 1.8312, aux_loss: 0.0000, lr: 0.00000892, epoch_time: 34.0min
Epoch:[1/1](12740/56608), loss: 1.6629, logits_loss: 1.6629, aux_loss: 0.0000, lr: 0.00000892, epoch_time: 34.0min
Epoch:[1/1](12760/56608), loss: 1.8039, logits_loss: 1.8039, aux_loss: 0.0000, lr: 0.00000892, epoch_time: 34.0min
Epoch:[1/1](12780/56608), loss: 1.8853, logits_loss: 1.8853, aux_loss: 0.0000, lr: 0.00000891, epoch_time: 34.0min
Epoch:[1/1](12800/56608), loss: 1.7829, logits_loss: 1.7829, aux_loss: 0.0000, lr: 0.00000891, epoch_time: 34.0min
Epoch:[1/1](12820/56608), loss: 1.8090, logits_loss: 1.8090, aux_loss: 0.0000, lr: 0.00000891, epoch_time: 34.0min
Epoch:[1/1](12840/56608), loss: 1.7858, logits_loss: 1.7858, aux_loss: 0.0000, lr: 0.00000891, epoch_time: 34.0min
Epoch:[1/1](12860/56608), loss: 1.7653, logits_loss: 1.7653, aux_loss: 0.0000, lr: 0.00000890, epoch_time: 34.0min
Epoch:[1/1](12880/56608), loss: 1.8083, logits_loss: 1.8083, aux_loss: 0.0000, lr: 0.00000890, epoch_time: 34.0min
Epoch:[1/1](12900/56608), loss: 1.7744, logits_loss: 1.7744, aux_loss: 0.0000, lr: 0.00000890, epoch_time: 34.0min
Epoch:[1/1](12920/56608), loss: 1.6838, logits_loss: 1.6838, aux_loss: 0.0000, lr: 0.00000889, epoch_time: 34.0min
Epoch:[1/1](12940/56608), loss: 1.8209, logits_loss: 1.8209, aux_loss: 0.0000, lr: 0.00000889, epoch_time: 34.0min
Epoch:[1/1](12960/56608), loss: 1.8472, logits_loss: 1.8472, aux_loss: 0.0000, lr: 0.00000889, epoch_time: 34.0min
Epoch:[1/1](12980/56608), loss: 1.7370, logits_loss: 1.7370, aux_loss: 0.0000, lr: 0.00000888, epoch_time: 34.0min
Epoch:[1/1](13000/56608), loss: 1.8408, logits_loss: 1.8408, aux_loss: 0.0000, lr: 0.00000888, epoch_time: 34.0min
Epoch:[1/1](13020/56608), loss: 1.9570, logits_loss: 1.9570, aux_loss: 0.0000, lr: 0.00000888, epoch_time: 34.0min
Epoch:[1/1](13040/56608), loss: 1.8758, logits_loss: 1.8758, aux_loss: 0.0000, lr: 0.00000887, epoch_time: 34.0min
Epoch:[1/1](13060/56608), loss: 1.8714, logits_loss: 1.8714, aux_loss: 0.0000, lr: 0.00000887, epoch_time: 34.0min
Epoch:[1/1](13080/56608), loss: 1.6262, logits_loss: 1.6262, aux_loss: 0.0000, lr: 0.00000887, epoch_time: 34.0min
Epoch:[1/1](13100/56608), loss: 1.6964, logits_loss: 1.6964, aux_loss: 0.0000, lr: 0.00000886, epoch_time: 34.0min
Epoch:[1/1](13120/56608), loss: 1.6580, logits_loss: 1.6580, aux_loss: 0.0000, lr: 0.00000886, epoch_time: 34.0min
Epoch:[1/1](13140/56608), loss: 1.8093, logits_loss: 1.8093, aux_loss: 0.0000, lr: 0.00000886, epoch_time: 34.0min
Epoch:[1/1](13160/56608), loss: 1.8578, logits_loss: 1.8578, aux_loss: 0.0000, lr: 0.00000885, epoch_time: 34.0min
Epoch:[1/1](13180/56608), loss: 1.7489, logits_loss: 1.7489, aux_loss: 0.0000, lr: 0.00000885, epoch_time: 34.0min
Epoch:[1/1](13200/56608), loss: 1.8999, logits_loss: 1.8999, aux_loss: 0.0000, lr: 0.00000885, epoch_time: 34.0min
Epoch:[1/1](13220/56608), loss: 2.1472, logits_loss: 2.1472, aux_loss: 0.0000, lr: 0.00000884, epoch_time: 34.0min
Epoch:[1/1](13240/56608), loss: 1.8516, logits_loss: 1.8516, aux_loss: 0.0000, lr: 0.00000884, epoch_time: 34.0min
Epoch:[1/1](13260/56608), loss: 1.7753, logits_loss: 1.7753, aux_loss: 0.0000, lr: 0.00000884, epoch_time: 34.0min
Epoch:[1/1](13280/56608), loss: 1.8809, logits_loss: 1.8809, aux_loss: 0.0000, lr: 0.00000883, epoch_time: 34.0min
Epoch:[1/1](13300/56608), loss: 1.9181, logits_loss: 1.9181, aux_loss: 0.0000, lr: 0.00000883, epoch_time: 34.0min
Epoch:[1/1](13320/56608), loss: 1.8975, logits_loss: 1.8975, aux_loss: 0.0000, lr: 0.00000883, epoch_time: 34.0min
Epoch:[1/1](13340/56608), loss: 1.7591, logits_loss: 1.7591, aux_loss: 0.0000, lr: 0.00000882, epoch_time: 34.0min
Epoch:[1/1](13360/56608), loss: 1.8695, logits_loss: 1.8695, aux_loss: 0.0000, lr: 0.00000882, epoch_time: 34.0min
Epoch:[1/1](13380/56608), loss: 1.7563, logits_loss: 1.7563, aux_loss: 0.0000, lr: 0.00000882, epoch_time: 34.0min
Epoch:[1/1](13400/56608), loss: 1.9031, logits_loss: 1.9031, aux_loss: 0.0000, lr: 0.00000881, epoch_time: 34.0min
Epoch:[1/1](13420/56608), loss: 1.7828, logits_loss: 1.7828, aux_loss: 0.0000, lr: 0.00000881, epoch_time: 34.0min
Epoch:[1/1](13440/56608), loss: 1.9027, logits_loss: 1.9027, aux_loss: 0.0000, lr: 0.00000881, epoch_time: 34.0min
Epoch:[1/1](13460/56608), loss: 1.7955, logits_loss: 1.7955, aux_loss: 0.0000, lr: 0.00000880, epoch_time: 34.0min
Epoch:[1/1](13480/56608), loss: 2.0330, logits_loss: 2.0330, aux_loss: 0.0000, lr: 0.00000880, epoch_time: 34.0min
Epoch:[1/1](13500/56608), loss: 1.7525, logits_loss: 1.7525, aux_loss: 0.0000, lr: 0.00000880, epoch_time: 34.0min
Epoch:[1/1](13520/56608), loss: 1.8379, logits_loss: 1.8379, aux_loss: 0.0000, lr: 0.00000879, epoch_time: 34.0min
Epoch:[1/1](13540/56608), loss: 1.8386, logits_loss: 1.8386, aux_loss: 0.0000, lr: 0.00000879, epoch_time: 33.0min
Epoch:[1/1](13560/56608), loss: 1.9444, logits_loss: 1.9444, aux_loss: 0.0000, lr: 0.00000878, epoch_time: 33.0min
Epoch:[1/1](13580/56608), loss: 1.8095, logits_loss: 1.8095, aux_loss: 0.0000, lr: 0.00000878, epoch_time: 33.0min
Epoch:[1/1](13600/56608), loss: 1.8139, logits_loss: 1.8139, aux_loss: 0.0000, lr: 0.00000878, epoch_time: 33.0min
Epoch:[1/1](13620/56608), loss: 1.8104, logits_loss: 1.8104, aux_loss: 0.0000, lr: 0.00000877, epoch_time: 33.0min
Epoch:[1/1](13640/56608), loss: 1.7476, logits_loss: 1.7476, aux_loss: 0.0000, lr: 0.00000877, epoch_time: 33.0min
Epoch:[1/1](13660/56608), loss: 1.9347, logits_loss: 1.9347, aux_loss: 0.0000, lr: 0.00000877, epoch_time: 33.0min
Epoch:[1/1](13680/56608), loss: 1.9181, logits_loss: 1.9181, aux_loss: 0.0000, lr: 0.00000876, epoch_time: 33.0min
Epoch:[1/1](13700/56608), loss: 1.8152, logits_loss: 1.8152, aux_loss: 0.0000, lr: 0.00000876, epoch_time: 33.0min
Epoch:[1/1](13720/56608), loss: 1.8217, logits_loss: 1.8217, aux_loss: 0.0000, lr: 0.00000876, epoch_time: 33.0min
Epoch:[1/1](13740/56608), loss: 1.8042, logits_loss: 1.8042, aux_loss: 0.0000, lr: 0.00000875, epoch_time: 33.0min
Epoch:[1/1](13760/56608), loss: 1.7347, logits_loss: 1.7347, aux_loss: 0.0000, lr: 0.00000875, epoch_time: 33.0min
Epoch:[1/1](13780/56608), loss: 1.6168, logits_loss: 1.6168, aux_loss: 0.0000, lr: 0.00000875, epoch_time: 33.0min
Epoch:[1/1](13800/56608), loss: 1.9615, logits_loss: 1.9615, aux_loss: 0.0000, lr: 0.00000874, epoch_time: 33.0min
Epoch:[1/1](13820/56608), loss: 1.7060, logits_loss: 1.7060, aux_loss: 0.0000, lr: 0.00000874, epoch_time: 33.0min
Epoch:[1/1](13840/56608), loss: 1.8875, logits_loss: 1.8875, aux_loss: 0.0000, lr: 0.00000874, epoch_time: 33.0min
Epoch:[1/1](13860/56608), loss: 1.6333, logits_loss: 1.6333, aux_loss: 0.0000, lr: 0.00000873, epoch_time: 33.0min
Epoch:[1/1](13880/56608), loss: 1.7189, logits_loss: 1.7189, aux_loss: 0.0000, lr: 0.00000873, epoch_time: 33.0min
Epoch:[1/1](13900/56608), loss: 2.0043, logits_loss: 2.0043, aux_loss: 0.0000, lr: 0.00000873, epoch_time: 33.0min
Epoch:[1/1](13920/56608), loss: 1.7528, logits_loss: 1.7528, aux_loss: 0.0000, lr: 0.00000872, epoch_time: 33.0min
Epoch:[1/1](13940/56608), loss: 1.6152, logits_loss: 1.6152, aux_loss: 0.0000, lr: 0.00000872, epoch_time: 33.0min
Epoch:[1/1](13960/56608), loss: 1.8798, logits_loss: 1.8798, aux_loss: 0.0000, lr: 0.00000872, epoch_time: 33.0min
Epoch:[1/1](13980/56608), loss: 1.9096, logits_loss: 1.9096, aux_loss: 0.0000, lr: 0.00000871, epoch_time: 33.0min
Epoch:[1/1](14000/56608), loss: 1.7073, logits_loss: 1.7073, aux_loss: 0.0000, lr: 0.00000871, epoch_time: 33.0min
Epoch:[1/1](14020/56608), loss: 1.7946, logits_loss: 1.7946, aux_loss: 0.0000, lr: 0.00000871, epoch_time: 33.0min
Epoch:[1/1](14040/56608), loss: 1.8288, logits_loss: 1.8288, aux_loss: 0.0000, lr: 0.00000870, epoch_time: 33.0min
Epoch:[1/1](14060/56608), loss: 1.8944, logits_loss: 1.8944, aux_loss: 0.0000, lr: 0.00000870, epoch_time: 33.0min
Epoch:[1/1](14080/56608), loss: 1.7940, logits_loss: 1.7940, aux_loss: 0.0000, lr: 0.00000869, epoch_time: 33.0min
Epoch:[1/1](14100/56608), loss: 2.0029, logits_loss: 2.0029, aux_loss: 0.0000, lr: 0.00000869, epoch_time: 33.0min
Epoch:[1/1](14120/56608), loss: 1.8230, logits_loss: 1.8230, aux_loss: 0.0000, lr: 0.00000869, epoch_time: 33.0min
Epoch:[1/1](14140/56608), loss: 2.0126, logits_loss: 2.0126, aux_loss: 0.0000, lr: 0.00000868, epoch_time: 33.0min
Epoch:[1/1](14160/56608), loss: 1.8003, logits_loss: 1.8003, aux_loss: 0.0000, lr: 0.00000868, epoch_time: 33.0min
Epoch:[1/1](14180/56608), loss: 1.9977, logits_loss: 1.9977, aux_loss: 0.0000, lr: 0.00000868, epoch_time: 33.0min
Epoch:[1/1](14200/56608), loss: 1.8097, logits_loss: 1.8097, aux_loss: 0.0000, lr: 0.00000867, epoch_time: 33.0min
Epoch:[1/1](14220/56608), loss: 1.8105, logits_loss: 1.8105, aux_loss: 0.0000, lr: 0.00000867, epoch_time: 33.0min
Epoch:[1/1](14240/56608), loss: 1.8196, logits_loss: 1.8196, aux_loss: 0.0000, lr: 0.00000867, epoch_time: 33.0min
Epoch:[1/1](14260/56608), loss: 1.7866, logits_loss: 1.7866, aux_loss: 0.0000, lr: 0.00000866, epoch_time: 33.0min
Epoch:[1/1](14280/56608), loss: 1.8971, logits_loss: 1.8971, aux_loss: 0.0000, lr: 0.00000866, epoch_time: 33.0min
Epoch:[1/1](14300/56608), loss: 1.8097, logits_loss: 1.8097, aux_loss: 0.0000, lr: 0.00000866, epoch_time: 33.0min
Epoch:[1/1](14320/56608), loss: 1.9102, logits_loss: 1.9102, aux_loss: 0.0000, lr: 0.00000865, epoch_time: 33.0min
Epoch:[1/1](14340/56608), loss: 1.8384, logits_loss: 1.8384, aux_loss: 0.0000, lr: 0.00000865, epoch_time: 33.0min
Epoch:[1/1](14360/56608), loss: 1.8094, logits_loss: 1.8094, aux_loss: 0.0000, lr: 0.00000865, epoch_time: 33.0min
Epoch:[1/1](14380/56608), loss: 1.5408, logits_loss: 1.5408, aux_loss: 0.0000, lr: 0.00000864, epoch_time: 33.0min
Epoch:[1/1](14400/56608), loss: 1.9378, logits_loss: 1.9378, aux_loss: 0.0000, lr: 0.00000864, epoch_time: 33.0min
Epoch:[1/1](14420/56608), loss: 1.8474, logits_loss: 1.8474, aux_loss: 0.0000, lr: 0.00000863, epoch_time: 33.0min
Epoch:[1/1](14440/56608), loss: 1.7295, logits_loss: 1.7295, aux_loss: 0.0000, lr: 0.00000863, epoch_time: 33.0min
Epoch:[1/1](14460/56608), loss: 1.9806, logits_loss: 1.9806, aux_loss: 0.0000, lr: 0.00000863, epoch_time: 33.0min
Epoch:[1/1](14480/56608), loss: 1.8132, logits_loss: 1.8132, aux_loss: 0.0000, lr: 0.00000862, epoch_time: 33.0min
Epoch:[1/1](14500/56608), loss: 1.6126, logits_loss: 1.6126, aux_loss: 0.0000, lr: 0.00000862, epoch_time: 33.0min
Epoch:[1/1](14520/56608), loss: 1.8374, logits_loss: 1.8374, aux_loss: 0.0000, lr: 0.00000862, epoch_time: 33.0min
Epoch:[1/1](14540/56608), loss: 1.7845, logits_loss: 1.7845, aux_loss: 0.0000, lr: 0.00000861, epoch_time: 33.0min
Epoch:[1/1](14560/56608), loss: 1.9319, logits_loss: 1.9319, aux_loss: 0.0000, lr: 0.00000861, epoch_time: 33.0min
Epoch:[1/1](14580/56608), loss: 1.8625, logits_loss: 1.8625, aux_loss: 0.0000, lr: 0.00000861, epoch_time: 33.0min
Epoch:[1/1](14600/56608), loss: 2.0632, logits_loss: 2.0632, aux_loss: 0.0000, lr: 0.00000860, epoch_time: 33.0min
Epoch:[1/1](14620/56608), loss: 1.9376, logits_loss: 1.9376, aux_loss: 0.0000, lr: 0.00000860, epoch_time: 33.0min
Epoch:[1/1](14640/56608), loss: 1.7487, logits_loss: 1.7487, aux_loss: 0.0000, lr: 0.00000859, epoch_time: 33.0min
Epoch:[1/1](14660/56608), loss: 1.7689, logits_loss: 1.7689, aux_loss: 0.0000, lr: 0.00000859, epoch_time: 33.0min
Epoch:[1/1](14680/56608), loss: 1.7763, logits_loss: 1.7763, aux_loss: 0.0000, lr: 0.00000859, epoch_time: 33.0min
Epoch:[1/1](14700/56608), loss: 1.8712, logits_loss: 1.8712, aux_loss: 0.0000, lr: 0.00000858, epoch_time: 33.0min
Epoch:[1/1](14720/56608), loss: 1.6443, logits_loss: 1.6443, aux_loss: 0.0000, lr: 0.00000858, epoch_time: 33.0min
Epoch:[1/1](14740/56608), loss: 1.7141, logits_loss: 1.7141, aux_loss: 0.0000, lr: 0.00000858, epoch_time: 33.0min
Epoch:[1/1](14760/56608), loss: 1.7159, logits_loss: 1.7159, aux_loss: 0.0000, lr: 0.00000857, epoch_time: 32.0min
Epoch:[1/1](14780/56608), loss: 1.8592, logits_loss: 1.8592, aux_loss: 0.0000, lr: 0.00000857, epoch_time: 32.0min
Epoch:[1/1](14800/56608), loss: 1.8278, logits_loss: 1.8278, aux_loss: 0.0000, lr: 0.00000857, epoch_time: 32.0min
Epoch:[1/1](14820/56608), loss: 1.7501, logits_loss: 1.7501, aux_loss: 0.0000, lr: 0.00000856, epoch_time: 32.0min
Epoch:[1/1](14840/56608), loss: 1.8563, logits_loss: 1.8563, aux_loss: 0.0000, lr: 0.00000856, epoch_time: 32.0min
Epoch:[1/1](14860/56608), loss: 1.8151, logits_loss: 1.8151, aux_loss: 0.0000, lr: 0.00000855, epoch_time: 32.0min
Epoch:[1/1](14880/56608), loss: 1.9373, logits_loss: 1.9373, aux_loss: 0.0000, lr: 0.00000855, epoch_time: 32.0min
Epoch:[1/1](14900/56608), loss: 1.8545, logits_loss: 1.8545, aux_loss: 0.0000, lr: 0.00000855, epoch_time: 32.0min
Epoch:[1/1](14920/56608), loss: 1.9475, logits_loss: 1.9475, aux_loss: 0.0000, lr: 0.00000854, epoch_time: 32.0min
Epoch:[1/1](14940/56608), loss: 1.6451, logits_loss: 1.6451, aux_loss: 0.0000, lr: 0.00000854, epoch_time: 32.0min
Epoch:[1/1](14960/56608), loss: 1.8964, logits_loss: 1.8964, aux_loss: 0.0000, lr: 0.00000854, epoch_time: 32.0min
Epoch:[1/1](14980/56608), loss: 1.7104, logits_loss: 1.7104, aux_loss: 0.0000, lr: 0.00000853, epoch_time: 32.0min
Epoch:[1/1](15000/56608), loss: 1.6546, logits_loss: 1.6546, aux_loss: 0.0000, lr: 0.00000853, epoch_time: 32.0min
Epoch:[1/1](15020/56608), loss: 1.7416, logits_loss: 1.7416, aux_loss: 0.0000, lr: 0.00000853, epoch_time: 32.0min
Epoch:[1/1](15040/56608), loss: 1.8972, logits_loss: 1.8972, aux_loss: 0.0000, lr: 0.00000852, epoch_time: 32.0min
Epoch:[1/1](15060/56608), loss: 1.7834, logits_loss: 1.7834, aux_loss: 0.0000, lr: 0.00000852, epoch_time: 32.0min
Epoch:[1/1](15080/56608), loss: 1.6525, logits_loss: 1.6525, aux_loss: 0.0000, lr: 0.00000851, epoch_time: 32.0min
Epoch:[1/1](15100/56608), loss: 1.8228, logits_loss: 1.8228, aux_loss: 0.0000, lr: 0.00000851, epoch_time: 32.0min
Epoch:[1/1](15120/56608), loss: 1.7801, logits_loss: 1.7801, aux_loss: 0.0000, lr: 0.00000851, epoch_time: 32.0min
Epoch:[1/1](15140/56608), loss: 1.7283, logits_loss: 1.7283, aux_loss: 0.0000, lr: 0.00000850, epoch_time: 32.0min
Epoch:[1/1](15160/56608), loss: 1.9684, logits_loss: 1.9684, aux_loss: 0.0000, lr: 0.00000850, epoch_time: 32.0min
Epoch:[1/1](15180/56608), loss: 1.8723, logits_loss: 1.8723, aux_loss: 0.0000, lr: 0.00000850, epoch_time: 32.0min
Epoch:[1/1](15200/56608), loss: 1.8085, logits_loss: 1.8085, aux_loss: 0.0000, lr: 0.00000849, epoch_time: 32.0min
Epoch:[1/1](15220/56608), loss: 1.7312, logits_loss: 1.7312, aux_loss: 0.0000, lr: 0.00000849, epoch_time: 32.0min
Epoch:[1/1](15240/56608), loss: 1.8098, logits_loss: 1.8098, aux_loss: 0.0000, lr: 0.00000848, epoch_time: 32.0min
Epoch:[1/1](15260/56608), loss: 1.8001, logits_loss: 1.8001, aux_loss: 0.0000, lr: 0.00000848, epoch_time: 32.0min
Epoch:[1/1](15280/56608), loss: 1.7845, logits_loss: 1.7845, aux_loss: 0.0000, lr: 0.00000848, epoch_time: 32.0min
Epoch:[1/1](15300/56608), loss: 1.6611, logits_loss: 1.6611, aux_loss: 0.0000, lr: 0.00000847, epoch_time: 32.0min
Epoch:[1/1](15320/56608), loss: 1.7713, logits_loss: 1.7713, aux_loss: 0.0000, lr: 0.00000847, epoch_time: 32.0min
Epoch:[1/1](15340/56608), loss: 1.7593, logits_loss: 1.7593, aux_loss: 0.0000, lr: 0.00000847, epoch_time: 32.0min
Epoch:[1/1](15360/56608), loss: 1.8433, logits_loss: 1.8433, aux_loss: 0.0000, lr: 0.00000846, epoch_time: 32.0min
Epoch:[1/1](15380/56608), loss: 1.8643, logits_loss: 1.8643, aux_loss: 0.0000, lr: 0.00000846, epoch_time: 32.0min
Epoch:[1/1](15400/56608), loss: 1.8512, logits_loss: 1.8512, aux_loss: 0.0000, lr: 0.00000845, epoch_time: 32.0min
Epoch:[1/1](15420/56608), loss: 1.7263, logits_loss: 1.7263, aux_loss: 0.0000, lr: 0.00000845, epoch_time: 32.0min
Epoch:[1/1](15440/56608), loss: 1.7540, logits_loss: 1.7540, aux_loss: 0.0000, lr: 0.00000845, epoch_time: 32.0min
Epoch:[1/1](15460/56608), loss: 1.9562, logits_loss: 1.9562, aux_loss: 0.0000, lr: 0.00000844, epoch_time: 32.0min
Epoch:[1/1](15480/56608), loss: 1.9566, logits_loss: 1.9566, aux_loss: 0.0000, lr: 0.00000844, epoch_time: 32.0min
Epoch:[1/1](15500/56608), loss: 1.7268, logits_loss: 1.7268, aux_loss: 0.0000, lr: 0.00000844, epoch_time: 32.0min
Epoch:[1/1](15520/56608), loss: 1.8317, logits_loss: 1.8317, aux_loss: 0.0000, lr: 0.00000843, epoch_time: 32.0min
Epoch:[1/1](15540/56608), loss: 1.6227, logits_loss: 1.6227, aux_loss: 0.0000, lr: 0.00000843, epoch_time: 32.0min
Epoch:[1/1](15560/56608), loss: 1.7357, logits_loss: 1.7357, aux_loss: 0.0000, lr: 0.00000842, epoch_time: 32.0min
Epoch:[1/1](15580/56608), loss: 1.8540, logits_loss: 1.8540, aux_loss: 0.0000, lr: 0.00000842, epoch_time: 32.0min
Epoch:[1/1](15600/56608), loss: 1.7587, logits_loss: 1.7587, aux_loss: 0.0000, lr: 0.00000842, epoch_time: 32.0min
Epoch:[1/1](15620/56608), loss: 1.7899, logits_loss: 1.7899, aux_loss: 0.0000, lr: 0.00000841, epoch_time: 32.0min
Epoch:[1/1](15640/56608), loss: 1.7155, logits_loss: 1.7155, aux_loss: 0.0000, lr: 0.00000841, epoch_time: 32.0min
Epoch:[1/1](15660/56608), loss: 1.8036, logits_loss: 1.8036, aux_loss: 0.0000, lr: 0.00000840, epoch_time: 32.0min
Epoch:[1/1](15680/56608), loss: 1.9947, logits_loss: 1.9947, aux_loss: 0.0000, lr: 0.00000840, epoch_time: 32.0min
Epoch:[1/1](15700/56608), loss: 1.8448, logits_loss: 1.8448, aux_loss: 0.0000, lr: 0.00000840, epoch_time: 32.0min
Epoch:[1/1](15720/56608), loss: 1.7636, logits_loss: 1.7636, aux_loss: 0.0000, lr: 0.00000839, epoch_time: 32.0min
Epoch:[1/1](15740/56608), loss: 1.9680, logits_loss: 1.9680, aux_loss: 0.0000, lr: 0.00000839, epoch_time: 32.0min
Epoch:[1/1](15760/56608), loss: 1.6690, logits_loss: 1.6690, aux_loss: 0.0000, lr: 0.00000839, epoch_time: 32.0min
Epoch:[1/1](15780/56608), loss: 1.6627, logits_loss: 1.6627, aux_loss: 0.0000, lr: 0.00000838, epoch_time: 32.0min
Epoch:[1/1](15800/56608), loss: 1.8767, logits_loss: 1.8767, aux_loss: 0.0000, lr: 0.00000838, epoch_time: 32.0min
Epoch:[1/1](15820/56608), loss: 1.7397, logits_loss: 1.7397, aux_loss: 0.0000, lr: 0.00000837, epoch_time: 32.0min
Epoch:[1/1](15840/56608), loss: 1.5480, logits_loss: 1.5480, aux_loss: 0.0000, lr: 0.00000837, epoch_time: 32.0min
Epoch:[1/1](15860/56608), loss: 1.9084, logits_loss: 1.9084, aux_loss: 0.0000, lr: 0.00000837, epoch_time: 32.0min
Epoch:[1/1](15880/56608), loss: 2.0081, logits_loss: 2.0081, aux_loss: 0.0000, lr: 0.00000836, epoch_time: 32.0min
Epoch:[1/1](15900/56608), loss: 1.7159, logits_loss: 1.7159, aux_loss: 0.0000, lr: 0.00000836, epoch_time: 32.0min
Epoch:[1/1](15920/56608), loss: 1.7854, logits_loss: 1.7854, aux_loss: 0.0000, lr: 0.00000835, epoch_time: 32.0min
Epoch:[1/1](15940/56608), loss: 1.8411, logits_loss: 1.8411, aux_loss: 0.0000, lr: 0.00000835, epoch_time: 32.0min
Epoch:[1/1](15960/56608), loss: 1.4162, logits_loss: 1.4162, aux_loss: 0.0000, lr: 0.00000835, epoch_time: 32.0min
Epoch:[1/1](15980/56608), loss: 1.7173, logits_loss: 1.7173, aux_loss: 0.0000, lr: 0.00000834, epoch_time: 32.0min
Epoch:[1/1](16000/56608), loss: 1.8462, logits_loss: 1.8462, aux_loss: 0.0000, lr: 0.00000834, epoch_time: 31.0min
Epoch:[1/1](16020/56608), loss: 1.7531, logits_loss: 1.7531, aux_loss: 0.0000, lr: 0.00000834, epoch_time: 32.0min
Epoch:[1/1](16040/56608), loss: 1.8104, logits_loss: 1.8104, aux_loss: 0.0000, lr: 0.00000833, epoch_time: 32.0min
Epoch:[1/1](16060/56608), loss: 1.6473, logits_loss: 1.6473, aux_loss: 0.0000, lr: 0.00000833, epoch_time: 32.0min
Epoch:[1/1](16080/56608), loss: 1.8751, logits_loss: 1.8751, aux_loss: 0.0000, lr: 0.00000832, epoch_time: 32.0min
Epoch:[1/1](16100/56608), loss: 1.5620, logits_loss: 1.5620, aux_loss: 0.0000, lr: 0.00000832, epoch_time: 32.0min
Epoch:[1/1](16120/56608), loss: 1.9351, logits_loss: 1.9351, aux_loss: 0.0000, lr: 0.00000832, epoch_time: 32.0min
Epoch:[1/1](16140/56608), loss: 1.8890, logits_loss: 1.8890, aux_loss: 0.0000, lr: 0.00000831, epoch_time: 32.0min
Epoch:[1/1](16160/56608), loss: 1.9626, logits_loss: 1.9626, aux_loss: 0.0000, lr: 0.00000831, epoch_time: 32.0min
Epoch:[1/1](16180/56608), loss: 1.7667, logits_loss: 1.7667, aux_loss: 0.0000, lr: 0.00000830, epoch_time: 31.0min
Epoch:[1/1](16200/56608), loss: 1.5780, logits_loss: 1.5780, aux_loss: 0.0000, lr: 0.00000830, epoch_time: 31.0min
Epoch:[1/1](16220/56608), loss: 1.8139, logits_loss: 1.8139, aux_loss: 0.0000, lr: 0.00000830, epoch_time: 31.0min
Epoch:[1/1](16240/56608), loss: 1.5574, logits_loss: 1.5574, aux_loss: 0.0000, lr: 0.00000829, epoch_time: 31.0min
Epoch:[1/1](16260/56608), loss: 1.7937, logits_loss: 1.7937, aux_loss: 0.0000, lr: 0.00000829, epoch_time: 31.0min
Epoch:[1/1](16280/56608), loss: 1.7404, logits_loss: 1.7404, aux_loss: 0.0000, lr: 0.00000828, epoch_time: 31.0min
Epoch:[1/1](16300/56608), loss: 1.9389, logits_loss: 1.9389, aux_loss: 0.0000, lr: 0.00000828, epoch_time: 31.0min
Epoch:[1/1](16320/56608), loss: 1.8439, logits_loss: 1.8439, aux_loss: 0.0000, lr: 0.00000828, epoch_time: 31.0min
Epoch:[1/1](16340/56608), loss: 1.7936, logits_loss: 1.7936, aux_loss: 0.0000, lr: 0.00000827, epoch_time: 31.0min
Epoch:[1/1](16360/56608), loss: 2.0051, logits_loss: 2.0051, aux_loss: 0.0000, lr: 0.00000827, epoch_time: 31.0min
Epoch:[1/1](16380/56608), loss: 1.8413, logits_loss: 1.8413, aux_loss: 0.0000, lr: 0.00000827, epoch_time: 31.0min
Epoch:[1/1](16400/56608), loss: 1.7087, logits_loss: 1.7087, aux_loss: 0.0000, lr: 0.00000826, epoch_time: 31.0min
Epoch:[1/1](16420/56608), loss: 1.7927, logits_loss: 1.7927, aux_loss: 0.0000, lr: 0.00000826, epoch_time: 31.0min
Epoch:[1/1](16440/56608), loss: 1.6958, logits_loss: 1.6958, aux_loss: 0.0000, lr: 0.00000825, epoch_time: 31.0min
Epoch:[1/1](16460/56608), loss: 1.7430, logits_loss: 1.7430, aux_loss: 0.0000, lr: 0.00000825, epoch_time: 31.0min
Epoch:[1/1](16480/56608), loss: 1.5636, logits_loss: 1.5636, aux_loss: 0.0000, lr: 0.00000825, epoch_time: 31.0min
Epoch:[1/1](16500/56608), loss: 1.7563, logits_loss: 1.7563, aux_loss: 0.0000, lr: 0.00000824, epoch_time: 31.0min
Epoch:[1/1](16520/56608), loss: 1.8674, logits_loss: 1.8674, aux_loss: 0.0000, lr: 0.00000824, epoch_time: 31.0min
Epoch:[1/1](16540/56608), loss: 1.6182, logits_loss: 1.6182, aux_loss: 0.0000, lr: 0.00000823, epoch_time: 31.0min
Epoch:[1/1](16560/56608), loss: 1.6976, logits_loss: 1.6976, aux_loss: 0.0000, lr: 0.00000823, epoch_time: 31.0min
Epoch:[1/1](16580/56608), loss: 1.7270, logits_loss: 1.7270, aux_loss: 0.0000, lr: 0.00000823, epoch_time: 31.0min
Epoch:[1/1](16600/56608), loss: 1.7981, logits_loss: 1.7981, aux_loss: 0.0000, lr: 0.00000822, epoch_time: 31.0min
Epoch:[1/1](16620/56608), loss: 1.8168, logits_loss: 1.8168, aux_loss: 0.0000, lr: 0.00000822, epoch_time: 31.0min
Epoch:[1/1](16640/56608), loss: 1.7009, logits_loss: 1.7009, aux_loss: 0.0000, lr: 0.00000821, epoch_time: 31.0min
Epoch:[1/1](16660/56608), loss: 1.8293, logits_loss: 1.8293, aux_loss: 0.0000, lr: 0.00000821, epoch_time: 31.0min
Epoch:[1/1](16680/56608), loss: 1.6276, logits_loss: 1.6276, aux_loss: 0.0000, lr: 0.00000821, epoch_time: 31.0min
Epoch:[1/1](16700/56608), loss: 1.8312, logits_loss: 1.8312, aux_loss: 0.0000, lr: 0.00000820, epoch_time: 31.0min
Epoch:[1/1](16720/56608), loss: 1.8114, logits_loss: 1.8114, aux_loss: 0.0000, lr: 0.00000820, epoch_time: 31.0min
Epoch:[1/1](16740/56608), loss: 1.7560, logits_loss: 1.7560, aux_loss: 0.0000, lr: 0.00000819, epoch_time: 31.0min
Epoch:[1/1](16760/56608), loss: 1.8776, logits_loss: 1.8776, aux_loss: 0.0000, lr: 0.00000819, epoch_time: 31.0min
Epoch:[1/1](16780/56608), loss: 1.7559, logits_loss: 1.7559, aux_loss: 0.0000, lr: 0.00000819, epoch_time: 31.0min
Epoch:[1/1](16800/56608), loss: 1.9240, logits_loss: 1.9240, aux_loss: 0.0000, lr: 0.00000818, epoch_time: 31.0min
Epoch:[1/1](16820/56608), loss: 1.7078, logits_loss: 1.7078, aux_loss: 0.0000, lr: 0.00000818, epoch_time: 31.0min
Epoch:[1/1](16840/56608), loss: 1.9300, logits_loss: 1.9300, aux_loss: 0.0000, lr: 0.00000817, epoch_time: 31.0min
Epoch:[1/1](16860/56608), loss: 2.0104, logits_loss: 2.0104, aux_loss: 0.0000, lr: 0.00000817, epoch_time: 31.0min
Epoch:[1/1](16880/56608), loss: 1.7319, logits_loss: 1.7319, aux_loss: 0.0000, lr: 0.00000817, epoch_time: 31.0min
Epoch:[1/1](16900/56608), loss: 1.7741, logits_loss: 1.7741, aux_loss: 0.0000, lr: 0.00000816, epoch_time: 31.0min
Epoch:[1/1](16920/56608), loss: 1.7183, logits_loss: 1.7183, aux_loss: 0.0000, lr: 0.00000816, epoch_time: 31.0min
Epoch:[1/1](16940/56608), loss: 1.8383, logits_loss: 1.8383, aux_loss: 0.0000, lr: 0.00000815, epoch_time: 31.0min
Epoch:[1/1](16960/56608), loss: 1.8523, logits_loss: 1.8523, aux_loss: 0.0000, lr: 0.00000815, epoch_time: 31.0min
Epoch:[1/1](16980/56608), loss: 1.7594, logits_loss: 1.7594, aux_loss: 0.0000, lr: 0.00000815, epoch_time: 31.0min
Epoch:[1/1](17000/56608), loss: 1.6444, logits_loss: 1.6444, aux_loss: 0.0000, lr: 0.00000814, epoch_time: 31.0min
Epoch:[1/1](17020/56608), loss: 1.5230, logits_loss: 1.5230, aux_loss: 0.0000, lr: 0.00000814, epoch_time: 31.0min
Epoch:[1/1](17040/56608), loss: 1.8424, logits_loss: 1.8424, aux_loss: 0.0000, lr: 0.00000813, epoch_time: 31.0min
Epoch:[1/1](17060/56608), loss: 1.9713, logits_loss: 1.9713, aux_loss: 0.0000, lr: 0.00000813, epoch_time: 31.0min
Epoch:[1/1](17080/56608), loss: 1.6133, logits_loss: 1.6133, aux_loss: 0.0000, lr: 0.00000813, epoch_time: 31.0min
Epoch:[1/1](17100/56608), loss: 1.8361, logits_loss: 1.8361, aux_loss: 0.0000, lr: 0.00000812, epoch_time: 31.0min
Epoch:[1/1](17120/56608), loss: 1.7331, logits_loss: 1.7331, aux_loss: 0.0000, lr: 0.00000812, epoch_time: 31.0min
Epoch:[1/1](17140/56608), loss: 1.7745, logits_loss: 1.7745, aux_loss: 0.0000, lr: 0.00000811, epoch_time: 31.0min
Epoch:[1/1](17160/56608), loss: 1.6830, logits_loss: 1.6830, aux_loss: 0.0000, lr: 0.00000811, epoch_time: 31.0min
Epoch:[1/1](17180/56608), loss: 1.8175, logits_loss: 1.8175, aux_loss: 0.0000, lr: 0.00000810, epoch_time: 31.0min
Epoch:[1/1](17200/56608), loss: 1.8205, logits_loss: 1.8205, aux_loss: 0.0000, lr: 0.00000810, epoch_time: 31.0min
Epoch:[1/1](17220/56608), loss: 1.6970, logits_loss: 1.6970, aux_loss: 0.0000, lr: 0.00000810, epoch_time: 31.0min
Epoch:[1/1](17240/56608), loss: 2.0000, logits_loss: 2.0000, aux_loss: 0.0000, lr: 0.00000809, epoch_time: 31.0min
Epoch:[1/1](17260/56608), loss: 1.8407, logits_loss: 1.8407, aux_loss: 0.0000, lr: 0.00000809, epoch_time: 31.0min
Epoch:[1/1](17280/56608), loss: 1.9094, logits_loss: 1.9094, aux_loss: 0.0000, lr: 0.00000808, epoch_time: 31.0min
Epoch:[1/1](17300/56608), loss: 1.6865, logits_loss: 1.6865, aux_loss: 0.0000, lr: 0.00000808, epoch_time: 31.0min
Epoch:[1/1](17320/56608), loss: 1.8657, logits_loss: 1.8657, aux_loss: 0.0000, lr: 0.00000808, epoch_time: 31.0min
Epoch:[1/1](17340/56608), loss: 1.7467, logits_loss: 1.7467, aux_loss: 0.0000, lr: 0.00000807, epoch_time: 31.0min
Epoch:[1/1](17360/56608), loss: 1.9042, logits_loss: 1.9042, aux_loss: 0.0000, lr: 0.00000807, epoch_time: 31.0min
Epoch:[1/1](17380/56608), loss: 1.8848, logits_loss: 1.8848, aux_loss: 0.0000, lr: 0.00000806, epoch_time: 31.0min
Epoch:[1/1](17400/56608), loss: 1.6174, logits_loss: 1.6174, aux_loss: 0.0000, lr: 0.00000806, epoch_time: 31.0min
Epoch:[1/1](17420/56608), loss: 1.9823, logits_loss: 1.9823, aux_loss: 0.0000, lr: 0.00000806, epoch_time: 30.0min
Epoch:[1/1](17440/56608), loss: 1.9032, logits_loss: 1.9032, aux_loss: 0.0000, lr: 0.00000805, epoch_time: 30.0min
Epoch:[1/1](17460/56608), loss: 1.8128, logits_loss: 1.8128, aux_loss: 0.0000, lr: 0.00000805, epoch_time: 30.0min
Epoch:[1/1](17480/56608), loss: 1.7923, logits_loss: 1.7923, aux_loss: 0.0000, lr: 0.00000804, epoch_time: 30.0min
Epoch:[1/1](17500/56608), loss: 1.8416, logits_loss: 1.8416, aux_loss: 0.0000, lr: 0.00000804, epoch_time: 30.0min
Epoch:[1/1](17520/56608), loss: 1.8718, logits_loss: 1.8718, aux_loss: 0.0000, lr: 0.00000804, epoch_time: 30.0min
Epoch:[1/1](17540/56608), loss: 1.5764, logits_loss: 1.5764, aux_loss: 0.0000, lr: 0.00000803, epoch_time: 30.0min
Epoch:[1/1](17560/56608), loss: 1.8740, logits_loss: 1.8740, aux_loss: 0.0000, lr: 0.00000803, epoch_time: 30.0min
Epoch:[1/1](17580/56608), loss: 1.8535, logits_loss: 1.8535, aux_loss: 0.0000, lr: 0.00000802, epoch_time: 30.0min
Epoch:[1/1](17600/56608), loss: 1.7792, logits_loss: 1.7792, aux_loss: 0.0000, lr: 0.00000802, epoch_time: 30.0min
Epoch:[1/1](17620/56608), loss: 1.6375, logits_loss: 1.6375, aux_loss: 0.0000, lr: 0.00000801, epoch_time: 30.0min
Epoch:[1/1](17640/56608), loss: 1.8592, logits_loss: 1.8592, aux_loss: 0.0000, lr: 0.00000801, epoch_time: 30.0min
Epoch:[1/1](17660/56608), loss: 2.0118, logits_loss: 2.0118, aux_loss: 0.0000, lr: 0.00000801, epoch_time: 30.0min
Epoch:[1/1](17680/56608), loss: 1.7991, logits_loss: 1.7991, aux_loss: 0.0000, lr: 0.00000800, epoch_time: 30.0min
Epoch:[1/1](17700/56608), loss: 1.7059, logits_loss: 1.7059, aux_loss: 0.0000, lr: 0.00000800, epoch_time: 30.0min
Epoch:[1/1](17720/56608), loss: 1.8272, logits_loss: 1.8272, aux_loss: 0.0000, lr: 0.00000799, epoch_time: 30.0min
Epoch:[1/1](17740/56608), loss: 1.6856, logits_loss: 1.6856, aux_loss: 0.0000, lr: 0.00000799, epoch_time: 30.0min
Epoch:[1/1](17760/56608), loss: 1.8462, logits_loss: 1.8462, aux_loss: 0.0000, lr: 0.00000799, epoch_time: 30.0min
Epoch:[1/1](17780/56608), loss: 1.7099, logits_loss: 1.7099, aux_loss: 0.0000, lr: 0.00000798, epoch_time: 30.0min
Epoch:[1/1](17800/56608), loss: 1.8469, logits_loss: 1.8469, aux_loss: 0.0000, lr: 0.00000798, epoch_time: 30.0min
Epoch:[1/1](17820/56608), loss: 1.6903, logits_loss: 1.6903, aux_loss: 0.0000, lr: 0.00000797, epoch_time: 30.0min
Epoch:[1/1](17840/56608), loss: 1.8214, logits_loss: 1.8214, aux_loss: 0.0000, lr: 0.00000797, epoch_time: 30.0min
Epoch:[1/1](17860/56608), loss: 1.6708, logits_loss: 1.6708, aux_loss: 0.0000, lr: 0.00000796, epoch_time: 30.0min
Epoch:[1/1](17880/56608), loss: 1.8672, logits_loss: 1.8672, aux_loss: 0.0000, lr: 0.00000796, epoch_time: 30.0min
Epoch:[1/1](17900/56608), loss: 1.7604, logits_loss: 1.7604, aux_loss: 0.0000, lr: 0.00000796, epoch_time: 30.0min
Epoch:[1/1](17920/56608), loss: 1.8641, logits_loss: 1.8641, aux_loss: 0.0000, lr: 0.00000795, epoch_time: 30.0min
Epoch:[1/1](17940/56608), loss: 1.7807, logits_loss: 1.7807, aux_loss: 0.0000, lr: 0.00000795, epoch_time: 30.0min
Epoch:[1/1](17960/56608), loss: 1.6231, logits_loss: 1.6231, aux_loss: 0.0000, lr: 0.00000794, epoch_time: 30.0min
Epoch:[1/1](17980/56608), loss: 1.9456, logits_loss: 1.9456, aux_loss: 0.0000, lr: 0.00000794, epoch_time: 30.0min
Epoch:[1/1](18000/56608), loss: 1.7290, logits_loss: 1.7290, aux_loss: 0.0000, lr: 0.00000794, epoch_time: 30.0min
Epoch:[1/1](18020/56608), loss: 1.8897, logits_loss: 1.8897, aux_loss: 0.0000, lr: 0.00000793, epoch_time: 30.0min
Epoch:[1/1](18040/56608), loss: 1.6357, logits_loss: 1.6357, aux_loss: 0.0000, lr: 0.00000793, epoch_time: 30.0min
Epoch:[1/1](18060/56608), loss: 2.0150, logits_loss: 2.0150, aux_loss: 0.0000, lr: 0.00000792, epoch_time: 30.0min
Epoch:[1/1](18080/56608), loss: 1.7017, logits_loss: 1.7017, aux_loss: 0.0000, lr: 0.00000792, epoch_time: 30.0min
Epoch:[1/1](18100/56608), loss: 1.9437, logits_loss: 1.9437, aux_loss: 0.0000, lr: 0.00000791, epoch_time: 30.0min
Epoch:[1/1](18120/56608), loss: 1.5541, logits_loss: 1.5541, aux_loss: 0.0000, lr: 0.00000791, epoch_time: 30.0min
Epoch:[1/1](18140/56608), loss: 1.6894, logits_loss: 1.6894, aux_loss: 0.0000, lr: 0.00000791, epoch_time: 30.0min
Epoch:[1/1](18160/56608), loss: 2.0553, logits_loss: 2.0553, aux_loss: 0.0000, lr: 0.00000790, epoch_time: 30.0min
Epoch:[1/1](18180/56608), loss: 1.6706, logits_loss: 1.6706, aux_loss: 0.0000, lr: 0.00000790, epoch_time: 30.0min
Epoch:[1/1](18200/56608), loss: 1.8377, logits_loss: 1.8377, aux_loss: 0.0000, lr: 0.00000789, epoch_time: 30.0min
Epoch:[1/1](18220/56608), loss: 1.8082, logits_loss: 1.8082, aux_loss: 0.0000, lr: 0.00000789, epoch_time: 30.0min
Epoch:[1/1](18240/56608), loss: 1.8706, logits_loss: 1.8706, aux_loss: 0.0000, lr: 0.00000788, epoch_time: 30.0min
Epoch:[1/1](18260/56608), loss: 1.7215, logits_loss: 1.7215, aux_loss: 0.0000, lr: 0.00000788, epoch_time: 30.0min
Epoch:[1/1](18280/56608), loss: 1.8896, logits_loss: 1.8896, aux_loss: 0.0000, lr: 0.00000788, epoch_time: 30.0min
Epoch:[1/1](18300/56608), loss: 1.7783, logits_loss: 1.7783, aux_loss: 0.0000, lr: 0.00000787, epoch_time: 30.0min
Epoch:[1/1](18320/56608), loss: 1.6600, logits_loss: 1.6600, aux_loss: 0.0000, lr: 0.00000787, epoch_time: 30.0min
Epoch:[1/1](18340/56608), loss: 2.0342, logits_loss: 2.0342, aux_loss: 0.0000, lr: 0.00000786, epoch_time: 30.0min
Epoch:[1/1](18360/56608), loss: 1.8755, logits_loss: 1.8755, aux_loss: 0.0000, lr: 0.00000786, epoch_time: 30.0min
Epoch:[1/1](18380/56608), loss: 1.6131, logits_loss: 1.6131, aux_loss: 0.0000, lr: 0.00000785, epoch_time: 30.0min
Epoch:[1/1](18400/56608), loss: 1.6507, logits_loss: 1.6507, aux_loss: 0.0000, lr: 0.00000785, epoch_time: 30.0min
Epoch:[1/1](18420/56608), loss: 1.9472, logits_loss: 1.9472, aux_loss: 0.0000, lr: 0.00000785, epoch_time: 30.0min
Epoch:[1/1](18440/56608), loss: 1.8408, logits_loss: 1.8408, aux_loss: 0.0000, lr: 0.00000784, epoch_time: 30.0min
Epoch:[1/1](18460/56608), loss: 1.8639, logits_loss: 1.8639, aux_loss: 0.0000, lr: 0.00000784, epoch_time: 30.0min
Epoch:[1/1](18480/56608), loss: 1.6430, logits_loss: 1.6430, aux_loss: 0.0000, lr: 0.00000783, epoch_time: 30.0min
Epoch:[1/1](18500/56608), loss: 1.8226, logits_loss: 1.8226, aux_loss: 0.0000, lr: 0.00000783, epoch_time: 30.0min
Epoch:[1/1](18520/56608), loss: 1.6698, logits_loss: 1.6698, aux_loss: 0.0000, lr: 0.00000783, epoch_time: 30.0min
Epoch:[1/1](18540/56608), loss: 1.7963, logits_loss: 1.7963, aux_loss: 0.0000, lr: 0.00000782, epoch_time: 30.0min
Epoch:[1/1](18560/56608), loss: 1.8472, logits_loss: 1.8472, aux_loss: 0.0000, lr: 0.00000782, epoch_time: 30.0min
Epoch:[1/1](18580/56608), loss: 1.8119, logits_loss: 1.8119, aux_loss: 0.0000, lr: 0.00000781, epoch_time: 30.0min
Epoch:[1/1](18600/56608), loss: 1.8037, logits_loss: 1.8037, aux_loss: 0.0000, lr: 0.00000781, epoch_time: 30.0min
Epoch:[1/1](18620/56608), loss: 1.7140, logits_loss: 1.7140, aux_loss: 0.0000, lr: 0.00000780, epoch_time: 30.0min
Epoch:[1/1](18640/56608), loss: 1.7846, logits_loss: 1.7846, aux_loss: 0.0000, lr: 0.00000780, epoch_time: 29.0min
Epoch:[1/1](18660/56608), loss: 1.7094, logits_loss: 1.7094, aux_loss: 0.0000, lr: 0.00000780, epoch_time: 29.0min
Epoch:[1/1](18680/56608), loss: 1.7246, logits_loss: 1.7246, aux_loss: 0.0000, lr: 0.00000779, epoch_time: 29.0min
Epoch:[1/1](18700/56608), loss: 1.6609, logits_loss: 1.6609, aux_loss: 0.0000, lr: 0.00000779, epoch_time: 29.0min
Epoch:[1/1](18720/56608), loss: 1.8738, logits_loss: 1.8738, aux_loss: 0.0000, lr: 0.00000778, epoch_time: 29.0min
Epoch:[1/1](18740/56608), loss: 1.9147, logits_loss: 1.9147, aux_loss: 0.0000, lr: 0.00000778, epoch_time: 29.0min
Epoch:[1/1](18760/56608), loss: 1.7495, logits_loss: 1.7495, aux_loss: 0.0000, lr: 0.00000777, epoch_time: 29.0min
Epoch:[1/1](18780/56608), loss: 1.7257, logits_loss: 1.7257, aux_loss: 0.0000, lr: 0.00000777, epoch_time: 29.0min
Epoch:[1/1](18800/56608), loss: 1.8838, logits_loss: 1.8838, aux_loss: 0.0000, lr: 0.00000776, epoch_time: 29.0min
Epoch:[1/1](18820/56608), loss: 1.6799, logits_loss: 1.6799, aux_loss: 0.0000, lr: 0.00000776, epoch_time: 29.0min
Epoch:[1/1](18840/56608), loss: 1.7983, logits_loss: 1.7983, aux_loss: 0.0000, lr: 0.00000776, epoch_time: 29.0min
Epoch:[1/1](18860/56608), loss: 1.6326, logits_loss: 1.6326, aux_loss: 0.0000, lr: 0.00000775, epoch_time: 29.0min
Epoch:[1/1](18880/56608), loss: 1.6222, logits_loss: 1.6222, aux_loss: 0.0000, lr: 0.00000775, epoch_time: 29.0min
Epoch:[1/1](18900/56608), loss: 1.8398, logits_loss: 1.8398, aux_loss: 0.0000, lr: 0.00000774, epoch_time: 29.0min
Epoch:[1/1](18920/56608), loss: 1.9214, logits_loss: 1.9214, aux_loss: 0.0000, lr: 0.00000774, epoch_time: 29.0min
Epoch:[1/1](18940/56608), loss: 1.7129, logits_loss: 1.7129, aux_loss: 0.0000, lr: 0.00000773, epoch_time: 29.0min
Epoch:[1/1](18960/56608), loss: 1.7582, logits_loss: 1.7582, aux_loss: 0.0000, lr: 0.00000773, epoch_time: 29.0min
Epoch:[1/1](18980/56608), loss: 1.7572, logits_loss: 1.7572, aux_loss: 0.0000, lr: 0.00000773, epoch_time: 29.0min
Epoch:[1/1](19000/56608), loss: 1.6310, logits_loss: 1.6310, aux_loss: 0.0000, lr: 0.00000772, epoch_time: 29.0min
Epoch:[1/1](19020/56608), loss: 1.9212, logits_loss: 1.9212, aux_loss: 0.0000, lr: 0.00000772, epoch_time: 29.0min
Epoch:[1/1](19040/56608), loss: 1.7549, logits_loss: 1.7549, aux_loss: 0.0000, lr: 0.00000771, epoch_time: 29.0min
Epoch:[1/1](19060/56608), loss: 1.7727, logits_loss: 1.7727, aux_loss: 0.0000, lr: 0.00000771, epoch_time: 29.0min
Epoch:[1/1](19080/56608), loss: 1.9301, logits_loss: 1.9301, aux_loss: 0.0000, lr: 0.00000770, epoch_time: 29.0min
Epoch:[1/1](19100/56608), loss: 1.8453, logits_loss: 1.8453, aux_loss: 0.0000, lr: 0.00000770, epoch_time: 29.0min
Epoch:[1/1](19120/56608), loss: 1.6576, logits_loss: 1.6576, aux_loss: 0.0000, lr: 0.00000770, epoch_time: 29.0min
Epoch:[1/1](19140/56608), loss: 1.7650, logits_loss: 1.7650, aux_loss: 0.0000, lr: 0.00000769, epoch_time: 29.0min
Epoch:[1/1](19160/56608), loss: 1.7619, logits_loss: 1.7619, aux_loss: 0.0000, lr: 0.00000769, epoch_time: 29.0min
Epoch:[1/1](19180/56608), loss: 1.7350, logits_loss: 1.7350, aux_loss: 0.0000, lr: 0.00000768, epoch_time: 29.0min
Epoch:[1/1](19200/56608), loss: 1.7060, logits_loss: 1.7060, aux_loss: 0.0000, lr: 0.00000768, epoch_time: 29.0min
Epoch:[1/1](19220/56608), loss: 1.7921, logits_loss: 1.7921, aux_loss: 0.0000, lr: 0.00000767, epoch_time: 29.0min
Epoch:[1/1](19240/56608), loss: 1.7002, logits_loss: 1.7002, aux_loss: 0.0000, lr: 0.00000767, epoch_time: 29.0min
Epoch:[1/1](19260/56608), loss: 1.6864, logits_loss: 1.6864, aux_loss: 0.0000, lr: 0.00000766, epoch_time: 29.0min
Epoch:[1/1](19280/56608), loss: 1.8381, logits_loss: 1.8381, aux_loss: 0.0000, lr: 0.00000766, epoch_time: 29.0min
Epoch:[1/1](19300/56608), loss: 1.8398, logits_loss: 1.8398, aux_loss: 0.0000, lr: 0.00000766, epoch_time: 29.0min
Epoch:[1/1](19320/56608), loss: 1.8563, logits_loss: 1.8563, aux_loss: 0.0000, lr: 0.00000765, epoch_time: 29.0min
Epoch:[1/1](19340/56608), loss: 2.0139, logits_loss: 2.0139, aux_loss: 0.0000, lr: 0.00000765, epoch_time: 29.0min
Epoch:[1/1](19360/56608), loss: 1.8381, logits_loss: 1.8381, aux_loss: 0.0000, lr: 0.00000764, epoch_time: 29.0min
Epoch:[1/1](19380/56608), loss: 1.5087, logits_loss: 1.5087, aux_loss: 0.0000, lr: 0.00000764, epoch_time: 29.0min
Epoch:[1/1](19400/56608), loss: 1.9736, logits_loss: 1.9736, aux_loss: 0.0000, lr: 0.00000763, epoch_time: 29.0min
Epoch:[1/1](19420/56608), loss: 1.6891, logits_loss: 1.6891, aux_loss: 0.0000, lr: 0.00000763, epoch_time: 29.0min
Epoch:[1/1](19440/56608), loss: 1.7690, logits_loss: 1.7690, aux_loss: 0.0000, lr: 0.00000763, epoch_time: 29.0min
Epoch:[1/1](19460/56608), loss: 1.8132, logits_loss: 1.8132, aux_loss: 0.0000, lr: 0.00000762, epoch_time: 29.0min
Epoch:[1/1](19480/56608), loss: 1.8276, logits_loss: 1.8276, aux_loss: 0.0000, lr: 0.00000762, epoch_time: 29.0min
Epoch:[1/1](19500/56608), loss: 1.5205, logits_loss: 1.5205, aux_loss: 0.0000, lr: 0.00000761, epoch_time: 29.0min
Epoch:[1/1](19520/56608), loss: 1.7014, logits_loss: 1.7014, aux_loss: 0.0000, lr: 0.00000761, epoch_time: 29.0min
Epoch:[1/1](19540/56608), loss: 1.8068, logits_loss: 1.8068, aux_loss: 0.0000, lr: 0.00000760, epoch_time: 29.0min
Epoch:[1/1](19560/56608), loss: 1.7574, logits_loss: 1.7574, aux_loss: 0.0000, lr: 0.00000760, epoch_time: 29.0min
Epoch:[1/1](19580/56608), loss: 1.7117, logits_loss: 1.7117, aux_loss: 0.0000, lr: 0.00000759, epoch_time: 29.0min
Epoch:[1/1](19600/56608), loss: 1.7856, logits_loss: 1.7856, aux_loss: 0.0000, lr: 0.00000759, epoch_time: 29.0min
Epoch:[1/1](19620/56608), loss: 1.8922, logits_loss: 1.8922, aux_loss: 0.0000, lr: 0.00000759, epoch_time: 29.0min
Epoch:[1/1](19640/56608), loss: 1.8739, logits_loss: 1.8739, aux_loss: 0.0000, lr: 0.00000758, epoch_time: 29.0min
Epoch:[1/1](19660/56608), loss: 1.8599, logits_loss: 1.8599, aux_loss: 0.0000, lr: 0.00000758, epoch_time: 29.0min
Epoch:[1/1](19680/56608), loss: 1.6047, logits_loss: 1.6047, aux_loss: 0.0000, lr: 0.00000757, epoch_time: 29.0min
Epoch:[1/1](19700/56608), loss: 1.9381, logits_loss: 1.9381, aux_loss: 0.0000, lr: 0.00000757, epoch_time: 29.0min
Epoch:[1/1](19720/56608), loss: 1.8051, logits_loss: 1.8051, aux_loss: 0.0000, lr: 0.00000756, epoch_time: 29.0min
Epoch:[1/1](19740/56608), loss: 1.9670, logits_loss: 1.9670, aux_loss: 0.0000, lr: 0.00000756, epoch_time: 29.0min
Epoch:[1/1](19760/56608), loss: 1.9138, logits_loss: 1.9138, aux_loss: 0.0000, lr: 0.00000755, epoch_time: 29.0min
Epoch:[1/1](19780/56608), loss: 1.9629, logits_loss: 1.9629, aux_loss: 0.0000, lr: 0.00000755, epoch_time: 29.0min
Epoch:[1/1](19800/56608), loss: 1.6535, logits_loss: 1.6535, aux_loss: 0.0000, lr: 0.00000755, epoch_time: 29.0min
Epoch:[1/1](19820/56608), loss: 1.6803, logits_loss: 1.6803, aux_loss: 0.0000, lr: 0.00000754, epoch_time: 29.0min
Epoch:[1/1](19840/56608), loss: 1.6374, logits_loss: 1.6374, aux_loss: 0.0000, lr: 0.00000754, epoch_time: 29.0min
Epoch:[1/1](19860/56608), loss: 1.8104, logits_loss: 1.8104, aux_loss: 0.0000, lr: 0.00000753, epoch_time: 29.0min
Epoch:[1/1](19880/56608), loss: 1.6267, logits_loss: 1.6267, aux_loss: 0.0000, lr: 0.00000753, epoch_time: 28.0min
Epoch:[1/1](19900/56608), loss: 1.7231, logits_loss: 1.7231, aux_loss: 0.0000, lr: 0.00000752, epoch_time: 28.0min
Epoch:[1/1](19920/56608), loss: 1.7285, logits_loss: 1.7285, aux_loss: 0.0000, lr: 0.00000752, epoch_time: 28.0min
Epoch:[1/1](19940/56608), loss: 1.7436, logits_loss: 1.7436, aux_loss: 0.0000, lr: 0.00000751, epoch_time: 28.0min
Epoch:[1/1](19960/56608), loss: 1.8574, logits_loss: 1.8574, aux_loss: 0.0000, lr: 0.00000751, epoch_time: 28.0min
Epoch:[1/1](19980/56608), loss: 1.7552, logits_loss: 1.7552, aux_loss: 0.0000, lr: 0.00000751, epoch_time: 28.0min
Epoch:[1/1](20000/56608), loss: 1.7536, logits_loss: 1.7536, aux_loss: 0.0000, lr: 0.00000750, epoch_time: 28.0min
Epoch:[1/1](20020/56608), loss: 1.8871, logits_loss: 1.8871, aux_loss: 0.0000, lr: 0.00000750, epoch_time: 28.0min
Epoch:[1/1](20040/56608), loss: 1.7436, logits_loss: 1.7436, aux_loss: 0.0000, lr: 0.00000749, epoch_time: 28.0min
Epoch:[1/1](20060/56608), loss: 1.9540, logits_loss: 1.9540, aux_loss: 0.0000, lr: 0.00000749, epoch_time: 28.0min
Epoch:[1/1](20080/56608), loss: 1.5985, logits_loss: 1.5985, aux_loss: 0.0000, lr: 0.00000748, epoch_time: 28.0min
Epoch:[1/1](20100/56608), loss: 1.8274, logits_loss: 1.8274, aux_loss: 0.0000, lr: 0.00000748, epoch_time: 28.0min
Epoch:[1/1](20120/56608), loss: 1.7670, logits_loss: 1.7670, aux_loss: 0.0000, lr: 0.00000747, epoch_time: 28.0min
Epoch:[1/1](20140/56608), loss: 1.7732, logits_loss: 1.7732, aux_loss: 0.0000, lr: 0.00000747, epoch_time: 28.0min
Epoch:[1/1](20160/56608), loss: 1.6409, logits_loss: 1.6409, aux_loss: 0.0000, lr: 0.00000747, epoch_time: 28.0min
Epoch:[1/1](20180/56608), loss: 1.6253, logits_loss: 1.6253, aux_loss: 0.0000, lr: 0.00000746, epoch_time: 28.0min
Epoch:[1/1](20200/56608), loss: 1.8916, logits_loss: 1.8916, aux_loss: 0.0000, lr: 0.00000746, epoch_time: 28.0min
Epoch:[1/1](20220/56608), loss: 1.6283, logits_loss: 1.6283, aux_loss: 0.0000, lr: 0.00000745, epoch_time: 28.0min
Epoch:[1/1](20240/56608), loss: 1.9292, logits_loss: 1.9292, aux_loss: 0.0000, lr: 0.00000745, epoch_time: 28.0min
Epoch:[1/1](20260/56608), loss: 1.8371, logits_loss: 1.8371, aux_loss: 0.0000, lr: 0.00000744, epoch_time: 28.0min
Epoch:[1/1](20280/56608), loss: 1.8204, logits_loss: 1.8204, aux_loss: 0.0000, lr: 0.00000744, epoch_time: 28.0min
Epoch:[1/1](20300/56608), loss: 1.9593, logits_loss: 1.9593, aux_loss: 0.0000, lr: 0.00000743, epoch_time: 28.0min
Epoch:[1/1](20320/56608), loss: 1.5640, logits_loss: 1.5640, aux_loss: 0.0000, lr: 0.00000743, epoch_time: 28.0min
Epoch:[1/1](20340/56608), loss: 1.9788, logits_loss: 1.9788, aux_loss: 0.0000, lr: 0.00000742, epoch_time: 28.0min
Epoch:[1/1](20360/56608), loss: 1.8699, logits_loss: 1.8699, aux_loss: 0.0000, lr: 0.00000742, epoch_time: 28.0min
Epoch:[1/1](20380/56608), loss: 1.7328, logits_loss: 1.7328, aux_loss: 0.0000, lr: 0.00000742, epoch_time: 28.0min
Epoch:[1/1](20400/56608), loss: 1.6954, logits_loss: 1.6954, aux_loss: 0.0000, lr: 0.00000741, epoch_time: 28.0min
Epoch:[1/1](20420/56608), loss: 1.7557, logits_loss: 1.7557, aux_loss: 0.0000, lr: 0.00000741, epoch_time: 28.0min
Epoch:[1/1](20440/56608), loss: 1.7394, logits_loss: 1.7394, aux_loss: 0.0000, lr: 0.00000740, epoch_time: 28.0min
Epoch:[1/1](20460/56608), loss: 1.7121, logits_loss: 1.7121, aux_loss: 0.0000, lr: 0.00000740, epoch_time: 28.0min
Epoch:[1/1](20480/56608), loss: 1.8389, logits_loss: 1.8389, aux_loss: 0.0000, lr: 0.00000739, epoch_time: 28.0min
Epoch:[1/1](20500/56608), loss: 1.5477, logits_loss: 1.5477, aux_loss: 0.0000, lr: 0.00000739, epoch_time: 28.0min
Epoch:[1/1](20520/56608), loss: 1.7418, logits_loss: 1.7418, aux_loss: 0.0000, lr: 0.00000738, epoch_time: 28.0min
Epoch:[1/1](20540/56608), loss: 1.8318, logits_loss: 1.8318, aux_loss: 0.0000, lr: 0.00000738, epoch_time: 28.0min
Epoch:[1/1](20560/56608), loss: 1.8993, logits_loss: 1.8993, aux_loss: 0.0000, lr: 0.00000737, epoch_time: 28.0min
Epoch:[1/1](20580/56608), loss: 1.5510, logits_loss: 1.5510, aux_loss: 0.0000, lr: 0.00000737, epoch_time: 28.0min
Epoch:[1/1](20600/56608), loss: 1.8497, logits_loss: 1.8497, aux_loss: 0.0000, lr: 0.00000737, epoch_time: 28.0min
Epoch:[1/1](20620/56608), loss: 1.9201, logits_loss: 1.9201, aux_loss: 0.0000, lr: 0.00000736, epoch_time: 28.0min
Epoch:[1/1](20640/56608), loss: 1.5492, logits_loss: 1.5492, aux_loss: 0.0000, lr: 0.00000736, epoch_time: 28.0min
Epoch:[1/1](20660/56608), loss: 1.7296, logits_loss: 1.7296, aux_loss: 0.0000, lr: 0.00000735, epoch_time: 28.0min
Epoch:[1/1](20680/56608), loss: 1.6776, logits_loss: 1.6776, aux_loss: 0.0000, lr: 0.00000735, epoch_time: 28.0min
Epoch:[1/1](20700/56608), loss: 1.6882, logits_loss: 1.6882, aux_loss: 0.0000, lr: 0.00000734, epoch_time: 28.0min
Epoch:[1/1](20720/56608), loss: 1.8989, logits_loss: 1.8989, aux_loss: 0.0000, lr: 0.00000734, epoch_time: 28.0min
Epoch:[1/1](20740/56608), loss: 1.5096, logits_loss: 1.5096, aux_loss: 0.0000, lr: 0.00000733, epoch_time: 28.0min
Epoch:[1/1](20760/56608), loss: 1.6558, logits_loss: 1.6558, aux_loss: 0.0000, lr: 0.00000733, epoch_time: 28.0min
Epoch:[1/1](20780/56608), loss: 1.6647, logits_loss: 1.6647, aux_loss: 0.0000, lr: 0.00000732, epoch_time: 28.0min
Epoch:[1/1](20800/56608), loss: 1.5596, logits_loss: 1.5596, aux_loss: 0.0000, lr: 0.00000732, epoch_time: 28.0min
Epoch:[1/1](20820/56608), loss: 1.8708, logits_loss: 1.8708, aux_loss: 0.0000, lr: 0.00000732, epoch_time: 28.0min
Epoch:[1/1](20840/56608), loss: 1.8161, logits_loss: 1.8161, aux_loss: 0.0000, lr: 0.00000731, epoch_time: 28.0min
Epoch:[1/1](20860/56608), loss: 1.9328, logits_loss: 1.9328, aux_loss: 0.0000, lr: 0.00000731, epoch_time: 28.0min
Epoch:[1/1](20880/56608), loss: 1.7379, logits_loss: 1.7379, aux_loss: 0.0000, lr: 0.00000730, epoch_time: 28.0min
Epoch:[1/1](20900/56608), loss: 1.7971, logits_loss: 1.7971, aux_loss: 0.0000, lr: 0.00000730, epoch_time: 28.0min
Epoch:[1/1](20920/56608), loss: 1.7088, logits_loss: 1.7088, aux_loss: 0.0000, lr: 0.00000729, epoch_time: 28.0min
Epoch:[1/1](20940/56608), loss: 1.7457, logits_loss: 1.7457, aux_loss: 0.0000, lr: 0.00000729, epoch_time: 28.0min
Epoch:[1/1](20960/56608), loss: 1.7180, logits_loss: 1.7180, aux_loss: 0.0000, lr: 0.00000728, epoch_time: 28.0min
Epoch:[1/1](20980/56608), loss: 1.6366, logits_loss: 1.6366, aux_loss: 0.0000, lr: 0.00000728, epoch_time: 28.0min
Epoch:[1/1](21000/56608), loss: 2.2060, logits_loss: 2.2060, aux_loss: 0.0000, lr: 0.00000727, epoch_time: 28.0min
Epoch:[1/1](21020/56608), loss: 1.9334, logits_loss: 1.9334, aux_loss: 0.0000, lr: 0.00000727, epoch_time: 28.0min
Epoch:[1/1](21040/56608), loss: 1.8850, logits_loss: 1.8850, aux_loss: 0.0000, lr: 0.00000727, epoch_time: 28.0min
Epoch:[1/1](21060/56608), loss: 1.9597, logits_loss: 1.9597, aux_loss: 0.0000, lr: 0.00000726, epoch_time: 28.0min
Epoch:[1/1](21080/56608), loss: 1.6216, logits_loss: 1.6216, aux_loss: 0.0000, lr: 0.00000726, epoch_time: 28.0min
Epoch:[1/1](21100/56608), loss: 1.8940, logits_loss: 1.8940, aux_loss: 0.0000, lr: 0.00000725, epoch_time: 28.0min
Epoch:[1/1](21120/56608), loss: 1.7359, logits_loss: 1.7359, aux_loss: 0.0000, lr: 0.00000725, epoch_time: 28.0min
Epoch:[1/1](21140/56608), loss: 1.7699, logits_loss: 1.7699, aux_loss: 0.0000, lr: 0.00000724, epoch_time: 28.0min
Epoch:[1/1](21160/56608), loss: 1.7451, logits_loss: 1.7451, aux_loss: 0.0000, lr: 0.00000724, epoch_time: 28.0min
Epoch:[1/1](21180/56608), loss: 1.9354, logits_loss: 1.9354, aux_loss: 0.0000, lr: 0.00000723, epoch_time: 28.0min
Epoch:[1/1](21200/56608), loss: 1.6610, logits_loss: 1.6610, aux_loss: 0.0000, lr: 0.00000723, epoch_time: 28.0min
Epoch:[1/1](21220/56608), loss: 1.8245, logits_loss: 1.8245, aux_loss: 0.0000, lr: 0.00000722, epoch_time: 28.0min
Epoch:[1/1](21240/56608), loss: 1.8108, logits_loss: 1.8108, aux_loss: 0.0000, lr: 0.00000722, epoch_time: 27.0min
Epoch:[1/1](21260/56608), loss: 1.8038, logits_loss: 1.8038, aux_loss: 0.0000, lr: 0.00000721, epoch_time: 27.0min
Epoch:[1/1](21280/56608), loss: 1.7294, logits_loss: 1.7294, aux_loss: 0.0000, lr: 0.00000721, epoch_time: 27.0min
Epoch:[1/1](21300/56608), loss: 1.8489, logits_loss: 1.8489, aux_loss: 0.0000, lr: 0.00000721, epoch_time: 27.0min
Epoch:[1/1](21320/56608), loss: 1.6917, logits_loss: 1.6917, aux_loss: 0.0000, lr: 0.00000720, epoch_time: 27.0min
Epoch:[1/1](21340/56608), loss: 1.7680, logits_loss: 1.7680, aux_loss: 0.0000, lr: 0.00000720, epoch_time: 27.0min
Epoch:[1/1](21360/56608), loss: 1.7286, logits_loss: 1.7286, aux_loss: 0.0000, lr: 0.00000719, epoch_time: 27.0min
Epoch:[1/1](21380/56608), loss: 1.7412, logits_loss: 1.7412, aux_loss: 0.0000, lr: 0.00000719, epoch_time: 27.0min
Epoch:[1/1](21400/56608), loss: 1.8478, logits_loss: 1.8478, aux_loss: 0.0000, lr: 0.00000718, epoch_time: 27.0min
Epoch:[1/1](21420/56608), loss: 1.7385, logits_loss: 1.7385, aux_loss: 0.0000, lr: 0.00000718, epoch_time: 27.0min
Epoch:[1/1](21440/56608), loss: 1.6533, logits_loss: 1.6533, aux_loss: 0.0000, lr: 0.00000717, epoch_time: 27.0min
Epoch:[1/1](21460/56608), loss: 1.7985, logits_loss: 1.7985, aux_loss: 0.0000, lr: 0.00000717, epoch_time: 27.0min
Epoch:[1/1](21480/56608), loss: 1.7632, logits_loss: 1.7632, aux_loss: 0.0000, lr: 0.00000716, epoch_time: 27.0min
Epoch:[1/1](21500/56608), loss: 1.8394, logits_loss: 1.8394, aux_loss: 0.0000, lr: 0.00000716, epoch_time: 27.0min
Epoch:[1/1](21520/56608), loss: 2.0220, logits_loss: 2.0220, aux_loss: 0.0000, lr: 0.00000715, epoch_time: 27.0min
Epoch:[1/1](21540/56608), loss: 1.7282, logits_loss: 1.7282, aux_loss: 0.0000, lr: 0.00000715, epoch_time: 27.0min
Epoch:[1/1](21560/56608), loss: 1.9402, logits_loss: 1.9402, aux_loss: 0.0000, lr: 0.00000715, epoch_time: 27.0min
Epoch:[1/1](21580/56608), loss: 1.7491, logits_loss: 1.7491, aux_loss: 0.0000, lr: 0.00000714, epoch_time: 27.0min
Epoch:[1/1](21600/56608), loss: 1.8071, logits_loss: 1.8071, aux_loss: 0.0000, lr: 0.00000714, epoch_time: 27.0min
Epoch:[1/1](21620/56608), loss: 1.7803, logits_loss: 1.7803, aux_loss: 0.0000, lr: 0.00000713, epoch_time: 27.0min
Epoch:[1/1](21640/56608), loss: 1.8878, logits_loss: 1.8878, aux_loss: 0.0000, lr: 0.00000713, epoch_time: 27.0min
Epoch:[1/1](21660/56608), loss: 1.8406, logits_loss: 1.8406, aux_loss: 0.0000, lr: 0.00000712, epoch_time: 27.0min
Epoch:[1/1](21680/56608), loss: 1.5102, logits_loss: 1.5102, aux_loss: 0.0000, lr: 0.00000712, epoch_time: 27.0min
Epoch:[1/1](21700/56608), loss: 1.7652, logits_loss: 1.7652, aux_loss: 0.0000, lr: 0.00000711, epoch_time: 27.0min
Epoch:[1/1](21720/56608), loss: 1.7431, logits_loss: 1.7431, aux_loss: 0.0000, lr: 0.00000711, epoch_time: 27.0min
Epoch:[1/1](21740/56608), loss: 1.6603, logits_loss: 1.6603, aux_loss: 0.0000, lr: 0.00000710, epoch_time: 27.0min
Epoch:[1/1](21760/56608), loss: 1.7942, logits_loss: 1.7942, aux_loss: 0.0000, lr: 0.00000710, epoch_time: 27.0min
Epoch:[1/1](21780/56608), loss: 1.7598, logits_loss: 1.7598, aux_loss: 0.0000, lr: 0.00000709, epoch_time: 27.0min
Epoch:[1/1](21800/56608), loss: 1.8088, logits_loss: 1.8088, aux_loss: 0.0000, lr: 0.00000709, epoch_time: 27.0min
Epoch:[1/1](21820/56608), loss: 1.7593, logits_loss: 1.7593, aux_loss: 0.0000, lr: 0.00000708, epoch_time: 27.0min
Epoch:[1/1](21840/56608), loss: 1.9694, logits_loss: 1.9694, aux_loss: 0.0000, lr: 0.00000708, epoch_time: 27.0min
Epoch:[1/1](21860/56608), loss: 2.0608, logits_loss: 2.0608, aux_loss: 0.0000, lr: 0.00000708, epoch_time: 27.0min
Epoch:[1/1](21880/56608), loss: 1.7048, logits_loss: 1.7048, aux_loss: 0.0000, lr: 0.00000707, epoch_time: 27.0min
Epoch:[1/1](21900/56608), loss: 1.6117, logits_loss: 1.6117, aux_loss: 0.0000, lr: 0.00000707, epoch_time: 27.0min
Epoch:[1/1](21920/56608), loss: 1.8866, logits_loss: 1.8866, aux_loss: 0.0000, lr: 0.00000706, epoch_time: 27.0min
Epoch:[1/1](21940/56608), loss: 1.5376, logits_loss: 1.5376, aux_loss: 0.0000, lr: 0.00000706, epoch_time: 27.0min
Epoch:[1/1](21960/56608), loss: 1.7136, logits_loss: 1.7136, aux_loss: 0.0000, lr: 0.00000705, epoch_time: 27.0min
Epoch:[1/1](21980/56608), loss: 1.6216, logits_loss: 1.6216, aux_loss: 0.0000, lr: 0.00000705, epoch_time: 27.0min
Epoch:[1/1](22000/56608), loss: 1.7619, logits_loss: 1.7619, aux_loss: 0.0000, lr: 0.00000704, epoch_time: 27.0min
Epoch:[1/1](22020/56608), loss: 1.8521, logits_loss: 1.8521, aux_loss: 0.0000, lr: 0.00000704, epoch_time: 27.0min
Epoch:[1/1](22040/56608), loss: 1.8303, logits_loss: 1.8303, aux_loss: 0.0000, lr: 0.00000703, epoch_time: 27.0min
Epoch:[1/1](22060/56608), loss: 1.7095, logits_loss: 1.7095, aux_loss: 0.0000, lr: 0.00000703, epoch_time: 27.0min
Epoch:[1/1](22080/56608), loss: 1.6891, logits_loss: 1.6891, aux_loss: 0.0000, lr: 0.00000702, epoch_time: 27.0min
Epoch:[1/1](22100/56608), loss: 1.5902, logits_loss: 1.5902, aux_loss: 0.0000, lr: 0.00000702, epoch_time: 27.0min
Epoch:[1/1](22120/56608), loss: 1.8000, logits_loss: 1.8000, aux_loss: 0.0000, lr: 0.00000701, epoch_time: 27.0min
Epoch:[1/1](22140/56608), loss: 1.6026, logits_loss: 1.6026, aux_loss: 0.0000, lr: 0.00000701, epoch_time: 27.0min
Epoch:[1/1](22160/56608), loss: 1.6743, logits_loss: 1.6743, aux_loss: 0.0000, lr: 0.00000700, epoch_time: 27.0min
Epoch:[1/1](22180/56608), loss: 1.7609, logits_loss: 1.7609, aux_loss: 0.0000, lr: 0.00000700, epoch_time: 27.0min
Epoch:[1/1](22200/56608), loss: 1.8734, logits_loss: 1.8734, aux_loss: 0.0000, lr: 0.00000700, epoch_time: 27.0min
Epoch:[1/1](22220/56608), loss: 1.8373, logits_loss: 1.8373, aux_loss: 0.0000, lr: 0.00000699, epoch_time: 27.0min
Epoch:[1/1](22240/56608), loss: 1.6652, logits_loss: 1.6652, aux_loss: 0.0000, lr: 0.00000699, epoch_time: 27.0min
Epoch:[1/1](22260/56608), loss: 1.7294, logits_loss: 1.7294, aux_loss: 0.0000, lr: 0.00000698, epoch_time: 27.0min
Epoch:[1/1](22280/56608), loss: 1.9498, logits_loss: 1.9498, aux_loss: 0.0000, lr: 0.00000698, epoch_time: 27.0min
Epoch:[1/1](22300/56608), loss: 1.6349, logits_loss: 1.6349, aux_loss: 0.0000, lr: 0.00000697, epoch_time: 27.0min
Epoch:[1/1](22320/56608), loss: 1.9753, logits_loss: 1.9753, aux_loss: 0.0000, lr: 0.00000697, epoch_time: 27.0min
Epoch:[1/1](22340/56608), loss: 1.6654, logits_loss: 1.6654, aux_loss: 0.0000, lr: 0.00000696, epoch_time: 27.0min
Epoch:[1/1](22360/56608), loss: 1.7573, logits_loss: 1.7573, aux_loss: 0.0000, lr: 0.00000696, epoch_time: 27.0min
Epoch:[1/1](22380/56608), loss: 1.8636, logits_loss: 1.8636, aux_loss: 0.0000, lr: 0.00000695, epoch_time: 27.0min
Epoch:[1/1](22400/56608), loss: 1.7010, logits_loss: 1.7010, aux_loss: 0.0000, lr: 0.00000695, epoch_time: 27.0min
Epoch:[1/1](22420/56608), loss: 1.5789, logits_loss: 1.5789, aux_loss: 0.0000, lr: 0.00000694, epoch_time: 27.0min
Epoch:[1/1](22440/56608), loss: 1.8533, logits_loss: 1.8533, aux_loss: 0.0000, lr: 0.00000694, epoch_time: 27.0min
Epoch:[1/1](22460/56608), loss: 1.7969, logits_loss: 1.7969, aux_loss: 0.0000, lr: 0.00000693, epoch_time: 27.0min
Epoch:[1/1](22480/56608), loss: 1.8151, logits_loss: 1.8151, aux_loss: 0.0000, lr: 0.00000693, epoch_time: 26.0min
Epoch:[1/1](22500/56608), loss: 1.5948, logits_loss: 1.5948, aux_loss: 0.0000, lr: 0.00000692, epoch_time: 26.0min
Epoch:[1/1](22520/56608), loss: 1.6940, logits_loss: 1.6940, aux_loss: 0.0000, lr: 0.00000692, epoch_time: 26.0min
Epoch:[1/1](22540/56608), loss: 1.7277, logits_loss: 1.7277, aux_loss: 0.0000, lr: 0.00000692, epoch_time: 26.0min
Epoch:[1/1](22560/56608), loss: 1.9849, logits_loss: 1.9849, aux_loss: 0.0000, lr: 0.00000691, epoch_time: 26.0min
Epoch:[1/1](22580/56608), loss: 1.7879, logits_loss: 1.7879, aux_loss: 0.0000, lr: 0.00000691, epoch_time: 26.0min
Epoch:[1/1](22600/56608), loss: 1.9197, logits_loss: 1.9197, aux_loss: 0.0000, lr: 0.00000690, epoch_time: 26.0min
Epoch:[1/1](22620/56608), loss: 1.8042, logits_loss: 1.8042, aux_loss: 0.0000, lr: 0.00000690, epoch_time: 26.0min
Epoch:[1/1](22640/56608), loss: 1.9498, logits_loss: 1.9498, aux_loss: 0.0000, lr: 0.00000689, epoch_time: 26.0min
Epoch:[1/1](22660/56608), loss: 1.8215, logits_loss: 1.8215, aux_loss: 0.0000, lr: 0.00000689, epoch_time: 26.0min
Epoch:[1/1](22680/56608), loss: 1.7048, logits_loss: 1.7048, aux_loss: 0.0000, lr: 0.00000688, epoch_time: 26.0min
Epoch:[1/1](22700/56608), loss: 1.8211, logits_loss: 1.8211, aux_loss: 0.0000, lr: 0.00000688, epoch_time: 26.0min
Epoch:[1/1](22720/56608), loss: 1.7782, logits_loss: 1.7782, aux_loss: 0.0000, lr: 0.00000687, epoch_time: 26.0min
Epoch:[1/1](22740/56608), loss: 1.6151, logits_loss: 1.6151, aux_loss: 0.0000, lr: 0.00000687, epoch_time: 26.0min
Epoch:[1/1](22760/56608), loss: 1.8217, logits_loss: 1.8217, aux_loss: 0.0000, lr: 0.00000686, epoch_time: 26.0min
Epoch:[1/1](22780/56608), loss: 1.7202, logits_loss: 1.7202, aux_loss: 0.0000, lr: 0.00000686, epoch_time: 26.0min
Epoch:[1/1](22800/56608), loss: 1.7556, logits_loss: 1.7556, aux_loss: 0.0000, lr: 0.00000685, epoch_time: 26.0min
Epoch:[1/1](22820/56608), loss: 1.6695, logits_loss: 1.6695, aux_loss: 0.0000, lr: 0.00000685, epoch_time: 26.0min
Epoch:[1/1](22840/56608), loss: 1.6934, logits_loss: 1.6934, aux_loss: 0.0000, lr: 0.00000684, epoch_time: 26.0min
Epoch:[1/1](22860/56608), loss: 1.9083, logits_loss: 1.9083, aux_loss: 0.0000, lr: 0.00000684, epoch_time: 26.0min
Epoch:[1/1](22880/56608), loss: 1.8346, logits_loss: 1.8346, aux_loss: 0.0000, lr: 0.00000683, epoch_time: 26.0min
Epoch:[1/1](22900/56608), loss: 1.7404, logits_loss: 1.7404, aux_loss: 0.0000, lr: 0.00000683, epoch_time: 26.0min
Epoch:[1/1](22920/56608), loss: 1.7479, logits_loss: 1.7479, aux_loss: 0.0000, lr: 0.00000682, epoch_time: 26.0min
Epoch:[1/1](22940/56608), loss: 1.8155, logits_loss: 1.8155, aux_loss: 0.0000, lr: 0.00000682, epoch_time: 26.0min
Epoch:[1/1](22960/56608), loss: 1.5320, logits_loss: 1.5320, aux_loss: 0.0000, lr: 0.00000682, epoch_time: 26.0min
Epoch:[1/1](22980/56608), loss: 1.8158, logits_loss: 1.8158, aux_loss: 0.0000, lr: 0.00000681, epoch_time: 26.0min
Epoch:[1/1](23000/56608), loss: 1.7826, logits_loss: 1.7826, aux_loss: 0.0000, lr: 0.00000681, epoch_time: 26.0min
Epoch:[1/1](23020/56608), loss: 1.6933, logits_loss: 1.6933, aux_loss: 0.0000, lr: 0.00000680, epoch_time: 26.0min
Epoch:[1/1](23040/56608), loss: 1.8123, logits_loss: 1.8123, aux_loss: 0.0000, lr: 0.00000680, epoch_time: 26.0min
Epoch:[1/1](23060/56608), loss: 1.7747, logits_loss: 1.7747, aux_loss: 0.0000, lr: 0.00000679, epoch_time: 26.0min
Epoch:[1/1](23080/56608), loss: 1.7324, logits_loss: 1.7324, aux_loss: 0.0000, lr: 0.00000679, epoch_time: 26.0min
Epoch:[1/1](23100/56608), loss: 1.8371, logits_loss: 1.8371, aux_loss: 0.0000, lr: 0.00000678, epoch_time: 26.0min
Epoch:[1/1](23120/56608), loss: 1.5844, logits_loss: 1.5844, aux_loss: 0.0000, lr: 0.00000678, epoch_time: 26.0min
Epoch:[1/1](23140/56608), loss: 1.6454, logits_loss: 1.6454, aux_loss: 0.0000, lr: 0.00000677, epoch_time: 26.0min
Epoch:[1/1](23160/56608), loss: 1.6001, logits_loss: 1.6001, aux_loss: 0.0000, lr: 0.00000677, epoch_time: 26.0min
Epoch:[1/1](23180/56608), loss: 1.8195, logits_loss: 1.8195, aux_loss: 0.0000, lr: 0.00000676, epoch_time: 26.0min
Epoch:[1/1](23200/56608), loss: 1.8033, logits_loss: 1.8033, aux_loss: 0.0000, lr: 0.00000676, epoch_time: 26.0min
Epoch:[1/1](23220/56608), loss: 1.8123, logits_loss: 1.8123, aux_loss: 0.0000, lr: 0.00000675, epoch_time: 26.0min
Epoch:[1/1](23240/56608), loss: 1.8466, logits_loss: 1.8466, aux_loss: 0.0000, lr: 0.00000675, epoch_time: 26.0min
Epoch:[1/1](23260/56608), loss: 1.7605, logits_loss: 1.7605, aux_loss: 0.0000, lr: 0.00000674, epoch_time: 26.0min
Epoch:[1/1](23280/56608), loss: 1.8657, logits_loss: 1.8657, aux_loss: 0.0000, lr: 0.00000674, epoch_time: 26.0min
Epoch:[1/1](23300/56608), loss: 1.6992, logits_loss: 1.6992, aux_loss: 0.0000, lr: 0.00000673, epoch_time: 26.0min
Epoch:[1/1](23320/56608), loss: 1.7303, logits_loss: 1.7303, aux_loss: 0.0000, lr: 0.00000673, epoch_time: 26.0min
Epoch:[1/1](23340/56608), loss: 1.7285, logits_loss: 1.7285, aux_loss: 0.0000, lr: 0.00000672, epoch_time: 26.0min
Epoch:[1/1](23360/56608), loss: 1.7074, logits_loss: 1.7074, aux_loss: 0.0000, lr: 0.00000672, epoch_time: 26.0min
Epoch:[1/1](23380/56608), loss: 1.7362, logits_loss: 1.7362, aux_loss: 0.0000, lr: 0.00000671, epoch_time: 26.0min
Epoch:[1/1](23400/56608), loss: 1.5498, logits_loss: 1.5498, aux_loss: 0.0000, lr: 0.00000671, epoch_time: 26.0min
Epoch:[1/1](23420/56608), loss: 1.7267, logits_loss: 1.7267, aux_loss: 0.0000, lr: 0.00000670, epoch_time: 26.0min
Epoch:[1/1](23440/56608), loss: 1.6529, logits_loss: 1.6529, aux_loss: 0.0000, lr: 0.00000670, epoch_time: 26.0min
Epoch:[1/1](23460/56608), loss: 1.8436, logits_loss: 1.8436, aux_loss: 0.0000, lr: 0.00000670, epoch_time: 26.0min
Epoch:[1/1](23480/56608), loss: 1.7050, logits_loss: 1.7050, aux_loss: 0.0000, lr: 0.00000669, epoch_time: 26.0min
Epoch:[1/1](23500/56608), loss: 1.8928, logits_loss: 1.8928, aux_loss: 0.0000, lr: 0.00000669, epoch_time: 26.0min
Epoch:[1/1](23520/56608), loss: 1.7010, logits_loss: 1.7010, aux_loss: 0.0000, lr: 0.00000668, epoch_time: 26.0min
Epoch:[1/1](23540/56608), loss: 1.8213, logits_loss: 1.8213, aux_loss: 0.0000, lr: 0.00000668, epoch_time: 26.0min
Epoch:[1/1](23560/56608), loss: 1.7334, logits_loss: 1.7334, aux_loss: 0.0000, lr: 0.00000667, epoch_time: 26.0min
Epoch:[1/1](23580/56608), loss: 1.6692, logits_loss: 1.6692, aux_loss: 0.0000, lr: 0.00000667, epoch_time: 26.0min
Epoch:[1/1](23600/56608), loss: 1.8238, logits_loss: 1.8238, aux_loss: 0.0000, lr: 0.00000666, epoch_time: 26.0min
Epoch:[1/1](23620/56608), loss: 1.9102, logits_loss: 1.9102, aux_loss: 0.0000, lr: 0.00000666, epoch_time: 26.0min
Epoch:[1/1](23640/56608), loss: 1.8084, logits_loss: 1.8084, aux_loss: 0.0000, lr: 0.00000665, epoch_time: 26.0min
Epoch:[1/1](23660/56608), loss: 1.9650, logits_loss: 1.9650, aux_loss: 0.0000, lr: 0.00000665, epoch_time: 26.0min
Epoch:[1/1](23680/56608), loss: 1.7787, logits_loss: 1.7787, aux_loss: 0.0000, lr: 0.00000664, epoch_time: 26.0min
Epoch:[1/1](23700/56608), loss: 1.9291, logits_loss: 1.9291, aux_loss: 0.0000, lr: 0.00000664, epoch_time: 26.0min
Epoch:[1/1](23720/56608), loss: 1.7860, logits_loss: 1.7860, aux_loss: 0.0000, lr: 0.00000663, epoch_time: 25.0min
Epoch:[1/1](23740/56608), loss: 1.9437, logits_loss: 1.9437, aux_loss: 0.0000, lr: 0.00000663, epoch_time: 25.0min
Epoch:[1/1](23760/56608), loss: 1.7668, logits_loss: 1.7668, aux_loss: 0.0000, lr: 0.00000662, epoch_time: 25.0min
Epoch:[1/1](23780/56608), loss: 1.7881, logits_loss: 1.7881, aux_loss: 0.0000, lr: 0.00000662, epoch_time: 25.0min
Epoch:[1/1](23800/56608), loss: 1.9127, logits_loss: 1.9127, aux_loss: 0.0000, lr: 0.00000661, epoch_time: 25.0min
Epoch:[1/1](23820/56608), loss: 1.7188, logits_loss: 1.7188, aux_loss: 0.0000, lr: 0.00000661, epoch_time: 25.0min
Epoch:[1/1](23840/56608), loss: 1.7545, logits_loss: 1.7545, aux_loss: 0.0000, lr: 0.00000660, epoch_time: 25.0min
Epoch:[1/1](23860/56608), loss: 1.8117, logits_loss: 1.8117, aux_loss: 0.0000, lr: 0.00000660, epoch_time: 25.0min
Epoch:[1/1](23880/56608), loss: 1.4973, logits_loss: 1.4973, aux_loss: 0.0000, lr: 0.00000659, epoch_time: 25.0min
Epoch:[1/1](23900/56608), loss: 1.5616, logits_loss: 1.5616, aux_loss: 0.0000, lr: 0.00000659, epoch_time: 25.0min
Epoch:[1/1](23920/56608), loss: 1.8460, logits_loss: 1.8460, aux_loss: 0.0000, lr: 0.00000658, epoch_time: 25.0min
Epoch:[1/1](23940/56608), loss: 1.6824, logits_loss: 1.6824, aux_loss: 0.0000, lr: 0.00000658, epoch_time: 25.0min
Epoch:[1/1](23960/56608), loss: 1.9294, logits_loss: 1.9294, aux_loss: 0.0000, lr: 0.00000657, epoch_time: 25.0min
Epoch:[1/1](23980/56608), loss: 1.7097, logits_loss: 1.7097, aux_loss: 0.0000, lr: 0.00000657, epoch_time: 25.0min
Epoch:[1/1](24000/56608), loss: 1.8294, logits_loss: 1.8294, aux_loss: 0.0000, lr: 0.00000656, epoch_time: 25.0min
Epoch:[1/1](24020/56608), loss: 1.7838, logits_loss: 1.7838, aux_loss: 0.0000, lr: 0.00000656, epoch_time: 25.0min
Epoch:[1/1](24040/56608), loss: 1.6382, logits_loss: 1.6382, aux_loss: 0.0000, lr: 0.00000655, epoch_time: 25.0min
Epoch:[1/1](24060/56608), loss: 1.6519, logits_loss: 1.6519, aux_loss: 0.0000, lr: 0.00000655, epoch_time: 25.0min
Epoch:[1/1](24080/56608), loss: 1.6781, logits_loss: 1.6781, aux_loss: 0.0000, lr: 0.00000655, epoch_time: 25.0min
Epoch:[1/1](24100/56608), loss: 2.1488, logits_loss: 2.1488, aux_loss: 0.0000, lr: 0.00000654, epoch_time: 25.0min
Epoch:[1/1](24120/56608), loss: 1.6548, logits_loss: 1.6548, aux_loss: 0.0000, lr: 0.00000654, epoch_time: 25.0min
Epoch:[1/1](24140/56608), loss: 1.8241, logits_loss: 1.8241, aux_loss: 0.0000, lr: 0.00000653, epoch_time: 25.0min
Epoch:[1/1](24160/56608), loss: 1.9770, logits_loss: 1.9770, aux_loss: 0.0000, lr: 0.00000653, epoch_time: 25.0min
Epoch:[1/1](24180/56608), loss: 1.8548, logits_loss: 1.8548, aux_loss: 0.0000, lr: 0.00000652, epoch_time: 25.0min
Epoch:[1/1](24200/56608), loss: 1.6486, logits_loss: 1.6486, aux_loss: 0.0000, lr: 0.00000652, epoch_time: 25.0min
Epoch:[1/1](24220/56608), loss: 1.6789, logits_loss: 1.6789, aux_loss: 0.0000, lr: 0.00000651, epoch_time: 25.0min
Epoch:[1/1](24240/56608), loss: 1.6914, logits_loss: 1.6914, aux_loss: 0.0000, lr: 0.00000651, epoch_time: 25.0min
Epoch:[1/1](24260/56608), loss: 1.8845, logits_loss: 1.8845, aux_loss: 0.0000, lr: 0.00000650, epoch_time: 25.0min
Epoch:[1/1](24280/56608), loss: 1.7115, logits_loss: 1.7115, aux_loss: 0.0000, lr: 0.00000650, epoch_time: 25.0min
Epoch:[1/1](24300/56608), loss: 1.9231, logits_loss: 1.9231, aux_loss: 0.0000, lr: 0.00000649, epoch_time: 25.0min
Epoch:[1/1](24320/56608), loss: 1.8100, logits_loss: 1.8100, aux_loss: 0.0000, lr: 0.00000649, epoch_time: 25.0min
Epoch:[1/1](24340/56608), loss: 1.8180, logits_loss: 1.8180, aux_loss: 0.0000, lr: 0.00000648, epoch_time: 25.0min
Epoch:[1/1](24360/56608), loss: 1.8505, logits_loss: 1.8505, aux_loss: 0.0000, lr: 0.00000648, epoch_time: 25.0min
Epoch:[1/1](24380/56608), loss: 1.8373, logits_loss: 1.8373, aux_loss: 0.0000, lr: 0.00000647, epoch_time: 25.0min
Epoch:[1/1](24400/56608), loss: 1.7564, logits_loss: 1.7564, aux_loss: 0.0000, lr: 0.00000647, epoch_time: 25.0min
Epoch:[1/1](24420/56608), loss: 1.7808, logits_loss: 1.7808, aux_loss: 0.0000, lr: 0.00000646, epoch_time: 25.0min
Epoch:[1/1](24440/56608), loss: 1.8167, logits_loss: 1.8167, aux_loss: 0.0000, lr: 0.00000646, epoch_time: 25.0min
Epoch:[1/1](24460/56608), loss: 1.7988, logits_loss: 1.7988, aux_loss: 0.0000, lr: 0.00000645, epoch_time: 25.0min
Epoch:[1/1](24480/56608), loss: 1.8830, logits_loss: 1.8830, aux_loss: 0.0000, lr: 0.00000645, epoch_time: 25.0min
Epoch:[1/1](24500/56608), loss: 1.9297, logits_loss: 1.9297, aux_loss: 0.0000, lr: 0.00000644, epoch_time: 25.0min
Epoch:[1/1](24520/56608), loss: 1.9689, logits_loss: 1.9689, aux_loss: 0.0000, lr: 0.00000644, epoch_time: 25.0min
Epoch:[1/1](24540/56608), loss: 1.8901, logits_loss: 1.8901, aux_loss: 0.0000, lr: 0.00000643, epoch_time: 25.0min
Epoch:[1/1](24560/56608), loss: 1.7595, logits_loss: 1.7595, aux_loss: 0.0000, lr: 0.00000643, epoch_time: 25.0min
Epoch:[1/1](24580/56608), loss: 1.6791, logits_loss: 1.6791, aux_loss: 0.0000, lr: 0.00000642, epoch_time: 25.0min
Epoch:[1/1](24600/56608), loss: 1.7918, logits_loss: 1.7918, aux_loss: 0.0000, lr: 0.00000642, epoch_time: 25.0min
Epoch:[1/1](24620/56608), loss: 1.7561, logits_loss: 1.7561, aux_loss: 0.0000, lr: 0.00000641, epoch_time: 25.0min
Epoch:[1/1](24640/56608), loss: 1.9361, logits_loss: 1.9361, aux_loss: 0.0000, lr: 0.00000641, epoch_time: 25.0min
Epoch:[1/1](24660/56608), loss: 1.8991, logits_loss: 1.8991, aux_loss: 0.0000, lr: 0.00000640, epoch_time: 25.0min
Epoch:[1/1](24680/56608), loss: 1.8393, logits_loss: 1.8393, aux_loss: 0.0000, lr: 0.00000640, epoch_time: 25.0min
Epoch:[1/1](24700/56608), loss: 1.6840, logits_loss: 1.6840, aux_loss: 0.0000, lr: 0.00000639, epoch_time: 25.0min
Epoch:[1/1](24720/56608), loss: 1.8286, logits_loss: 1.8286, aux_loss: 0.0000, lr: 0.00000639, epoch_time: 25.0min
Epoch:[1/1](24740/56608), loss: 1.6969, logits_loss: 1.6969, aux_loss: 0.0000, lr: 0.00000638, epoch_time: 25.0min
Epoch:[1/1](24760/56608), loss: 1.8352, logits_loss: 1.8352, aux_loss: 0.0000, lr: 0.00000638, epoch_time: 25.0min
Epoch:[1/1](24780/56608), loss: 1.9584, logits_loss: 1.9584, aux_loss: 0.0000, lr: 0.00000637, epoch_time: 25.0min
Epoch:[1/1](24800/56608), loss: 1.7018, logits_loss: 1.7018, aux_loss: 0.0000, lr: 0.00000637, epoch_time: 25.0min
Epoch:[1/1](24820/56608), loss: 1.6509, logits_loss: 1.6509, aux_loss: 0.0000, lr: 0.00000636, epoch_time: 25.0min
Epoch:[1/1](24840/56608), loss: 1.6376, logits_loss: 1.6376, aux_loss: 0.0000, lr: 0.00000636, epoch_time: 25.0min
Epoch:[1/1](24860/56608), loss: 1.8367, logits_loss: 1.8367, aux_loss: 0.0000, lr: 0.00000635, epoch_time: 25.0min
Epoch:[1/1](24880/56608), loss: 1.7682, logits_loss: 1.7682, aux_loss: 0.0000, lr: 0.00000635, epoch_time: 25.0min
Epoch:[1/1](24900/56608), loss: 1.8702, logits_loss: 1.8702, aux_loss: 0.0000, lr: 0.00000635, epoch_time: 25.0min
Epoch:[1/1](24920/56608), loss: 1.6309, logits_loss: 1.6309, aux_loss: 0.0000, lr: 0.00000634, epoch_time: 25.0min
Epoch:[1/1](24940/56608), loss: 1.7301, logits_loss: 1.7301, aux_loss: 0.0000, lr: 0.00000634, epoch_time: 25.0min
Epoch:[1/1](24960/56608), loss: 1.8340, logits_loss: 1.8340, aux_loss: 0.0000, lr: 0.00000633, epoch_time: 24.0min
Epoch:[1/1](24980/56608), loss: 1.8286, logits_loss: 1.8286, aux_loss: 0.0000, lr: 0.00000633, epoch_time: 24.0min
Epoch:[1/1](25000/56608), loss: 1.7708, logits_loss: 1.7708, aux_loss: 0.0000, lr: 0.00000632, epoch_time: 24.0min
Epoch:[1/1](25020/56608), loss: 1.8600, logits_loss: 1.8600, aux_loss: 0.0000, lr: 0.00000632, epoch_time: 25.0min
Epoch:[1/1](25040/56608), loss: 1.7666, logits_loss: 1.7666, aux_loss: 0.0000, lr: 0.00000631, epoch_time: 24.0min
Epoch:[1/1](25060/56608), loss: 1.6856, logits_loss: 1.6856, aux_loss: 0.0000, lr: 0.00000631, epoch_time: 24.0min
Epoch:[1/1](25080/56608), loss: 1.7829, logits_loss: 1.7829, aux_loss: 0.0000, lr: 0.00000630, epoch_time: 24.0min
Epoch:[1/1](25100/56608), loss: 1.8185, logits_loss: 1.8185, aux_loss: 0.0000, lr: 0.00000630, epoch_time: 24.0min
Epoch:[1/1](25120/56608), loss: 1.9014, logits_loss: 1.9014, aux_loss: 0.0000, lr: 0.00000629, epoch_time: 24.0min
Epoch:[1/1](25140/56608), loss: 1.4810, logits_loss: 1.4810, aux_loss: 0.0000, lr: 0.00000629, epoch_time: 24.0min
Epoch:[1/1](25160/56608), loss: 1.9904, logits_loss: 1.9904, aux_loss: 0.0000, lr: 0.00000628, epoch_time: 24.0min
Epoch:[1/1](25180/56608), loss: 1.6969, logits_loss: 1.6969, aux_loss: 0.0000, lr: 0.00000628, epoch_time: 24.0min
Epoch:[1/1](25200/56608), loss: 1.6162, logits_loss: 1.6162, aux_loss: 0.0000, lr: 0.00000627, epoch_time: 24.0min
Epoch:[1/1](25220/56608), loss: 1.6736, logits_loss: 1.6736, aux_loss: 0.0000, lr: 0.00000627, epoch_time: 24.0min
Epoch:[1/1](25240/56608), loss: 2.0184, logits_loss: 2.0184, aux_loss: 0.0000, lr: 0.00000626, epoch_time: 24.0min
Epoch:[1/1](25260/56608), loss: 1.7715, logits_loss: 1.7715, aux_loss: 0.0000, lr: 0.00000626, epoch_time: 24.0min
Epoch:[1/1](25280/56608), loss: 1.7638, logits_loss: 1.7638, aux_loss: 0.0000, lr: 0.00000625, epoch_time: 24.0min
Epoch:[1/1](25300/56608), loss: 1.8480, logits_loss: 1.8480, aux_loss: 0.0000, lr: 0.00000625, epoch_time: 24.0min
Epoch:[1/1](25320/56608), loss: 1.9263, logits_loss: 1.9263, aux_loss: 0.0000, lr: 0.00000624, epoch_time: 24.0min
Epoch:[1/1](25340/56608), loss: 1.7593, logits_loss: 1.7593, aux_loss: 0.0000, lr: 0.00000624, epoch_time: 24.0min
Epoch:[1/1](25360/56608), loss: 1.8772, logits_loss: 1.8772, aux_loss: 0.0000, lr: 0.00000623, epoch_time: 24.0min
Epoch:[1/1](25380/56608), loss: 1.6802, logits_loss: 1.6802, aux_loss: 0.0000, lr: 0.00000623, epoch_time: 24.0min
Epoch:[1/1](25400/56608), loss: 1.7136, logits_loss: 1.7136, aux_loss: 0.0000, lr: 0.00000622, epoch_time: 24.0min
Epoch:[1/1](25420/56608), loss: 1.7829, logits_loss: 1.7829, aux_loss: 0.0000, lr: 0.00000622, epoch_time: 24.0min
Epoch:[1/1](25440/56608), loss: 1.7734, logits_loss: 1.7734, aux_loss: 0.0000, lr: 0.00000621, epoch_time: 24.0min
Epoch:[1/1](25460/56608), loss: 1.9075, logits_loss: 1.9075, aux_loss: 0.0000, lr: 0.00000621, epoch_time: 24.0min
Epoch:[1/1](25480/56608), loss: 1.7166, logits_loss: 1.7166, aux_loss: 0.0000, lr: 0.00000620, epoch_time: 24.0min
Epoch:[1/1](25500/56608), loss: 1.8954, logits_loss: 1.8954, aux_loss: 0.0000, lr: 0.00000620, epoch_time: 24.0min
Epoch:[1/1](25520/56608), loss: 1.9829, logits_loss: 1.9829, aux_loss: 0.0000, lr: 0.00000619, epoch_time: 24.0min
Epoch:[1/1](25540/56608), loss: 1.8329, logits_loss: 1.8329, aux_loss: 0.0000, lr: 0.00000619, epoch_time: 24.0min
Epoch:[1/1](25560/56608), loss: 1.4369, logits_loss: 1.4369, aux_loss: 0.0000, lr: 0.00000618, epoch_time: 24.0min
Epoch:[1/1](25580/56608), loss: 1.7119, logits_loss: 1.7119, aux_loss: 0.0000, lr: 0.00000618, epoch_time: 24.0min
Epoch:[1/1](25600/56608), loss: 1.8754, logits_loss: 1.8754, aux_loss: 0.0000, lr: 0.00000617, epoch_time: 24.0min
Epoch:[1/1](25620/56608), loss: 1.6793, logits_loss: 1.6793, aux_loss: 0.0000, lr: 0.00000617, epoch_time: 24.0min
Epoch:[1/1](25640/56608), loss: 1.6726, logits_loss: 1.6726, aux_loss: 0.0000, lr: 0.00000616, epoch_time: 24.0min
Epoch:[1/1](25660/56608), loss: 1.5979, logits_loss: 1.5979, aux_loss: 0.0000, lr: 0.00000616, epoch_time: 24.0min
Epoch:[1/1](25680/56608), loss: 1.9143, logits_loss: 1.9143, aux_loss: 0.0000, lr: 0.00000615, epoch_time: 24.0min
Epoch:[1/1](25700/56608), loss: 1.7834, logits_loss: 1.7834, aux_loss: 0.0000, lr: 0.00000615, epoch_time: 24.0min
Epoch:[1/1](25720/56608), loss: 1.6143, logits_loss: 1.6143, aux_loss: 0.0000, lr: 0.00000614, epoch_time: 24.0min
Epoch:[1/1](25740/56608), loss: 1.5443, logits_loss: 1.5443, aux_loss: 0.0000, lr: 0.00000614, epoch_time: 24.0min
Epoch:[1/1](25760/56608), loss: 1.6630, logits_loss: 1.6630, aux_loss: 0.0000, lr: 0.00000613, epoch_time: 24.0min
Epoch:[1/1](25780/56608), loss: 1.8078, logits_loss: 1.8078, aux_loss: 0.0000, lr: 0.00000613, epoch_time: 24.0min
Epoch:[1/1](25800/56608), loss: 1.7457, logits_loss: 1.7457, aux_loss: 0.0000, lr: 0.00000612, epoch_time: 24.0min
Epoch:[1/1](25820/56608), loss: 1.6839, logits_loss: 1.6839, aux_loss: 0.0000, lr: 0.00000612, epoch_time: 24.0min
Epoch:[1/1](25840/56608), loss: 1.7043, logits_loss: 1.7043, aux_loss: 0.0000, lr: 0.00000611, epoch_time: 24.0min
Epoch:[1/1](25860/56608), loss: 1.6751, logits_loss: 1.6751, aux_loss: 0.0000, lr: 0.00000611, epoch_time: 24.0min
Epoch:[1/1](25880/56608), loss: 1.8006, logits_loss: 1.8006, aux_loss: 0.0000, lr: 0.00000610, epoch_time: 24.0min
Epoch:[1/1](25900/56608), loss: 1.8747, logits_loss: 1.8747, aux_loss: 0.0000, lr: 0.00000610, epoch_time: 24.0min
Epoch:[1/1](25920/56608), loss: 1.7253, logits_loss: 1.7253, aux_loss: 0.0000, lr: 0.00000609, epoch_time: 24.0min
Epoch:[1/1](25940/56608), loss: 1.7803, logits_loss: 1.7803, aux_loss: 0.0000, lr: 0.00000609, epoch_time: 24.0min
Epoch:[1/1](25960/56608), loss: 1.5096, logits_loss: 1.5096, aux_loss: 0.0000, lr: 0.00000608, epoch_time: 24.0min
Epoch:[1/1](25980/56608), loss: 1.6940, logits_loss: 1.6940, aux_loss: 0.0000, lr: 0.00000608, epoch_time: 24.0min
Epoch:[1/1](26000/56608), loss: 1.8805, logits_loss: 1.8805, aux_loss: 0.0000, lr: 0.00000607, epoch_time: 24.0min
Epoch:[1/1](26020/56608), loss: 1.7955, logits_loss: 1.7955, aux_loss: 0.0000, lr: 0.00000607, epoch_time: 24.0min
Epoch:[1/1](26040/56608), loss: 1.4771, logits_loss: 1.4771, aux_loss: 0.0000, lr: 0.00000606, epoch_time: 24.0min
Epoch:[1/1](26060/56608), loss: 1.7016, logits_loss: 1.7016, aux_loss: 0.0000, lr: 0.00000606, epoch_time: 24.0min
Epoch:[1/1](26080/56608), loss: 1.6678, logits_loss: 1.6678, aux_loss: 0.0000, lr: 0.00000605, epoch_time: 24.0min
Epoch:[1/1](26100/56608), loss: 1.8084, logits_loss: 1.8084, aux_loss: 0.0000, lr: 0.00000605, epoch_time: 24.0min
Epoch:[1/1](26120/56608), loss: 1.8599, logits_loss: 1.8599, aux_loss: 0.0000, lr: 0.00000604, epoch_time: 24.0min
Epoch:[1/1](26140/56608), loss: 1.5905, logits_loss: 1.5905, aux_loss: 0.0000, lr: 0.00000604, epoch_time: 24.0min
Epoch:[1/1](26160/56608), loss: 1.6579, logits_loss: 1.6579, aux_loss: 0.0000, lr: 0.00000603, epoch_time: 24.0min
Epoch:[1/1](26180/56608), loss: 1.6883, logits_loss: 1.6883, aux_loss: 0.0000, lr: 0.00000603, epoch_time: 24.0min
Epoch:[1/1](26200/56608), loss: 1.8685, logits_loss: 1.8685, aux_loss: 0.0000, lr: 0.00000602, epoch_time: 24.0min
Epoch:[1/1](26220/56608), loss: 1.7769, logits_loss: 1.7769, aux_loss: 0.0000, lr: 0.00000602, epoch_time: 24.0min
Epoch:[1/1](26240/56608), loss: 1.6381, logits_loss: 1.6381, aux_loss: 0.0000, lr: 0.00000601, epoch_time: 24.0min
Epoch:[1/1](26260/56608), loss: 1.7098, logits_loss: 1.7098, aux_loss: 0.0000, lr: 0.00000601, epoch_time: 24.0min
Epoch:[1/1](26280/56608), loss: 1.8196, logits_loss: 1.8196, aux_loss: 0.0000, lr: 0.00000600, epoch_time: 24.0min
Epoch:[1/1](26300/56608), loss: 1.7134, logits_loss: 1.7134, aux_loss: 0.0000, lr: 0.00000600, epoch_time: 23.0min
Epoch:[1/1](26320/56608), loss: 1.7906, logits_loss: 1.7906, aux_loss: 0.0000, lr: 0.00000599, epoch_time: 23.0min
Epoch:[1/1](26340/56608), loss: 1.8575, logits_loss: 1.8575, aux_loss: 0.0000, lr: 0.00000599, epoch_time: 23.0min
Epoch:[1/1](26360/56608), loss: 1.7850, logits_loss: 1.7850, aux_loss: 0.0000, lr: 0.00000598, epoch_time: 23.0min
Epoch:[1/1](26380/56608), loss: 2.0343, logits_loss: 2.0343, aux_loss: 0.0000, lr: 0.00000598, epoch_time: 23.0min
Epoch:[1/1](26400/56608), loss: 1.5610, logits_loss: 1.5610, aux_loss: 0.0000, lr: 0.00000597, epoch_time: 23.0min
Epoch:[1/1](26420/56608), loss: 1.7048, logits_loss: 1.7048, aux_loss: 0.0000, lr: 0.00000597, epoch_time: 23.0min
Epoch:[1/1](26440/56608), loss: 1.8080, logits_loss: 1.8080, aux_loss: 0.0000, lr: 0.00000596, epoch_time: 23.0min
Epoch:[1/1](26460/56608), loss: 1.6891, logits_loss: 1.6891, aux_loss: 0.0000, lr: 0.00000596, epoch_time: 23.0min
Epoch:[1/1](26480/56608), loss: 1.8050, logits_loss: 1.8050, aux_loss: 0.0000, lr: 0.00000595, epoch_time: 23.0min
Epoch:[1/1](26500/56608), loss: 1.7162, logits_loss: 1.7162, aux_loss: 0.0000, lr: 0.00000595, epoch_time: 23.0min
Epoch:[1/1](26520/56608), loss: 1.7618, logits_loss: 1.7618, aux_loss: 0.0000, lr: 0.00000594, epoch_time: 23.0min
Epoch:[1/1](26540/56608), loss: 1.7740, logits_loss: 1.7740, aux_loss: 0.0000, lr: 0.00000594, epoch_time: 23.0min
Epoch:[1/1](26560/56608), loss: 1.8036, logits_loss: 1.8036, aux_loss: 0.0000, lr: 0.00000593, epoch_time: 23.0min
Epoch:[1/1](26580/56608), loss: 1.7414, logits_loss: 1.7414, aux_loss: 0.0000, lr: 0.00000593, epoch_time: 23.0min
Epoch:[1/1](26600/56608), loss: 1.8543, logits_loss: 1.8543, aux_loss: 0.0000, lr: 0.00000592, epoch_time: 23.0min
Epoch:[1/1](26620/56608), loss: 1.7331, logits_loss: 1.7331, aux_loss: 0.0000, lr: 0.00000592, epoch_time: 23.0min
Epoch:[1/1](26640/56608), loss: 1.7560, logits_loss: 1.7560, aux_loss: 0.0000, lr: 0.00000591, epoch_time: 23.0min
Epoch:[1/1](26660/56608), loss: 1.6143, logits_loss: 1.6143, aux_loss: 0.0000, lr: 0.00000591, epoch_time: 23.0min
Epoch:[1/1](26680/56608), loss: 1.7489, logits_loss: 1.7489, aux_loss: 0.0000, lr: 0.00000591, epoch_time: 23.0min
Epoch:[1/1](26700/56608), loss: 1.7887, logits_loss: 1.7887, aux_loss: 0.0000, lr: 0.00000590, epoch_time: 23.0min
Epoch:[1/1](26720/56608), loss: 1.7916, logits_loss: 1.7916, aux_loss: 0.0000, lr: 0.00000590, epoch_time: 23.0min
Epoch:[1/1](26740/56608), loss: 1.8129, logits_loss: 1.8129, aux_loss: 0.0000, lr: 0.00000589, epoch_time: 23.0min
Epoch:[1/1](26760/56608), loss: 1.6407, logits_loss: 1.6407, aux_loss: 0.0000, lr: 0.00000589, epoch_time: 23.0min
Epoch:[1/1](26780/56608), loss: 1.7223, logits_loss: 1.7223, aux_loss: 0.0000, lr: 0.00000588, epoch_time: 23.0min
Epoch:[1/1](26800/56608), loss: 1.6961, logits_loss: 1.6961, aux_loss: 0.0000, lr: 0.00000588, epoch_time: 23.0min
Epoch:[1/1](26820/56608), loss: 1.6380, logits_loss: 1.6380, aux_loss: 0.0000, lr: 0.00000587, epoch_time: 23.0min
Epoch:[1/1](26840/56608), loss: 1.8005, logits_loss: 1.8005, aux_loss: 0.0000, lr: 0.00000587, epoch_time: 23.0min
Epoch:[1/1](26860/56608), loss: 1.9361, logits_loss: 1.9361, aux_loss: 0.0000, lr: 0.00000586, epoch_time: 23.0min
Epoch:[1/1](26880/56608), loss: 1.7323, logits_loss: 1.7323, aux_loss: 0.0000, lr: 0.00000586, epoch_time: 23.0min
Epoch:[1/1](26900/56608), loss: 1.7699, logits_loss: 1.7699, aux_loss: 0.0000, lr: 0.00000585, epoch_time: 23.0min
Epoch:[1/1](26920/56608), loss: 1.5769, logits_loss: 1.5769, aux_loss: 0.0000, lr: 0.00000585, epoch_time: 23.0min
Epoch:[1/1](26940/56608), loss: 1.6106, logits_loss: 1.6106, aux_loss: 0.0000, lr: 0.00000584, epoch_time: 23.0min
Epoch:[1/1](26960/56608), loss: 1.5044, logits_loss: 1.5044, aux_loss: 0.0000, lr: 0.00000584, epoch_time: 23.0min
Epoch:[1/1](26980/56608), loss: 1.8635, logits_loss: 1.8635, aux_loss: 0.0000, lr: 0.00000583, epoch_time: 23.0min
Epoch:[1/1](27000/56608), loss: 1.7350, logits_loss: 1.7350, aux_loss: 0.0000, lr: 0.00000583, epoch_time: 23.0min
Epoch:[1/1](27020/56608), loss: 1.6626, logits_loss: 1.6626, aux_loss: 0.0000, lr: 0.00000582, epoch_time: 23.0min
Epoch:[1/1](27040/56608), loss: 1.7828, logits_loss: 1.7828, aux_loss: 0.0000, lr: 0.00000582, epoch_time: 23.0min
Epoch:[1/1](27060/56608), loss: 1.8133, logits_loss: 1.8133, aux_loss: 0.0000, lr: 0.00000581, epoch_time: 23.0min
Epoch:[1/1](27080/56608), loss: 1.7878, logits_loss: 1.7878, aux_loss: 0.0000, lr: 0.00000581, epoch_time: 23.0min
Epoch:[1/1](27100/56608), loss: 1.6192, logits_loss: 1.6192, aux_loss: 0.0000, lr: 0.00000580, epoch_time: 23.0min
Epoch:[1/1](27120/56608), loss: 1.8226, logits_loss: 1.8226, aux_loss: 0.0000, lr: 0.00000580, epoch_time: 23.0min
Epoch:[1/1](27140/56608), loss: 1.8179, logits_loss: 1.8179, aux_loss: 0.0000, lr: 0.00000579, epoch_time: 23.0min
Epoch:[1/1](27160/56608), loss: 1.5667, logits_loss: 1.5667, aux_loss: 0.0000, lr: 0.00000579, epoch_time: 23.0min
Epoch:[1/1](27180/56608), loss: 1.7091, logits_loss: 1.7091, aux_loss: 0.0000, lr: 0.00000578, epoch_time: 23.0min
Epoch:[1/1](27200/56608), loss: 1.8941, logits_loss: 1.8941, aux_loss: 0.0000, lr: 0.00000578, epoch_time: 23.0min
Epoch:[1/1](27220/56608), loss: 1.6119, logits_loss: 1.6119, aux_loss: 0.0000, lr: 0.00000577, epoch_time: 23.0min
Epoch:[1/1](27240/56608), loss: 1.7520, logits_loss: 1.7520, aux_loss: 0.0000, lr: 0.00000577, epoch_time: 23.0min
Epoch:[1/1](27260/56608), loss: 1.7339, logits_loss: 1.7339, aux_loss: 0.0000, lr: 0.00000576, epoch_time: 23.0min
Epoch:[1/1](27280/56608), loss: 1.7349, logits_loss: 1.7349, aux_loss: 0.0000, lr: 0.00000576, epoch_time: 23.0min
Epoch:[1/1](27300/56608), loss: 1.6003, logits_loss: 1.6003, aux_loss: 0.0000, lr: 0.00000575, epoch_time: 23.0min
Epoch:[1/1](27320/56608), loss: 1.5585, logits_loss: 1.5585, aux_loss: 0.0000, lr: 0.00000575, epoch_time: 23.0min
Epoch:[1/1](27340/56608), loss: 1.4788, logits_loss: 1.4788, aux_loss: 0.0000, lr: 0.00000574, epoch_time: 23.0min
Epoch:[1/1](27360/56608), loss: 1.5848, logits_loss: 1.5848, aux_loss: 0.0000, lr: 0.00000574, epoch_time: 23.0min
Epoch:[1/1](27380/56608), loss: 1.9304, logits_loss: 1.9304, aux_loss: 0.0000, lr: 0.00000573, epoch_time: 23.0min
Epoch:[1/1](27400/56608), loss: 1.6456, logits_loss: 1.6456, aux_loss: 0.0000, lr: 0.00000573, epoch_time: 23.0min
Epoch:[1/1](27420/56608), loss: 1.6999, logits_loss: 1.6999, aux_loss: 0.0000, lr: 0.00000572, epoch_time: 23.0min
Epoch:[1/1](27440/56608), loss: 1.9418, logits_loss: 1.9418, aux_loss: 0.0000, lr: 0.00000572, epoch_time: 23.0min
Epoch:[1/1](27460/56608), loss: 1.7922, logits_loss: 1.7922, aux_loss: 0.0000, lr: 0.00000571, epoch_time: 23.0min
Epoch:[1/1](27480/56608), loss: 1.8495, logits_loss: 1.8495, aux_loss: 0.0000, lr: 0.00000571, epoch_time: 23.0min
Epoch:[1/1](27500/56608), loss: 1.9011, logits_loss: 1.9011, aux_loss: 0.0000, lr: 0.00000570, epoch_time: 23.0min
Epoch:[1/1](27520/56608), loss: 1.6846, logits_loss: 1.6846, aux_loss: 0.0000, lr: 0.00000570, epoch_time: 23.0min
Epoch:[1/1](27540/56608), loss: 1.7429, logits_loss: 1.7429, aux_loss: 0.0000, lr: 0.00000569, epoch_time: 23.0min
Epoch:[1/1](27560/56608), loss: 1.7310, logits_loss: 1.7310, aux_loss: 0.0000, lr: 0.00000569, epoch_time: 22.0min
Epoch:[1/1](27580/56608), loss: 1.8208, logits_loss: 1.8208, aux_loss: 0.0000, lr: 0.00000568, epoch_time: 22.0min
Epoch:[1/1](27600/56608), loss: 1.6278, logits_loss: 1.6278, aux_loss: 0.0000, lr: 0.00000568, epoch_time: 22.0min
Epoch:[1/1](27620/56608), loss: 1.8314, logits_loss: 1.8314, aux_loss: 0.0000, lr: 0.00000567, epoch_time: 22.0min
Epoch:[1/1](27640/56608), loss: 1.8138, logits_loss: 1.8138, aux_loss: 0.0000, lr: 0.00000567, epoch_time: 22.0min
Epoch:[1/1](27660/56608), loss: 1.9541, logits_loss: 1.9541, aux_loss: 0.0000, lr: 0.00000566, epoch_time: 22.0min
Epoch:[1/1](27680/56608), loss: 1.9952, logits_loss: 1.9952, aux_loss: 0.0000, lr: 0.00000566, epoch_time: 22.0min
Epoch:[1/1](27700/56608), loss: 1.8388, logits_loss: 1.8388, aux_loss: 0.0000, lr: 0.00000565, epoch_time: 22.0min
Epoch:[1/1](27720/56608), loss: 1.7463, logits_loss: 1.7463, aux_loss: 0.0000, lr: 0.00000565, epoch_time: 22.0min
Epoch:[1/1](27740/56608), loss: 1.9292, logits_loss: 1.9292, aux_loss: 0.0000, lr: 0.00000564, epoch_time: 22.0min
Epoch:[1/1](27760/56608), loss: 1.8580, logits_loss: 1.8580, aux_loss: 0.0000, lr: 0.00000564, epoch_time: 22.0min
Epoch:[1/1](27780/56608), loss: 1.6108, logits_loss: 1.6108, aux_loss: 0.0000, lr: 0.00000563, epoch_time: 22.0min
Epoch:[1/1](27800/56608), loss: 1.7655, logits_loss: 1.7655, aux_loss: 0.0000, lr: 0.00000563, epoch_time: 22.0min
Epoch:[1/1](27820/56608), loss: 1.8914, logits_loss: 1.8914, aux_loss: 0.0000, lr: 0.00000562, epoch_time: 22.0min
Epoch:[1/1](27840/56608), loss: 1.7520, logits_loss: 1.7520, aux_loss: 0.0000, lr: 0.00000562, epoch_time: 22.0min
Epoch:[1/1](27860/56608), loss: 1.8809, logits_loss: 1.8809, aux_loss: 0.0000, lr: 0.00000561, epoch_time: 22.0min
Epoch:[1/1](27880/56608), loss: 1.6774, logits_loss: 1.6774, aux_loss: 0.0000, lr: 0.00000561, epoch_time: 22.0min
Epoch:[1/1](27900/56608), loss: 1.6812, logits_loss: 1.6812, aux_loss: 0.0000, lr: 0.00000560, epoch_time: 22.0min
Epoch:[1/1](27920/56608), loss: 1.8851, logits_loss: 1.8851, aux_loss: 0.0000, lr: 0.00000560, epoch_time: 22.0min
Epoch:[1/1](27940/56608), loss: 1.8047, logits_loss: 1.8047, aux_loss: 0.0000, lr: 0.00000559, epoch_time: 22.0min
Epoch:[1/1](27960/56608), loss: 1.7638, logits_loss: 1.7638, aux_loss: 0.0000, lr: 0.00000559, epoch_time: 22.0min
Epoch:[1/1](27980/56608), loss: 1.9881, logits_loss: 1.9881, aux_loss: 0.0000, lr: 0.00000558, epoch_time: 22.0min
Epoch:[1/1](28000/56608), loss: 1.7410, logits_loss: 1.7410, aux_loss: 0.0000, lr: 0.00000558, epoch_time: 22.0min
Epoch:[1/1](28020/56608), loss: 1.8315, logits_loss: 1.8315, aux_loss: 0.0000, lr: 0.00000557, epoch_time: 22.0min
Epoch:[1/1](28040/56608), loss: 2.0541, logits_loss: 2.0541, aux_loss: 0.0000, lr: 0.00000557, epoch_time: 22.0min
Epoch:[1/1](28060/56608), loss: 1.6871, logits_loss: 1.6871, aux_loss: 0.0000, lr: 0.00000556, epoch_time: 22.0min
Epoch:[1/1](28080/56608), loss: 1.7850, logits_loss: 1.7850, aux_loss: 0.0000, lr: 0.00000556, epoch_time: 22.0min
Epoch:[1/1](28100/56608), loss: 1.5392, logits_loss: 1.5392, aux_loss: 0.0000, lr: 0.00000555, epoch_time: 22.0min
Epoch:[1/1](28120/56608), loss: 1.7171, logits_loss: 1.7171, aux_loss: 0.0000, lr: 0.00000555, epoch_time: 22.0min
Epoch:[1/1](28140/56608), loss: 1.6146, logits_loss: 1.6146, aux_loss: 0.0000, lr: 0.00000554, epoch_time: 22.0min
Epoch:[1/1](28160/56608), loss: 1.7685, logits_loss: 1.7685, aux_loss: 0.0000, lr: 0.00000554, epoch_time: 22.0min
Epoch:[1/1](28180/56608), loss: 2.0143, logits_loss: 2.0143, aux_loss: 0.0000, lr: 0.00000553, epoch_time: 22.0min
Epoch:[1/1](28200/56608), loss: 1.7623, logits_loss: 1.7623, aux_loss: 0.0000, lr: 0.00000553, epoch_time: 22.0min
Epoch:[1/1](28220/56608), loss: 1.8425, logits_loss: 1.8425, aux_loss: 0.0000, lr: 0.00000552, epoch_time: 22.0min
Epoch:[1/1](28240/56608), loss: 1.8487, logits_loss: 1.8487, aux_loss: 0.0000, lr: 0.00000552, epoch_time: 22.0min
Epoch:[1/1](28260/56608), loss: 1.6469, logits_loss: 1.6469, aux_loss: 0.0000, lr: 0.00000551, epoch_time: 22.0min
Epoch:[1/1](28280/56608), loss: 1.9190, logits_loss: 1.9190, aux_loss: 0.0000, lr: 0.00000551, epoch_time: 22.0min
Epoch:[1/1](28300/56608), loss: 1.7693, logits_loss: 1.7693, aux_loss: 0.0000, lr: 0.00000550, epoch_time: 22.0min
Epoch:[1/1](28320/56608), loss: 1.8816, logits_loss: 1.8816, aux_loss: 0.0000, lr: 0.00000550, epoch_time: 22.0min
Epoch:[1/1](28340/56608), loss: 1.7262, logits_loss: 1.7262, aux_loss: 0.0000, lr: 0.00000549, epoch_time: 22.0min
Epoch:[1/1](28360/56608), loss: 1.8442, logits_loss: 1.8442, aux_loss: 0.0000, lr: 0.00000549, epoch_time: 22.0min
Epoch:[1/1](28380/56608), loss: 1.9192, logits_loss: 1.9192, aux_loss: 0.0000, lr: 0.00000548, epoch_time: 22.0min
Epoch:[1/1](28400/56608), loss: 1.7061, logits_loss: 1.7061, aux_loss: 0.0000, lr: 0.00000548, epoch_time: 22.0min
Epoch:[1/1](28420/56608), loss: 1.7851, logits_loss: 1.7851, aux_loss: 0.0000, lr: 0.00000547, epoch_time: 22.0min
Epoch:[1/1](28440/56608), loss: 1.5862, logits_loss: 1.5862, aux_loss: 0.0000, lr: 0.00000547, epoch_time: 22.0min
Epoch:[1/1](28460/56608), loss: 1.8102, logits_loss: 1.8102, aux_loss: 0.0000, lr: 0.00000546, epoch_time: 22.0min
Epoch:[1/1](28480/56608), loss: 1.7477, logits_loss: 1.7477, aux_loss: 0.0000, lr: 0.00000546, epoch_time: 22.0min
Epoch:[1/1](28500/56608), loss: 1.8080, logits_loss: 1.8080, aux_loss: 0.0000, lr: 0.00000545, epoch_time: 22.0min
Epoch:[1/1](28520/56608), loss: 1.7574, logits_loss: 1.7574, aux_loss: 0.0000, lr: 0.00000545, epoch_time: 22.0min
Epoch:[1/1](28540/56608), loss: 1.7900, logits_loss: 1.7900, aux_loss: 0.0000, lr: 0.00000544, epoch_time: 22.0min
Epoch:[1/1](28560/56608), loss: 1.8832, logits_loss: 1.8832, aux_loss: 0.0000, lr: 0.00000544, epoch_time: 22.0min
Epoch:[1/1](28580/56608), loss: 1.7759, logits_loss: 1.7759, aux_loss: 0.0000, lr: 0.00000543, epoch_time: 22.0min
Epoch:[1/1](28600/56608), loss: 1.7717, logits_loss: 1.7717, aux_loss: 0.0000, lr: 0.00000543, epoch_time: 22.0min
Epoch:[1/1](28620/56608), loss: 1.8971, logits_loss: 1.8971, aux_loss: 0.0000, lr: 0.00000542, epoch_time: 22.0min
Epoch:[1/1](28640/56608), loss: 1.9070, logits_loss: 1.9070, aux_loss: 0.0000, lr: 0.00000542, epoch_time: 22.0min
Epoch:[1/1](28660/56608), loss: 1.9841, logits_loss: 1.9841, aux_loss: 0.0000, lr: 0.00000541, epoch_time: 22.0min
Epoch:[1/1](28680/56608), loss: 1.8228, logits_loss: 1.8228, aux_loss: 0.0000, lr: 0.00000541, epoch_time: 22.0min
Epoch:[1/1](28700/56608), loss: 1.7538, logits_loss: 1.7538, aux_loss: 0.0000, lr: 0.00000540, epoch_time: 22.0min
Epoch:[1/1](28720/56608), loss: 1.5627, logits_loss: 1.5627, aux_loss: 0.0000, lr: 0.00000540, epoch_time: 22.0min
Epoch:[1/1](28740/56608), loss: 1.6222, logits_loss: 1.6222, aux_loss: 0.0000, lr: 0.00000539, epoch_time: 22.0min
Epoch:[1/1](28760/56608), loss: 1.9716, logits_loss: 1.9716, aux_loss: 0.0000, lr: 0.00000539, epoch_time: 22.0min
Epoch:[1/1](28780/56608), loss: 1.9176, logits_loss: 1.9176, aux_loss: 0.0000, lr: 0.00000538, epoch_time: 22.0min
Epoch:[1/1](28800/56608), loss: 1.7224, logits_loss: 1.7224, aux_loss: 0.0000, lr: 0.00000538, epoch_time: 21.0min
Epoch:[1/1](28820/56608), loss: 1.5975, logits_loss: 1.5975, aux_loss: 0.0000, lr: 0.00000537, epoch_time: 21.0min
Epoch:[1/1](28840/56608), loss: 1.4707, logits_loss: 1.4707, aux_loss: 0.0000, lr: 0.00000537, epoch_time: 21.0min
Epoch:[1/1](28860/56608), loss: 1.5626, logits_loss: 1.5626, aux_loss: 0.0000, lr: 0.00000536, epoch_time: 21.0min
Epoch:[1/1](28880/56608), loss: 1.7998, logits_loss: 1.7998, aux_loss: 0.0000, lr: 0.00000536, epoch_time: 21.0min
Epoch:[1/1](28900/56608), loss: 1.6655, logits_loss: 1.6655, aux_loss: 0.0000, lr: 0.00000535, epoch_time: 21.0min
Epoch:[1/1](28920/56608), loss: 1.8622, logits_loss: 1.8622, aux_loss: 0.0000, lr: 0.00000535, epoch_time: 21.0min
Epoch:[1/1](28940/56608), loss: 1.5938, logits_loss: 1.5938, aux_loss: 0.0000, lr: 0.00000534, epoch_time: 21.0min
Epoch:[1/1](28960/56608), loss: 1.6866, logits_loss: 1.6866, aux_loss: 0.0000, lr: 0.00000534, epoch_time: 21.0min
Epoch:[1/1](28980/56608), loss: 1.6659, logits_loss: 1.6659, aux_loss: 0.0000, lr: 0.00000533, epoch_time: 21.0min
Epoch:[1/1](29000/56608), loss: 1.7654, logits_loss: 1.7654, aux_loss: 0.0000, lr: 0.00000533, epoch_time: 21.0min
Epoch:[1/1](29020/56608), loss: 1.8192, logits_loss: 1.8192, aux_loss: 0.0000, lr: 0.00000532, epoch_time: 21.0min
Epoch:[1/1](29040/56608), loss: 1.8382, logits_loss: 1.8382, aux_loss: 0.0000, lr: 0.00000532, epoch_time: 21.0min
Epoch:[1/1](29060/56608), loss: 1.7490, logits_loss: 1.7490, aux_loss: 0.0000, lr: 0.00000531, epoch_time: 21.0min
Epoch:[1/1](29080/56608), loss: 2.0121, logits_loss: 2.0121, aux_loss: 0.0000, lr: 0.00000531, epoch_time: 21.0min
Epoch:[1/1](29100/56608), loss: 1.8250, logits_loss: 1.8250, aux_loss: 0.0000, lr: 0.00000530, epoch_time: 21.0min
Epoch:[1/1](29120/56608), loss: 1.6262, logits_loss: 1.6262, aux_loss: 0.0000, lr: 0.00000530, epoch_time: 21.0min
Epoch:[1/1](29140/56608), loss: 1.6503, logits_loss: 1.6503, aux_loss: 0.0000, lr: 0.00000529, epoch_time: 21.0min
Epoch:[1/1](29160/56608), loss: 1.7211, logits_loss: 1.7211, aux_loss: 0.0000, lr: 0.00000529, epoch_time: 21.0min
Epoch:[1/1](29180/56608), loss: 1.7432, logits_loss: 1.7432, aux_loss: 0.0000, lr: 0.00000528, epoch_time: 21.0min
Epoch:[1/1](29200/56608), loss: 1.7923, logits_loss: 1.7923, aux_loss: 0.0000, lr: 0.00000528, epoch_time: 21.0min
Epoch:[1/1](29220/56608), loss: 1.6092, logits_loss: 1.6092, aux_loss: 0.0000, lr: 0.00000527, epoch_time: 21.0min
Epoch:[1/1](29240/56608), loss: 1.7120, logits_loss: 1.7120, aux_loss: 0.0000, lr: 0.00000527, epoch_time: 21.0min
Epoch:[1/1](29260/56608), loss: 1.7022, logits_loss: 1.7022, aux_loss: 0.0000, lr: 0.00000526, epoch_time: 21.0min
Epoch:[1/1](29280/56608), loss: 1.8254, logits_loss: 1.8254, aux_loss: 0.0000, lr: 0.00000526, epoch_time: 21.0min
Epoch:[1/1](29300/56608), loss: 1.7838, logits_loss: 1.7838, aux_loss: 0.0000, lr: 0.00000525, epoch_time: 21.0min
Epoch:[1/1](29320/56608), loss: 1.8147, logits_loss: 1.8147, aux_loss: 0.0000, lr: 0.00000525, epoch_time: 21.0min
Epoch:[1/1](29340/56608), loss: 1.8482, logits_loss: 1.8482, aux_loss: 0.0000, lr: 0.00000524, epoch_time: 21.0min
Epoch:[1/1](29360/56608), loss: 1.8594, logits_loss: 1.8594, aux_loss: 0.0000, lr: 0.00000524, epoch_time: 21.0min
Epoch:[1/1](29380/56608), loss: 1.7700, logits_loss: 1.7700, aux_loss: 0.0000, lr: 0.00000523, epoch_time: 21.0min
Epoch:[1/1](29400/56608), loss: 1.7551, logits_loss: 1.7551, aux_loss: 0.0000, lr: 0.00000523, epoch_time: 21.0min
Epoch:[1/1](29420/56608), loss: 1.8019, logits_loss: 1.8019, aux_loss: 0.0000, lr: 0.00000522, epoch_time: 21.0min
Epoch:[1/1](29440/56608), loss: 1.7676, logits_loss: 1.7676, aux_loss: 0.0000, lr: 0.00000522, epoch_time: 21.0min
Epoch:[1/1](29460/56608), loss: 1.7525, logits_loss: 1.7525, aux_loss: 0.0000, lr: 0.00000521, epoch_time: 21.0min
Epoch:[1/1](29480/56608), loss: 1.7786, logits_loss: 1.7786, aux_loss: 0.0000, lr: 0.00000521, epoch_time: 21.0min
Epoch:[1/1](29500/56608), loss: 1.6792, logits_loss: 1.6792, aux_loss: 0.0000, lr: 0.00000520, epoch_time: 21.0min
Epoch:[1/1](29520/56608), loss: 1.8670, logits_loss: 1.8670, aux_loss: 0.0000, lr: 0.00000520, epoch_time: 21.0min
Epoch:[1/1](29540/56608), loss: 1.7500, logits_loss: 1.7500, aux_loss: 0.0000, lr: 0.00000519, epoch_time: 21.0min
Epoch:[1/1](29560/56608), loss: 1.8815, logits_loss: 1.8815, aux_loss: 0.0000, lr: 0.00000519, epoch_time: 21.0min
Epoch:[1/1](29580/56608), loss: 1.7378, logits_loss: 1.7378, aux_loss: 0.0000, lr: 0.00000518, epoch_time: 21.0min
Epoch:[1/1](29600/56608), loss: 1.7498, logits_loss: 1.7498, aux_loss: 0.0000, lr: 0.00000518, epoch_time: 21.0min
Epoch:[1/1](29620/56608), loss: 1.6696, logits_loss: 1.6696, aux_loss: 0.0000, lr: 0.00000517, epoch_time: 21.0min
Epoch:[1/1](29640/56608), loss: 1.7985, logits_loss: 1.7985, aux_loss: 0.0000, lr: 0.00000517, epoch_time: 21.0min
Epoch:[1/1](29660/56608), loss: 1.7303, logits_loss: 1.7303, aux_loss: 0.0000, lr: 0.00000516, epoch_time: 21.0min
Epoch:[1/1](29680/56608), loss: 1.8202, logits_loss: 1.8202, aux_loss: 0.0000, lr: 0.00000516, epoch_time: 21.0min
Epoch:[1/1](29700/56608), loss: 1.7255, logits_loss: 1.7255, aux_loss: 0.0000, lr: 0.00000515, epoch_time: 21.0min
Epoch:[1/1](29720/56608), loss: 1.5236, logits_loss: 1.5236, aux_loss: 0.0000, lr: 0.00000515, epoch_time: 21.0min
Epoch:[1/1](29740/56608), loss: 1.8692, logits_loss: 1.8692, aux_loss: 0.0000, lr: 0.00000514, epoch_time: 21.0min
Epoch:[1/1](29760/56608), loss: 1.6812, logits_loss: 1.6812, aux_loss: 0.0000, lr: 0.00000514, epoch_time: 21.0min
Epoch:[1/1](29780/56608), loss: 1.8559, logits_loss: 1.8559, aux_loss: 0.0000, lr: 0.00000513, epoch_time: 21.0min
Epoch:[1/1](29800/56608), loss: 1.6314, logits_loss: 1.6314, aux_loss: 0.0000, lr: 0.00000513, epoch_time: 21.0min
Epoch:[1/1](29820/56608), loss: 1.8297, logits_loss: 1.8297, aux_loss: 0.0000, lr: 0.00000512, epoch_time: 21.0min
Epoch:[1/1](29840/56608), loss: 1.5240, logits_loss: 1.5240, aux_loss: 0.0000, lr: 0.00000512, epoch_time: 21.0min
Epoch:[1/1](29860/56608), loss: 1.7627, logits_loss: 1.7627, aux_loss: 0.0000, lr: 0.00000511, epoch_time: 21.0min
Epoch:[1/1](29880/56608), loss: 1.7458, logits_loss: 1.7458, aux_loss: 0.0000, lr: 0.00000511, epoch_time: 21.0min
Epoch:[1/1](29900/56608), loss: 1.8427, logits_loss: 1.8427, aux_loss: 0.0000, lr: 0.00000510, epoch_time: 21.0min
Epoch:[1/1](29920/56608), loss: 1.7562, logits_loss: 1.7562, aux_loss: 0.0000, lr: 0.00000510, epoch_time: 21.0min
Epoch:[1/1](29940/56608), loss: 1.7150, logits_loss: 1.7150, aux_loss: 0.0000, lr: 0.00000509, epoch_time: 21.0min
Epoch:[1/1](29960/56608), loss: 1.6770, logits_loss: 1.6770, aux_loss: 0.0000, lr: 0.00000509, epoch_time: 21.0min
Epoch:[1/1](29980/56608), loss: 1.8269, logits_loss: 1.8269, aux_loss: 0.0000, lr: 0.00000508, epoch_time: 21.0min
Epoch:[1/1](30000/56608), loss: 1.7962, logits_loss: 1.7962, aux_loss: 0.0000, lr: 0.00000508, epoch_time: 21.0min
Epoch:[1/1](30020/56608), loss: 1.7105, logits_loss: 1.7105, aux_loss: 0.0000, lr: 0.00000507, epoch_time: 21.0min
Epoch:[1/1](30040/56608), loss: 1.8488, logits_loss: 1.8488, aux_loss: 0.0000, lr: 0.00000507, epoch_time: 21.0min
Epoch:[1/1](30060/56608), loss: 1.8279, logits_loss: 1.8279, aux_loss: 0.0000, lr: 0.00000506, epoch_time: 21.0min
Epoch:[1/1](30080/56608), loss: 1.8702, logits_loss: 1.8702, aux_loss: 0.0000, lr: 0.00000506, epoch_time: 21.0min
Epoch:[1/1](30100/56608), loss: 1.6526, logits_loss: 1.6526, aux_loss: 0.0000, lr: 0.00000505, epoch_time: 20.0min
Epoch:[1/1](30120/56608), loss: 1.7775, logits_loss: 1.7775, aux_loss: 0.0000, lr: 0.00000505, epoch_time: 20.0min
Epoch:[1/1](30140/56608), loss: 1.8041, logits_loss: 1.8041, aux_loss: 0.0000, lr: 0.00000504, epoch_time: 20.0min
Epoch:[1/1](30160/56608), loss: 1.6988, logits_loss: 1.6988, aux_loss: 0.0000, lr: 0.00000504, epoch_time: 20.0min
Epoch:[1/1](30180/56608), loss: 1.6481, logits_loss: 1.6481, aux_loss: 0.0000, lr: 0.00000503, epoch_time: 20.0min
Epoch:[1/1](30200/56608), loss: 1.7274, logits_loss: 1.7274, aux_loss: 0.0000, lr: 0.00000503, epoch_time: 20.0min
Epoch:[1/1](30220/56608), loss: 1.7763, logits_loss: 1.7763, aux_loss: 0.0000, lr: 0.00000502, epoch_time: 20.0min
Epoch:[1/1](30240/56608), loss: 1.6389, logits_loss: 1.6389, aux_loss: 0.0000, lr: 0.00000502, epoch_time: 20.0min
Epoch:[1/1](30260/56608), loss: 1.6934, logits_loss: 1.6934, aux_loss: 0.0000, lr: 0.00000501, epoch_time: 20.0min
Epoch:[1/1](30280/56608), loss: 1.7262, logits_loss: 1.7262, aux_loss: 0.0000, lr: 0.00000501, epoch_time: 20.0min
Epoch:[1/1](30300/56608), loss: 1.7597, logits_loss: 1.7597, aux_loss: 0.0000, lr: 0.00000500, epoch_time: 20.0min
Epoch:[1/1](30320/56608), loss: 1.4803, logits_loss: 1.4803, aux_loss: 0.0000, lr: 0.00000500, epoch_time: 20.0min
Epoch:[1/1](30340/56608), loss: 1.7035, logits_loss: 1.7035, aux_loss: 0.0000, lr: 0.00000499, epoch_time: 20.0min
Epoch:[1/1](30360/56608), loss: 1.9433, logits_loss: 1.9433, aux_loss: 0.0000, lr: 0.00000499, epoch_time: 20.0min
Epoch:[1/1](30380/56608), loss: 1.8196, logits_loss: 1.8196, aux_loss: 0.0000, lr: 0.00000498, epoch_time: 20.0min
Epoch:[1/1](30400/56608), loss: 1.7770, logits_loss: 1.7770, aux_loss: 0.0000, lr: 0.00000498, epoch_time: 20.0min
Epoch:[1/1](30420/56608), loss: 1.8675, logits_loss: 1.8675, aux_loss: 0.0000, lr: 0.00000497, epoch_time: 20.0min
Epoch:[1/1](30440/56608), loss: 1.7298, logits_loss: 1.7298, aux_loss: 0.0000, lr: 0.00000497, epoch_time: 20.0min
Epoch:[1/1](30460/56608), loss: 1.7571, logits_loss: 1.7571, aux_loss: 0.0000, lr: 0.00000496, epoch_time: 20.0min
Epoch:[1/1](30480/56608), loss: 1.6112, logits_loss: 1.6112, aux_loss: 0.0000, lr: 0.00000496, epoch_time: 20.0min
Epoch:[1/1](30500/56608), loss: 1.5724, logits_loss: 1.5724, aux_loss: 0.0000, lr: 0.00000495, epoch_time: 20.0min
Epoch:[1/1](30520/56608), loss: 1.8780, logits_loss: 1.8780, aux_loss: 0.0000, lr: 0.00000495, epoch_time: 20.0min
Epoch:[1/1](30540/56608), loss: 1.9724, logits_loss: 1.9724, aux_loss: 0.0000, lr: 0.00000494, epoch_time: 20.0min
Epoch:[1/1](30560/56608), loss: 1.7835, logits_loss: 1.7835, aux_loss: 0.0000, lr: 0.00000494, epoch_time: 20.0min
Epoch:[1/1](30580/56608), loss: 1.6087, logits_loss: 1.6087, aux_loss: 0.0000, lr: 0.00000493, epoch_time: 20.0min
Epoch:[1/1](30600/56608), loss: 1.5397, logits_loss: 1.5397, aux_loss: 0.0000, lr: 0.00000493, epoch_time: 20.0min
Epoch:[1/1](30620/56608), loss: 1.6365, logits_loss: 1.6365, aux_loss: 0.0000, lr: 0.00000492, epoch_time: 20.0min
Epoch:[1/1](30640/56608), loss: 1.6308, logits_loss: 1.6308, aux_loss: 0.0000, lr: 0.00000492, epoch_time: 20.0min
Epoch:[1/1](30660/56608), loss: 1.8074, logits_loss: 1.8074, aux_loss: 0.0000, lr: 0.00000491, epoch_time: 20.0min
Epoch:[1/1](30680/56608), loss: 1.9106, logits_loss: 1.9106, aux_loss: 0.0000, lr: 0.00000491, epoch_time: 20.0min
Epoch:[1/1](30700/56608), loss: 1.8328, logits_loss: 1.8328, aux_loss: 0.0000, lr: 0.00000490, epoch_time: 20.0min
Epoch:[1/1](30720/56608), loss: 1.6492, logits_loss: 1.6492, aux_loss: 0.0000, lr: 0.00000490, epoch_time: 20.0min
Epoch:[1/1](30740/56608), loss: 1.7113, logits_loss: 1.7113, aux_loss: 0.0000, lr: 0.00000489, epoch_time: 20.0min
Epoch:[1/1](30760/56608), loss: 1.6617, logits_loss: 1.6617, aux_loss: 0.0000, lr: 0.00000489, epoch_time: 20.0min
Epoch:[1/1](30780/56608), loss: 1.6500, logits_loss: 1.6500, aux_loss: 0.0000, lr: 0.00000488, epoch_time: 20.0min
Epoch:[1/1](30800/56608), loss: 1.4930, logits_loss: 1.4930, aux_loss: 0.0000, lr: 0.00000488, epoch_time: 20.0min
Epoch:[1/1](30820/56608), loss: 1.7814, logits_loss: 1.7814, aux_loss: 0.0000, lr: 0.00000487, epoch_time: 20.0min
Epoch:[1/1](30840/56608), loss: 1.6540, logits_loss: 1.6540, aux_loss: 0.0000, lr: 0.00000487, epoch_time: 20.0min
Epoch:[1/1](30860/56608), loss: 1.5576, logits_loss: 1.5576, aux_loss: 0.0000, lr: 0.00000486, epoch_time: 20.0min
Epoch:[1/1](30880/56608), loss: 1.7447, logits_loss: 1.7447, aux_loss: 0.0000, lr: 0.00000486, epoch_time: 20.0min
Epoch:[1/1](30900/56608), loss: 1.7995, logits_loss: 1.7995, aux_loss: 0.0000, lr: 0.00000485, epoch_time: 20.0min
Epoch:[1/1](30920/56608), loss: 1.6478, logits_loss: 1.6478, aux_loss: 0.0000, lr: 0.00000485, epoch_time: 20.0min
Epoch:[1/1](30940/56608), loss: 1.7736, logits_loss: 1.7736, aux_loss: 0.0000, lr: 0.00000484, epoch_time: 20.0min
Epoch:[1/1](30960/56608), loss: 1.6558, logits_loss: 1.6558, aux_loss: 0.0000, lr: 0.00000484, epoch_time: 20.0min
Epoch:[1/1](30980/56608), loss: 1.8134, logits_loss: 1.8134, aux_loss: 0.0000, lr: 0.00000483, epoch_time: 20.0min
Epoch:[1/1](31000/56608), loss: 1.8069, logits_loss: 1.8069, aux_loss: 0.0000, lr: 0.00000483, epoch_time: 20.0min
Epoch:[1/1](31020/56608), loss: 1.6018, logits_loss: 1.6018, aux_loss: 0.0000, lr: 0.00000482, epoch_time: 20.0min
Epoch:[1/1](31040/56608), loss: 1.8635, logits_loss: 1.8635, aux_loss: 0.0000, lr: 0.00000482, epoch_time: 20.0min
Epoch:[1/1](31060/56608), loss: 1.8129, logits_loss: 1.8129, aux_loss: 0.0000, lr: 0.00000481, epoch_time: 20.0min
Epoch:[1/1](31080/56608), loss: 1.6609, logits_loss: 1.6609, aux_loss: 0.0000, lr: 0.00000481, epoch_time: 20.0min
Epoch:[1/1](31100/56608), loss: 1.7577, logits_loss: 1.7577, aux_loss: 0.0000, lr: 0.00000480, epoch_time: 20.0min
Epoch:[1/1](31120/56608), loss: 1.6427, logits_loss: 1.6427, aux_loss: 0.0000, lr: 0.00000480, epoch_time: 20.0min
Epoch:[1/1](31140/56608), loss: 1.8385, logits_loss: 1.8385, aux_loss: 0.0000, lr: 0.00000479, epoch_time: 20.0min
Epoch:[1/1](31160/56608), loss: 1.4836, logits_loss: 1.4836, aux_loss: 0.0000, lr: 0.00000479, epoch_time: 20.0min
Epoch:[1/1](31180/56608), loss: 1.8307, logits_loss: 1.8307, aux_loss: 0.0000, lr: 0.00000478, epoch_time: 20.0min
Epoch:[1/1](31200/56608), loss: 1.8042, logits_loss: 1.8042, aux_loss: 0.0000, lr: 0.00000478, epoch_time: 20.0min
Epoch:[1/1](31220/56608), loss: 1.7678, logits_loss: 1.7678, aux_loss: 0.0000, lr: 0.00000477, epoch_time: 20.0min
Epoch:[1/1](31240/56608), loss: 1.6570, logits_loss: 1.6570, aux_loss: 0.0000, lr: 0.00000477, epoch_time: 20.0min
Epoch:[1/1](31260/56608), loss: 1.7078, logits_loss: 1.7078, aux_loss: 0.0000, lr: 0.00000477, epoch_time: 20.0min
Epoch:[1/1](31280/56608), loss: 1.6896, logits_loss: 1.6896, aux_loss: 0.0000, lr: 0.00000476, epoch_time: 20.0min
Epoch:[1/1](31300/56608), loss: 1.8127, logits_loss: 1.8127, aux_loss: 0.0000, lr: 0.00000476, epoch_time: 20.0min
Epoch:[1/1](31320/56608), loss: 1.6909, logits_loss: 1.6909, aux_loss: 0.0000, lr: 0.00000475, epoch_time: 20.0min
Epoch:[1/1](31340/56608), loss: 1.6923, logits_loss: 1.6923, aux_loss: 0.0000, lr: 0.00000475, epoch_time: 19.0min
Epoch:[1/1](31360/56608), loss: 1.7678, logits_loss: 1.7678, aux_loss: 0.0000, lr: 0.00000474, epoch_time: 19.0min
Epoch:[1/1](31380/56608), loss: 1.7350, logits_loss: 1.7350, aux_loss: 0.0000, lr: 0.00000474, epoch_time: 19.0min
Epoch:[1/1](31400/56608), loss: 1.7539, logits_loss: 1.7539, aux_loss: 0.0000, lr: 0.00000473, epoch_time: 19.0min
Epoch:[1/1](31420/56608), loss: 1.8453, logits_loss: 1.8453, aux_loss: 0.0000, lr: 0.00000473, epoch_time: 19.0min
Epoch:[1/1](31440/56608), loss: 1.7209, logits_loss: 1.7209, aux_loss: 0.0000, lr: 0.00000472, epoch_time: 19.0min
Epoch:[1/1](31460/56608), loss: 1.7009, logits_loss: 1.7009, aux_loss: 0.0000, lr: 0.00000472, epoch_time: 19.0min
Epoch:[1/1](31480/56608), loss: 1.9633, logits_loss: 1.9633, aux_loss: 0.0000, lr: 0.00000471, epoch_time: 19.0min
Epoch:[1/1](31500/56608), loss: 1.9093, logits_loss: 1.9093, aux_loss: 0.0000, lr: 0.00000471, epoch_time: 19.0min
Epoch:[1/1](31520/56608), loss: 1.8131, logits_loss: 1.8131, aux_loss: 0.0000, lr: 0.00000470, epoch_time: 19.0min
Epoch:[1/1](31540/56608), loss: 1.7635, logits_loss: 1.7635, aux_loss: 0.0000, lr: 0.00000470, epoch_time: 19.0min
Epoch:[1/1](31560/56608), loss: 1.7682, logits_loss: 1.7682, aux_loss: 0.0000, lr: 0.00000469, epoch_time: 19.0min
Epoch:[1/1](31580/56608), loss: 1.7529, logits_loss: 1.7529, aux_loss: 0.0000, lr: 0.00000469, epoch_time: 19.0min
Epoch:[1/1](31600/56608), loss: 1.7912, logits_loss: 1.7912, aux_loss: 0.0000, lr: 0.00000468, epoch_time: 19.0min
Epoch:[1/1](31620/56608), loss: 1.5864, logits_loss: 1.5864, aux_loss: 0.0000, lr: 0.00000468, epoch_time: 19.0min
Epoch:[1/1](31640/56608), loss: 1.8424, logits_loss: 1.8424, aux_loss: 0.0000, lr: 0.00000467, epoch_time: 19.0min
Epoch:[1/1](31660/56608), loss: 1.7501, logits_loss: 1.7501, aux_loss: 0.0000, lr: 0.00000467, epoch_time: 19.0min
Epoch:[1/1](31680/56608), loss: 1.7836, logits_loss: 1.7836, aux_loss: 0.0000, lr: 0.00000466, epoch_time: 19.0min
Epoch:[1/1](31700/56608), loss: 1.5809, logits_loss: 1.5809, aux_loss: 0.0000, lr: 0.00000466, epoch_time: 19.0min
Epoch:[1/1](31720/56608), loss: 1.7833, logits_loss: 1.7833, aux_loss: 0.0000, lr: 0.00000465, epoch_time: 19.0min
Epoch:[1/1](31740/56608), loss: 1.7319, logits_loss: 1.7319, aux_loss: 0.0000, lr: 0.00000465, epoch_time: 19.0min
Epoch:[1/1](31760/56608), loss: 1.8145, logits_loss: 1.8145, aux_loss: 0.0000, lr: 0.00000464, epoch_time: 19.0min
Epoch:[1/1](31780/56608), loss: 1.6366, logits_loss: 1.6366, aux_loss: 0.0000, lr: 0.00000464, epoch_time: 19.0min
Epoch:[1/1](31800/56608), loss: 1.6334, logits_loss: 1.6334, aux_loss: 0.0000, lr: 0.00000463, epoch_time: 19.0min
Epoch:[1/1](31820/56608), loss: 1.7656, logits_loss: 1.7656, aux_loss: 0.0000, lr: 0.00000463, epoch_time: 19.0min
Epoch:[1/1](31840/56608), loss: 1.8532, logits_loss: 1.8532, aux_loss: 0.0000, lr: 0.00000462, epoch_time: 19.0min
Epoch:[1/1](31860/56608), loss: 1.9069, logits_loss: 1.9069, aux_loss: 0.0000, lr: 0.00000462, epoch_time: 19.0min
Epoch:[1/1](31880/56608), loss: 1.9121, logits_loss: 1.9121, aux_loss: 0.0000, lr: 0.00000461, epoch_time: 19.0min
Epoch:[1/1](31900/56608), loss: 1.8360, logits_loss: 1.8360, aux_loss: 0.0000, lr: 0.00000461, epoch_time: 19.0min
Epoch:[1/1](31920/56608), loss: 1.7332, logits_loss: 1.7332, aux_loss: 0.0000, lr: 0.00000460, epoch_time: 19.0min
Epoch:[1/1](31940/56608), loss: 1.6822, logits_loss: 1.6822, aux_loss: 0.0000, lr: 0.00000460, epoch_time: 19.0min
Epoch:[1/1](31960/56608), loss: 1.8323, logits_loss: 1.8323, aux_loss: 0.0000, lr: 0.00000459, epoch_time: 19.0min
Epoch:[1/1](31980/56608), loss: 1.7310, logits_loss: 1.7310, aux_loss: 0.0000, lr: 0.00000459, epoch_time: 19.0min
Epoch:[1/1](32000/56608), loss: 1.8032, logits_loss: 1.8032, aux_loss: 0.0000, lr: 0.00000458, epoch_time: 19.0min
Epoch:[1/1](32020/56608), loss: 1.5449, logits_loss: 1.5449, aux_loss: 0.0000, lr: 0.00000458, epoch_time: 19.0min
Epoch:[1/1](32040/56608), loss: 1.9121, logits_loss: 1.9121, aux_loss: 0.0000, lr: 0.00000457, epoch_time: 19.0min
Epoch:[1/1](32060/56608), loss: 1.7495, logits_loss: 1.7495, aux_loss: 0.0000, lr: 0.00000457, epoch_time: 19.0min
Epoch:[1/1](32080/56608), loss: 1.6862, logits_loss: 1.6862, aux_loss: 0.0000, lr: 0.00000456, epoch_time: 19.0min
Epoch:[1/1](32100/56608), loss: 1.6147, logits_loss: 1.6147, aux_loss: 0.0000, lr: 0.00000456, epoch_time: 19.0min
Epoch:[1/1](32120/56608), loss: 1.3738, logits_loss: 1.3738, aux_loss: 0.0000, lr: 0.00000455, epoch_time: 19.0min
Epoch:[1/1](32140/56608), loss: 1.4817, logits_loss: 1.4817, aux_loss: 0.0000, lr: 0.00000455, epoch_time: 19.0min
Epoch:[1/1](32160/56608), loss: 1.7963, logits_loss: 1.7963, aux_loss: 0.0000, lr: 0.00000454, epoch_time: 19.0min
Epoch:[1/1](32180/56608), loss: 1.6098, logits_loss: 1.6098, aux_loss: 0.0000, lr: 0.00000454, epoch_time: 19.0min
Epoch:[1/1](32200/56608), loss: 1.7796, logits_loss: 1.7796, aux_loss: 0.0000, lr: 0.00000453, epoch_time: 19.0min
Epoch:[1/1](32220/56608), loss: 1.8323, logits_loss: 1.8323, aux_loss: 0.0000, lr: 0.00000453, epoch_time: 19.0min
Epoch:[1/1](32240/56608), loss: 1.5964, logits_loss: 1.5964, aux_loss: 0.0000, lr: 0.00000452, epoch_time: 19.0min
Epoch:[1/1](32260/56608), loss: 1.6146, logits_loss: 1.6146, aux_loss: 0.0000, lr: 0.00000452, epoch_time: 19.0min
Epoch:[1/1](32280/56608), loss: 1.6181, logits_loss: 1.6181, aux_loss: 0.0000, lr: 0.00000452, epoch_time: 19.0min
Epoch:[1/1](32300/56608), loss: 1.8662, logits_loss: 1.8662, aux_loss: 0.0000, lr: 0.00000451, epoch_time: 19.0min
Epoch:[1/1](32320/56608), loss: 1.3777, logits_loss: 1.3777, aux_loss: 0.0000, lr: 0.00000451, epoch_time: 19.0min
Epoch:[1/1](32340/56608), loss: 1.9324, logits_loss: 1.9324, aux_loss: 0.0000, lr: 0.00000450, epoch_time: 19.0min
Epoch:[1/1](32360/56608), loss: 1.5129, logits_loss: 1.5129, aux_loss: 0.0000, lr: 0.00000450, epoch_time: 19.0min
Epoch:[1/1](32380/56608), loss: 1.6708, logits_loss: 1.6708, aux_loss: 0.0000, lr: 0.00000449, epoch_time: 19.0min
Epoch:[1/1](32400/56608), loss: 1.7844, logits_loss: 1.7844, aux_loss: 0.0000, lr: 0.00000449, epoch_time: 19.0min
Epoch:[1/1](32420/56608), loss: 1.7265, logits_loss: 1.7265, aux_loss: 0.0000, lr: 0.00000448, epoch_time: 19.0min
Epoch:[1/1](32440/56608), loss: 2.0027, logits_loss: 2.0027, aux_loss: 0.0000, lr: 0.00000448, epoch_time: 19.0min
Epoch:[1/1](32460/56608), loss: 1.8932, logits_loss: 1.8932, aux_loss: 0.0000, lr: 0.00000447, epoch_time: 19.0min
Epoch:[1/1](32480/56608), loss: 1.5557, logits_loss: 1.5557, aux_loss: 0.0000, lr: 0.00000447, epoch_time: 19.0min
Epoch:[1/1](32500/56608), loss: 1.7120, logits_loss: 1.7120, aux_loss: 0.0000, lr: 0.00000446, epoch_time: 19.0min
Epoch:[1/1](32520/56608), loss: 1.6940, logits_loss: 1.6940, aux_loss: 0.0000, lr: 0.00000446, epoch_time: 19.0min
Epoch:[1/1](32540/56608), loss: 1.8018, logits_loss: 1.8018, aux_loss: 0.0000, lr: 0.00000445, epoch_time: 19.0min
Epoch:[1/1](32560/56608), loss: 1.6260, logits_loss: 1.6260, aux_loss: 0.0000, lr: 0.00000445, epoch_time: 19.0min
Epoch:[1/1](32580/56608), loss: 1.7831, logits_loss: 1.7831, aux_loss: 0.0000, lr: 0.00000444, epoch_time: 19.0min
Epoch:[1/1](32600/56608), loss: 1.8051, logits_loss: 1.8051, aux_loss: 0.0000, lr: 0.00000444, epoch_time: 18.0min
Epoch:[1/1](32620/56608), loss: 1.8576, logits_loss: 1.8576, aux_loss: 0.0000, lr: 0.00000443, epoch_time: 18.0min
Epoch:[1/1](32640/56608), loss: 1.6785, logits_loss: 1.6785, aux_loss: 0.0000, lr: 0.00000443, epoch_time: 18.0min
Epoch:[1/1](32660/56608), loss: 1.7634, logits_loss: 1.7634, aux_loss: 0.0000, lr: 0.00000442, epoch_time: 18.0min
Epoch:[1/1](32680/56608), loss: 1.8309, logits_loss: 1.8309, aux_loss: 0.0000, lr: 0.00000442, epoch_time: 18.0min
Epoch:[1/1](32700/56608), loss: 1.9272, logits_loss: 1.9272, aux_loss: 0.0000, lr: 0.00000441, epoch_time: 18.0min
Epoch:[1/1](32720/56608), loss: 1.8129, logits_loss: 1.8129, aux_loss: 0.0000, lr: 0.00000441, epoch_time: 18.0min
Epoch:[1/1](32740/56608), loss: 1.7629, logits_loss: 1.7629, aux_loss: 0.0000, lr: 0.00000440, epoch_time: 18.0min
Epoch:[1/1](32760/56608), loss: 1.8620, logits_loss: 1.8620, aux_loss: 0.0000, lr: 0.00000440, epoch_time: 18.0min
Epoch:[1/1](32780/56608), loss: 1.6613, logits_loss: 1.6613, aux_loss: 0.0000, lr: 0.00000439, epoch_time: 18.0min
Epoch:[1/1](32800/56608), loss: 1.6840, logits_loss: 1.6840, aux_loss: 0.0000, lr: 0.00000439, epoch_time: 18.0min
Epoch:[1/1](32820/56608), loss: 1.7885, logits_loss: 1.7885, aux_loss: 0.0000, lr: 0.00000438, epoch_time: 18.0min
Epoch:[1/1](32840/56608), loss: 1.9370, logits_loss: 1.9370, aux_loss: 0.0000, lr: 0.00000438, epoch_time: 18.0min
Epoch:[1/1](32860/56608), loss: 1.7680, logits_loss: 1.7680, aux_loss: 0.0000, lr: 0.00000437, epoch_time: 18.0min
Epoch:[1/1](32880/56608), loss: 1.9830, logits_loss: 1.9830, aux_loss: 0.0000, lr: 0.00000437, epoch_time: 18.0min
Epoch:[1/1](32900/56608), loss: 1.7805, logits_loss: 1.7805, aux_loss: 0.0000, lr: 0.00000436, epoch_time: 18.0min
Epoch:[1/1](32920/56608), loss: 1.8975, logits_loss: 1.8975, aux_loss: 0.0000, lr: 0.00000436, epoch_time: 18.0min
Epoch:[1/1](32940/56608), loss: 1.5874, logits_loss: 1.5874, aux_loss: 0.0000, lr: 0.00000435, epoch_time: 18.0min
Epoch:[1/1](32960/56608), loss: 1.7665, logits_loss: 1.7665, aux_loss: 0.0000, lr: 0.00000435, epoch_time: 18.0min
Epoch:[1/1](32980/56608), loss: 1.8347, logits_loss: 1.8347, aux_loss: 0.0000, lr: 0.00000435, epoch_time: 18.0min
Epoch:[1/1](33000/56608), loss: 1.8309, logits_loss: 1.8309, aux_loss: 0.0000, lr: 0.00000434, epoch_time: 18.0min
Epoch:[1/1](33020/56608), loss: 1.5273, logits_loss: 1.5273, aux_loss: 0.0000, lr: 0.00000434, epoch_time: 18.0min
Epoch:[1/1](33040/56608), loss: 1.6681, logits_loss: 1.6681, aux_loss: 0.0000, lr: 0.00000433, epoch_time: 18.0min
Epoch:[1/1](33060/56608), loss: 1.6478, logits_loss: 1.6478, aux_loss: 0.0000, lr: 0.00000433, epoch_time: 18.0min
Epoch:[1/1](33080/56608), loss: 1.6991, logits_loss: 1.6991, aux_loss: 0.0000, lr: 0.00000432, epoch_time: 18.0min
Epoch:[1/1](33100/56608), loss: 1.5760, logits_loss: 1.5760, aux_loss: 0.0000, lr: 0.00000432, epoch_time: 18.0min
Epoch:[1/1](33120/56608), loss: 1.9001, logits_loss: 1.9001, aux_loss: 0.0000, lr: 0.00000431, epoch_time: 18.0min
Epoch:[1/1](33140/56608), loss: 1.7507, logits_loss: 1.7507, aux_loss: 0.0000, lr: 0.00000431, epoch_time: 18.0min
Epoch:[1/1](33160/56608), loss: 1.8754, logits_loss: 1.8754, aux_loss: 0.0000, lr: 0.00000430, epoch_time: 18.0min
Epoch:[1/1](33180/56608), loss: 1.6124, logits_loss: 1.6124, aux_loss: 0.0000, lr: 0.00000430, epoch_time: 18.0min
Epoch:[1/1](33200/56608), loss: 1.6828, logits_loss: 1.6828, aux_loss: 0.0000, lr: 0.00000429, epoch_time: 18.0min
Epoch:[1/1](33220/56608), loss: 1.7132, logits_loss: 1.7132, aux_loss: 0.0000, lr: 0.00000429, epoch_time: 18.0min
Epoch:[1/1](33240/56608), loss: 1.5399, logits_loss: 1.5399, aux_loss: 0.0000, lr: 0.00000428, epoch_time: 18.0min
Epoch:[1/1](33260/56608), loss: 1.6471, logits_loss: 1.6471, aux_loss: 0.0000, lr: 0.00000428, epoch_time: 18.0min
Epoch:[1/1](33280/56608), loss: 1.6309, logits_loss: 1.6309, aux_loss: 0.0000, lr: 0.00000427, epoch_time: 18.0min
Epoch:[1/1](33300/56608), loss: 1.7210, logits_loss: 1.7210, aux_loss: 0.0000, lr: 0.00000427, epoch_time: 18.0min
Epoch:[1/1](33320/56608), loss: 1.9339, logits_loss: 1.9339, aux_loss: 0.0000, lr: 0.00000426, epoch_time: 18.0min
Epoch:[1/1](33340/56608), loss: 1.7675, logits_loss: 1.7675, aux_loss: 0.0000, lr: 0.00000426, epoch_time: 18.0min
Epoch:[1/1](33360/56608), loss: 1.6948, logits_loss: 1.6948, aux_loss: 0.0000, lr: 0.00000425, epoch_time: 18.0min
Epoch:[1/1](33380/56608), loss: 1.7242, logits_loss: 1.7242, aux_loss: 0.0000, lr: 0.00000425, epoch_time: 18.0min
Epoch:[1/1](33400/56608), loss: 1.5354, logits_loss: 1.5354, aux_loss: 0.0000, lr: 0.00000424, epoch_time: 18.0min
Epoch:[1/1](33420/56608), loss: 1.6606, logits_loss: 1.6606, aux_loss: 0.0000, lr: 0.00000424, epoch_time: 18.0min
Epoch:[1/1](33440/56608), loss: 1.8561, logits_loss: 1.8561, aux_loss: 0.0000, lr: 0.00000423, epoch_time: 18.0min
Epoch:[1/1](33460/56608), loss: 1.6293, logits_loss: 1.6293, aux_loss: 0.0000, lr: 0.00000423, epoch_time: 18.0min
Epoch:[1/1](33480/56608), loss: 1.7965, logits_loss: 1.7965, aux_loss: 0.0000, lr: 0.00000423, epoch_time: 18.0min
Epoch:[1/1](33500/56608), loss: 1.7404, logits_loss: 1.7404, aux_loss: 0.0000, lr: 0.00000422, epoch_time: 18.0min
Epoch:[1/1](33520/56608), loss: 1.7487, logits_loss: 1.7487, aux_loss: 0.0000, lr: 0.00000422, epoch_time: 18.0min
Epoch:[1/1](33540/56608), loss: 1.9258, logits_loss: 1.9258, aux_loss: 0.0000, lr: 0.00000421, epoch_time: 18.0min
Epoch:[1/1](33560/56608), loss: 1.5916, logits_loss: 1.5916, aux_loss: 0.0000, lr: 0.00000421, epoch_time: 18.0min
Epoch:[1/1](33580/56608), loss: 1.7367, logits_loss: 1.7367, aux_loss: 0.0000, lr: 0.00000420, epoch_time: 18.0min
Epoch:[1/1](33600/56608), loss: 1.8944, logits_loss: 1.8944, aux_loss: 0.0000, lr: 0.00000420, epoch_time: 18.0min
Epoch:[1/1](33620/56608), loss: 1.7931, logits_loss: 1.7931, aux_loss: 0.0000, lr: 0.00000419, epoch_time: 18.0min
Epoch:[1/1](33640/56608), loss: 1.8946, logits_loss: 1.8946, aux_loss: 0.0000, lr: 0.00000419, epoch_time: 18.0min
Epoch:[1/1](33660/56608), loss: 1.7450, logits_loss: 1.7450, aux_loss: 0.0000, lr: 0.00000418, epoch_time: 18.0min
Epoch:[1/1](33680/56608), loss: 1.7421, logits_loss: 1.7421, aux_loss: 0.0000, lr: 0.00000418, epoch_time: 18.0min
Epoch:[1/1](33700/56608), loss: 1.9683, logits_loss: 1.9683, aux_loss: 0.0000, lr: 0.00000417, epoch_time: 18.0min
Epoch:[1/1](33720/56608), loss: 1.7381, logits_loss: 1.7381, aux_loss: 0.0000, lr: 0.00000417, epoch_time: 18.0min
Epoch:[1/1](33740/56608), loss: 1.6578, logits_loss: 1.6578, aux_loss: 0.0000, lr: 0.00000416, epoch_time: 18.0min
Epoch:[1/1](33760/56608), loss: 1.7356, logits_loss: 1.7356, aux_loss: 0.0000, lr: 0.00000416, epoch_time: 18.0min
Epoch:[1/1](33780/56608), loss: 1.5499, logits_loss: 1.5499, aux_loss: 0.0000, lr: 0.00000415, epoch_time: 18.0min
Epoch:[1/1](33800/56608), loss: 1.6437, logits_loss: 1.6437, aux_loss: 0.0000, lr: 0.00000415, epoch_time: 18.0min
Epoch:[1/1](33820/56608), loss: 1.6600, logits_loss: 1.6600, aux_loss: 0.0000, lr: 0.00000414, epoch_time: 18.0min
Epoch:[1/1](33840/56608), loss: 1.7574, logits_loss: 1.7574, aux_loss: 0.0000, lr: 0.00000414, epoch_time: 18.0min
Epoch:[1/1](33860/56608), loss: 1.8029, logits_loss: 1.8029, aux_loss: 0.0000, lr: 0.00000413, epoch_time: 17.0min
Epoch:[1/1](33880/56608), loss: 1.6390, logits_loss: 1.6390, aux_loss: 0.0000, lr: 0.00000413, epoch_time: 17.0min
Epoch:[1/1](33900/56608), loss: 1.8064, logits_loss: 1.8064, aux_loss: 0.0000, lr: 0.00000412, epoch_time: 17.0min
Epoch:[1/1](33920/56608), loss: 1.6779, logits_loss: 1.6779, aux_loss: 0.0000, lr: 0.00000412, epoch_time: 17.0min
Epoch:[1/1](33940/56608), loss: 1.7261, logits_loss: 1.7261, aux_loss: 0.0000, lr: 0.00000412, epoch_time: 17.0min
Epoch:[1/1](33960/56608), loss: 2.0150, logits_loss: 2.0150, aux_loss: 0.0000, lr: 0.00000411, epoch_time: 17.0min
Epoch:[1/1](33980/56608), loss: 1.6729, logits_loss: 1.6729, aux_loss: 0.0000, lr: 0.00000411, epoch_time: 17.0min
Epoch:[1/1](34000/56608), loss: 1.6058, logits_loss: 1.6058, aux_loss: 0.0000, lr: 0.00000410, epoch_time: 17.0min
Epoch:[1/1](34020/56608), loss: 1.7872, logits_loss: 1.7872, aux_loss: 0.0000, lr: 0.00000410, epoch_time: 17.0min
Epoch:[1/1](34040/56608), loss: 1.6642, logits_loss: 1.6642, aux_loss: 0.0000, lr: 0.00000409, epoch_time: 17.0min
Epoch:[1/1](34060/56608), loss: 1.6622, logits_loss: 1.6622, aux_loss: 0.0000, lr: 0.00000409, epoch_time: 17.0min
Epoch:[1/1](34080/56608), loss: 1.7182, logits_loss: 1.7182, aux_loss: 0.0000, lr: 0.00000408, epoch_time: 17.0min
Epoch:[1/1](34100/56608), loss: 1.6629, logits_loss: 1.6629, aux_loss: 0.0000, lr: 0.00000408, epoch_time: 17.0min
Epoch:[1/1](34120/56608), loss: 1.6683, logits_loss: 1.6683, aux_loss: 0.0000, lr: 0.00000407, epoch_time: 17.0min
Epoch:[1/1](34140/56608), loss: 1.8300, logits_loss: 1.8300, aux_loss: 0.0000, lr: 0.00000407, epoch_time: 17.0min
Epoch:[1/1](34160/56608), loss: 1.6285, logits_loss: 1.6285, aux_loss: 0.0000, lr: 0.00000406, epoch_time: 17.0min
Epoch:[1/1](34180/56608), loss: 1.6576, logits_loss: 1.6576, aux_loss: 0.0000, lr: 0.00000406, epoch_time: 17.0min
Epoch:[1/1](34200/56608), loss: 1.9068, logits_loss: 1.9068, aux_loss: 0.0000, lr: 0.00000405, epoch_time: 17.0min
Epoch:[1/1](34220/56608), loss: 1.8786, logits_loss: 1.8786, aux_loss: 0.0000, lr: 0.00000405, epoch_time: 17.0min
Epoch:[1/1](34240/56608), loss: 1.8478, logits_loss: 1.8478, aux_loss: 0.0000, lr: 0.00000404, epoch_time: 17.0min
Epoch:[1/1](34260/56608), loss: 1.8088, logits_loss: 1.8088, aux_loss: 0.0000, lr: 0.00000404, epoch_time: 17.0min
Epoch:[1/1](34280/56608), loss: 1.4397, logits_loss: 1.4397, aux_loss: 0.0000, lr: 0.00000403, epoch_time: 17.0min
Epoch:[1/1](34300/56608), loss: 1.8087, logits_loss: 1.8087, aux_loss: 0.0000, lr: 0.00000403, epoch_time: 17.0min
Epoch:[1/1](34320/56608), loss: 1.7183, logits_loss: 1.7183, aux_loss: 0.0000, lr: 0.00000403, epoch_time: 17.0min
Epoch:[1/1](34340/56608), loss: 1.9571, logits_loss: 1.9571, aux_loss: 0.0000, lr: 0.00000402, epoch_time: 17.0min
Epoch:[1/1](34360/56608), loss: 1.8118, logits_loss: 1.8118, aux_loss: 0.0000, lr: 0.00000402, epoch_time: 17.0min
Epoch:[1/1](34380/56608), loss: 1.9628, logits_loss: 1.9628, aux_loss: 0.0000, lr: 0.00000401, epoch_time: 17.0min
Epoch:[1/1](34400/56608), loss: 1.8288, logits_loss: 1.8288, aux_loss: 0.0000, lr: 0.00000401, epoch_time: 17.0min
Epoch:[1/1](34420/56608), loss: 1.5696, logits_loss: 1.5696, aux_loss: 0.0000, lr: 0.00000400, epoch_time: 17.0min
Epoch:[1/1](34440/56608), loss: 1.6917, logits_loss: 1.6917, aux_loss: 0.0000, lr: 0.00000400, epoch_time: 17.0min
Epoch:[1/1](34460/56608), loss: 1.6974, logits_loss: 1.6974, aux_loss: 0.0000, lr: 0.00000399, epoch_time: 17.0min
Epoch:[1/1](34480/56608), loss: 1.7940, logits_loss: 1.7940, aux_loss: 0.0000, lr: 0.00000399, epoch_time: 17.0min
Epoch:[1/1](34500/56608), loss: 2.0060, logits_loss: 2.0060, aux_loss: 0.0000, lr: 0.00000398, epoch_time: 17.0min
Epoch:[1/1](34520/56608), loss: 1.9511, logits_loss: 1.9511, aux_loss: 0.0000, lr: 0.00000398, epoch_time: 17.0min
Epoch:[1/1](34540/56608), loss: 1.6739, logits_loss: 1.6739, aux_loss: 0.0000, lr: 0.00000397, epoch_time: 17.0min
Epoch:[1/1](34560/56608), loss: 1.7564, logits_loss: 1.7564, aux_loss: 0.0000, lr: 0.00000397, epoch_time: 17.0min
Epoch:[1/1](34580/56608), loss: 1.5877, logits_loss: 1.5877, aux_loss: 0.0000, lr: 0.00000396, epoch_time: 17.0min
Epoch:[1/1](34600/56608), loss: 1.7673, logits_loss: 1.7673, aux_loss: 0.0000, lr: 0.00000396, epoch_time: 17.0min
Epoch:[1/1](34620/56608), loss: 1.7884, logits_loss: 1.7884, aux_loss: 0.0000, lr: 0.00000395, epoch_time: 17.0min
Epoch:[1/1](34640/56608), loss: 1.6613, logits_loss: 1.6613, aux_loss: 0.0000, lr: 0.00000395, epoch_time: 17.0min
Epoch:[1/1](34660/56608), loss: 1.7122, logits_loss: 1.7122, aux_loss: 0.0000, lr: 0.00000395, epoch_time: 17.0min
Epoch:[1/1](34680/56608), loss: 1.7115, logits_loss: 1.7115, aux_loss: 0.0000, lr: 0.00000394, epoch_time: 17.0min
Epoch:[1/1](34700/56608), loss: 1.7772, logits_loss: 1.7772, aux_loss: 0.0000, lr: 0.00000394, epoch_time: 17.0min
Epoch:[1/1](34720/56608), loss: 1.8009, logits_loss: 1.8009, aux_loss: 0.0000, lr: 0.00000393, epoch_time: 17.0min
Epoch:[1/1](34740/56608), loss: 1.7388, logits_loss: 1.7388, aux_loss: 0.0000, lr: 0.00000393, epoch_time: 17.0min
Epoch:[1/1](34760/56608), loss: 1.7907, logits_loss: 1.7907, aux_loss: 0.0000, lr: 0.00000392, epoch_time: 17.0min
Epoch:[1/1](34780/56608), loss: 1.9050, logits_loss: 1.9050, aux_loss: 0.0000, lr: 0.00000392, epoch_time: 17.0min
Epoch:[1/1](34800/56608), loss: 2.0428, logits_loss: 2.0428, aux_loss: 0.0000, lr: 0.00000391, epoch_time: 17.0min
Epoch:[1/1](34820/56608), loss: 1.6404, logits_loss: 1.6404, aux_loss: 0.0000, lr: 0.00000391, epoch_time: 17.0min
Epoch:[1/1](34840/56608), loss: 1.6572, logits_loss: 1.6572, aux_loss: 0.0000, lr: 0.00000390, epoch_time: 17.0min
Epoch:[1/1](34860/56608), loss: 1.8059, logits_loss: 1.8059, aux_loss: 0.0000, lr: 0.00000390, epoch_time: 17.0min
Epoch:[1/1](34880/56608), loss: 1.6452, logits_loss: 1.6452, aux_loss: 0.0000, lr: 0.00000389, epoch_time: 17.0min
Epoch:[1/1](34900/56608), loss: 1.7640, logits_loss: 1.7640, aux_loss: 0.0000, lr: 0.00000389, epoch_time: 17.0min
Epoch:[1/1](34920/56608), loss: 1.8738, logits_loss: 1.8738, aux_loss: 0.0000, lr: 0.00000388, epoch_time: 17.0min
Epoch:[1/1](34940/56608), loss: 1.7011, logits_loss: 1.7011, aux_loss: 0.0000, lr: 0.00000388, epoch_time: 17.0min
Epoch:[1/1](34960/56608), loss: 1.7302, logits_loss: 1.7302, aux_loss: 0.0000, lr: 0.00000388, epoch_time: 17.0min
Epoch:[1/1](34980/56608), loss: 1.7964, logits_loss: 1.7964, aux_loss: 0.0000, lr: 0.00000387, epoch_time: 17.0min
Epoch:[1/1](35000/56608), loss: 1.6951, logits_loss: 1.6951, aux_loss: 0.0000, lr: 0.00000387, epoch_time: 17.0min
Epoch:[1/1](35020/56608), loss: 1.7357, logits_loss: 1.7357, aux_loss: 0.0000, lr: 0.00000386, epoch_time: 17.0min
Epoch:[1/1](35040/56608), loss: 1.4935, logits_loss: 1.4935, aux_loss: 0.0000, lr: 0.00000386, epoch_time: 17.0min
Epoch:[1/1](35060/56608), loss: 1.7659, logits_loss: 1.7659, aux_loss: 0.0000, lr: 0.00000385, epoch_time: 17.0min
Epoch:[1/1](35080/56608), loss: 1.5659, logits_loss: 1.5659, aux_loss: 0.0000, lr: 0.00000385, epoch_time: 17.0min
Epoch:[1/1](35100/56608), loss: 1.6706, logits_loss: 1.6706, aux_loss: 0.0000, lr: 0.00000384, epoch_time: 17.0min
Epoch:[1/1](35120/56608), loss: 1.7343, logits_loss: 1.7343, aux_loss: 0.0000, lr: 0.00000384, epoch_time: 17.0min
Epoch:[1/1](35140/56608), loss: 1.8241, logits_loss: 1.8241, aux_loss: 0.0000, lr: 0.00000383, epoch_time: 17.0min
Epoch:[1/1](35160/56608), loss: 1.7285, logits_loss: 1.7285, aux_loss: 0.0000, lr: 0.00000383, epoch_time: 16.0min
Epoch:[1/1](35180/56608), loss: 1.6996, logits_loss: 1.6996, aux_loss: 0.0000, lr: 0.00000382, epoch_time: 16.0min
Epoch:[1/1](35200/56608), loss: 1.8064, logits_loss: 1.8064, aux_loss: 0.0000, lr: 0.00000382, epoch_time: 16.0min
Epoch:[1/1](35220/56608), loss: 1.7488, logits_loss: 1.7488, aux_loss: 0.0000, lr: 0.00000381, epoch_time: 16.0min
Epoch:[1/1](35240/56608), loss: 1.6375, logits_loss: 1.6375, aux_loss: 0.0000, lr: 0.00000381, epoch_time: 16.0min
Epoch:[1/1](35260/56608), loss: 1.7613, logits_loss: 1.7613, aux_loss: 0.0000, lr: 0.00000381, epoch_time: 16.0min
Epoch:[1/1](35280/56608), loss: 1.8080, logits_loss: 1.8080, aux_loss: 0.0000, lr: 0.00000380, epoch_time: 16.0min
Epoch:[1/1](35300/56608), loss: 1.5734, logits_loss: 1.5734, aux_loss: 0.0000, lr: 0.00000380, epoch_time: 16.0min
Epoch:[1/1](35320/56608), loss: 1.9349, logits_loss: 1.9349, aux_loss: 0.0000, lr: 0.00000379, epoch_time: 16.0min
Epoch:[1/1](35340/56608), loss: 1.7189, logits_loss: 1.7189, aux_loss: 0.0000, lr: 0.00000379, epoch_time: 16.0min
Epoch:[1/1](35360/56608), loss: 1.7168, logits_loss: 1.7168, aux_loss: 0.0000, lr: 0.00000378, epoch_time: 16.0min
Epoch:[1/1](35380/56608), loss: 1.9453, logits_loss: 1.9453, aux_loss: 0.0000, lr: 0.00000378, epoch_time: 16.0min
Epoch:[1/1](35400/56608), loss: 1.5818, logits_loss: 1.5818, aux_loss: 0.0000, lr: 0.00000377, epoch_time: 16.0min
Epoch:[1/1](35420/56608), loss: 1.7638, logits_loss: 1.7638, aux_loss: 0.0000, lr: 0.00000377, epoch_time: 16.0min
Epoch:[1/1](35440/56608), loss: 1.8744, logits_loss: 1.8744, aux_loss: 0.0000, lr: 0.00000376, epoch_time: 16.0min
Epoch:[1/1](35460/56608), loss: 1.8422, logits_loss: 1.8422, aux_loss: 0.0000, lr: 0.00000376, epoch_time: 16.0min
Epoch:[1/1](35480/56608), loss: 1.8441, logits_loss: 1.8441, aux_loss: 0.0000, lr: 0.00000375, epoch_time: 16.0min
Epoch:[1/1](35500/56608), loss: 1.6637, logits_loss: 1.6637, aux_loss: 0.0000, lr: 0.00000375, epoch_time: 16.0min
Epoch:[1/1](35520/56608), loss: 1.8048, logits_loss: 1.8048, aux_loss: 0.0000, lr: 0.00000375, epoch_time: 16.0min
Epoch:[1/1](35540/56608), loss: 1.6084, logits_loss: 1.6084, aux_loss: 0.0000, lr: 0.00000374, epoch_time: 16.0min
Epoch:[1/1](35560/56608), loss: 1.5662, logits_loss: 1.5662, aux_loss: 0.0000, lr: 0.00000374, epoch_time: 16.0min
Epoch:[1/1](35580/56608), loss: 1.7123, logits_loss: 1.7123, aux_loss: 0.0000, lr: 0.00000373, epoch_time: 16.0min
Epoch:[1/1](35600/56608), loss: 1.7504, logits_loss: 1.7504, aux_loss: 0.0000, lr: 0.00000373, epoch_time: 16.0min
Epoch:[1/1](35620/56608), loss: 1.5469, logits_loss: 1.5469, aux_loss: 0.0000, lr: 0.00000372, epoch_time: 16.0min
Epoch:[1/1](35640/56608), loss: 1.6603, logits_loss: 1.6603, aux_loss: 0.0000, lr: 0.00000372, epoch_time: 16.0min
Epoch:[1/1](35660/56608), loss: 1.4069, logits_loss: 1.4069, aux_loss: 0.0000, lr: 0.00000371, epoch_time: 16.0min
Epoch:[1/1](35680/56608), loss: 1.7787, logits_loss: 1.7787, aux_loss: 0.0000, lr: 0.00000371, epoch_time: 16.0min
Epoch:[1/1](35700/56608), loss: 1.7983, logits_loss: 1.7983, aux_loss: 0.0000, lr: 0.00000370, epoch_time: 16.0min
Epoch:[1/1](35720/56608), loss: 1.6732, logits_loss: 1.6732, aux_loss: 0.0000, lr: 0.00000370, epoch_time: 16.0min
Epoch:[1/1](35740/56608), loss: 1.6813, logits_loss: 1.6813, aux_loss: 0.0000, lr: 0.00000370, epoch_time: 16.0min
Epoch:[1/1](35760/56608), loss: 1.9228, logits_loss: 1.9228, aux_loss: 0.0000, lr: 0.00000369, epoch_time: 16.0min
Epoch:[1/1](35780/56608), loss: 1.6835, logits_loss: 1.6835, aux_loss: 0.0000, lr: 0.00000369, epoch_time: 16.0min
Epoch:[1/1](35800/56608), loss: 1.6930, logits_loss: 1.6930, aux_loss: 0.0000, lr: 0.00000368, epoch_time: 16.0min
Epoch:[1/1](35820/56608), loss: 1.9842, logits_loss: 1.9842, aux_loss: 0.0000, lr: 0.00000368, epoch_time: 16.0min
Epoch:[1/1](35840/56608), loss: 1.5229, logits_loss: 1.5229, aux_loss: 0.0000, lr: 0.00000367, epoch_time: 16.0min
Epoch:[1/1](35860/56608), loss: 1.7783, logits_loss: 1.7783, aux_loss: 0.0000, lr: 0.00000367, epoch_time: 16.0min
Epoch:[1/1](35880/56608), loss: 2.0000, logits_loss: 2.0000, aux_loss: 0.0000, lr: 0.00000366, epoch_time: 16.0min
Epoch:[1/1](35900/56608), loss: 1.8358, logits_loss: 1.8358, aux_loss: 0.0000, lr: 0.00000366, epoch_time: 16.0min
Epoch:[1/1](35920/56608), loss: 1.8840, logits_loss: 1.8840, aux_loss: 0.0000, lr: 0.00000365, epoch_time: 16.0min
Epoch:[1/1](35940/56608), loss: 1.5755, logits_loss: 1.5755, aux_loss: 0.0000, lr: 0.00000365, epoch_time: 16.0min
Epoch:[1/1](35960/56608), loss: 1.5476, logits_loss: 1.5476, aux_loss: 0.0000, lr: 0.00000365, epoch_time: 16.0min
Epoch:[1/1](35980/56608), loss: 1.7674, logits_loss: 1.7674, aux_loss: 0.0000, lr: 0.00000364, epoch_time: 16.0min
Epoch:[1/1](36000/56608), loss: 1.7955, logits_loss: 1.7955, aux_loss: 0.0000, lr: 0.00000364, epoch_time: 16.0min
Epoch:[1/1](36020/56608), loss: 1.4387, logits_loss: 1.4387, aux_loss: 0.0000, lr: 0.00000363, epoch_time: 16.0min
Epoch:[1/1](36040/56608), loss: 1.9530, logits_loss: 1.9530, aux_loss: 0.0000, lr: 0.00000363, epoch_time: 16.0min
Epoch:[1/1](36060/56608), loss: 1.7428, logits_loss: 1.7428, aux_loss: 0.0000, lr: 0.00000362, epoch_time: 16.0min
Epoch:[1/1](36080/56608), loss: 1.8467, logits_loss: 1.8467, aux_loss: 0.0000, lr: 0.00000362, epoch_time: 16.0min
Epoch:[1/1](36100/56608), loss: 1.8975, logits_loss: 1.8975, aux_loss: 0.0000, lr: 0.00000361, epoch_time: 16.0min
Epoch:[1/1](36120/56608), loss: 1.7898, logits_loss: 1.7898, aux_loss: 0.0000, lr: 0.00000361, epoch_time: 16.0min
Epoch:[1/1](36140/56608), loss: 1.7873, logits_loss: 1.7873, aux_loss: 0.0000, lr: 0.00000360, epoch_time: 16.0min
Epoch:[1/1](36160/56608), loss: 1.6696, logits_loss: 1.6696, aux_loss: 0.0000, lr: 0.00000360, epoch_time: 16.0min
Epoch:[1/1](36180/56608), loss: 1.7529, logits_loss: 1.7529, aux_loss: 0.0000, lr: 0.00000360, epoch_time: 16.0min
Epoch:[1/1](36200/56608), loss: 1.7298, logits_loss: 1.7298, aux_loss: 0.0000, lr: 0.00000359, epoch_time: 16.0min
Epoch:[1/1](36220/56608), loss: 1.6861, logits_loss: 1.6861, aux_loss: 0.0000, lr: 0.00000359, epoch_time: 16.0min
Epoch:[1/1](36240/56608), loss: 1.8908, logits_loss: 1.8908, aux_loss: 0.0000, lr: 0.00000358, epoch_time: 16.0min
Epoch:[1/1](36260/56608), loss: 1.6220, logits_loss: 1.6220, aux_loss: 0.0000, lr: 0.00000358, epoch_time: 16.0min
Epoch:[1/1](36280/56608), loss: 1.7293, logits_loss: 1.7293, aux_loss: 0.0000, lr: 0.00000357, epoch_time: 16.0min
Epoch:[1/1](36300/56608), loss: 1.8143, logits_loss: 1.8143, aux_loss: 0.0000, lr: 0.00000357, epoch_time: 16.0min
Epoch:[1/1](36320/56608), loss: 1.8315, logits_loss: 1.8315, aux_loss: 0.0000, lr: 0.00000356, epoch_time: 16.0min
Epoch:[1/1](36340/56608), loss: 1.9620, logits_loss: 1.9620, aux_loss: 0.0000, lr: 0.00000356, epoch_time: 16.0min
Epoch:[1/1](36360/56608), loss: 1.9945, logits_loss: 1.9945, aux_loss: 0.0000, lr: 0.00000355, epoch_time: 16.0min
Epoch:[1/1](36380/56608), loss: 1.7256, logits_loss: 1.7256, aux_loss: 0.0000, lr: 0.00000355, epoch_time: 16.0min
Epoch:[1/1](36400/56608), loss: 1.7188, logits_loss: 1.7188, aux_loss: 0.0000, lr: 0.00000355, epoch_time: 16.0min
Epoch:[1/1](36420/56608), loss: 1.6837, logits_loss: 1.6837, aux_loss: 0.0000, lr: 0.00000354, epoch_time: 15.0min
Epoch:[1/1](36440/56608), loss: 1.6712, logits_loss: 1.6712, aux_loss: 0.0000, lr: 0.00000354, epoch_time: 15.0min
Epoch:[1/1](36460/56608), loss: 1.7457, logits_loss: 1.7457, aux_loss: 0.0000, lr: 0.00000353, epoch_time: 15.0min
Epoch:[1/1](36480/56608), loss: 1.7490, logits_loss: 1.7490, aux_loss: 0.0000, lr: 0.00000353, epoch_time: 15.0min
Epoch:[1/1](36500/56608), loss: 1.5653, logits_loss: 1.5653, aux_loss: 0.0000, lr: 0.00000352, epoch_time: 15.0min
Epoch:[1/1](36520/56608), loss: 1.7917, logits_loss: 1.7917, aux_loss: 0.0000, lr: 0.00000352, epoch_time: 15.0min
Epoch:[1/1](36540/56608), loss: 1.8904, logits_loss: 1.8904, aux_loss: 0.0000, lr: 0.00000351, epoch_time: 15.0min
Epoch:[1/1](36560/56608), loss: 1.8153, logits_loss: 1.8153, aux_loss: 0.0000, lr: 0.00000351, epoch_time: 15.0min
Epoch:[1/1](36580/56608), loss: 1.6442, logits_loss: 1.6442, aux_loss: 0.0000, lr: 0.00000351, epoch_time: 15.0min
Epoch:[1/1](36600/56608), loss: 1.7347, logits_loss: 1.7347, aux_loss: 0.0000, lr: 0.00000350, epoch_time: 15.0min
Epoch:[1/1](36620/56608), loss: 1.4826, logits_loss: 1.4826, aux_loss: 0.0000, lr: 0.00000350, epoch_time: 15.0min
Epoch:[1/1](36640/56608), loss: 1.6400, logits_loss: 1.6400, aux_loss: 0.0000, lr: 0.00000349, epoch_time: 15.0min
Epoch:[1/1](36660/56608), loss: 1.8426, logits_loss: 1.8426, aux_loss: 0.0000, lr: 0.00000349, epoch_time: 15.0min
Epoch:[1/1](36680/56608), loss: 1.9021, logits_loss: 1.9021, aux_loss: 0.0000, lr: 0.00000348, epoch_time: 15.0min
Epoch:[1/1](36700/56608), loss: 1.6955, logits_loss: 1.6955, aux_loss: 0.0000, lr: 0.00000348, epoch_time: 15.0min
Epoch:[1/1](36720/56608), loss: 1.9052, logits_loss: 1.9052, aux_loss: 0.0000, lr: 0.00000347, epoch_time: 15.0min
Epoch:[1/1](36740/56608), loss: 1.7003, logits_loss: 1.7003, aux_loss: 0.0000, lr: 0.00000347, epoch_time: 15.0min
Epoch:[1/1](36760/56608), loss: 1.7770, logits_loss: 1.7770, aux_loss: 0.0000, lr: 0.00000346, epoch_time: 15.0min
Epoch:[1/1](36780/56608), loss: 1.8868, logits_loss: 1.8868, aux_loss: 0.0000, lr: 0.00000346, epoch_time: 15.0min
Epoch:[1/1](36800/56608), loss: 1.5923, logits_loss: 1.5923, aux_loss: 0.0000, lr: 0.00000346, epoch_time: 15.0min
Epoch:[1/1](36820/56608), loss: 1.9566, logits_loss: 1.9566, aux_loss: 0.0000, lr: 0.00000345, epoch_time: 15.0min
Epoch:[1/1](36840/56608), loss: 1.8489, logits_loss: 1.8489, aux_loss: 0.0000, lr: 0.00000345, epoch_time: 15.0min
Epoch:[1/1](36860/56608), loss: 1.6946, logits_loss: 1.6946, aux_loss: 0.0000, lr: 0.00000344, epoch_time: 15.0min
Epoch:[1/1](36880/56608), loss: 1.6297, logits_loss: 1.6297, aux_loss: 0.0000, lr: 0.00000344, epoch_time: 15.0min
Epoch:[1/1](36900/56608), loss: 1.6218, logits_loss: 1.6218, aux_loss: 0.0000, lr: 0.00000343, epoch_time: 15.0min
Epoch:[1/1](36920/56608), loss: 1.8059, logits_loss: 1.8059, aux_loss: 0.0000, lr: 0.00000343, epoch_time: 15.0min
Epoch:[1/1](36940/56608), loss: 1.7614, logits_loss: 1.7614, aux_loss: 0.0000, lr: 0.00000342, epoch_time: 15.0min
Epoch:[1/1](36960/56608), loss: 1.6908, logits_loss: 1.6908, aux_loss: 0.0000, lr: 0.00000342, epoch_time: 15.0min
Epoch:[1/1](36980/56608), loss: 1.8088, logits_loss: 1.8088, aux_loss: 0.0000, lr: 0.00000342, epoch_time: 15.0min
Epoch:[1/1](37000/56608), loss: 1.5102, logits_loss: 1.5102, aux_loss: 0.0000, lr: 0.00000341, epoch_time: 15.0min
Epoch:[1/1](37020/56608), loss: 1.8958, logits_loss: 1.8958, aux_loss: 0.0000, lr: 0.00000341, epoch_time: 15.0min
Epoch:[1/1](37040/56608), loss: 1.9064, logits_loss: 1.9064, aux_loss: 0.0000, lr: 0.00000340, epoch_time: 15.0min
Epoch:[1/1](37060/56608), loss: 1.8922, logits_loss: 1.8922, aux_loss: 0.0000, lr: 0.00000340, epoch_time: 15.0min
Epoch:[1/1](37080/56608), loss: 1.7925, logits_loss: 1.7925, aux_loss: 0.0000, lr: 0.00000339, epoch_time: 15.0min
Epoch:[1/1](37100/56608), loss: 2.0006, logits_loss: 2.0006, aux_loss: 0.0000, lr: 0.00000339, epoch_time: 15.0min
Epoch:[1/1](37120/56608), loss: 1.7555, logits_loss: 1.7555, aux_loss: 0.0000, lr: 0.00000339, epoch_time: 15.0min
Epoch:[1/1](37140/56608), loss: 1.7086, logits_loss: 1.7086, aux_loss: 0.0000, lr: 0.00000338, epoch_time: 15.0min
Epoch:[1/1](37160/56608), loss: 1.8623, logits_loss: 1.8623, aux_loss: 0.0000, lr: 0.00000338, epoch_time: 15.0min
Epoch:[1/1](37180/56608), loss: 1.7106, logits_loss: 1.7106, aux_loss: 0.0000, lr: 0.00000337, epoch_time: 15.0min
Epoch:[1/1](37200/56608), loss: 1.8429, logits_loss: 1.8429, aux_loss: 0.0000, lr: 0.00000337, epoch_time: 15.0min
Epoch:[1/1](37220/56608), loss: 1.7322, logits_loss: 1.7322, aux_loss: 0.0000, lr: 0.00000336, epoch_time: 15.0min
Epoch:[1/1](37240/56608), loss: 1.8490, logits_loss: 1.8490, aux_loss: 0.0000, lr: 0.00000336, epoch_time: 15.0min
Epoch:[1/1](37260/56608), loss: 1.7476, logits_loss: 1.7476, aux_loss: 0.0000, lr: 0.00000335, epoch_time: 15.0min
Epoch:[1/1](37280/56608), loss: 1.6588, logits_loss: 1.6588, aux_loss: 0.0000, lr: 0.00000335, epoch_time: 15.0min
Epoch:[1/1](37300/56608), loss: 1.9605, logits_loss: 1.9605, aux_loss: 0.0000, lr: 0.00000335, epoch_time: 15.0min
Epoch:[1/1](37320/56608), loss: 1.6641, logits_loss: 1.6641, aux_loss: 0.0000, lr: 0.00000334, epoch_time: 15.0min
Epoch:[1/1](37340/56608), loss: 1.8510, logits_loss: 1.8510, aux_loss: 0.0000, lr: 0.00000334, epoch_time: 15.0min
Epoch:[1/1](37360/56608), loss: 1.8391, logits_loss: 1.8391, aux_loss: 0.0000, lr: 0.00000333, epoch_time: 15.0min
Epoch:[1/1](37380/56608), loss: 1.6916, logits_loss: 1.6916, aux_loss: 0.0000, lr: 0.00000333, epoch_time: 15.0min
Epoch:[1/1](37400/56608), loss: 1.7802, logits_loss: 1.7802, aux_loss: 0.0000, lr: 0.00000332, epoch_time: 15.0min
Epoch:[1/1](37420/56608), loss: 1.8306, logits_loss: 1.8306, aux_loss: 0.0000, lr: 0.00000332, epoch_time: 15.0min
Epoch:[1/1](37440/56608), loss: 1.6947, logits_loss: 1.6947, aux_loss: 0.0000, lr: 0.00000331, epoch_time: 15.0min
Epoch:[1/1](37460/56608), loss: 1.8317, logits_loss: 1.8317, aux_loss: 0.0000, lr: 0.00000331, epoch_time: 15.0min
Epoch:[1/1](37480/56608), loss: 1.8328, logits_loss: 1.8328, aux_loss: 0.0000, lr: 0.00000331, epoch_time: 15.0min
Epoch:[1/1](37500/56608), loss: 1.9309, logits_loss: 1.9309, aux_loss: 0.0000, lr: 0.00000330, epoch_time: 15.0min
Epoch:[1/1](37520/56608), loss: 1.7321, logits_loss: 1.7321, aux_loss: 0.0000, lr: 0.00000330, epoch_time: 15.0min
Epoch:[1/1](37540/56608), loss: 1.6573, logits_loss: 1.6573, aux_loss: 0.0000, lr: 0.00000329, epoch_time: 15.0min
Epoch:[1/1](37560/56608), loss: 1.8488, logits_loss: 1.8488, aux_loss: 0.0000, lr: 0.00000329, epoch_time: 15.0min
Epoch:[1/1](37580/56608), loss: 1.7784, logits_loss: 1.7784, aux_loss: 0.0000, lr: 0.00000328, epoch_time: 15.0min
Epoch:[1/1](37600/56608), loss: 1.6966, logits_loss: 1.6966, aux_loss: 0.0000, lr: 0.00000328, epoch_time: 15.0min
Epoch:[1/1](37620/56608), loss: 1.9875, logits_loss: 1.9875, aux_loss: 0.0000, lr: 0.00000328, epoch_time: 15.0min
Epoch:[1/1](37640/56608), loss: 1.7096, logits_loss: 1.7096, aux_loss: 0.0000, lr: 0.00000327, epoch_time: 15.0min
Epoch:[1/1](37660/56608), loss: 1.9050, logits_loss: 1.9050, aux_loss: 0.0000, lr: 0.00000327, epoch_time: 15.0min
Epoch:[1/1](37680/56608), loss: 1.7459, logits_loss: 1.7459, aux_loss: 0.0000, lr: 0.00000326, epoch_time: 14.0min
Epoch:[1/1](37700/56608), loss: 1.6893, logits_loss: 1.6893, aux_loss: 0.0000, lr: 0.00000326, epoch_time: 14.0min
Epoch:[1/1](37720/56608), loss: 1.6837, logits_loss: 1.6837, aux_loss: 0.0000, lr: 0.00000325, epoch_time: 14.0min
Epoch:[1/1](37740/56608), loss: 1.6494, logits_loss: 1.6494, aux_loss: 0.0000, lr: 0.00000325, epoch_time: 14.0min
Epoch:[1/1](37760/56608), loss: 1.8361, logits_loss: 1.8361, aux_loss: 0.0000, lr: 0.00000325, epoch_time: 14.0min
Epoch:[1/1](37780/56608), loss: 1.7768, logits_loss: 1.7768, aux_loss: 0.0000, lr: 0.00000324, epoch_time: 14.0min
Epoch:[1/1](37800/56608), loss: 1.7997, logits_loss: 1.7997, aux_loss: 0.0000, lr: 0.00000324, epoch_time: 14.0min
Epoch:[1/1](37820/56608), loss: 1.7190, logits_loss: 1.7190, aux_loss: 0.0000, lr: 0.00000323, epoch_time: 14.0min
Epoch:[1/1](37840/56608), loss: 1.6895, logits_loss: 1.6895, aux_loss: 0.0000, lr: 0.00000323, epoch_time: 14.0min
Epoch:[1/1](37860/56608), loss: 1.6427, logits_loss: 1.6427, aux_loss: 0.0000, lr: 0.00000322, epoch_time: 14.0min
Epoch:[1/1](37880/56608), loss: 1.9373, logits_loss: 1.9373, aux_loss: 0.0000, lr: 0.00000322, epoch_time: 14.0min
Epoch:[1/1](37900/56608), loss: 1.8115, logits_loss: 1.8115, aux_loss: 0.0000, lr: 0.00000322, epoch_time: 14.0min
Epoch:[1/1](37920/56608), loss: 1.8212, logits_loss: 1.8212, aux_loss: 0.0000, lr: 0.00000321, epoch_time: 14.0min
Epoch:[1/1](37940/56608), loss: 1.6154, logits_loss: 1.6154, aux_loss: 0.0000, lr: 0.00000321, epoch_time: 14.0min
Epoch:[1/1](37960/56608), loss: 1.6253, logits_loss: 1.6253, aux_loss: 0.0000, lr: 0.00000320, epoch_time: 14.0min
Epoch:[1/1](37980/56608), loss: 1.7755, logits_loss: 1.7755, aux_loss: 0.0000, lr: 0.00000320, epoch_time: 14.0min
Epoch:[1/1](38000/56608), loss: 1.7378, logits_loss: 1.7378, aux_loss: 0.0000, lr: 0.00000319, epoch_time: 14.0min
Epoch:[1/1](38020/56608), loss: 1.7415, logits_loss: 1.7415, aux_loss: 0.0000, lr: 0.00000319, epoch_time: 14.0min
Epoch:[1/1](38040/56608), loss: 1.5471, logits_loss: 1.5471, aux_loss: 0.0000, lr: 0.00000319, epoch_time: 14.0min
Epoch:[1/1](38060/56608), loss: 1.7112, logits_loss: 1.7112, aux_loss: 0.0000, lr: 0.00000318, epoch_time: 14.0min
Epoch:[1/1](38080/56608), loss: 1.9421, logits_loss: 1.9421, aux_loss: 0.0000, lr: 0.00000318, epoch_time: 14.0min
Epoch:[1/1](38100/56608), loss: 1.7592, logits_loss: 1.7592, aux_loss: 0.0000, lr: 0.00000317, epoch_time: 14.0min
Epoch:[1/1](38120/56608), loss: 1.7173, logits_loss: 1.7173, aux_loss: 0.0000, lr: 0.00000317, epoch_time: 14.0min
Epoch:[1/1](38140/56608), loss: 1.7208, logits_loss: 1.7208, aux_loss: 0.0000, lr: 0.00000316, epoch_time: 14.0min
Epoch:[1/1](38160/56608), loss: 1.8072, logits_loss: 1.8072, aux_loss: 0.0000, lr: 0.00000316, epoch_time: 14.0min
Epoch:[1/1](38180/56608), loss: 1.7212, logits_loss: 1.7212, aux_loss: 0.0000, lr: 0.00000316, epoch_time: 14.0min
Epoch:[1/1](38200/56608), loss: 1.5824, logits_loss: 1.5824, aux_loss: 0.0000, lr: 0.00000315, epoch_time: 14.0min
Epoch:[1/1](38220/56608), loss: 1.9245, logits_loss: 1.9245, aux_loss: 0.0000, lr: 0.00000315, epoch_time: 14.0min
Epoch:[1/1](38240/56608), loss: 1.7279, logits_loss: 1.7279, aux_loss: 0.0000, lr: 0.00000314, epoch_time: 14.0min
Epoch:[1/1](38260/56608), loss: 1.5985, logits_loss: 1.5985, aux_loss: 0.0000, lr: 0.00000314, epoch_time: 14.0min
Epoch:[1/1](38280/56608), loss: 1.6460, logits_loss: 1.6460, aux_loss: 0.0000, lr: 0.00000313, epoch_time: 14.0min
Epoch:[1/1](38300/56608), loss: 1.6601, logits_loss: 1.6601, aux_loss: 0.0000, lr: 0.00000313, epoch_time: 14.0min
Epoch:[1/1](38320/56608), loss: 1.6690, logits_loss: 1.6690, aux_loss: 0.0000, lr: 0.00000313, epoch_time: 14.0min
Epoch:[1/1](38340/56608), loss: 1.6886, logits_loss: 1.6886, aux_loss: 0.0000, lr: 0.00000312, epoch_time: 14.0min
Epoch:[1/1](38360/56608), loss: 1.7954, logits_loss: 1.7954, aux_loss: 0.0000, lr: 0.00000312, epoch_time: 14.0min
Epoch:[1/1](38380/56608), loss: 1.7582, logits_loss: 1.7582, aux_loss: 0.0000, lr: 0.00000311, epoch_time: 14.0min
Epoch:[1/1](38400/56608), loss: 1.5570, logits_loss: 1.5570, aux_loss: 0.0000, lr: 0.00000311, epoch_time: 14.0min
Epoch:[1/1](38420/56608), loss: 1.8717, logits_loss: 1.8717, aux_loss: 0.0000, lr: 0.00000310, epoch_time: 14.0min
Epoch:[1/1](38440/56608), loss: 1.9395, logits_loss: 1.9395, aux_loss: 0.0000, lr: 0.00000310, epoch_time: 14.0min
Epoch:[1/1](38460/56608), loss: 1.6926, logits_loss: 1.6926, aux_loss: 0.0000, lr: 0.00000310, epoch_time: 14.0min
Epoch:[1/1](38480/56608), loss: 1.7814, logits_loss: 1.7814, aux_loss: 0.0000, lr: 0.00000309, epoch_time: 14.0min
Epoch:[1/1](38500/56608), loss: 1.7823, logits_loss: 1.7823, aux_loss: 0.0000, lr: 0.00000309, epoch_time: 14.0min
Epoch:[1/1](38520/56608), loss: 1.5893, logits_loss: 1.5893, aux_loss: 0.0000, lr: 0.00000308, epoch_time: 14.0min
Epoch:[1/1](38540/56608), loss: 1.5927, logits_loss: 1.5927, aux_loss: 0.0000, lr: 0.00000308, epoch_time: 14.0min
Epoch:[1/1](38560/56608), loss: 1.6822, logits_loss: 1.6822, aux_loss: 0.0000, lr: 0.00000307, epoch_time: 14.0min
Epoch:[1/1](38580/56608), loss: 1.7700, logits_loss: 1.7700, aux_loss: 0.0000, lr: 0.00000307, epoch_time: 14.0min
Epoch:[1/1](38600/56608), loss: 1.7744, logits_loss: 1.7744, aux_loss: 0.0000, lr: 0.00000307, epoch_time: 14.0min
Epoch:[1/1](38620/56608), loss: 1.9379, logits_loss: 1.9379, aux_loss: 0.0000, lr: 0.00000306, epoch_time: 14.0min
Epoch:[1/1](38640/56608), loss: 1.8097, logits_loss: 1.8097, aux_loss: 0.0000, lr: 0.00000306, epoch_time: 14.0min
Epoch:[1/1](38660/56608), loss: 1.9259, logits_loss: 1.9259, aux_loss: 0.0000, lr: 0.00000305, epoch_time: 14.0min
Epoch:[1/1](38680/56608), loss: 1.8207, logits_loss: 1.8207, aux_loss: 0.0000, lr: 0.00000305, epoch_time: 14.0min
Epoch:[1/1](38700/56608), loss: 2.0213, logits_loss: 2.0213, aux_loss: 0.0000, lr: 0.00000305, epoch_time: 14.0min
Epoch:[1/1](38720/56608), loss: 1.8645, logits_loss: 1.8645, aux_loss: 0.0000, lr: 0.00000304, epoch_time: 14.0min
Epoch:[1/1](38740/56608), loss: 1.7961, logits_loss: 1.7961, aux_loss: 0.0000, lr: 0.00000304, epoch_time: 14.0min
Epoch:[1/1](38760/56608), loss: 1.7707, logits_loss: 1.7707, aux_loss: 0.0000, lr: 0.00000303, epoch_time: 14.0min
Epoch:[1/1](38780/56608), loss: 1.6738, logits_loss: 1.6738, aux_loss: 0.0000, lr: 0.00000303, epoch_time: 14.0min
Epoch:[1/1](38800/56608), loss: 1.5726, logits_loss: 1.5726, aux_loss: 0.0000, lr: 0.00000302, epoch_time: 14.0min
Epoch:[1/1](38820/56608), loss: 1.8029, logits_loss: 1.8029, aux_loss: 0.0000, lr: 0.00000302, epoch_time: 14.0min
Epoch:[1/1](38840/56608), loss: 1.5898, logits_loss: 1.5898, aux_loss: 0.0000, lr: 0.00000302, epoch_time: 14.0min
Epoch:[1/1](38860/56608), loss: 1.7283, logits_loss: 1.7283, aux_loss: 0.0000, lr: 0.00000301, epoch_time: 14.0min
Epoch:[1/1](38880/56608), loss: 1.7229, logits_loss: 1.7229, aux_loss: 0.0000, lr: 0.00000301, epoch_time: 14.0min
Epoch:[1/1](38900/56608), loss: 1.7846, logits_loss: 1.7846, aux_loss: 0.0000, lr: 0.00000300, epoch_time: 14.0min
Epoch:[1/1](38920/56608), loss: 1.9058, logits_loss: 1.9058, aux_loss: 0.0000, lr: 0.00000300, epoch_time: 13.0min
Epoch:[1/1](38940/56608), loss: 1.9647, logits_loss: 1.9647, aux_loss: 0.0000, lr: 0.00000300, epoch_time: 13.0min
Epoch:[1/1](38960/56608), loss: 1.6462, logits_loss: 1.6462, aux_loss: 0.0000, lr: 0.00000299, epoch_time: 13.0min
Epoch:[1/1](38980/56608), loss: 1.8193, logits_loss: 1.8193, aux_loss: 0.0000, lr: 0.00000299, epoch_time: 13.0min
Epoch:[1/1](39000/56608), loss: 1.8410, logits_loss: 1.8410, aux_loss: 0.0000, lr: 0.00000298, epoch_time: 13.0min
Epoch:[1/1](39020/56608), loss: 1.7249, logits_loss: 1.7249, aux_loss: 0.0000, lr: 0.00000298, epoch_time: 13.0min
Epoch:[1/1](39040/56608), loss: 1.8482, logits_loss: 1.8482, aux_loss: 0.0000, lr: 0.00000297, epoch_time: 13.0min
Epoch:[1/1](39060/56608), loss: 1.9243, logits_loss: 1.9243, aux_loss: 0.0000, lr: 0.00000297, epoch_time: 13.0min
Epoch:[1/1](39080/56608), loss: 1.7759, logits_loss: 1.7759, aux_loss: 0.0000, lr: 0.00000297, epoch_time: 13.0min
Epoch:[1/1](39100/56608), loss: 1.8262, logits_loss: 1.8262, aux_loss: 0.0000, lr: 0.00000296, epoch_time: 13.0min
Epoch:[1/1](39120/56608), loss: 1.7574, logits_loss: 1.7574, aux_loss: 0.0000, lr: 0.00000296, epoch_time: 13.0min
Epoch:[1/1](39140/56608), loss: 1.7624, logits_loss: 1.7624, aux_loss: 0.0000, lr: 0.00000295, epoch_time: 13.0min
Epoch:[1/1](39160/56608), loss: 1.4310, logits_loss: 1.4310, aux_loss: 0.0000, lr: 0.00000295, epoch_time: 13.0min
Epoch:[1/1](39180/56608), loss: 1.5539, logits_loss: 1.5539, aux_loss: 0.0000, lr: 0.00000295, epoch_time: 13.0min
Epoch:[1/1](39200/56608), loss: 1.7379, logits_loss: 1.7379, aux_loss: 0.0000, lr: 0.00000294, epoch_time: 13.0min
Epoch:[1/1](39220/56608), loss: 1.6354, logits_loss: 1.6354, aux_loss: 0.0000, lr: 0.00000294, epoch_time: 13.0min
Epoch:[1/1](39240/56608), loss: 1.6105, logits_loss: 1.6105, aux_loss: 0.0000, lr: 0.00000293, epoch_time: 13.0min
Epoch:[1/1](39260/56608), loss: 1.7921, logits_loss: 1.7921, aux_loss: 0.0000, lr: 0.00000293, epoch_time: 13.0min
Epoch:[1/1](39280/56608), loss: 1.7588, logits_loss: 1.7588, aux_loss: 0.0000, lr: 0.00000293, epoch_time: 13.0min
Epoch:[1/1](39300/56608), loss: 1.6754, logits_loss: 1.6754, aux_loss: 0.0000, lr: 0.00000292, epoch_time: 13.0min
Epoch:[1/1](39320/56608), loss: 1.7709, logits_loss: 1.7709, aux_loss: 0.0000, lr: 0.00000292, epoch_time: 13.0min
Epoch:[1/1](39340/56608), loss: 1.7554, logits_loss: 1.7554, aux_loss: 0.0000, lr: 0.00000291, epoch_time: 13.0min
Epoch:[1/1](39360/56608), loss: 1.9204, logits_loss: 1.9204, aux_loss: 0.0000, lr: 0.00000291, epoch_time: 13.0min
Epoch:[1/1](39380/56608), loss: 1.6978, logits_loss: 1.6978, aux_loss: 0.0000, lr: 0.00000290, epoch_time: 13.0min
Epoch:[1/1](39400/56608), loss: 1.8093, logits_loss: 1.8093, aux_loss: 0.0000, lr: 0.00000290, epoch_time: 13.0min
Epoch:[1/1](39420/56608), loss: 1.6610, logits_loss: 1.6610, aux_loss: 0.0000, lr: 0.00000290, epoch_time: 13.0min
Epoch:[1/1](39440/56608), loss: 1.6351, logits_loss: 1.6351, aux_loss: 0.0000, lr: 0.00000289, epoch_time: 13.0min
Epoch:[1/1](39460/56608), loss: 1.6636, logits_loss: 1.6636, aux_loss: 0.0000, lr: 0.00000289, epoch_time: 13.0min
Epoch:[1/1](39480/56608), loss: 1.6767, logits_loss: 1.6767, aux_loss: 0.0000, lr: 0.00000288, epoch_time: 13.0min
Epoch:[1/1](39500/56608), loss: 1.5981, logits_loss: 1.5981, aux_loss: 0.0000, lr: 0.00000288, epoch_time: 13.0min
Epoch:[1/1](39520/56608), loss: 1.6975, logits_loss: 1.6975, aux_loss: 0.0000, lr: 0.00000288, epoch_time: 13.0min
Epoch:[1/1](39540/56608), loss: 1.7963, logits_loss: 1.7963, aux_loss: 0.0000, lr: 0.00000287, epoch_time: 13.0min
Epoch:[1/1](39560/56608), loss: 1.7477, logits_loss: 1.7477, aux_loss: 0.0000, lr: 0.00000287, epoch_time: 13.0min
Epoch:[1/1](39580/56608), loss: 1.5459, logits_loss: 1.5459, aux_loss: 0.0000, lr: 0.00000286, epoch_time: 13.0min
Epoch:[1/1](39600/56608), loss: 1.7938, logits_loss: 1.7938, aux_loss: 0.0000, lr: 0.00000286, epoch_time: 13.0min
Epoch:[1/1](39620/56608), loss: 1.6877, logits_loss: 1.6877, aux_loss: 0.0000, lr: 0.00000286, epoch_time: 13.0min
Epoch:[1/1](39640/56608), loss: 1.7078, logits_loss: 1.7078, aux_loss: 0.0000, lr: 0.00000285, epoch_time: 13.0min
Epoch:[1/1](39660/56608), loss: 1.7939, logits_loss: 1.7939, aux_loss: 0.0000, lr: 0.00000285, epoch_time: 13.0min
Epoch:[1/1](39680/56608), loss: 1.6910, logits_loss: 1.6910, aux_loss: 0.0000, lr: 0.00000284, epoch_time: 13.0min
Epoch:[1/1](39700/56608), loss: 2.0277, logits_loss: 2.0277, aux_loss: 0.0000, lr: 0.00000284, epoch_time: 13.0min
Epoch:[1/1](39720/56608), loss: 1.5517, logits_loss: 1.5517, aux_loss: 0.0000, lr: 0.00000284, epoch_time: 13.0min
Epoch:[1/1](39740/56608), loss: 1.6502, logits_loss: 1.6502, aux_loss: 0.0000, lr: 0.00000283, epoch_time: 13.0min
Epoch:[1/1](39760/56608), loss: 1.7143, logits_loss: 1.7143, aux_loss: 0.0000, lr: 0.00000283, epoch_time: 13.0min
Epoch:[1/1](39780/56608), loss: 1.7493, logits_loss: 1.7493, aux_loss: 0.0000, lr: 0.00000282, epoch_time: 13.0min
Epoch:[1/1](39800/56608), loss: 1.7670, logits_loss: 1.7670, aux_loss: 0.0000, lr: 0.00000282, epoch_time: 13.0min
Epoch:[1/1](39820/56608), loss: 1.6742, logits_loss: 1.6742, aux_loss: 0.0000, lr: 0.00000282, epoch_time: 13.0min
Epoch:[1/1](39840/56608), loss: 1.6037, logits_loss: 1.6037, aux_loss: 0.0000, lr: 0.00000281, epoch_time: 13.0min
Epoch:[1/1](39860/56608), loss: 1.6282, logits_loss: 1.6282, aux_loss: 0.0000, lr: 0.00000281, epoch_time: 13.0min
Epoch:[1/1](39880/56608), loss: 1.7525, logits_loss: 1.7525, aux_loss: 0.0000, lr: 0.00000280, epoch_time: 13.0min
Epoch:[1/1](39900/56608), loss: 1.9182, logits_loss: 1.9182, aux_loss: 0.0000, lr: 0.00000280, epoch_time: 13.0min
Epoch:[1/1](39920/56608), loss: 1.7769, logits_loss: 1.7769, aux_loss: 0.0000, lr: 0.00000280, epoch_time: 13.0min
Epoch:[1/1](39940/56608), loss: 1.7196, logits_loss: 1.7196, aux_loss: 0.0000, lr: 0.00000279, epoch_time: 13.0min
Epoch:[1/1](39960/56608), loss: 1.8952, logits_loss: 1.8952, aux_loss: 0.0000, lr: 0.00000279, epoch_time: 13.0min
Epoch:[1/1](39980/56608), loss: 1.5708, logits_loss: 1.5708, aux_loss: 0.0000, lr: 0.00000278, epoch_time: 13.0min
Epoch:[1/1](40000/56608), loss: 1.8165, logits_loss: 1.8165, aux_loss: 0.0000, lr: 0.00000278, epoch_time: 13.0min
Epoch:[1/1](40020/56608), loss: 1.5542, logits_loss: 1.5542, aux_loss: 0.0000, lr: 0.00000278, epoch_time: 13.0min
Epoch:[1/1](40040/56608), loss: 1.7830, logits_loss: 1.7830, aux_loss: 0.0000, lr: 0.00000277, epoch_time: 13.0min
Epoch:[1/1](40060/56608), loss: 1.7391, logits_loss: 1.7391, aux_loss: 0.0000, lr: 0.00000277, epoch_time: 13.0min
Epoch:[1/1](40080/56608), loss: 1.7603, logits_loss: 1.7603, aux_loss: 0.0000, lr: 0.00000276, epoch_time: 13.0min
Epoch:[1/1](40100/56608), loss: 1.8967, logits_loss: 1.8967, aux_loss: 0.0000, lr: 0.00000276, epoch_time: 13.0min
Epoch:[1/1](40120/56608), loss: 1.6075, logits_loss: 1.6075, aux_loss: 0.0000, lr: 0.00000276, epoch_time: 13.0min
Epoch:[1/1](40140/56608), loss: 1.8313, logits_loss: 1.8313, aux_loss: 0.0000, lr: 0.00000275, epoch_time: 13.0min
Epoch:[1/1](40160/56608), loss: 1.7836, logits_loss: 1.7836, aux_loss: 0.0000, lr: 0.00000275, epoch_time: 13.0min
Epoch:[1/1](40180/56608), loss: 1.8474, logits_loss: 1.8474, aux_loss: 0.0000, lr: 0.00000274, epoch_time: 13.0min
Epoch:[1/1](40200/56608), loss: 1.8406, logits_loss: 1.8406, aux_loss: 0.0000, lr: 0.00000274, epoch_time: 13.0min
Epoch:[1/1](40220/56608), loss: 1.7741, logits_loss: 1.7741, aux_loss: 0.0000, lr: 0.00000274, epoch_time: 12.0min
Epoch:[1/1](40240/56608), loss: 1.7683, logits_loss: 1.7683, aux_loss: 0.0000, lr: 0.00000273, epoch_time: 12.0min
Epoch:[1/1](40260/56608), loss: 1.6554, logits_loss: 1.6554, aux_loss: 0.0000, lr: 0.00000273, epoch_time: 12.0min
Epoch:[1/1](40280/56608), loss: 1.6932, logits_loss: 1.6932, aux_loss: 0.0000, lr: 0.00000272, epoch_time: 12.0min
Epoch:[1/1](40300/56608), loss: 1.6491, logits_loss: 1.6491, aux_loss: 0.0000, lr: 0.00000272, epoch_time: 12.0min
Epoch:[1/1](40320/56608), loss: 1.7161, logits_loss: 1.7161, aux_loss: 0.0000, lr: 0.00000272, epoch_time: 12.0min
Epoch:[1/1](40340/56608), loss: 1.6899, logits_loss: 1.6899, aux_loss: 0.0000, lr: 0.00000271, epoch_time: 12.0min
Epoch:[1/1](40360/56608), loss: 1.6406, logits_loss: 1.6406, aux_loss: 0.0000, lr: 0.00000271, epoch_time: 12.0min
Epoch:[1/1](40380/56608), loss: 1.7487, logits_loss: 1.7487, aux_loss: 0.0000, lr: 0.00000270, epoch_time: 12.0min
Epoch:[1/1](40400/56608), loss: 1.6537, logits_loss: 1.6537, aux_loss: 0.0000, lr: 0.00000270, epoch_time: 12.0min
Epoch:[1/1](40420/56608), loss: 1.7059, logits_loss: 1.7059, aux_loss: 0.0000, lr: 0.00000270, epoch_time: 12.0min
Epoch:[1/1](40440/56608), loss: 1.8127, logits_loss: 1.8127, aux_loss: 0.0000, lr: 0.00000269, epoch_time: 12.0min
Epoch:[1/1](40460/56608), loss: 1.7498, logits_loss: 1.7498, aux_loss: 0.0000, lr: 0.00000269, epoch_time: 12.0min
Epoch:[1/1](40480/56608), loss: 1.9493, logits_loss: 1.9493, aux_loss: 0.0000, lr: 0.00000269, epoch_time: 12.0min
Epoch:[1/1](40500/56608), loss: 1.7854, logits_loss: 1.7854, aux_loss: 0.0000, lr: 0.00000268, epoch_time: 12.0min
Epoch:[1/1](40520/56608), loss: 1.7683, logits_loss: 1.7683, aux_loss: 0.0000, lr: 0.00000268, epoch_time: 12.0min
Epoch:[1/1](40540/56608), loss: 1.7038, logits_loss: 1.7038, aux_loss: 0.0000, lr: 0.00000267, epoch_time: 12.0min
Epoch:[1/1](40560/56608), loss: 1.4960, logits_loss: 1.4960, aux_loss: 0.0000, lr: 0.00000267, epoch_time: 12.0min
Epoch:[1/1](40580/56608), loss: 1.8439, logits_loss: 1.8439, aux_loss: 0.0000, lr: 0.00000267, epoch_time: 12.0min
Epoch:[1/1](40600/56608), loss: 1.7366, logits_loss: 1.7366, aux_loss: 0.0000, lr: 0.00000266, epoch_time: 12.0min
Epoch:[1/1](40620/56608), loss: 1.7382, logits_loss: 1.7382, aux_loss: 0.0000, lr: 0.00000266, epoch_time: 12.0min
Epoch:[1/1](40640/56608), loss: 1.4781, logits_loss: 1.4781, aux_loss: 0.0000, lr: 0.00000265, epoch_time: 12.0min
Epoch:[1/1](40660/56608), loss: 1.9995, logits_loss: 1.9995, aux_loss: 0.0000, lr: 0.00000265, epoch_time: 12.0min
Epoch:[1/1](40680/56608), loss: 1.8216, logits_loss: 1.8216, aux_loss: 0.0000, lr: 0.00000265, epoch_time: 12.0min
Epoch:[1/1](40700/56608), loss: 1.6642, logits_loss: 1.6642, aux_loss: 0.0000, lr: 0.00000264, epoch_time: 12.0min
Epoch:[1/1](40720/56608), loss: 1.7490, logits_loss: 1.7490, aux_loss: 0.0000, lr: 0.00000264, epoch_time: 12.0min
Epoch:[1/1](40740/56608), loss: 1.5180, logits_loss: 1.5180, aux_loss: 0.0000, lr: 0.00000264, epoch_time: 12.0min
Epoch:[1/1](40760/56608), loss: 1.7487, logits_loss: 1.7487, aux_loss: 0.0000, lr: 0.00000263, epoch_time: 12.0min
Epoch:[1/1](40780/56608), loss: 1.8572, logits_loss: 1.8572, aux_loss: 0.0000, lr: 0.00000263, epoch_time: 12.0min
Epoch:[1/1](40800/56608), loss: 1.7406, logits_loss: 1.7406, aux_loss: 0.0000, lr: 0.00000262, epoch_time: 12.0min
Epoch:[1/1](40820/56608), loss: 1.6827, logits_loss: 1.6827, aux_loss: 0.0000, lr: 0.00000262, epoch_time: 12.0min
Epoch:[1/1](40840/56608), loss: 1.8037, logits_loss: 1.8037, aux_loss: 0.0000, lr: 0.00000262, epoch_time: 12.0min
Epoch:[1/1](40860/56608), loss: 1.4918, logits_loss: 1.4918, aux_loss: 0.0000, lr: 0.00000261, epoch_time: 12.0min
Epoch:[1/1](40880/56608), loss: 1.4906, logits_loss: 1.4906, aux_loss: 0.0000, lr: 0.00000261, epoch_time: 12.0min
Epoch:[1/1](40900/56608), loss: 1.8617, logits_loss: 1.8617, aux_loss: 0.0000, lr: 0.00000260, epoch_time: 12.0min
Epoch:[1/1](40920/56608), loss: 1.6526, logits_loss: 1.6526, aux_loss: 0.0000, lr: 0.00000260, epoch_time: 12.0min
Epoch:[1/1](40940/56608), loss: 1.8489, logits_loss: 1.8489, aux_loss: 0.0000, lr: 0.00000260, epoch_time: 12.0min
Epoch:[1/1](40960/56608), loss: 1.6564, logits_loss: 1.6564, aux_loss: 0.0000, lr: 0.00000259, epoch_time: 12.0min
Epoch:[1/1](40980/56608), loss: 1.5979, logits_loss: 1.5979, aux_loss: 0.0000, lr: 0.00000259, epoch_time: 12.0min
Epoch:[1/1](41000/56608), loss: 1.5681, logits_loss: 1.5681, aux_loss: 0.0000, lr: 0.00000259, epoch_time: 12.0min
Epoch:[1/1](41020/56608), loss: 1.7603, logits_loss: 1.7603, aux_loss: 0.0000, lr: 0.00000258, epoch_time: 12.0min
Epoch:[1/1](41040/56608), loss: 1.5885, logits_loss: 1.5885, aux_loss: 0.0000, lr: 0.00000258, epoch_time: 12.0min
Epoch:[1/1](41060/56608), loss: 1.7032, logits_loss: 1.7032, aux_loss: 0.0000, lr: 0.00000257, epoch_time: 12.0min
Epoch:[1/1](41080/56608), loss: 1.7614, logits_loss: 1.7614, aux_loss: 0.0000, lr: 0.00000257, epoch_time: 12.0min
Epoch:[1/1](41100/56608), loss: 1.6879, logits_loss: 1.6879, aux_loss: 0.0000, lr: 0.00000257, epoch_time: 12.0min
Epoch:[1/1](41120/56608), loss: 1.6861, logits_loss: 1.6861, aux_loss: 0.0000, lr: 0.00000256, epoch_time: 12.0min
Epoch:[1/1](41140/56608), loss: 1.4552, logits_loss: 1.4552, aux_loss: 0.0000, lr: 0.00000256, epoch_time: 12.0min
Epoch:[1/1](41160/56608), loss: 1.7070, logits_loss: 1.7070, aux_loss: 0.0000, lr: 0.00000255, epoch_time: 12.0min
Epoch:[1/1](41180/56608), loss: 1.8355, logits_loss: 1.8355, aux_loss: 0.0000, lr: 0.00000255, epoch_time: 12.0min
Epoch:[1/1](41200/56608), loss: 1.6112, logits_loss: 1.6112, aux_loss: 0.0000, lr: 0.00000255, epoch_time: 12.0min
Epoch:[1/1](41220/56608), loss: 1.9254, logits_loss: 1.9254, aux_loss: 0.0000, lr: 0.00000254, epoch_time: 12.0min
Epoch:[1/1](41240/56608), loss: 1.6821, logits_loss: 1.6821, aux_loss: 0.0000, lr: 0.00000254, epoch_time: 12.0min
Epoch:[1/1](41260/56608), loss: 1.6182, logits_loss: 1.6182, aux_loss: 0.0000, lr: 0.00000254, epoch_time: 12.0min
Epoch:[1/1](41280/56608), loss: 1.6786, logits_loss: 1.6786, aux_loss: 0.0000, lr: 0.00000253, epoch_time: 12.0min
Epoch:[1/1](41300/56608), loss: 1.8922, logits_loss: 1.8922, aux_loss: 0.0000, lr: 0.00000253, epoch_time: 12.0min
Epoch:[1/1](41320/56608), loss: 1.9331, logits_loss: 1.9331, aux_loss: 0.0000, lr: 0.00000252, epoch_time: 12.0min
Epoch:[1/1](41340/56608), loss: 1.6740, logits_loss: 1.6740, aux_loss: 0.0000, lr: 0.00000252, epoch_time: 12.0min
Epoch:[1/1](41360/56608), loss: 1.5966, logits_loss: 1.5966, aux_loss: 0.0000, lr: 0.00000252, epoch_time: 12.0min
Epoch:[1/1](41380/56608), loss: 1.6662, logits_loss: 1.6662, aux_loss: 0.0000, lr: 0.00000251, epoch_time: 12.0min
Epoch:[1/1](41400/56608), loss: 1.6708, logits_loss: 1.6708, aux_loss: 0.0000, lr: 0.00000251, epoch_time: 12.0min
Epoch:[1/1](41420/56608), loss: 1.8903, logits_loss: 1.8903, aux_loss: 0.0000, lr: 0.00000251, epoch_time: 12.0min
Epoch:[1/1](41440/56608), loss: 1.9039, logits_loss: 1.9039, aux_loss: 0.0000, lr: 0.00000250, epoch_time: 12.0min
Epoch:[1/1](41460/56608), loss: 1.7865, logits_loss: 1.7865, aux_loss: 0.0000, lr: 0.00000250, epoch_time: 12.0min
Epoch:[1/1](41480/56608), loss: 1.8299, logits_loss: 1.8299, aux_loss: 0.0000, lr: 0.00000249, epoch_time: 11.0min
Epoch:[1/1](41500/56608), loss: 1.8720, logits_loss: 1.8720, aux_loss: 0.0000, lr: 0.00000249, epoch_time: 11.0min
Epoch:[1/1](41520/56608), loss: 1.7618, logits_loss: 1.7618, aux_loss: 0.0000, lr: 0.00000249, epoch_time: 11.0min
Epoch:[1/1](41540/56608), loss: 1.6670, logits_loss: 1.6670, aux_loss: 0.0000, lr: 0.00000248, epoch_time: 11.0min
Epoch:[1/1](41560/56608), loss: 1.8167, logits_loss: 1.8167, aux_loss: 0.0000, lr: 0.00000248, epoch_time: 11.0min
Epoch:[1/1](41580/56608), loss: 1.8377, logits_loss: 1.8377, aux_loss: 0.0000, lr: 0.00000248, epoch_time: 11.0min
Epoch:[1/1](41600/56608), loss: 1.8424, logits_loss: 1.8424, aux_loss: 0.0000, lr: 0.00000247, epoch_time: 11.0min
Epoch:[1/1](41620/56608), loss: 1.8106, logits_loss: 1.8106, aux_loss: 0.0000, lr: 0.00000247, epoch_time: 11.0min
Epoch:[1/1](41640/56608), loss: 1.6977, logits_loss: 1.6977, aux_loss: 0.0000, lr: 0.00000247, epoch_time: 11.0min
Epoch:[1/1](41660/56608), loss: 1.5859, logits_loss: 1.5859, aux_loss: 0.0000, lr: 0.00000246, epoch_time: 11.0min
Epoch:[1/1](41680/56608), loss: 1.6851, logits_loss: 1.6851, aux_loss: 0.0000, lr: 0.00000246, epoch_time: 11.0min
Epoch:[1/1](41700/56608), loss: 1.7149, logits_loss: 1.7149, aux_loss: 0.0000, lr: 0.00000245, epoch_time: 11.0min
Epoch:[1/1](41720/56608), loss: 1.7672, logits_loss: 1.7672, aux_loss: 0.0000, lr: 0.00000245, epoch_time: 11.0min
Epoch:[1/1](41740/56608), loss: 1.6597, logits_loss: 1.6597, aux_loss: 0.0000, lr: 0.00000245, epoch_time: 11.0min
Epoch:[1/1](41760/56608), loss: 1.7803, logits_loss: 1.7803, aux_loss: 0.0000, lr: 0.00000244, epoch_time: 11.0min
Epoch:[1/1](41780/56608), loss: 1.6551, logits_loss: 1.6551, aux_loss: 0.0000, lr: 0.00000244, epoch_time: 11.0min
Epoch:[1/1](41800/56608), loss: 1.7654, logits_loss: 1.7654, aux_loss: 0.0000, lr: 0.00000244, epoch_time: 11.0min
Epoch:[1/1](41820/56608), loss: 1.6694, logits_loss: 1.6694, aux_loss: 0.0000, lr: 0.00000243, epoch_time: 11.0min
Epoch:[1/1](41840/56608), loss: 1.5412, logits_loss: 1.5412, aux_loss: 0.0000, lr: 0.00000243, epoch_time: 11.0min
Epoch:[1/1](41860/56608), loss: 1.7621, logits_loss: 1.7621, aux_loss: 0.0000, lr: 0.00000242, epoch_time: 11.0min
Epoch:[1/1](41880/56608), loss: 1.7493, logits_loss: 1.7493, aux_loss: 0.0000, lr: 0.00000242, epoch_time: 11.0min
Epoch:[1/1](41900/56608), loss: 1.8026, logits_loss: 1.8026, aux_loss: 0.0000, lr: 0.00000242, epoch_time: 11.0min
Epoch:[1/1](41920/56608), loss: 1.6717, logits_loss: 1.6717, aux_loss: 0.0000, lr: 0.00000241, epoch_time: 11.0min
Epoch:[1/1](41940/56608), loss: 1.5842, logits_loss: 1.5842, aux_loss: 0.0000, lr: 0.00000241, epoch_time: 11.0min
Epoch:[1/1](41960/56608), loss: 1.4711, logits_loss: 1.4711, aux_loss: 0.0000, lr: 0.00000241, epoch_time: 11.0min
Epoch:[1/1](41980/56608), loss: 1.7379, logits_loss: 1.7379, aux_loss: 0.0000, lr: 0.00000240, epoch_time: 11.0min
Epoch:[1/1](42000/56608), loss: 1.7322, logits_loss: 1.7322, aux_loss: 0.0000, lr: 0.00000240, epoch_time: 11.0min
Epoch:[1/1](42020/56608), loss: 1.7508, logits_loss: 1.7508, aux_loss: 0.0000, lr: 0.00000240, epoch_time: 11.0min
Epoch:[1/1](42040/56608), loss: 1.7391, logits_loss: 1.7391, aux_loss: 0.0000, lr: 0.00000239, epoch_time: 11.0min
Epoch:[1/1](42060/56608), loss: 1.6823, logits_loss: 1.6823, aux_loss: 0.0000, lr: 0.00000239, epoch_time: 11.0min
Epoch:[1/1](42080/56608), loss: 1.8017, logits_loss: 1.8017, aux_loss: 0.0000, lr: 0.00000239, epoch_time: 11.0min
Epoch:[1/1](42100/56608), loss: 1.5828, logits_loss: 1.5828, aux_loss: 0.0000, lr: 0.00000238, epoch_time: 11.0min
Epoch:[1/1](42120/56608), loss: 1.8050, logits_loss: 1.8050, aux_loss: 0.0000, lr: 0.00000238, epoch_time: 11.0min
Epoch:[1/1](42140/56608), loss: 1.7050, logits_loss: 1.7050, aux_loss: 0.0000, lr: 0.00000237, epoch_time: 11.0min
Epoch:[1/1](42160/56608), loss: 1.7521, logits_loss: 1.7521, aux_loss: 0.0000, lr: 0.00000237, epoch_time: 11.0min
Epoch:[1/1](42180/56608), loss: 1.6453, logits_loss: 1.6453, aux_loss: 0.0000, lr: 0.00000237, epoch_time: 11.0min
Epoch:[1/1](42200/56608), loss: 1.8260, logits_loss: 1.8260, aux_loss: 0.0000, lr: 0.00000236, epoch_time: 11.0min
Epoch:[1/1](42220/56608), loss: 2.0320, logits_loss: 2.0320, aux_loss: 0.0000, lr: 0.00000236, epoch_time: 11.0min
Epoch:[1/1](42240/56608), loss: 1.5627, logits_loss: 1.5627, aux_loss: 0.0000, lr: 0.00000236, epoch_time: 11.0min
Epoch:[1/1](42260/56608), loss: 1.7277, logits_loss: 1.7277, aux_loss: 0.0000, lr: 0.00000235, epoch_time: 11.0min
Epoch:[1/1](42280/56608), loss: 1.6972, logits_loss: 1.6972, aux_loss: 0.0000, lr: 0.00000235, epoch_time: 11.0min
Epoch:[1/1](42300/56608), loss: 1.8842, logits_loss: 1.8842, aux_loss: 0.0000, lr: 0.00000235, epoch_time: 11.0min
Epoch:[1/1](42320/56608), loss: 1.7816, logits_loss: 1.7816, aux_loss: 0.0000, lr: 0.00000234, epoch_time: 11.0min
Epoch:[1/1](42340/56608), loss: 1.7259, logits_loss: 1.7259, aux_loss: 0.0000, lr: 0.00000234, epoch_time: 11.0min
Epoch:[1/1](42360/56608), loss: 1.5584, logits_loss: 1.5584, aux_loss: 0.0000, lr: 0.00000234, epoch_time: 11.0min
Epoch:[1/1](42380/56608), loss: 1.6760, logits_loss: 1.6760, aux_loss: 0.0000, lr: 0.00000233, epoch_time: 11.0min
Epoch:[1/1](42400/56608), loss: 1.7287, logits_loss: 1.7287, aux_loss: 0.0000, lr: 0.00000233, epoch_time: 11.0min
Epoch:[1/1](42420/56608), loss: 1.5496, logits_loss: 1.5496, aux_loss: 0.0000, lr: 0.00000232, epoch_time: 11.0min
Epoch:[1/1](42440/56608), loss: 1.9818, logits_loss: 1.9818, aux_loss: 0.0000, lr: 0.00000232, epoch_time: 11.0min
Epoch:[1/1](42460/56608), loss: 1.8202, logits_loss: 1.8202, aux_loss: 0.0000, lr: 0.00000232, epoch_time: 11.0min
Epoch:[1/1](42480/56608), loss: 1.7564, logits_loss: 1.7564, aux_loss: 0.0000, lr: 0.00000231, epoch_time: 11.0min
Epoch:[1/1](42500/56608), loss: 1.8107, logits_loss: 1.8107, aux_loss: 0.0000, lr: 0.00000231, epoch_time: 11.0min
Epoch:[1/1](42520/56608), loss: 1.6145, logits_loss: 1.6145, aux_loss: 0.0000, lr: 0.00000231, epoch_time: 11.0min
Epoch:[1/1](42540/56608), loss: 1.6744, logits_loss: 1.6744, aux_loss: 0.0000, lr: 0.00000230, epoch_time: 11.0min
Epoch:[1/1](42560/56608), loss: 1.6075, logits_loss: 1.6075, aux_loss: 0.0000, lr: 0.00000230, epoch_time: 11.0min
Epoch:[1/1](42580/56608), loss: 1.6745, logits_loss: 1.6745, aux_loss: 0.0000, lr: 0.00000230, epoch_time: 11.0min
Epoch:[1/1](42600/56608), loss: 1.8287, logits_loss: 1.8287, aux_loss: 0.0000, lr: 0.00000229, epoch_time: 11.0min
Epoch:[1/1](42620/56608), loss: 1.9046, logits_loss: 1.9046, aux_loss: 0.0000, lr: 0.00000229, epoch_time: 11.0min
Epoch:[1/1](42640/56608), loss: 1.8260, logits_loss: 1.8260, aux_loss: 0.0000, lr: 0.00000229, epoch_time: 11.0min
Epoch:[1/1](42660/56608), loss: 1.6170, logits_loss: 1.6170, aux_loss: 0.0000, lr: 0.00000228, epoch_time: 11.0min
Epoch:[1/1](42680/56608), loss: 1.8296, logits_loss: 1.8296, aux_loss: 0.0000, lr: 0.00000228, epoch_time: 11.0min
Epoch:[1/1](42700/56608), loss: 1.8447, logits_loss: 1.8447, aux_loss: 0.0000, lr: 0.00000228, epoch_time: 11.0min
Epoch:[1/1](42720/56608), loss: 1.6949, logits_loss: 1.6949, aux_loss: 0.0000, lr: 0.00000227, epoch_time: 11.0min
Epoch:[1/1](42740/56608), loss: 1.7131, logits_loss: 1.7131, aux_loss: 0.0000, lr: 0.00000227, epoch_time: 10.0min
Epoch:[1/1](42760/56608), loss: 1.6158, logits_loss: 1.6158, aux_loss: 0.0000, lr: 0.00000226, epoch_time: 10.0min
Epoch:[1/1](42780/56608), loss: 1.8697, logits_loss: 1.8697, aux_loss: 0.0000, lr: 0.00000226, epoch_time: 10.0min
Epoch:[1/1](42800/56608), loss: 1.7901, logits_loss: 1.7901, aux_loss: 0.0000, lr: 0.00000226, epoch_time: 10.0min
Epoch:[1/1](42820/56608), loss: 1.6225, logits_loss: 1.6225, aux_loss: 0.0000, lr: 0.00000225, epoch_time: 10.0min
Epoch:[1/1](42840/56608), loss: 1.5690, logits_loss: 1.5690, aux_loss: 0.0000, lr: 0.00000225, epoch_time: 10.0min
Epoch:[1/1](42860/56608), loss: 1.7283, logits_loss: 1.7283, aux_loss: 0.0000, lr: 0.00000225, epoch_time: 10.0min
Epoch:[1/1](42880/56608), loss: 1.7151, logits_loss: 1.7151, aux_loss: 0.0000, lr: 0.00000224, epoch_time: 10.0min
Epoch:[1/1](42900/56608), loss: 1.8883, logits_loss: 1.8883, aux_loss: 0.0000, lr: 0.00000224, epoch_time: 10.0min
Epoch:[1/1](42920/56608), loss: 1.7464, logits_loss: 1.7464, aux_loss: 0.0000, lr: 0.00000224, epoch_time: 10.0min
Epoch:[1/1](42940/56608), loss: 1.5707, logits_loss: 1.5707, aux_loss: 0.0000, lr: 0.00000223, epoch_time: 10.0min
Epoch:[1/1](42960/56608), loss: 1.8430, logits_loss: 1.8430, aux_loss: 0.0000, lr: 0.00000223, epoch_time: 10.0min
Epoch:[1/1](42980/56608), loss: 1.5945, logits_loss: 1.5945, aux_loss: 0.0000, lr: 0.00000223, epoch_time: 10.0min
Epoch:[1/1](43000/56608), loss: 1.8409, logits_loss: 1.8409, aux_loss: 0.0000, lr: 0.00000222, epoch_time: 10.0min
Epoch:[1/1](43020/56608), loss: 1.7587, logits_loss: 1.7587, aux_loss: 0.0000, lr: 0.00000222, epoch_time: 10.0min
Epoch:[1/1](43040/56608), loss: 1.7780, logits_loss: 1.7780, aux_loss: 0.0000, lr: 0.00000222, epoch_time: 10.0min
Epoch:[1/1](43060/56608), loss: 1.7482, logits_loss: 1.7482, aux_loss: 0.0000, lr: 0.00000221, epoch_time: 10.0min
Epoch:[1/1](43080/56608), loss: 1.5984, logits_loss: 1.5984, aux_loss: 0.0000, lr: 0.00000221, epoch_time: 10.0min
Epoch:[1/1](43100/56608), loss: 1.6568, logits_loss: 1.6568, aux_loss: 0.0000, lr: 0.00000221, epoch_time: 10.0min
Epoch:[1/1](43120/56608), loss: 1.7299, logits_loss: 1.7299, aux_loss: 0.0000, lr: 0.00000220, epoch_time: 10.0min
Epoch:[1/1](43140/56608), loss: 1.8858, logits_loss: 1.8858, aux_loss: 0.0000, lr: 0.00000220, epoch_time: 10.0min
Epoch:[1/1](43160/56608), loss: 1.7338, logits_loss: 1.7338, aux_loss: 0.0000, lr: 0.00000220, epoch_time: 10.0min
Epoch:[1/1](43180/56608), loss: 1.5044, logits_loss: 1.5044, aux_loss: 0.0000, lr: 0.00000219, epoch_time: 10.0min
Epoch:[1/1](43200/56608), loss: 1.7633, logits_loss: 1.7633, aux_loss: 0.0000, lr: 0.00000219, epoch_time: 10.0min
Epoch:[1/1](43220/56608), loss: 1.8420, logits_loss: 1.8420, aux_loss: 0.0000, lr: 0.00000219, epoch_time: 10.0min
Epoch:[1/1](43240/56608), loss: 1.8342, logits_loss: 1.8342, aux_loss: 0.0000, lr: 0.00000218, epoch_time: 10.0min
Epoch:[1/1](43260/56608), loss: 1.7125, logits_loss: 1.7125, aux_loss: 0.0000, lr: 0.00000218, epoch_time: 10.0min
Epoch:[1/1](43280/56608), loss: 1.6284, logits_loss: 1.6284, aux_loss: 0.0000, lr: 0.00000218, epoch_time: 10.0min
Epoch:[1/1](43300/56608), loss: 1.6545, logits_loss: 1.6545, aux_loss: 0.0000, lr: 0.00000217, epoch_time: 10.0min
Epoch:[1/1](43320/56608), loss: 1.8520, logits_loss: 1.8520, aux_loss: 0.0000, lr: 0.00000217, epoch_time: 10.0min
Epoch:[1/1](43340/56608), loss: 1.7805, logits_loss: 1.7805, aux_loss: 0.0000, lr: 0.00000217, epoch_time: 10.0min
Epoch:[1/1](43360/56608), loss: 1.7545, logits_loss: 1.7545, aux_loss: 0.0000, lr: 0.00000216, epoch_time: 10.0min
Epoch:[1/1](43380/56608), loss: 1.7286, logits_loss: 1.7286, aux_loss: 0.0000, lr: 0.00000216, epoch_time: 10.0min
Epoch:[1/1](43400/56608), loss: 1.8047, logits_loss: 1.8047, aux_loss: 0.0000, lr: 0.00000216, epoch_time: 10.0min
Epoch:[1/1](43420/56608), loss: 1.7794, logits_loss: 1.7794, aux_loss: 0.0000, lr: 0.00000215, epoch_time: 10.0min
Epoch:[1/1](43440/56608), loss: 1.9418, logits_loss: 1.9418, aux_loss: 0.0000, lr: 0.00000215, epoch_time: 10.0min
Epoch:[1/1](43460/56608), loss: 1.6795, logits_loss: 1.6795, aux_loss: 0.0000, lr: 0.00000215, epoch_time: 10.0min
Epoch:[1/1](43480/56608), loss: 1.8063, logits_loss: 1.8063, aux_loss: 0.0000, lr: 0.00000214, epoch_time: 10.0min
Epoch:[1/1](43500/56608), loss: 1.6993, logits_loss: 1.6993, aux_loss: 0.0000, lr: 0.00000214, epoch_time: 10.0min
Epoch:[1/1](43520/56608), loss: 1.6828, logits_loss: 1.6828, aux_loss: 0.0000, lr: 0.00000214, epoch_time: 10.0min
Epoch:[1/1](43540/56608), loss: 1.5859, logits_loss: 1.5859, aux_loss: 0.0000, lr: 0.00000213, epoch_time: 10.0min
Epoch:[1/1](43560/56608), loss: 1.6722, logits_loss: 1.6722, aux_loss: 0.0000, lr: 0.00000213, epoch_time: 10.0min
Epoch:[1/1](43580/56608), loss: 1.8303, logits_loss: 1.8303, aux_loss: 0.0000, lr: 0.00000213, epoch_time: 10.0min
Epoch:[1/1](43600/56608), loss: 1.9597, logits_loss: 1.9597, aux_loss: 0.0000, lr: 0.00000212, epoch_time: 10.0min
Epoch:[1/1](43620/56608), loss: 1.6169, logits_loss: 1.6169, aux_loss: 0.0000, lr: 0.00000212, epoch_time: 10.0min
Epoch:[1/1](43640/56608), loss: 1.8105, logits_loss: 1.8105, aux_loss: 0.0000, lr: 0.00000212, epoch_time: 10.0min
Epoch:[1/1](43660/56608), loss: 1.6909, logits_loss: 1.6909, aux_loss: 0.0000, lr: 0.00000211, epoch_time: 10.0min
Epoch:[1/1](43680/56608), loss: 1.5557, logits_loss: 1.5557, aux_loss: 0.0000, lr: 0.00000211, epoch_time: 10.0min
Epoch:[1/1](43700/56608), loss: 1.6528, logits_loss: 1.6528, aux_loss: 0.0000, lr: 0.00000211, epoch_time: 10.0min
Epoch:[1/1](43720/56608), loss: 1.7573, logits_loss: 1.7573, aux_loss: 0.0000, lr: 0.00000210, epoch_time: 10.0min
Epoch:[1/1](43740/56608), loss: 1.7363, logits_loss: 1.7363, aux_loss: 0.0000, lr: 0.00000210, epoch_time: 10.0min
Epoch:[1/1](43760/56608), loss: 1.7317, logits_loss: 1.7317, aux_loss: 0.0000, lr: 0.00000210, epoch_time: 10.0min
Epoch:[1/1](43780/56608), loss: 1.7036, logits_loss: 1.7036, aux_loss: 0.0000, lr: 0.00000209, epoch_time: 10.0min
Epoch:[1/1](43800/56608), loss: 1.8892, logits_loss: 1.8892, aux_loss: 0.0000, lr: 0.00000209, epoch_time: 10.0min
Epoch:[1/1](43820/56608), loss: 1.8362, logits_loss: 1.8362, aux_loss: 0.0000, lr: 0.00000209, epoch_time: 10.0min
Epoch:[1/1](43840/56608), loss: 1.7444, logits_loss: 1.7444, aux_loss: 0.0000, lr: 0.00000208, epoch_time: 10.0min
Epoch:[1/1](43860/56608), loss: 1.9324, logits_loss: 1.9324, aux_loss: 0.0000, lr: 0.00000208, epoch_time: 10.0min
Epoch:[1/1](43880/56608), loss: 1.6553, logits_loss: 1.6553, aux_loss: 0.0000, lr: 0.00000208, epoch_time: 10.0min
Epoch:[1/1](43900/56608), loss: 1.6466, logits_loss: 1.6466, aux_loss: 0.0000, lr: 0.00000207, epoch_time: 10.0min
Epoch:[1/1](43920/56608), loss: 1.6388, logits_loss: 1.6388, aux_loss: 0.0000, lr: 0.00000207, epoch_time: 10.0min
Epoch:[1/1](43940/56608), loss: 1.6257, logits_loss: 1.6257, aux_loss: 0.0000, lr: 0.00000207, epoch_time: 10.0min
Epoch:[1/1](43960/56608), loss: 1.7857, logits_loss: 1.7857, aux_loss: 0.0000, lr: 0.00000206, epoch_time: 10.0min
Epoch:[1/1](43980/56608), loss: 1.9176, logits_loss: 1.9176, aux_loss: 0.0000, lr: 0.00000206, epoch_time: 10.0min
Epoch:[1/1](44000/56608), loss: 2.0519, logits_loss: 2.0519, aux_loss: 0.0000, lr: 0.00000206, epoch_time: 9.0min
Epoch:[1/1](44020/56608), loss: 1.9486, logits_loss: 1.9486, aux_loss: 0.0000, lr: 0.00000205, epoch_time: 9.0min
Epoch:[1/1](44040/56608), loss: 1.6233, logits_loss: 1.6233, aux_loss: 0.0000, lr: 0.00000205, epoch_time: 9.0min
Epoch:[1/1](44060/56608), loss: 1.7115, logits_loss: 1.7115, aux_loss: 0.0000, lr: 0.00000205, epoch_time: 9.0min
Epoch:[1/1](44080/56608), loss: 1.8408, logits_loss: 1.8408, aux_loss: 0.0000, lr: 0.00000204, epoch_time: 9.0min
Epoch:[1/1](44100/56608), loss: 1.6231, logits_loss: 1.6231, aux_loss: 0.0000, lr: 0.00000204, epoch_time: 9.0min
Epoch:[1/1](44120/56608), loss: 1.7063, logits_loss: 1.7063, aux_loss: 0.0000, lr: 0.00000204, epoch_time: 9.0min
Epoch:[1/1](44140/56608), loss: 1.7492, logits_loss: 1.7492, aux_loss: 0.0000, lr: 0.00000203, epoch_time: 9.0min
Epoch:[1/1](44160/56608), loss: 1.8277, logits_loss: 1.8277, aux_loss: 0.0000, lr: 0.00000203, epoch_time: 9.0min
Epoch:[1/1](44180/56608), loss: 1.9029, logits_loss: 1.9029, aux_loss: 0.0000, lr: 0.00000203, epoch_time: 9.0min
Epoch:[1/1](44200/56608), loss: 1.7414, logits_loss: 1.7414, aux_loss: 0.0000, lr: 0.00000203, epoch_time: 9.0min
Epoch:[1/1](44220/56608), loss: 1.5947, logits_loss: 1.5947, aux_loss: 0.0000, lr: 0.00000202, epoch_time: 9.0min
Epoch:[1/1](44240/56608), loss: 1.7591, logits_loss: 1.7591, aux_loss: 0.0000, lr: 0.00000202, epoch_time: 9.0min
Epoch:[1/1](44260/56608), loss: 1.8237, logits_loss: 1.8237, aux_loss: 0.0000, lr: 0.00000202, epoch_time: 9.0min
Epoch:[1/1](44280/56608), loss: 1.5794, logits_loss: 1.5794, aux_loss: 0.0000, lr: 0.00000201, epoch_time: 9.0min
Epoch:[1/1](44300/56608), loss: 1.8775, logits_loss: 1.8775, aux_loss: 0.0000, lr: 0.00000201, epoch_time: 9.0min
Epoch:[1/1](44320/56608), loss: 1.5781, logits_loss: 1.5781, aux_loss: 0.0000, lr: 0.00000201, epoch_time: 9.0min
Epoch:[1/1](44340/56608), loss: 1.8188, logits_loss: 1.8188, aux_loss: 0.0000, lr: 0.00000200, epoch_time: 9.0min
Epoch:[1/1](44360/56608), loss: 1.8082, logits_loss: 1.8082, aux_loss: 0.0000, lr: 0.00000200, epoch_time: 9.0min
Epoch:[1/1](44380/56608), loss: 1.7829, logits_loss: 1.7829, aux_loss: 0.0000, lr: 0.00000200, epoch_time: 9.0min
Epoch:[1/1](44400/56608), loss: 1.7480, logits_loss: 1.7480, aux_loss: 0.0000, lr: 0.00000199, epoch_time: 9.0min
Epoch:[1/1](44420/56608), loss: 1.6712, logits_loss: 1.6712, aux_loss: 0.0000, lr: 0.00000199, epoch_time: 9.0min
Epoch:[1/1](44440/56608), loss: 1.8231, logits_loss: 1.8231, aux_loss: 0.0000, lr: 0.00000199, epoch_time: 9.0min
Epoch:[1/1](44460/56608), loss: 1.9089, logits_loss: 1.9089, aux_loss: 0.0000, lr: 0.00000198, epoch_time: 9.0min
Epoch:[1/1](44480/56608), loss: 1.5583, logits_loss: 1.5583, aux_loss: 0.0000, lr: 0.00000198, epoch_time: 9.0min
Epoch:[1/1](44500/56608), loss: 1.6573, logits_loss: 1.6573, aux_loss: 0.0000, lr: 0.00000198, epoch_time: 9.0min
Epoch:[1/1](44520/56608), loss: 1.7074, logits_loss: 1.7074, aux_loss: 0.0000, lr: 0.00000198, epoch_time: 9.0min
Epoch:[1/1](44540/56608), loss: 1.6276, logits_loss: 1.6276, aux_loss: 0.0000, lr: 0.00000197, epoch_time: 9.0min
Epoch:[1/1](44560/56608), loss: 1.5656, logits_loss: 1.5656, aux_loss: 0.0000, lr: 0.00000197, epoch_time: 9.0min
Epoch:[1/1](44580/56608), loss: 1.6511, logits_loss: 1.6511, aux_loss: 0.0000, lr: 0.00000197, epoch_time: 9.0min
Epoch:[1/1](44600/56608), loss: 1.8355, logits_loss: 1.8355, aux_loss: 0.0000, lr: 0.00000196, epoch_time: 9.0min
Epoch:[1/1](44620/56608), loss: 1.5553, logits_loss: 1.5553, aux_loss: 0.0000, lr: 0.00000196, epoch_time: 9.0min
Epoch:[1/1](44640/56608), loss: 1.8183, logits_loss: 1.8183, aux_loss: 0.0000, lr: 0.00000196, epoch_time: 9.0min
Epoch:[1/1](44660/56608), loss: 1.7357, logits_loss: 1.7357, aux_loss: 0.0000, lr: 0.00000195, epoch_time: 9.0min
Epoch:[1/1](44680/56608), loss: 1.8468, logits_loss: 1.8468, aux_loss: 0.0000, lr: 0.00000195, epoch_time: 9.0min
Epoch:[1/1](44700/56608), loss: 1.7560, logits_loss: 1.7560, aux_loss: 0.0000, lr: 0.00000195, epoch_time: 9.0min
Epoch:[1/1](44720/56608), loss: 1.8032, logits_loss: 1.8032, aux_loss: 0.0000, lr: 0.00000194, epoch_time: 9.0min
Epoch:[1/1](44740/56608), loss: 1.9608, logits_loss: 1.9608, aux_loss: 0.0000, lr: 0.00000194, epoch_time: 9.0min
Epoch:[1/1](44760/56608), loss: 1.7891, logits_loss: 1.7891, aux_loss: 0.0000, lr: 0.00000194, epoch_time: 9.0min
Epoch:[1/1](44780/56608), loss: 1.8506, logits_loss: 1.8506, aux_loss: 0.0000, lr: 0.00000194, epoch_time: 9.0min
Epoch:[1/1](44800/56608), loss: 1.5650, logits_loss: 1.5650, aux_loss: 0.0000, lr: 0.00000193, epoch_time: 9.0min
Epoch:[1/1](44820/56608), loss: 1.8829, logits_loss: 1.8829, aux_loss: 0.0000, lr: 0.00000193, epoch_time: 9.0min
Epoch:[1/1](44840/56608), loss: 1.5433, logits_loss: 1.5433, aux_loss: 0.0000, lr: 0.00000193, epoch_time: 9.0min
Epoch:[1/1](44860/56608), loss: 1.8443, logits_loss: 1.8443, aux_loss: 0.0000, lr: 0.00000192, epoch_time: 9.0min
Epoch:[1/1](44880/56608), loss: 1.8433, logits_loss: 1.8433, aux_loss: 0.0000, lr: 0.00000192, epoch_time: 9.0min
Epoch:[1/1](44900/56608), loss: 1.5383, logits_loss: 1.5383, aux_loss: 0.0000, lr: 0.00000192, epoch_time: 9.0min
Epoch:[1/1](44920/56608), loss: 1.8057, logits_loss: 1.8057, aux_loss: 0.0000, lr: 0.00000191, epoch_time: 9.0min
Epoch:[1/1](44940/56608), loss: 1.7878, logits_loss: 1.7878, aux_loss: 0.0000, lr: 0.00000191, epoch_time: 9.0min
Epoch:[1/1](44960/56608), loss: 1.8238, logits_loss: 1.8238, aux_loss: 0.0000, lr: 0.00000191, epoch_time: 9.0min
Epoch:[1/1](44980/56608), loss: 1.7331, logits_loss: 1.7331, aux_loss: 0.0000, lr: 0.00000190, epoch_time: 9.0min
Epoch:[1/1](45000/56608), loss: 1.5513, logits_loss: 1.5513, aux_loss: 0.0000, lr: 0.00000190, epoch_time: 9.0min
Epoch:[1/1](45020/56608), loss: 2.1090, logits_loss: 2.1090, aux_loss: 0.0000, lr: 0.00000190, epoch_time: 9.0min
Epoch:[1/1](45040/56608), loss: 1.7579, logits_loss: 1.7579, aux_loss: 0.0000, lr: 0.00000190, epoch_time: 9.0min
Epoch:[1/1](45060/56608), loss: 1.7169, logits_loss: 1.7169, aux_loss: 0.0000, lr: 0.00000189, epoch_time: 9.0min
Epoch:[1/1](45080/56608), loss: 1.7959, logits_loss: 1.7959, aux_loss: 0.0000, lr: 0.00000189, epoch_time: 9.0min
Epoch:[1/1](45100/56608), loss: 1.5887, logits_loss: 1.5887, aux_loss: 0.0000, lr: 0.00000189, epoch_time: 9.0min
Epoch:[1/1](45120/56608), loss: 1.8612, logits_loss: 1.8612, aux_loss: 0.0000, lr: 0.00000188, epoch_time: 9.0min
Epoch:[1/1](45140/56608), loss: 1.8618, logits_loss: 1.8618, aux_loss: 0.0000, lr: 0.00000188, epoch_time: 9.0min
Epoch:[1/1](45160/56608), loss: 1.8202, logits_loss: 1.8202, aux_loss: 0.0000, lr: 0.00000188, epoch_time: 9.0min
Epoch:[1/1](45180/56608), loss: 1.6700, logits_loss: 1.6700, aux_loss: 0.0000, lr: 0.00000188, epoch_time: 9.0min
Epoch:[1/1](45200/56608), loss: 1.8649, logits_loss: 1.8649, aux_loss: 0.0000, lr: 0.00000187, epoch_time: 9.0min
Epoch:[1/1](45220/56608), loss: 1.7462, logits_loss: 1.7462, aux_loss: 0.0000, lr: 0.00000187, epoch_time: 9.0min
Epoch:[1/1](45240/56608), loss: 1.7601, logits_loss: 1.7601, aux_loss: 0.0000, lr: 0.00000187, epoch_time: 9.0min
Epoch:[1/1](45260/56608), loss: 1.6189, logits_loss: 1.6189, aux_loss: 0.0000, lr: 0.00000186, epoch_time: 9.0min
Epoch:[1/1](45280/56608), loss: 1.7320, logits_loss: 1.7320, aux_loss: 0.0000, lr: 0.00000186, epoch_time: 8.0min
Epoch:[1/1](45300/56608), loss: 1.5329, logits_loss: 1.5329, aux_loss: 0.0000, lr: 0.00000186, epoch_time: 8.0min
Epoch:[1/1](45320/56608), loss: 1.6629, logits_loss: 1.6629, aux_loss: 0.0000, lr: 0.00000185, epoch_time: 8.0min
Epoch:[1/1](45340/56608), loss: 1.9134, logits_loss: 1.9134, aux_loss: 0.0000, lr: 0.00000185, epoch_time: 8.0min
Epoch:[1/1](45360/56608), loss: 1.8705, logits_loss: 1.8705, aux_loss: 0.0000, lr: 0.00000185, epoch_time: 8.0min
Epoch:[1/1](45380/56608), loss: 1.7451, logits_loss: 1.7451, aux_loss: 0.0000, lr: 0.00000185, epoch_time: 8.0min
Epoch:[1/1](45400/56608), loss: 1.8079, logits_loss: 1.8079, aux_loss: 0.0000, lr: 0.00000184, epoch_time: 8.0min
Epoch:[1/1](45420/56608), loss: 1.6821, logits_loss: 1.6821, aux_loss: 0.0000, lr: 0.00000184, epoch_time: 8.0min
Epoch:[1/1](45440/56608), loss: 1.6964, logits_loss: 1.6964, aux_loss: 0.0000, lr: 0.00000184, epoch_time: 8.0min
Epoch:[1/1](45460/56608), loss: 1.6684, logits_loss: 1.6684, aux_loss: 0.0000, lr: 0.00000183, epoch_time: 8.0min
Epoch:[1/1](45480/56608), loss: 1.6699, logits_loss: 1.6699, aux_loss: 0.0000, lr: 0.00000183, epoch_time: 8.0min
Epoch:[1/1](45500/56608), loss: 1.7343, logits_loss: 1.7343, aux_loss: 0.0000, lr: 0.00000183, epoch_time: 8.0min
Epoch:[1/1](45520/56608), loss: 1.6919, logits_loss: 1.6919, aux_loss: 0.0000, lr: 0.00000183, epoch_time: 8.0min
Epoch:[1/1](45540/56608), loss: 1.6323, logits_loss: 1.6323, aux_loss: 0.0000, lr: 0.00000182, epoch_time: 8.0min
Epoch:[1/1](45560/56608), loss: 1.7607, logits_loss: 1.7607, aux_loss: 0.0000, lr: 0.00000182, epoch_time: 8.0min
Epoch:[1/1](45580/56608), loss: 1.6874, logits_loss: 1.6874, aux_loss: 0.0000, lr: 0.00000182, epoch_time: 8.0min
Epoch:[1/1](45600/56608), loss: 1.9258, logits_loss: 1.9258, aux_loss: 0.0000, lr: 0.00000181, epoch_time: 8.0min
Epoch:[1/1](45620/56608), loss: 1.7225, logits_loss: 1.7225, aux_loss: 0.0000, lr: 0.00000181, epoch_time: 8.0min
Epoch:[1/1](45640/56608), loss: 1.8254, logits_loss: 1.8254, aux_loss: 0.0000, lr: 0.00000181, epoch_time: 8.0min
Epoch:[1/1](45660/56608), loss: 1.8441, logits_loss: 1.8441, aux_loss: 0.0000, lr: 0.00000181, epoch_time: 8.0min
Epoch:[1/1](45680/56608), loss: 1.9036, logits_loss: 1.9036, aux_loss: 0.0000, lr: 0.00000180, epoch_time: 8.0min
Epoch:[1/1](45700/56608), loss: 1.9189, logits_loss: 1.9189, aux_loss: 0.0000, lr: 0.00000180, epoch_time: 8.0min
Epoch:[1/1](45720/56608), loss: 1.8461, logits_loss: 1.8461, aux_loss: 0.0000, lr: 0.00000180, epoch_time: 8.0min
Epoch:[1/1](45740/56608), loss: 1.6113, logits_loss: 1.6113, aux_loss: 0.0000, lr: 0.00000179, epoch_time: 8.0min
Epoch:[1/1](45760/56608), loss: 1.6075, logits_loss: 1.6075, aux_loss: 0.0000, lr: 0.00000179, epoch_time: 8.0min
Epoch:[1/1](45780/56608), loss: 1.7328, logits_loss: 1.7328, aux_loss: 0.0000, lr: 0.00000179, epoch_time: 8.0min
Epoch:[1/1](45800/56608), loss: 1.7332, logits_loss: 1.7332, aux_loss: 0.0000, lr: 0.00000179, epoch_time: 8.0min
Epoch:[1/1](45820/56608), loss: 1.7119, logits_loss: 1.7119, aux_loss: 0.0000, lr: 0.00000178, epoch_time: 8.0min
Epoch:[1/1](45840/56608), loss: 1.5916, logits_loss: 1.5916, aux_loss: 0.0000, lr: 0.00000178, epoch_time: 8.0min
Epoch:[1/1](45860/56608), loss: 1.8835, logits_loss: 1.8835, aux_loss: 0.0000, lr: 0.00000178, epoch_time: 8.0min
Epoch:[1/1](45880/56608), loss: 1.6939, logits_loss: 1.6939, aux_loss: 0.0000, lr: 0.00000177, epoch_time: 8.0min
Epoch:[1/1](45900/56608), loss: 1.5472, logits_loss: 1.5472, aux_loss: 0.0000, lr: 0.00000177, epoch_time: 8.0min
Epoch:[1/1](45920/56608), loss: 1.9006, logits_loss: 1.9006, aux_loss: 0.0000, lr: 0.00000177, epoch_time: 8.0min
Epoch:[1/1](45940/56608), loss: 1.5427, logits_loss: 1.5427, aux_loss: 0.0000, lr: 0.00000177, epoch_time: 8.0min
Epoch:[1/1](45960/56608), loss: 1.6869, logits_loss: 1.6869, aux_loss: 0.0000, lr: 0.00000176, epoch_time: 8.0min
Epoch:[1/1](45980/56608), loss: 1.7684, logits_loss: 1.7684, aux_loss: 0.0000, lr: 0.00000176, epoch_time: 8.0min
Epoch:[1/1](46000/56608), loss: 1.7988, logits_loss: 1.7988, aux_loss: 0.0000, lr: 0.00000176, epoch_time: 8.0min
Epoch:[1/1](46020/56608), loss: 1.7332, logits_loss: 1.7332, aux_loss: 0.0000, lr: 0.00000175, epoch_time: 8.0min
Epoch:[1/1](46040/56608), loss: 1.5650, logits_loss: 1.5650, aux_loss: 0.0000, lr: 0.00000175, epoch_time: 8.0min
Epoch:[1/1](46060/56608), loss: 1.7435, logits_loss: 1.7435, aux_loss: 0.0000, lr: 0.00000175, epoch_time: 8.0min
Epoch:[1/1](46080/56608), loss: 1.6611, logits_loss: 1.6611, aux_loss: 0.0000, lr: 0.00000175, epoch_time: 8.0min
Epoch:[1/1](46100/56608), loss: 1.8106, logits_loss: 1.8106, aux_loss: 0.0000, lr: 0.00000174, epoch_time: 8.0min
Epoch:[1/1](46120/56608), loss: 1.7687, logits_loss: 1.7687, aux_loss: 0.0000, lr: 0.00000174, epoch_time: 8.0min
Epoch:[1/1](46140/56608), loss: 1.5617, logits_loss: 1.5617, aux_loss: 0.0000, lr: 0.00000174, epoch_time: 8.0min
Epoch:[1/1](46160/56608), loss: 1.8273, logits_loss: 1.8273, aux_loss: 0.0000, lr: 0.00000174, epoch_time: 8.0min
Epoch:[1/1](46180/56608), loss: 1.7813, logits_loss: 1.7813, aux_loss: 0.0000, lr: 0.00000173, epoch_time: 8.0min
Epoch:[1/1](46200/56608), loss: 1.6721, logits_loss: 1.6721, aux_loss: 0.0000, lr: 0.00000173, epoch_time: 8.0min
Epoch:[1/1](46220/56608), loss: 1.7074, logits_loss: 1.7074, aux_loss: 0.0000, lr: 0.00000173, epoch_time: 8.0min
Epoch:[1/1](46240/56608), loss: 1.7786, logits_loss: 1.7786, aux_loss: 0.0000, lr: 0.00000172, epoch_time: 8.0min
Epoch:[1/1](46260/56608), loss: 1.6677, logits_loss: 1.6677, aux_loss: 0.0000, lr: 0.00000172, epoch_time: 8.0min
Epoch:[1/1](46280/56608), loss: 1.7470, logits_loss: 1.7470, aux_loss: 0.0000, lr: 0.00000172, epoch_time: 8.0min
Epoch:[1/1](46300/56608), loss: 1.8184, logits_loss: 1.8184, aux_loss: 0.0000, lr: 0.00000172, epoch_time: 8.0min
Epoch:[1/1](46320/56608), loss: 1.6623, logits_loss: 1.6623, aux_loss: 0.0000, lr: 0.00000171, epoch_time: 8.0min
Epoch:[1/1](46340/56608), loss: 1.7836, logits_loss: 1.7836, aux_loss: 0.0000, lr: 0.00000171, epoch_time: 8.0min
Epoch:[1/1](46360/56608), loss: 1.7676, logits_loss: 1.7676, aux_loss: 0.0000, lr: 0.00000171, epoch_time: 8.0min
Epoch:[1/1](46380/56608), loss: 1.7528, logits_loss: 1.7528, aux_loss: 0.0000, lr: 0.00000171, epoch_time: 8.0min
Epoch:[1/1](46400/56608), loss: 1.6867, logits_loss: 1.6867, aux_loss: 0.0000, lr: 0.00000170, epoch_time: 8.0min
Epoch:[1/1](46420/56608), loss: 1.7787, logits_loss: 1.7787, aux_loss: 0.0000, lr: 0.00000170, epoch_time: 8.0min
Epoch:[1/1](46440/56608), loss: 1.6493, logits_loss: 1.6493, aux_loss: 0.0000, lr: 0.00000170, epoch_time: 8.0min
Epoch:[1/1](46460/56608), loss: 1.8526, logits_loss: 1.8526, aux_loss: 0.0000, lr: 0.00000169, epoch_time: 8.0min
Epoch:[1/1](46480/56608), loss: 1.8958, logits_loss: 1.8958, aux_loss: 0.0000, lr: 0.00000169, epoch_time: 8.0min
Epoch:[1/1](46500/56608), loss: 1.5167, logits_loss: 1.5167, aux_loss: 0.0000, lr: 0.00000169, epoch_time: 8.0min
Epoch:[1/1](46520/56608), loss: 1.5728, logits_loss: 1.5728, aux_loss: 0.0000, lr: 0.00000169, epoch_time: 8.0min
Epoch:[1/1](46540/56608), loss: 1.7356, logits_loss: 1.7356, aux_loss: 0.0000, lr: 0.00000168, epoch_time: 7.0min
Epoch:[1/1](46560/56608), loss: 1.5802, logits_loss: 1.5802, aux_loss: 0.0000, lr: 0.00000168, epoch_time: 7.0min
Epoch:[1/1](46580/56608), loss: 1.7667, logits_loss: 1.7667, aux_loss: 0.0000, lr: 0.00000168, epoch_time: 7.0min
Epoch:[1/1](46600/56608), loss: 1.7904, logits_loss: 1.7904, aux_loss: 0.0000, lr: 0.00000168, epoch_time: 7.0min
Epoch:[1/1](46620/56608), loss: 1.6902, logits_loss: 1.6902, aux_loss: 0.0000, lr: 0.00000167, epoch_time: 7.0min
Epoch:[1/1](46640/56608), loss: 1.5962, logits_loss: 1.5962, aux_loss: 0.0000, lr: 0.00000167, epoch_time: 7.0min
Epoch:[1/1](46660/56608), loss: 1.7181, logits_loss: 1.7181, aux_loss: 0.0000, lr: 0.00000167, epoch_time: 7.0min
Epoch:[1/1](46680/56608), loss: 1.6399, logits_loss: 1.6399, aux_loss: 0.0000, lr: 0.00000167, epoch_time: 7.0min
Epoch:[1/1](46700/56608), loss: 1.7287, logits_loss: 1.7287, aux_loss: 0.0000, lr: 0.00000166, epoch_time: 7.0min
Epoch:[1/1](46720/56608), loss: 1.6582, logits_loss: 1.6582, aux_loss: 0.0000, lr: 0.00000166, epoch_time: 7.0min
Epoch:[1/1](46740/56608), loss: 1.6326, logits_loss: 1.6326, aux_loss: 0.0000, lr: 0.00000166, epoch_time: 7.0min
Epoch:[1/1](46760/56608), loss: 1.7945, logits_loss: 1.7945, aux_loss: 0.0000, lr: 0.00000166, epoch_time: 7.0min
Epoch:[1/1](46780/56608), loss: 1.8103, logits_loss: 1.8103, aux_loss: 0.0000, lr: 0.00000165, epoch_time: 7.0min
Epoch:[1/1](46800/56608), loss: 1.6528, logits_loss: 1.6528, aux_loss: 0.0000, lr: 0.00000165, epoch_time: 7.0min
Epoch:[1/1](46820/56608), loss: 1.7083, logits_loss: 1.7083, aux_loss: 0.0000, lr: 0.00000165, epoch_time: 7.0min
Epoch:[1/1](46840/56608), loss: 2.0432, logits_loss: 2.0432, aux_loss: 0.0000, lr: 0.00000165, epoch_time: 7.0min
Epoch:[1/1](46860/56608), loss: 1.6611, logits_loss: 1.6611, aux_loss: 0.0000, lr: 0.00000164, epoch_time: 7.0min
Epoch:[1/1](46880/56608), loss: 1.7458, logits_loss: 1.7458, aux_loss: 0.0000, lr: 0.00000164, epoch_time: 7.0min
Epoch:[1/1](46900/56608), loss: 1.7933, logits_loss: 1.7933, aux_loss: 0.0000, lr: 0.00000164, epoch_time: 7.0min
Epoch:[1/1](46920/56608), loss: 1.8544, logits_loss: 1.8544, aux_loss: 0.0000, lr: 0.00000163, epoch_time: 7.0min
Epoch:[1/1](46940/56608), loss: 1.6052, logits_loss: 1.6052, aux_loss: 0.0000, lr: 0.00000163, epoch_time: 7.0min
Epoch:[1/1](46960/56608), loss: 1.6777, logits_loss: 1.6777, aux_loss: 0.0000, lr: 0.00000163, epoch_time: 7.0min
Epoch:[1/1](46980/56608), loss: 1.8027, logits_loss: 1.8027, aux_loss: 0.0000, lr: 0.00000163, epoch_time: 7.0min
Epoch:[1/1](47000/56608), loss: 1.7964, logits_loss: 1.7964, aux_loss: 0.0000, lr: 0.00000162, epoch_time: 7.0min
Epoch:[1/1](47020/56608), loss: 1.7043, logits_loss: 1.7043, aux_loss: 0.0000, lr: 0.00000162, epoch_time: 7.0min
Epoch:[1/1](47040/56608), loss: 1.6932, logits_loss: 1.6932, aux_loss: 0.0000, lr: 0.00000162, epoch_time: 7.0min
Epoch:[1/1](47060/56608), loss: 1.6779, logits_loss: 1.6779, aux_loss: 0.0000, lr: 0.00000162, epoch_time: 7.0min
Epoch:[1/1](47080/56608), loss: 1.7894, logits_loss: 1.7894, aux_loss: 0.0000, lr: 0.00000161, epoch_time: 7.0min
Epoch:[1/1](47100/56608), loss: 1.9853, logits_loss: 1.9853, aux_loss: 0.0000, lr: 0.00000161, epoch_time: 7.0min
Epoch:[1/1](47120/56608), loss: 1.8994, logits_loss: 1.8994, aux_loss: 0.0000, lr: 0.00000161, epoch_time: 7.0min
Epoch:[1/1](47140/56608), loss: 1.6950, logits_loss: 1.6950, aux_loss: 0.0000, lr: 0.00000161, epoch_time: 7.0min
Epoch:[1/1](47160/56608), loss: 1.8576, logits_loss: 1.8576, aux_loss: 0.0000, lr: 0.00000160, epoch_time: 7.0min
Epoch:[1/1](47180/56608), loss: 1.5876, logits_loss: 1.5876, aux_loss: 0.0000, lr: 0.00000160, epoch_time: 7.0min
Epoch:[1/1](47200/56608), loss: 1.6262, logits_loss: 1.6262, aux_loss: 0.0000, lr: 0.00000160, epoch_time: 7.0min
Epoch:[1/1](47220/56608), loss: 1.6715, logits_loss: 1.6715, aux_loss: 0.0000, lr: 0.00000160, epoch_time: 7.0min
Epoch:[1/1](47240/56608), loss: 1.7422, logits_loss: 1.7422, aux_loss: 0.0000, lr: 0.00000159, epoch_time: 7.0min
Epoch:[1/1](47260/56608), loss: 1.6770, logits_loss: 1.6770, aux_loss: 0.0000, lr: 0.00000159, epoch_time: 7.0min
Epoch:[1/1](47280/56608), loss: 1.8806, logits_loss: 1.8806, aux_loss: 0.0000, lr: 0.00000159, epoch_time: 7.0min
Epoch:[1/1](47300/56608), loss: 1.7902, logits_loss: 1.7902, aux_loss: 0.0000, lr: 0.00000159, epoch_time: 7.0min
Epoch:[1/1](47320/56608), loss: 1.7502, logits_loss: 1.7502, aux_loss: 0.0000, lr: 0.00000158, epoch_time: 7.0min
Epoch:[1/1](47340/56608), loss: 1.7384, logits_loss: 1.7384, aux_loss: 0.0000, lr: 0.00000158, epoch_time: 7.0min
Epoch:[1/1](47360/56608), loss: 1.5667, logits_loss: 1.5667, aux_loss: 0.0000, lr: 0.00000158, epoch_time: 7.0min
Epoch:[1/1](47380/56608), loss: 1.7840, logits_loss: 1.7840, aux_loss: 0.0000, lr: 0.00000158, epoch_time: 7.0min
Epoch:[1/1](47400/56608), loss: 1.8342, logits_loss: 1.8342, aux_loss: 0.0000, lr: 0.00000157, epoch_time: 7.0min
Epoch:[1/1](47420/56608), loss: 1.8154, logits_loss: 1.8154, aux_loss: 0.0000, lr: 0.00000157, epoch_time: 7.0min
Epoch:[1/1](47440/56608), loss: 2.0176, logits_loss: 2.0176, aux_loss: 0.0000, lr: 0.00000157, epoch_time: 7.0min
Epoch:[1/1](47460/56608), loss: 1.6716, logits_loss: 1.6716, aux_loss: 0.0000, lr: 0.00000157, epoch_time: 7.0min
Epoch:[1/1](47480/56608), loss: 1.7185, logits_loss: 1.7185, aux_loss: 0.0000, lr: 0.00000157, epoch_time: 7.0min
Epoch:[1/1](47500/56608), loss: 1.8531, logits_loss: 1.8531, aux_loss: 0.0000, lr: 0.00000156, epoch_time: 7.0min
Epoch:[1/1](47520/56608), loss: 1.6449, logits_loss: 1.6449, aux_loss: 0.0000, lr: 0.00000156, epoch_time: 7.0min
Epoch:[1/1](47540/56608), loss: 1.6378, logits_loss: 1.6378, aux_loss: 0.0000, lr: 0.00000156, epoch_time: 7.0min
Epoch:[1/1](47560/56608), loss: 1.8045, logits_loss: 1.8045, aux_loss: 0.0000, lr: 0.00000156, epoch_time: 7.0min
Epoch:[1/1](47580/56608), loss: 1.6557, logits_loss: 1.6557, aux_loss: 0.0000, lr: 0.00000155, epoch_time: 7.0min
Epoch:[1/1](47600/56608), loss: 1.5989, logits_loss: 1.5989, aux_loss: 0.0000, lr: 0.00000155, epoch_time: 7.0min
Epoch:[1/1](47620/56608), loss: 1.6779, logits_loss: 1.6779, aux_loss: 0.0000, lr: 0.00000155, epoch_time: 7.0min
Epoch:[1/1](47640/56608), loss: 1.6708, logits_loss: 1.6708, aux_loss: 0.0000, lr: 0.00000155, epoch_time: 7.0min
Epoch:[1/1](47660/56608), loss: 1.8198, logits_loss: 1.8198, aux_loss: 0.0000, lr: 0.00000154, epoch_time: 7.0min
Epoch:[1/1](47680/56608), loss: 1.4094, logits_loss: 1.4094, aux_loss: 0.0000, lr: 0.00000154, epoch_time: 7.0min
Epoch:[1/1](47700/56608), loss: 1.6636, logits_loss: 1.6636, aux_loss: 0.0000, lr: 0.00000154, epoch_time: 7.0min
Epoch:[1/1](47720/56608), loss: 1.7947, logits_loss: 1.7947, aux_loss: 0.0000, lr: 0.00000154, epoch_time: 7.0min
Epoch:[1/1](47740/56608), loss: 1.8188, logits_loss: 1.8188, aux_loss: 0.0000, lr: 0.00000153, epoch_time: 7.0min
Epoch:[1/1](47760/56608), loss: 1.7018, logits_loss: 1.7018, aux_loss: 0.0000, lr: 0.00000153, epoch_time: 7.0min
Epoch:[1/1](47780/56608), loss: 1.8140, logits_loss: 1.8140, aux_loss: 0.0000, lr: 0.00000153, epoch_time: 7.0min
Epoch:[1/1](47800/56608), loss: 1.6483, logits_loss: 1.6483, aux_loss: 0.0000, lr: 0.00000153, epoch_time: 6.0min
Epoch:[1/1](47820/56608), loss: 1.6360, logits_loss: 1.6360, aux_loss: 0.0000, lr: 0.00000152, epoch_time: 6.0min
Epoch:[1/1](47840/56608), loss: 1.4373, logits_loss: 1.4373, aux_loss: 0.0000, lr: 0.00000152, epoch_time: 6.0min
Epoch:[1/1](47860/56608), loss: 1.7226, logits_loss: 1.7226, aux_loss: 0.0000, lr: 0.00000152, epoch_time: 6.0min
Epoch:[1/1](47880/56608), loss: 1.8768, logits_loss: 1.8768, aux_loss: 0.0000, lr: 0.00000152, epoch_time: 6.0min
Epoch:[1/1](47900/56608), loss: 1.7036, logits_loss: 1.7036, aux_loss: 0.0000, lr: 0.00000152, epoch_time: 6.0min
Epoch:[1/1](47920/56608), loss: 1.8812, logits_loss: 1.8812, aux_loss: 0.0000, lr: 0.00000151, epoch_time: 6.0min
Epoch:[1/1](47940/56608), loss: 1.6926, logits_loss: 1.6926, aux_loss: 0.0000, lr: 0.00000151, epoch_time: 6.0min
Epoch:[1/1](47960/56608), loss: 1.7152, logits_loss: 1.7152, aux_loss: 0.0000, lr: 0.00000151, epoch_time: 6.0min
Epoch:[1/1](47980/56608), loss: 1.6661, logits_loss: 1.6661, aux_loss: 0.0000, lr: 0.00000151, epoch_time: 6.0min
Epoch:[1/1](48000/56608), loss: 1.8144, logits_loss: 1.8144, aux_loss: 0.0000, lr: 0.00000150, epoch_time: 6.0min
Epoch:[1/1](48020/56608), loss: 1.6992, logits_loss: 1.6992, aux_loss: 0.0000, lr: 0.00000150, epoch_time: 6.0min
Epoch:[1/1](48040/56608), loss: 2.0841, logits_loss: 2.0841, aux_loss: 0.0000, lr: 0.00000150, epoch_time: 6.0min
Epoch:[1/1](48060/56608), loss: 1.5264, logits_loss: 1.5264, aux_loss: 0.0000, lr: 0.00000150, epoch_time: 6.0min
Epoch:[1/1](48080/56608), loss: 1.7715, logits_loss: 1.7715, aux_loss: 0.0000, lr: 0.00000149, epoch_time: 6.0min
Epoch:[1/1](48100/56608), loss: 1.6658, logits_loss: 1.6658, aux_loss: 0.0000, lr: 0.00000149, epoch_time: 6.0min
Epoch:[1/1](48120/56608), loss: 1.6144, logits_loss: 1.6144, aux_loss: 0.0000, lr: 0.00000149, epoch_time: 6.0min
Epoch:[1/1](48140/56608), loss: 1.7586, logits_loss: 1.7586, aux_loss: 0.0000, lr: 0.00000149, epoch_time: 6.0min
Epoch:[1/1](48160/56608), loss: 1.8380, logits_loss: 1.8380, aux_loss: 0.0000, lr: 0.00000149, epoch_time: 6.0min
Epoch:[1/1](48180/56608), loss: 1.7048, logits_loss: 1.7048, aux_loss: 0.0000, lr: 0.00000148, epoch_time: 6.0min
Epoch:[1/1](48200/56608), loss: 1.8384, logits_loss: 1.8384, aux_loss: 0.0000, lr: 0.00000148, epoch_time: 6.0min
Epoch:[1/1](48220/56608), loss: 1.5462, logits_loss: 1.5462, aux_loss: 0.0000, lr: 0.00000148, epoch_time: 6.0min
Epoch:[1/1](48240/56608), loss: 1.6115, logits_loss: 1.6115, aux_loss: 0.0000, lr: 0.00000148, epoch_time: 6.0min
Epoch:[1/1](48260/56608), loss: 1.8272, logits_loss: 1.8272, aux_loss: 0.0000, lr: 0.00000147, epoch_time: 6.0min
Epoch:[1/1](48280/56608), loss: 1.6206, logits_loss: 1.6206, aux_loss: 0.0000, lr: 0.00000147, epoch_time: 6.0min
Epoch:[1/1](48300/56608), loss: 1.7444, logits_loss: 1.7444, aux_loss: 0.0000, lr: 0.00000147, epoch_time: 6.0min
Epoch:[1/1](48320/56608), loss: 1.7760, logits_loss: 1.7760, aux_loss: 0.0000, lr: 0.00000147, epoch_time: 6.0min
Epoch:[1/1](48340/56608), loss: 1.7074, logits_loss: 1.7074, aux_loss: 0.0000, lr: 0.00000147, epoch_time: 6.0min
Epoch:[1/1](48360/56608), loss: 1.8384, logits_loss: 1.8384, aux_loss: 0.0000, lr: 0.00000146, epoch_time: 6.0min
Epoch:[1/1](48380/56608), loss: 1.6002, logits_loss: 1.6002, aux_loss: 0.0000, lr: 0.00000146, epoch_time: 6.0min
Epoch:[1/1](48400/56608), loss: 1.7438, logits_loss: 1.7438, aux_loss: 0.0000, lr: 0.00000146, epoch_time: 6.0min
Epoch:[1/1](48420/56608), loss: 1.8384, logits_loss: 1.8384, aux_loss: 0.0000, lr: 0.00000146, epoch_time: 6.0min
Epoch:[1/1](48440/56608), loss: 1.5835, logits_loss: 1.5835, aux_loss: 0.0000, lr: 0.00000145, epoch_time: 6.0min
Epoch:[1/1](48460/56608), loss: 1.9719, logits_loss: 1.9719, aux_loss: 0.0000, lr: 0.00000145, epoch_time: 6.0min
Epoch:[1/1](48480/56608), loss: 1.6329, logits_loss: 1.6329, aux_loss: 0.0000, lr: 0.00000145, epoch_time: 6.0min
Epoch:[1/1](48500/56608), loss: 1.4961, logits_loss: 1.4961, aux_loss: 0.0000, lr: 0.00000145, epoch_time: 6.0min
Epoch:[1/1](48520/56608), loss: 1.3075, logits_loss: 1.3075, aux_loss: 0.0000, lr: 0.00000145, epoch_time: 6.0min
Epoch:[1/1](48540/56608), loss: 1.7016, logits_loss: 1.7016, aux_loss: 0.0000, lr: 0.00000144, epoch_time: 6.0min
Epoch:[1/1](48560/56608), loss: 1.6722, logits_loss: 1.6722, aux_loss: 0.0000, lr: 0.00000144, epoch_time: 6.0min
Epoch:[1/1](48580/56608), loss: 1.7253, logits_loss: 1.7253, aux_loss: 0.0000, lr: 0.00000144, epoch_time: 6.0min
Epoch:[1/1](48600/56608), loss: 1.5650, logits_loss: 1.5650, aux_loss: 0.0000, lr: 0.00000144, epoch_time: 6.0min
Epoch:[1/1](48620/56608), loss: 1.8663, logits_loss: 1.8663, aux_loss: 0.0000, lr: 0.00000143, epoch_time: 6.0min
Epoch:[1/1](48640/56608), loss: 1.6861, logits_loss: 1.6861, aux_loss: 0.0000, lr: 0.00000143, epoch_time: 6.0min
Epoch:[1/1](48660/56608), loss: 1.7996, logits_loss: 1.7996, aux_loss: 0.0000, lr: 0.00000143, epoch_time: 6.0min
Epoch:[1/1](48680/56608), loss: 1.5466, logits_loss: 1.5466, aux_loss: 0.0000, lr: 0.00000143, epoch_time: 6.0min
Epoch:[1/1](48700/56608), loss: 1.4982, logits_loss: 1.4982, aux_loss: 0.0000, lr: 0.00000143, epoch_time: 6.0min
Epoch:[1/1](48720/56608), loss: 1.6066, logits_loss: 1.6066, aux_loss: 0.0000, lr: 0.00000142, epoch_time: 6.0min
Epoch:[1/1](48740/56608), loss: 1.7069, logits_loss: 1.7069, aux_loss: 0.0000, lr: 0.00000142, epoch_time: 6.0min
Epoch:[1/1](48760/56608), loss: 1.7485, logits_loss: 1.7485, aux_loss: 0.0000, lr: 0.00000142, epoch_time: 6.0min
Epoch:[1/1](48780/56608), loss: 1.7503, logits_loss: 1.7503, aux_loss: 0.0000, lr: 0.00000142, epoch_time: 6.0min
Epoch:[1/1](48800/56608), loss: 1.7481, logits_loss: 1.7481, aux_loss: 0.0000, lr: 0.00000142, epoch_time: 6.0min
Epoch:[1/1](48820/56608), loss: 1.6573, logits_loss: 1.6573, aux_loss: 0.0000, lr: 0.00000141, epoch_time: 6.0min
Epoch:[1/1](48840/56608), loss: 2.0522, logits_loss: 2.0522, aux_loss: 0.0000, lr: 0.00000141, epoch_time: 6.0min
Epoch:[1/1](48860/56608), loss: 1.7344, logits_loss: 1.7344, aux_loss: 0.0000, lr: 0.00000141, epoch_time: 6.0min
Epoch:[1/1](48880/56608), loss: 1.7405, logits_loss: 1.7405, aux_loss: 0.0000, lr: 0.00000141, epoch_time: 6.0min
Epoch:[1/1](48900/56608), loss: 1.6186, logits_loss: 1.6186, aux_loss: 0.0000, lr: 0.00000141, epoch_time: 6.0min
Epoch:[1/1](48920/56608), loss: 1.7910, logits_loss: 1.7910, aux_loss: 0.0000, lr: 0.00000140, epoch_time: 6.0min
Epoch:[1/1](48940/56608), loss: 1.9106, logits_loss: 1.9106, aux_loss: 0.0000, lr: 0.00000140, epoch_time: 6.0min
Epoch:[1/1](48960/56608), loss: 1.7144, logits_loss: 1.7144, aux_loss: 0.0000, lr: 0.00000140, epoch_time: 6.0min
Epoch:[1/1](48980/56608), loss: 1.8525, logits_loss: 1.8525, aux_loss: 0.0000, lr: 0.00000140, epoch_time: 6.0min
Epoch:[1/1](49000/56608), loss: 1.6813, logits_loss: 1.6813, aux_loss: 0.0000, lr: 0.00000140, epoch_time: 6.0min
Epoch:[1/1](49020/56608), loss: 1.5492, logits_loss: 1.5492, aux_loss: 0.0000, lr: 0.00000139, epoch_time: 6.0min
Epoch:[1/1](49040/56608), loss: 1.7442, logits_loss: 1.7442, aux_loss: 0.0000, lr: 0.00000139, epoch_time: 6.0min
Epoch:[1/1](49060/56608), loss: 1.5896, logits_loss: 1.5896, aux_loss: 0.0000, lr: 0.00000139, epoch_time: 5.0min
Epoch:[1/1](49080/56608), loss: 2.0500, logits_loss: 2.0500, aux_loss: 0.0000, lr: 0.00000139, epoch_time: 5.0min
Epoch:[1/1](49100/56608), loss: 1.8736, logits_loss: 1.8736, aux_loss: 0.0000, lr: 0.00000139, epoch_time: 5.0min
Epoch:[1/1](49120/56608), loss: 1.8877, logits_loss: 1.8877, aux_loss: 0.0000, lr: 0.00000138, epoch_time: 5.0min
Epoch:[1/1](49140/56608), loss: 1.7226, logits_loss: 1.7226, aux_loss: 0.0000, lr: 0.00000138, epoch_time: 5.0min
Epoch:[1/1](49160/56608), loss: 1.6550, logits_loss: 1.6550, aux_loss: 0.0000, lr: 0.00000138, epoch_time: 5.0min
Epoch:[1/1](49180/56608), loss: 1.6449, logits_loss: 1.6449, aux_loss: 0.0000, lr: 0.00000138, epoch_time: 5.0min
Epoch:[1/1](49200/56608), loss: 1.7652, logits_loss: 1.7652, aux_loss: 0.0000, lr: 0.00000137, epoch_time: 5.0min
Epoch:[1/1](49220/56608), loss: 1.6977, logits_loss: 1.6977, aux_loss: 0.0000, lr: 0.00000137, epoch_time: 5.0min
Epoch:[1/1](49240/56608), loss: 1.7116, logits_loss: 1.7116, aux_loss: 0.0000, lr: 0.00000137, epoch_time: 5.0min
Epoch:[1/1](49260/56608), loss: 1.5783, logits_loss: 1.5783, aux_loss: 0.0000, lr: 0.00000137, epoch_time: 5.0min
Epoch:[1/1](49280/56608), loss: 1.9442, logits_loss: 1.9442, aux_loss: 0.0000, lr: 0.00000137, epoch_time: 5.0min
Epoch:[1/1](49300/56608), loss: 1.7242, logits_loss: 1.7242, aux_loss: 0.0000, lr: 0.00000137, epoch_time: 5.0min
Epoch:[1/1](49320/56608), loss: 1.8671, logits_loss: 1.8671, aux_loss: 0.0000, lr: 0.00000136, epoch_time: 5.0min
Epoch:[1/1](49340/56608), loss: 1.5876, logits_loss: 1.5876, aux_loss: 0.0000, lr: 0.00000136, epoch_time: 5.0min
Epoch:[1/1](49360/56608), loss: 1.8464, logits_loss: 1.8464, aux_loss: 0.0000, lr: 0.00000136, epoch_time: 5.0min
Epoch:[1/1](49380/56608), loss: 1.9405, logits_loss: 1.9405, aux_loss: 0.0000, lr: 0.00000136, epoch_time: 5.0min
Epoch:[1/1](49400/56608), loss: 1.7806, logits_loss: 1.7806, aux_loss: 0.0000, lr: 0.00000136, epoch_time: 5.0min
Epoch:[1/1](49420/56608), loss: 1.7727, logits_loss: 1.7727, aux_loss: 0.0000, lr: 0.00000135, epoch_time: 5.0min
Epoch:[1/1](49440/56608), loss: 1.7335, logits_loss: 1.7335, aux_loss: 0.0000, lr: 0.00000135, epoch_time: 5.0min
Epoch:[1/1](49460/56608), loss: 1.5608, logits_loss: 1.5608, aux_loss: 0.0000, lr: 0.00000135, epoch_time: 5.0min
Epoch:[1/1](49480/56608), loss: 1.8335, logits_loss: 1.8335, aux_loss: 0.0000, lr: 0.00000135, epoch_time: 5.0min
Epoch:[1/1](49500/56608), loss: 1.7504, logits_loss: 1.7504, aux_loss: 0.0000, lr: 0.00000135, epoch_time: 5.0min
Epoch:[1/1](49520/56608), loss: 1.7639, logits_loss: 1.7639, aux_loss: 0.0000, lr: 0.00000134, epoch_time: 5.0min
Epoch:[1/1](49540/56608), loss: 1.8753, logits_loss: 1.8753, aux_loss: 0.0000, lr: 0.00000134, epoch_time: 5.0min
Epoch:[1/1](49560/56608), loss: 1.6990, logits_loss: 1.6990, aux_loss: 0.0000, lr: 0.00000134, epoch_time: 5.0min
Epoch:[1/1](49580/56608), loss: 1.8880, logits_loss: 1.8880, aux_loss: 0.0000, lr: 0.00000134, epoch_time: 5.0min
Epoch:[1/1](49600/56608), loss: 1.9014, logits_loss: 1.9014, aux_loss: 0.0000, lr: 0.00000134, epoch_time: 5.0min
Epoch:[1/1](49620/56608), loss: 2.0261, logits_loss: 2.0261, aux_loss: 0.0000, lr: 0.00000133, epoch_time: 5.0min
Epoch:[1/1](49640/56608), loss: 1.6907, logits_loss: 1.6907, aux_loss: 0.0000, lr: 0.00000133, epoch_time: 5.0min
Epoch:[1/1](49660/56608), loss: 1.7381, logits_loss: 1.7381, aux_loss: 0.0000, lr: 0.00000133, epoch_time: 5.0min
Epoch:[1/1](49680/56608), loss: 1.8035, logits_loss: 1.8035, aux_loss: 0.0000, lr: 0.00000133, epoch_time: 5.0min
Epoch:[1/1](49700/56608), loss: 1.6248, logits_loss: 1.6248, aux_loss: 0.0000, lr: 0.00000133, epoch_time: 5.0min
Epoch:[1/1](49720/56608), loss: 1.6284, logits_loss: 1.6284, aux_loss: 0.0000, lr: 0.00000132, epoch_time: 5.0min
Epoch:[1/1](49740/56608), loss: 1.7171, logits_loss: 1.7171, aux_loss: 0.0000, lr: 0.00000132, epoch_time: 5.0min
Epoch:[1/1](49760/56608), loss: 1.7604, logits_loss: 1.7604, aux_loss: 0.0000, lr: 0.00000132, epoch_time: 5.0min
Epoch:[1/1](49780/56608), loss: 1.7351, logits_loss: 1.7351, aux_loss: 0.0000, lr: 0.00000132, epoch_time: 5.0min
Epoch:[1/1](49800/56608), loss: 1.8186, logits_loss: 1.8186, aux_loss: 0.0000, lr: 0.00000132, epoch_time: 5.0min
Epoch:[1/1](49820/56608), loss: 1.7426, logits_loss: 1.7426, aux_loss: 0.0000, lr: 0.00000132, epoch_time: 5.0min
Epoch:[1/1](49840/56608), loss: 1.6728, logits_loss: 1.6728, aux_loss: 0.0000, lr: 0.00000131, epoch_time: 5.0min
Epoch:[1/1](49860/56608), loss: 1.9136, logits_loss: 1.9136, aux_loss: 0.0000, lr: 0.00000131, epoch_time: 5.0min
Epoch:[1/1](49880/56608), loss: 1.8602, logits_loss: 1.8602, aux_loss: 0.0000, lr: 0.00000131, epoch_time: 5.0min
Epoch:[1/1](49900/56608), loss: 1.6480, logits_loss: 1.6480, aux_loss: 0.0000, lr: 0.00000131, epoch_time: 5.0min
Epoch:[1/1](49920/56608), loss: 1.8193, logits_loss: 1.8193, aux_loss: 0.0000, lr: 0.00000131, epoch_time: 5.0min
Epoch:[1/1](49940/56608), loss: 1.7691, logits_loss: 1.7691, aux_loss: 0.0000, lr: 0.00000130, epoch_time: 5.0min
Epoch:[1/1](49960/56608), loss: 1.2649, logits_loss: 1.2649, aux_loss: 0.0000, lr: 0.00000130, epoch_time: 5.0min
Epoch:[1/1](49980/56608), loss: 1.7185, logits_loss: 1.7185, aux_loss: 0.0000, lr: 0.00000130, epoch_time: 5.0min
Epoch:[1/1](50000/56608), loss: 1.6841, logits_loss: 1.6841, aux_loss: 0.0000, lr: 0.00000130, epoch_time: 5.0min
Epoch:[1/1](50020/56608), loss: 1.6917, logits_loss: 1.6917, aux_loss: 0.0000, lr: 0.00000130, epoch_time: 5.0min
Epoch:[1/1](50040/56608), loss: 1.9224, logits_loss: 1.9224, aux_loss: 0.0000, lr: 0.00000130, epoch_time: 5.0min
Epoch:[1/1](50060/56608), loss: 1.6459, logits_loss: 1.6459, aux_loss: 0.0000, lr: 0.00000129, epoch_time: 5.0min
Epoch:[1/1](50080/56608), loss: 1.6170, logits_loss: 1.6170, aux_loss: 0.0000, lr: 0.00000129, epoch_time: 5.0min
Epoch:[1/1](50100/56608), loss: 1.7336, logits_loss: 1.7336, aux_loss: 0.0000, lr: 0.00000129, epoch_time: 5.0min
Epoch:[1/1](50120/56608), loss: 1.8016, logits_loss: 1.8016, aux_loss: 0.0000, lr: 0.00000129, epoch_time: 5.0min
Epoch:[1/1](50140/56608), loss: 1.7027, logits_loss: 1.7027, aux_loss: 0.0000, lr: 0.00000129, epoch_time: 5.0min
Epoch:[1/1](50160/56608), loss: 1.6542, logits_loss: 1.6542, aux_loss: 0.0000, lr: 0.00000129, epoch_time: 5.0min
Epoch:[1/1](50180/56608), loss: 1.7785, logits_loss: 1.7785, aux_loss: 0.0000, lr: 0.00000128, epoch_time: 5.0min
Epoch:[1/1](50200/56608), loss: 1.7220, logits_loss: 1.7220, aux_loss: 0.0000, lr: 0.00000128, epoch_time: 5.0min
Epoch:[1/1](50220/56608), loss: 1.6682, logits_loss: 1.6682, aux_loss: 0.0000, lr: 0.00000128, epoch_time: 5.0min
Epoch:[1/1](50240/56608), loss: 1.7017, logits_loss: 1.7017, aux_loss: 0.0000, lr: 0.00000128, epoch_time: 5.0min
Epoch:[1/1](50260/56608), loss: 1.5516, logits_loss: 1.5516, aux_loss: 0.0000, lr: 0.00000128, epoch_time: 5.0min
Epoch:[1/1](50280/56608), loss: 1.6340, logits_loss: 1.6340, aux_loss: 0.0000, lr: 0.00000127, epoch_time: 5.0min
Epoch:[1/1](50300/56608), loss: 1.4885, logits_loss: 1.4885, aux_loss: 0.0000, lr: 0.00000127, epoch_time: 5.0min
Epoch:[1/1](50320/56608), loss: 1.8311, logits_loss: 1.8311, aux_loss: 0.0000, lr: 0.00000127, epoch_time: 4.0min
Epoch:[1/1](50340/56608), loss: 1.6988, logits_loss: 1.6988, aux_loss: 0.0000, lr: 0.00000127, epoch_time: 4.0min
Epoch:[1/1](50360/56608), loss: 1.8688, logits_loss: 1.8688, aux_loss: 0.0000, lr: 0.00000127, epoch_time: 4.0min
Epoch:[1/1](50380/56608), loss: 1.6145, logits_loss: 1.6145, aux_loss: 0.0000, lr: 0.00000127, epoch_time: 4.0min
Epoch:[1/1](50400/56608), loss: 1.8363, logits_loss: 1.8363, aux_loss: 0.0000, lr: 0.00000126, epoch_time: 4.0min
Epoch:[1/1](50420/56608), loss: 1.8117, logits_loss: 1.8117, aux_loss: 0.0000, lr: 0.00000126, epoch_time: 4.0min
Epoch:[1/1](50440/56608), loss: 1.7957, logits_loss: 1.7957, aux_loss: 0.0000, lr: 0.00000126, epoch_time: 4.0min
Epoch:[1/1](50460/56608), loss: 1.5708, logits_loss: 1.5708, aux_loss: 0.0000, lr: 0.00000126, epoch_time: 4.0min
Epoch:[1/1](50480/56608), loss: 1.8411, logits_loss: 1.8411, aux_loss: 0.0000, lr: 0.00000126, epoch_time: 4.0min
Epoch:[1/1](50500/56608), loss: 1.7367, logits_loss: 1.7367, aux_loss: 0.0000, lr: 0.00000126, epoch_time: 4.0min
Epoch:[1/1](50520/56608), loss: 1.5888, logits_loss: 1.5888, aux_loss: 0.0000, lr: 0.00000125, epoch_time: 4.0min
Epoch:[1/1](50540/56608), loss: 1.8162, logits_loss: 1.8162, aux_loss: 0.0000, lr: 0.00000125, epoch_time: 4.0min
Epoch:[1/1](50560/56608), loss: 1.6204, logits_loss: 1.6204, aux_loss: 0.0000, lr: 0.00000125, epoch_time: 4.0min
Epoch:[1/1](50580/56608), loss: 1.5305, logits_loss: 1.5305, aux_loss: 0.0000, lr: 0.00000125, epoch_time: 4.0min
Epoch:[1/1](50600/56608), loss: 1.6485, logits_loss: 1.6485, aux_loss: 0.0000, lr: 0.00000125, epoch_time: 4.0min
Epoch:[1/1](50620/56608), loss: 1.7385, logits_loss: 1.7385, aux_loss: 0.0000, lr: 0.00000125, epoch_time: 4.0min
Epoch:[1/1](50640/56608), loss: 1.6991, logits_loss: 1.6991, aux_loss: 0.0000, lr: 0.00000124, epoch_time: 4.0min
Epoch:[1/1](50660/56608), loss: 1.8030, logits_loss: 1.8030, aux_loss: 0.0000, lr: 0.00000124, epoch_time: 4.0min
Epoch:[1/1](50680/56608), loss: 1.5786, logits_loss: 1.5786, aux_loss: 0.0000, lr: 0.00000124, epoch_time: 4.0min
Epoch:[1/1](50700/56608), loss: 1.8226, logits_loss: 1.8226, aux_loss: 0.0000, lr: 0.00000124, epoch_time: 4.0min
Epoch:[1/1](50720/56608), loss: 1.7176, logits_loss: 1.7176, aux_loss: 0.0000, lr: 0.00000124, epoch_time: 4.0min
Epoch:[1/1](50740/56608), loss: 1.8695, logits_loss: 1.8695, aux_loss: 0.0000, lr: 0.00000124, epoch_time: 4.0min
Epoch:[1/1](50760/56608), loss: 1.7246, logits_loss: 1.7246, aux_loss: 0.0000, lr: 0.00000123, epoch_time: 4.0min
Epoch:[1/1](50780/56608), loss: 1.7138, logits_loss: 1.7138, aux_loss: 0.0000, lr: 0.00000123, epoch_time: 4.0min
Epoch:[1/1](50800/56608), loss: 1.6704, logits_loss: 1.6704, aux_loss: 0.0000, lr: 0.00000123, epoch_time: 4.0min
Epoch:[1/1](50820/56608), loss: 1.7717, logits_loss: 1.7717, aux_loss: 0.0000, lr: 0.00000123, epoch_time: 4.0min
Epoch:[1/1](50840/56608), loss: 1.8176, logits_loss: 1.8176, aux_loss: 0.0000, lr: 0.00000123, epoch_time: 4.0min
Epoch:[1/1](50860/56608), loss: 1.9182, logits_loss: 1.9182, aux_loss: 0.0000, lr: 0.00000123, epoch_time: 4.0min
Epoch:[1/1](50880/56608), loss: 1.8486, logits_loss: 1.8486, aux_loss: 0.0000, lr: 0.00000123, epoch_time: 4.0min
Epoch:[1/1](50900/56608), loss: 1.7443, logits_loss: 1.7443, aux_loss: 0.0000, lr: 0.00000122, epoch_time: 4.0min
Epoch:[1/1](50920/56608), loss: 1.7560, logits_loss: 1.7560, aux_loss: 0.0000, lr: 0.00000122, epoch_time: 4.0min
Epoch:[1/1](50940/56608), loss: 1.4828, logits_loss: 1.4828, aux_loss: 0.0000, lr: 0.00000122, epoch_time: 4.0min
Epoch:[1/1](50960/56608), loss: 1.5860, logits_loss: 1.5860, aux_loss: 0.0000, lr: 0.00000122, epoch_time: 4.0min
Epoch:[1/1](50980/56608), loss: 1.6850, logits_loss: 1.6850, aux_loss: 0.0000, lr: 0.00000122, epoch_time: 4.0min
Epoch:[1/1](51000/56608), loss: 1.6483, logits_loss: 1.6483, aux_loss: 0.0000, lr: 0.00000122, epoch_time: 4.0min
Epoch:[1/1](51020/56608), loss: 1.6236, logits_loss: 1.6236, aux_loss: 0.0000, lr: 0.00000121, epoch_time: 4.0min
Epoch:[1/1](51040/56608), loss: 1.5795, logits_loss: 1.5795, aux_loss: 0.0000, lr: 0.00000121, epoch_time: 4.0min
Epoch:[1/1](51060/56608), loss: 1.8788, logits_loss: 1.8788, aux_loss: 0.0000, lr: 0.00000121, epoch_time: 4.0min
Epoch:[1/1](51080/56608), loss: 1.5600, logits_loss: 1.5600, aux_loss: 0.0000, lr: 0.00000121, epoch_time: 4.0min
Epoch:[1/1](51100/56608), loss: 1.8160, logits_loss: 1.8160, aux_loss: 0.0000, lr: 0.00000121, epoch_time: 4.0min
Epoch:[1/1](51120/56608), loss: 1.5643, logits_loss: 1.5643, aux_loss: 0.0000, lr: 0.00000121, epoch_time: 4.0min
Epoch:[1/1](51140/56608), loss: 1.7400, logits_loss: 1.7400, aux_loss: 0.0000, lr: 0.00000121, epoch_time: 4.0min
Epoch:[1/1](51160/56608), loss: 1.7748, logits_loss: 1.7748, aux_loss: 0.0000, lr: 0.00000120, epoch_time: 4.0min
Epoch:[1/1](51180/56608), loss: 1.5510, logits_loss: 1.5510, aux_loss: 0.0000, lr: 0.00000120, epoch_time: 4.0min
Epoch:[1/1](51200/56608), loss: 1.6916, logits_loss: 1.6916, aux_loss: 0.0000, lr: 0.00000120, epoch_time: 4.0min
Epoch:[1/1](51220/56608), loss: 1.7735, logits_loss: 1.7735, aux_loss: 0.0000, lr: 0.00000120, epoch_time: 4.0min
Epoch:[1/1](51240/56608), loss: 1.4932, logits_loss: 1.4932, aux_loss: 0.0000, lr: 0.00000120, epoch_time: 4.0min
Epoch:[1/1](51260/56608), loss: 1.7665, logits_loss: 1.7665, aux_loss: 0.0000, lr: 0.00000120, epoch_time: 4.0min
Epoch:[1/1](51280/56608), loss: 1.5905, logits_loss: 1.5905, aux_loss: 0.0000, lr: 0.00000120, epoch_time: 4.0min
Epoch:[1/1](51300/56608), loss: 1.6929, logits_loss: 1.6929, aux_loss: 0.0000, lr: 0.00000119, epoch_time: 4.0min
Epoch:[1/1](51320/56608), loss: 1.8221, logits_loss: 1.8221, aux_loss: 0.0000, lr: 0.00000119, epoch_time: 4.0min
Epoch:[1/1](51340/56608), loss: 1.6039, logits_loss: 1.6039, aux_loss: 0.0000, lr: 0.00000119, epoch_time: 4.0min
Epoch:[1/1](51360/56608), loss: 1.7124, logits_loss: 1.7124, aux_loss: 0.0000, lr: 0.00000119, epoch_time: 4.0min
Epoch:[1/1](51380/56608), loss: 1.6477, logits_loss: 1.6477, aux_loss: 0.0000, lr: 0.00000119, epoch_time: 4.0min
Epoch:[1/1](51400/56608), loss: 1.7732, logits_loss: 1.7732, aux_loss: 0.0000, lr: 0.00000119, epoch_time: 4.0min
Epoch:[1/1](51420/56608), loss: 1.7342, logits_loss: 1.7342, aux_loss: 0.0000, lr: 0.00000119, epoch_time: 4.0min
Epoch:[1/1](51440/56608), loss: 1.7897, logits_loss: 1.7897, aux_loss: 0.0000, lr: 0.00000118, epoch_time: 4.0min
Epoch:[1/1](51460/56608), loss: 1.5891, logits_loss: 1.5891, aux_loss: 0.0000, lr: 0.00000118, epoch_time: 4.0min
Epoch:[1/1](51480/56608), loss: 1.9942, logits_loss: 1.9942, aux_loss: 0.0000, lr: 0.00000118, epoch_time: 4.0min
Epoch:[1/1](51500/56608), loss: 1.6410, logits_loss: 1.6410, aux_loss: 0.0000, lr: 0.00000118, epoch_time: 4.0min
Epoch:[1/1](51520/56608), loss: 1.6074, logits_loss: 1.6074, aux_loss: 0.0000, lr: 0.00000118, epoch_time: 4.0min
Epoch:[1/1](51540/56608), loss: 1.8512, logits_loss: 1.8512, aux_loss: 0.0000, lr: 0.00000118, epoch_time: 4.0min
Epoch:[1/1](51560/56608), loss: 1.7968, logits_loss: 1.7968, aux_loss: 0.0000, lr: 0.00000118, epoch_time: 4.0min
Epoch:[1/1](51580/56608), loss: 1.5226, logits_loss: 1.5226, aux_loss: 0.0000, lr: 0.00000117, epoch_time: 3.0min
Epoch:[1/1](51600/56608), loss: 1.5700, logits_loss: 1.5700, aux_loss: 0.0000, lr: 0.00000117, epoch_time: 3.0min
Epoch:[1/1](51620/56608), loss: 1.7898, logits_loss: 1.7898, aux_loss: 0.0000, lr: 0.00000117, epoch_time: 3.0min
Epoch:[1/1](51640/56608), loss: 1.6817, logits_loss: 1.6817, aux_loss: 0.0000, lr: 0.00000117, epoch_time: 3.0min
Epoch:[1/1](51660/56608), loss: 1.6668, logits_loss: 1.6668, aux_loss: 0.0000, lr: 0.00000117, epoch_time: 3.0min
Epoch:[1/1](51680/56608), loss: 1.8017, logits_loss: 1.8017, aux_loss: 0.0000, lr: 0.00000117, epoch_time: 3.0min
Epoch:[1/1](51700/56608), loss: 1.6229, logits_loss: 1.6229, aux_loss: 0.0000, lr: 0.00000117, epoch_time: 3.0min
Epoch:[1/1](51720/56608), loss: 1.6661, logits_loss: 1.6661, aux_loss: 0.0000, lr: 0.00000116, epoch_time: 3.0min
Epoch:[1/1](51740/56608), loss: 1.8199, logits_loss: 1.8199, aux_loss: 0.0000, lr: 0.00000116, epoch_time: 3.0min
Epoch:[1/1](51760/56608), loss: 1.7184, logits_loss: 1.7184, aux_loss: 0.0000, lr: 0.00000116, epoch_time: 3.0min
Epoch:[1/1](51780/56608), loss: 1.6943, logits_loss: 1.6943, aux_loss: 0.0000, lr: 0.00000116, epoch_time: 3.0min
Epoch:[1/1](51800/56608), loss: 1.6976, logits_loss: 1.6976, aux_loss: 0.0000, lr: 0.00000116, epoch_time: 3.0min
Epoch:[1/1](51820/56608), loss: 1.9313, logits_loss: 1.9313, aux_loss: 0.0000, lr: 0.00000116, epoch_time: 3.0min
Epoch:[1/1](51840/56608), loss: 1.6368, logits_loss: 1.6368, aux_loss: 0.0000, lr: 0.00000116, epoch_time: 3.0min
Epoch:[1/1](51860/56608), loss: 1.7736, logits_loss: 1.7736, aux_loss: 0.0000, lr: 0.00000116, epoch_time: 3.0min
Epoch:[1/1](51880/56608), loss: 1.4359, logits_loss: 1.4359, aux_loss: 0.0000, lr: 0.00000115, epoch_time: 3.0min
Epoch:[1/1](51900/56608), loss: 1.8040, logits_loss: 1.8040, aux_loss: 0.0000, lr: 0.00000115, epoch_time: 3.0min
Epoch:[1/1](51920/56608), loss: 1.8099, logits_loss: 1.8099, aux_loss: 0.0000, lr: 0.00000115, epoch_time: 3.0min
Epoch:[1/1](51940/56608), loss: 1.7534, logits_loss: 1.7534, aux_loss: 0.0000, lr: 0.00000115, epoch_time: 3.0min
Epoch:[1/1](51960/56608), loss: 1.6431, logits_loss: 1.6431, aux_loss: 0.0000, lr: 0.00000115, epoch_time: 3.0min
Epoch:[1/1](51980/56608), loss: 1.7804, logits_loss: 1.7804, aux_loss: 0.0000, lr: 0.00000115, epoch_time: 3.0min
Epoch:[1/1](52000/56608), loss: 1.6836, logits_loss: 1.6836, aux_loss: 0.0000, lr: 0.00000115, epoch_time: 3.0min
Epoch:[1/1](52020/56608), loss: 1.7483, logits_loss: 1.7483, aux_loss: 0.0000, lr: 0.00000115, epoch_time: 3.0min
Epoch:[1/1](52040/56608), loss: 1.8910, logits_loss: 1.8910, aux_loss: 0.0000, lr: 0.00000114, epoch_time: 3.0min
Epoch:[1/1](52060/56608), loss: 1.8931, logits_loss: 1.8931, aux_loss: 0.0000, lr: 0.00000114, epoch_time: 3.0min
Epoch:[1/1](52080/56608), loss: 1.7987, logits_loss: 1.7987, aux_loss: 0.0000, lr: 0.00000114, epoch_time: 3.0min
Epoch:[1/1](52100/56608), loss: 1.5154, logits_loss: 1.5154, aux_loss: 0.0000, lr: 0.00000114, epoch_time: 3.0min
Epoch:[1/1](52120/56608), loss: 1.9112, logits_loss: 1.9112, aux_loss: 0.0000, lr: 0.00000114, epoch_time: 3.0min
Epoch:[1/1](52140/56608), loss: 1.7877, logits_loss: 1.7877, aux_loss: 0.0000, lr: 0.00000114, epoch_time: 3.0min
Epoch:[1/1](52160/56608), loss: 1.8044, logits_loss: 1.8044, aux_loss: 0.0000, lr: 0.00000114, epoch_time: 3.0min
Epoch:[1/1](52180/56608), loss: 1.8717, logits_loss: 1.8717, aux_loss: 0.0000, lr: 0.00000114, epoch_time: 3.0min
Epoch:[1/1](52200/56608), loss: 1.6506, logits_loss: 1.6506, aux_loss: 0.0000, lr: 0.00000113, epoch_time: 3.0min
Epoch:[1/1](52220/56608), loss: 1.7096, logits_loss: 1.7096, aux_loss: 0.0000, lr: 0.00000113, epoch_time: 3.0min
Epoch:[1/1](52240/56608), loss: 1.9586, logits_loss: 1.9586, aux_loss: 0.0000, lr: 0.00000113, epoch_time: 3.0min
Epoch:[1/1](52260/56608), loss: 1.8626, logits_loss: 1.8626, aux_loss: 0.0000, lr: 0.00000113, epoch_time: 3.0min
Epoch:[1/1](52280/56608), loss: 1.6777, logits_loss: 1.6777, aux_loss: 0.0000, lr: 0.00000113, epoch_time: 3.0min
Epoch:[1/1](52300/56608), loss: 1.7934, logits_loss: 1.7934, aux_loss: 0.0000, lr: 0.00000113, epoch_time: 3.0min
Epoch:[1/1](52320/56608), loss: 1.7083, logits_loss: 1.7083, aux_loss: 0.0000, lr: 0.00000113, epoch_time: 3.0min
Epoch:[1/1](52340/56608), loss: 1.7556, logits_loss: 1.7556, aux_loss: 0.0000, lr: 0.00000113, epoch_time: 3.0min
Epoch:[1/1](52360/56608), loss: 1.7885, logits_loss: 1.7885, aux_loss: 0.0000, lr: 0.00000112, epoch_time: 3.0min
Epoch:[1/1](52380/56608), loss: 1.5774, logits_loss: 1.5774, aux_loss: 0.0000, lr: 0.00000112, epoch_time: 3.0min
Epoch:[1/1](52400/56608), loss: 1.6881, logits_loss: 1.6881, aux_loss: 0.0000, lr: 0.00000112, epoch_time: 3.0min
Epoch:[1/1](52420/56608), loss: 1.7890, logits_loss: 1.7890, aux_loss: 0.0000, lr: 0.00000112, epoch_time: 3.0min
Epoch:[1/1](52440/56608), loss: 1.8110, logits_loss: 1.8110, aux_loss: 0.0000, lr: 0.00000112, epoch_time: 3.0min
Epoch:[1/1](52460/56608), loss: 1.6447, logits_loss: 1.6447, aux_loss: 0.0000, lr: 0.00000112, epoch_time: 3.0min
Epoch:[1/1](52480/56608), loss: 1.8333, logits_loss: 1.8333, aux_loss: 0.0000, lr: 0.00000112, epoch_time: 3.0min
Epoch:[1/1](52500/56608), loss: 1.7389, logits_loss: 1.7389, aux_loss: 0.0000, lr: 0.00000112, epoch_time: 3.0min
Epoch:[1/1](52520/56608), loss: 1.6320, logits_loss: 1.6320, aux_loss: 0.0000, lr: 0.00000112, epoch_time: 3.0min
Epoch:[1/1](52540/56608), loss: 1.7299, logits_loss: 1.7299, aux_loss: 0.0000, lr: 0.00000111, epoch_time: 3.0min
Epoch:[1/1](52560/56608), loss: 1.6366, logits_loss: 1.6366, aux_loss: 0.0000, lr: 0.00000111, epoch_time: 3.0min
Epoch:[1/1](52580/56608), loss: 1.7404, logits_loss: 1.7404, aux_loss: 0.0000, lr: 0.00000111, epoch_time: 3.0min
Epoch:[1/1](52600/56608), loss: 1.5970, logits_loss: 1.5970, aux_loss: 0.0000, lr: 0.00000111, epoch_time: 3.0min
Epoch:[1/1](52620/56608), loss: 1.5896, logits_loss: 1.5896, aux_loss: 0.0000, lr: 0.00000111, epoch_time: 3.0min
Epoch:[1/1](52640/56608), loss: 1.5715, logits_loss: 1.5715, aux_loss: 0.0000, lr: 0.00000111, epoch_time: 3.0min
Epoch:[1/1](52660/56608), loss: 1.7660, logits_loss: 1.7660, aux_loss: 0.0000, lr: 0.00000111, epoch_time: 3.0min
Epoch:[1/1](52680/56608), loss: 1.5918, logits_loss: 1.5918, aux_loss: 0.0000, lr: 0.00000111, epoch_time: 3.0min
Epoch:[1/1](52700/56608), loss: 1.7670, logits_loss: 1.7670, aux_loss: 0.0000, lr: 0.00000111, epoch_time: 3.0min
Epoch:[1/1](52720/56608), loss: 1.8264, logits_loss: 1.8264, aux_loss: 0.0000, lr: 0.00000110, epoch_time: 3.0min
Epoch:[1/1](52740/56608), loss: 1.5929, logits_loss: 1.5929, aux_loss: 0.0000, lr: 0.00000110, epoch_time: 3.0min
Epoch:[1/1](52760/56608), loss: 1.8587, logits_loss: 1.8587, aux_loss: 0.0000, lr: 0.00000110, epoch_time: 3.0min
Epoch:[1/1](52780/56608), loss: 1.6157, logits_loss: 1.6157, aux_loss: 0.0000, lr: 0.00000110, epoch_time: 3.0min
Epoch:[1/1](52800/56608), loss: 1.8921, logits_loss: 1.8921, aux_loss: 0.0000, lr: 0.00000110, epoch_time: 3.0min
Epoch:[1/1](52820/56608), loss: 1.5092, logits_loss: 1.5092, aux_loss: 0.0000, lr: 0.00000110, epoch_time: 3.0min
Epoch:[1/1](52840/56608), loss: 1.7532, logits_loss: 1.7532, aux_loss: 0.0000, lr: 0.00000110, epoch_time: 2.0min
Epoch:[1/1](52860/56608), loss: 1.8028, logits_loss: 1.8028, aux_loss: 0.0000, lr: 0.00000110, epoch_time: 2.0min
Epoch:[1/1](52880/56608), loss: 1.7193, logits_loss: 1.7193, aux_loss: 0.0000, lr: 0.00000110, epoch_time: 2.0min
Epoch:[1/1](52900/56608), loss: 1.8661, logits_loss: 1.8661, aux_loss: 0.0000, lr: 0.00000109, epoch_time: 2.0min
Epoch:[1/1](52920/56608), loss: 1.7322, logits_loss: 1.7322, aux_loss: 0.0000, lr: 0.00000109, epoch_time: 2.0min
Epoch:[1/1](52940/56608), loss: 1.6342, logits_loss: 1.6342, aux_loss: 0.0000, lr: 0.00000109, epoch_time: 2.0min
Epoch:[1/1](52960/56608), loss: 1.7080, logits_loss: 1.7080, aux_loss: 0.0000, lr: 0.00000109, epoch_time: 2.0min
Epoch:[1/1](52980/56608), loss: 1.6889, logits_loss: 1.6889, aux_loss: 0.0000, lr: 0.00000109, epoch_time: 2.0min
Epoch:[1/1](53000/56608), loss: 1.8825, logits_loss: 1.8825, aux_loss: 0.0000, lr: 0.00000109, epoch_time: 2.0min
Epoch:[1/1](53020/56608), loss: 1.9457, logits_loss: 1.9457, aux_loss: 0.0000, lr: 0.00000109, epoch_time: 2.0min
Epoch:[1/1](53040/56608), loss: 1.7117, logits_loss: 1.7117, aux_loss: 0.0000, lr: 0.00000109, epoch_time: 2.0min
Epoch:[1/1](53060/56608), loss: 1.6505, logits_loss: 1.6505, aux_loss: 0.0000, lr: 0.00000109, epoch_time: 2.0min
Epoch:[1/1](53080/56608), loss: 1.6465, logits_loss: 1.6465, aux_loss: 0.0000, lr: 0.00000109, epoch_time: 2.0min
Epoch:[1/1](53100/56608), loss: 1.7106, logits_loss: 1.7106, aux_loss: 0.0000, lr: 0.00000109, epoch_time: 2.0min
Epoch:[1/1](53120/56608), loss: 1.6293, logits_loss: 1.6293, aux_loss: 0.0000, lr: 0.00000108, epoch_time: 2.0min
Epoch:[1/1](53140/56608), loss: 1.9461, logits_loss: 1.9461, aux_loss: 0.0000, lr: 0.00000108, epoch_time: 2.0min
Epoch:[1/1](53160/56608), loss: 1.6708, logits_loss: 1.6708, aux_loss: 0.0000, lr: 0.00000108, epoch_time: 2.0min
Epoch:[1/1](53180/56608), loss: 1.7989, logits_loss: 1.7989, aux_loss: 0.0000, lr: 0.00000108, epoch_time: 2.0min
Epoch:[1/1](53200/56608), loss: 1.8176, logits_loss: 1.8176, aux_loss: 0.0000, lr: 0.00000108, epoch_time: 2.0min
Epoch:[1/1](53220/56608), loss: 1.7874, logits_loss: 1.7874, aux_loss: 0.0000, lr: 0.00000108, epoch_time: 2.0min
Epoch:[1/1](53240/56608), loss: 1.4868, logits_loss: 1.4868, aux_loss: 0.0000, lr: 0.00000108, epoch_time: 2.0min
Epoch:[1/1](53260/56608), loss: 1.7665, logits_loss: 1.7665, aux_loss: 0.0000, lr: 0.00000108, epoch_time: 2.0min
Epoch:[1/1](53280/56608), loss: 1.7544, logits_loss: 1.7544, aux_loss: 0.0000, lr: 0.00000108, epoch_time: 2.0min
Epoch:[1/1](53300/56608), loss: 1.7190, logits_loss: 1.7190, aux_loss: 0.0000, lr: 0.00000108, epoch_time: 2.0min
Epoch:[1/1](53320/56608), loss: 1.8380, logits_loss: 1.8380, aux_loss: 0.0000, lr: 0.00000107, epoch_time: 2.0min
Epoch:[1/1](53340/56608), loss: 1.8485, logits_loss: 1.8485, aux_loss: 0.0000, lr: 0.00000107, epoch_time: 2.0min
Epoch:[1/1](53360/56608), loss: 1.9603, logits_loss: 1.9603, aux_loss: 0.0000, lr: 0.00000107, epoch_time: 2.0min
Epoch:[1/1](53380/56608), loss: 1.7008, logits_loss: 1.7008, aux_loss: 0.0000, lr: 0.00000107, epoch_time: 2.0min
Epoch:[1/1](53400/56608), loss: 1.6433, logits_loss: 1.6433, aux_loss: 0.0000, lr: 0.00000107, epoch_time: 2.0min
Epoch:[1/1](53420/56608), loss: 1.7817, logits_loss: 1.7817, aux_loss: 0.0000, lr: 0.00000107, epoch_time: 2.0min
Epoch:[1/1](53440/56608), loss: 1.9665, logits_loss: 1.9665, aux_loss: 0.0000, lr: 0.00000107, epoch_time: 2.0min
Epoch:[1/1](53460/56608), loss: 1.7306, logits_loss: 1.7306, aux_loss: 0.0000, lr: 0.00000107, epoch_time: 2.0min
Epoch:[1/1](53480/56608), loss: 1.5680, logits_loss: 1.5680, aux_loss: 0.0000, lr: 0.00000107, epoch_time: 2.0min
Epoch:[1/1](53500/56608), loss: 1.6886, logits_loss: 1.6886, aux_loss: 0.0000, lr: 0.00000107, epoch_time: 2.0min
Epoch:[1/1](53520/56608), loss: 1.8300, logits_loss: 1.8300, aux_loss: 0.0000, lr: 0.00000107, epoch_time: 2.0min
Epoch:[1/1](53540/56608), loss: 1.7629, logits_loss: 1.7629, aux_loss: 0.0000, lr: 0.00000107, epoch_time: 2.0min
Epoch:[1/1](53560/56608), loss: 1.9564, logits_loss: 1.9564, aux_loss: 0.0000, lr: 0.00000106, epoch_time: 2.0min
Epoch:[1/1](53580/56608), loss: 1.7508, logits_loss: 1.7508, aux_loss: 0.0000, lr: 0.00000106, epoch_time: 2.0min
Epoch:[1/1](53600/56608), loss: 1.7795, logits_loss: 1.7795, aux_loss: 0.0000, lr: 0.00000106, epoch_time: 2.0min
Epoch:[1/1](53620/56608), loss: 1.9884, logits_loss: 1.9884, aux_loss: 0.0000, lr: 0.00000106, epoch_time: 2.0min
Epoch:[1/1](53640/56608), loss: 1.5192, logits_loss: 1.5192, aux_loss: 0.0000, lr: 0.00000106, epoch_time: 2.0min
Epoch:[1/1](53660/56608), loss: 1.7993, logits_loss: 1.7993, aux_loss: 0.0000, lr: 0.00000106, epoch_time: 2.0min
Epoch:[1/1](53680/56608), loss: 1.8479, logits_loss: 1.8479, aux_loss: 0.0000, lr: 0.00000106, epoch_time: 2.0min
Epoch:[1/1](53700/56608), loss: 1.6920, logits_loss: 1.6920, aux_loss: 0.0000, lr: 0.00000106, epoch_time: 2.0min
Epoch:[1/1](53720/56608), loss: 1.7055, logits_loss: 1.7055, aux_loss: 0.0000, lr: 0.00000106, epoch_time: 2.0min
Epoch:[1/1](53740/56608), loss: 1.5825, logits_loss: 1.5825, aux_loss: 0.0000, lr: 0.00000106, epoch_time: 2.0min
Epoch:[1/1](53760/56608), loss: 1.7754, logits_loss: 1.7754, aux_loss: 0.0000, lr: 0.00000106, epoch_time: 2.0min
Epoch:[1/1](53780/56608), loss: 1.8361, logits_loss: 1.8361, aux_loss: 0.0000, lr: 0.00000106, epoch_time: 2.0min
Epoch:[1/1](53800/56608), loss: 1.5753, logits_loss: 1.5753, aux_loss: 0.0000, lr: 0.00000105, epoch_time: 2.0min
Epoch:[1/1](53820/56608), loss: 1.8889, logits_loss: 1.8889, aux_loss: 0.0000, lr: 0.00000105, epoch_time: 2.0min
Epoch:[1/1](53840/56608), loss: 1.8859, logits_loss: 1.8859, aux_loss: 0.0000, lr: 0.00000105, epoch_time: 2.0min
Epoch:[1/1](53860/56608), loss: 1.5224, logits_loss: 1.5224, aux_loss: 0.0000, lr: 0.00000105, epoch_time: 2.0min
Epoch:[1/1](53880/56608), loss: 1.7746, logits_loss: 1.7746, aux_loss: 0.0000, lr: 0.00000105, epoch_time: 2.0min
Epoch:[1/1](53900/56608), loss: 1.6502, logits_loss: 1.6502, aux_loss: 0.0000, lr: 0.00000105, epoch_time: 2.0min
Epoch:[1/1](53920/56608), loss: 1.5422, logits_loss: 1.5422, aux_loss: 0.0000, lr: 0.00000105, epoch_time: 2.0min
Epoch:[1/1](53940/56608), loss: 1.6419, logits_loss: 1.6419, aux_loss: 0.0000, lr: 0.00000105, epoch_time: 2.0min
Epoch:[1/1](53960/56608), loss: 1.7472, logits_loss: 1.7472, aux_loss: 0.0000, lr: 0.00000105, epoch_time: 2.0min
Epoch:[1/1](53980/56608), loss: 1.4269, logits_loss: 1.4269, aux_loss: 0.0000, lr: 0.00000105, epoch_time: 2.0min
Epoch:[1/1](54000/56608), loss: 1.7082, logits_loss: 1.7082, aux_loss: 0.0000, lr: 0.00000105, epoch_time: 2.0min
Epoch:[1/1](54020/56608), loss: 1.7193, logits_loss: 1.7193, aux_loss: 0.0000, lr: 0.00000105, epoch_time: 2.0min
Epoch:[1/1](54040/56608), loss: 1.8005, logits_loss: 1.8005, aux_loss: 0.0000, lr: 0.00000105, epoch_time: 2.0min
Epoch:[1/1](54060/56608), loss: 1.6458, logits_loss: 1.6458, aux_loss: 0.0000, lr: 0.00000104, epoch_time: 2.0min
Epoch:[1/1](54080/56608), loss: 1.6344, logits_loss: 1.6344, aux_loss: 0.0000, lr: 0.00000104, epoch_time: 2.0min
Epoch:[1/1](54100/56608), loss: 1.6473, logits_loss: 1.6473, aux_loss: 0.0000, lr: 0.00000104, epoch_time: 1.0min
Epoch:[1/1](54120/56608), loss: 1.6374, logits_loss: 1.6374, aux_loss: 0.0000, lr: 0.00000104, epoch_time: 1.0min
Epoch:[1/1](54140/56608), loss: 1.6760, logits_loss: 1.6760, aux_loss: 0.0000, lr: 0.00000104, epoch_time: 1.0min
Epoch:[1/1](54160/56608), loss: 1.5862, logits_loss: 1.5862, aux_loss: 0.0000, lr: 0.00000104, epoch_time: 1.0min
Epoch:[1/1](54180/56608), loss: 1.7606, logits_loss: 1.7606, aux_loss: 0.0000, lr: 0.00000104, epoch_time: 1.0min
Epoch:[1/1](54200/56608), loss: 1.7785, logits_loss: 1.7785, aux_loss: 0.0000, lr: 0.00000104, epoch_time: 1.0min
Epoch:[1/1](54220/56608), loss: 1.6587, logits_loss: 1.6587, aux_loss: 0.0000, lr: 0.00000104, epoch_time: 1.0min
Epoch:[1/1](54240/56608), loss: 1.5810, logits_loss: 1.5810, aux_loss: 0.0000, lr: 0.00000104, epoch_time: 1.0min
Epoch:[1/1](54260/56608), loss: 1.6241, logits_loss: 1.6241, aux_loss: 0.0000, lr: 0.00000104, epoch_time: 1.0min
Epoch:[1/1](54280/56608), loss: 1.8527, logits_loss: 1.8527, aux_loss: 0.0000, lr: 0.00000104, epoch_time: 1.0min
Epoch:[1/1](54300/56608), loss: 1.6768, logits_loss: 1.6768, aux_loss: 0.0000, lr: 0.00000104, epoch_time: 1.0min
Epoch:[1/1](54320/56608), loss: 1.6529, logits_loss: 1.6529, aux_loss: 0.0000, lr: 0.00000104, epoch_time: 1.0min
Epoch:[1/1](54340/56608), loss: 1.7543, logits_loss: 1.7543, aux_loss: 0.0000, lr: 0.00000104, epoch_time: 1.0min
Epoch:[1/1](54360/56608), loss: 1.7712, logits_loss: 1.7712, aux_loss: 0.0000, lr: 0.00000103, epoch_time: 1.0min
Epoch:[1/1](54380/56608), loss: 1.8369, logits_loss: 1.8369, aux_loss: 0.0000, lr: 0.00000103, epoch_time: 1.0min
Epoch:[1/1](54400/56608), loss: 1.6915, logits_loss: 1.6915, aux_loss: 0.0000, lr: 0.00000103, epoch_time: 1.0min
Epoch:[1/1](54420/56608), loss: 1.5691, logits_loss: 1.5691, aux_loss: 0.0000, lr: 0.00000103, epoch_time: 1.0min
Epoch:[1/1](54440/56608), loss: 1.7775, logits_loss: 1.7775, aux_loss: 0.0000, lr: 0.00000103, epoch_time: 1.0min
Epoch:[1/1](54460/56608), loss: 1.6850, logits_loss: 1.6850, aux_loss: 0.0000, lr: 0.00000103, epoch_time: 1.0min
Epoch:[1/1](54480/56608), loss: 1.8454, logits_loss: 1.8454, aux_loss: 0.0000, lr: 0.00000103, epoch_time: 1.0min
Epoch:[1/1](54500/56608), loss: 1.6327, logits_loss: 1.6327, aux_loss: 0.0000, lr: 0.00000103, epoch_time: 1.0min
Epoch:[1/1](54520/56608), loss: 1.8378, logits_loss: 1.8378, aux_loss: 0.0000, lr: 0.00000103, epoch_time: 1.0min
Epoch:[1/1](54540/56608), loss: 1.8453, logits_loss: 1.8453, aux_loss: 0.0000, lr: 0.00000103, epoch_time: 1.0min
Epoch:[1/1](54560/56608), loss: 1.7635, logits_loss: 1.7635, aux_loss: 0.0000, lr: 0.00000103, epoch_time: 1.0min
Epoch:[1/1](54580/56608), loss: 1.8171, logits_loss: 1.8171, aux_loss: 0.0000, lr: 0.00000103, epoch_time: 1.0min
Epoch:[1/1](54600/56608), loss: 1.6304, logits_loss: 1.6304, aux_loss: 0.0000, lr: 0.00000103, epoch_time: 1.0min
Epoch:[1/1](54620/56608), loss: 1.6089, logits_loss: 1.6089, aux_loss: 0.0000, lr: 0.00000103, epoch_time: 1.0min
Epoch:[1/1](54640/56608), loss: 1.8771, logits_loss: 1.8771, aux_loss: 0.0000, lr: 0.00000103, epoch_time: 1.0min
Epoch:[1/1](54660/56608), loss: 1.5124, logits_loss: 1.5124, aux_loss: 0.0000, lr: 0.00000103, epoch_time: 1.0min
Epoch:[1/1](54680/56608), loss: 1.7954, logits_loss: 1.7954, aux_loss: 0.0000, lr: 0.00000103, epoch_time: 1.0min
Epoch:[1/1](54700/56608), loss: 1.5917, logits_loss: 1.5917, aux_loss: 0.0000, lr: 0.00000103, epoch_time: 1.0min
Epoch:[1/1](54720/56608), loss: 1.7397, logits_loss: 1.7397, aux_loss: 0.0000, lr: 0.00000102, epoch_time: 1.0min
Epoch:[1/1](54740/56608), loss: 1.6979, logits_loss: 1.6979, aux_loss: 0.0000, lr: 0.00000102, epoch_time: 1.0min
Epoch:[1/1](54760/56608), loss: 1.5999, logits_loss: 1.5999, aux_loss: 0.0000, lr: 0.00000102, epoch_time: 1.0min
Epoch:[1/1](54780/56608), loss: 1.7855, logits_loss: 1.7855, aux_loss: 0.0000, lr: 0.00000102, epoch_time: 1.0min
Epoch:[1/1](54800/56608), loss: 1.9476, logits_loss: 1.9476, aux_loss: 0.0000, lr: 0.00000102, epoch_time: 1.0min
Epoch:[1/1](54820/56608), loss: 1.8353, logits_loss: 1.8353, aux_loss: 0.0000, lr: 0.00000102, epoch_time: 1.0min
Epoch:[1/1](54840/56608), loss: 1.7181, logits_loss: 1.7181, aux_loss: 0.0000, lr: 0.00000102, epoch_time: 1.0min
Epoch:[1/1](54860/56608), loss: 1.7744, logits_loss: 1.7744, aux_loss: 0.0000, lr: 0.00000102, epoch_time: 1.0min
Epoch:[1/1](54880/56608), loss: 1.8740, logits_loss: 1.8740, aux_loss: 0.0000, lr: 0.00000102, epoch_time: 1.0min
Epoch:[1/1](54900/56608), loss: 1.7424, logits_loss: 1.7424, aux_loss: 0.0000, lr: 0.00000102, epoch_time: 1.0min
Epoch:[1/1](54920/56608), loss: 1.7650, logits_loss: 1.7650, aux_loss: 0.0000, lr: 0.00000102, epoch_time: 1.0min
Epoch:[1/1](54940/56608), loss: 1.6117, logits_loss: 1.6117, aux_loss: 0.0000, lr: 0.00000102, epoch_time: 1.0min
Epoch:[1/1](54960/56608), loss: 1.6728, logits_loss: 1.6728, aux_loss: 0.0000, lr: 0.00000102, epoch_time: 1.0min
Epoch:[1/1](54980/56608), loss: 1.8242, logits_loss: 1.8242, aux_loss: 0.0000, lr: 0.00000102, epoch_time: 1.0min
Epoch:[1/1](55000/56608), loss: 1.6997, logits_loss: 1.6997, aux_loss: 0.0000, lr: 0.00000102, epoch_time: 1.0min
Epoch:[1/1](55020/56608), loss: 1.5708, logits_loss: 1.5708, aux_loss: 0.0000, lr: 0.00000102, epoch_time: 1.0min
Epoch:[1/1](55040/56608), loss: 1.8071, logits_loss: 1.8071, aux_loss: 0.0000, lr: 0.00000102, epoch_time: 1.0min
Epoch:[1/1](55060/56608), loss: 1.5467, logits_loss: 1.5467, aux_loss: 0.0000, lr: 0.00000102, epoch_time: 1.0min
Epoch:[1/1](55080/56608), loss: 1.9019, logits_loss: 1.9019, aux_loss: 0.0000, lr: 0.00000102, epoch_time: 1.0min
Epoch:[1/1](55100/56608), loss: 1.6020, logits_loss: 1.6020, aux_loss: 0.0000, lr: 0.00000102, epoch_time: 1.0min
Epoch:[1/1](55120/56608), loss: 1.7459, logits_loss: 1.7459, aux_loss: 0.0000, lr: 0.00000102, epoch_time: 1.0min
Epoch:[1/1](55140/56608), loss: 1.7185, logits_loss: 1.7185, aux_loss: 0.0000, lr: 0.00000101, epoch_time: 1.0min
Epoch:[1/1](55160/56608), loss: 1.5560, logits_loss: 1.5560, aux_loss: 0.0000, lr: 0.00000101, epoch_time: 1.0min
Epoch:[1/1](55180/56608), loss: 1.8800, logits_loss: 1.8800, aux_loss: 0.0000, lr: 0.00000101, epoch_time: 1.0min
Epoch:[1/1](55200/56608), loss: 1.7131, logits_loss: 1.7131, aux_loss: 0.0000, lr: 0.00000101, epoch_time: 1.0min
Epoch:[1/1](55220/56608), loss: 1.7615, logits_loss: 1.7615, aux_loss: 0.0000, lr: 0.00000101, epoch_time: 1.0min
Epoch:[1/1](55240/56608), loss: 1.5542, logits_loss: 1.5542, aux_loss: 0.0000, lr: 0.00000101, epoch_time: 1.0min
Epoch:[1/1](55260/56608), loss: 1.8528, logits_loss: 1.8528, aux_loss: 0.0000, lr: 0.00000101, epoch_time: 1.0min
Epoch:[1/1](55280/56608), loss: 1.7445, logits_loss: 1.7445, aux_loss: 0.0000, lr: 0.00000101, epoch_time: 1.0min
Epoch:[1/1](55300/56608), loss: 1.6528, logits_loss: 1.6528, aux_loss: 0.0000, lr: 0.00000101, epoch_time: 1.0min
Epoch:[1/1](55320/56608), loss: 1.6780, logits_loss: 1.6780, aux_loss: 0.0000, lr: 0.00000101, epoch_time: 1.0min
Epoch:[1/1](55340/56608), loss: 1.7872, logits_loss: 1.7872, aux_loss: 0.0000, lr: 0.00000101, epoch_time: 1.0min
Epoch:[1/1](55360/56608), loss: 1.8770, logits_loss: 1.8770, aux_loss: 0.0000, lr: 0.00000101, epoch_time: 0.0min
Epoch:[1/1](55380/56608), loss: 1.6392, logits_loss: 1.6392, aux_loss: 0.0000, lr: 0.00000101, epoch_time: 0.0min
Epoch:[1/1](55400/56608), loss: 1.5990, logits_loss: 1.5990, aux_loss: 0.0000, lr: 0.00000101, epoch_time: 0.0min
Epoch:[1/1](55420/56608), loss: 1.6630, logits_loss: 1.6630, aux_loss: 0.0000, lr: 0.00000101, epoch_time: 0.0min
Epoch:[1/1](55440/56608), loss: 1.7471, logits_loss: 1.7471, aux_loss: 0.0000, lr: 0.00000101, epoch_time: 0.0min
Epoch:[1/1](55460/56608), loss: 1.6101, logits_loss: 1.6101, aux_loss: 0.0000, lr: 0.00000101, epoch_time: 0.0min
Epoch:[1/1](55480/56608), loss: 1.8025, logits_loss: 1.8025, aux_loss: 0.0000, lr: 0.00000101, epoch_time: 0.0min
Epoch:[1/1](55500/56608), loss: 1.8328, logits_loss: 1.8328, aux_loss: 0.0000, lr: 0.00000101, epoch_time: 0.0min
Epoch:[1/1](55520/56608), loss: 1.6300, logits_loss: 1.6300, aux_loss: 0.0000, lr: 0.00000101, epoch_time: 0.0min
Epoch:[1/1](55540/56608), loss: 1.7589, logits_loss: 1.7589, aux_loss: 0.0000, lr: 0.00000101, epoch_time: 0.0min
Epoch:[1/1](55560/56608), loss: 1.5564, logits_loss: 1.5564, aux_loss: 0.0000, lr: 0.00000101, epoch_time: 0.0min
Epoch:[1/1](55580/56608), loss: 1.7713, logits_loss: 1.7713, aux_loss: 0.0000, lr: 0.00000101, epoch_time: 0.0min
Epoch:[1/1](55600/56608), loss: 1.7533, logits_loss: 1.7533, aux_loss: 0.0000, lr: 0.00000101, epoch_time: 0.0min
Epoch:[1/1](55620/56608), loss: 1.7288, logits_loss: 1.7288, aux_loss: 0.0000, lr: 0.00000101, epoch_time: 0.0min
Epoch:[1/1](55640/56608), loss: 1.7709, logits_loss: 1.7709, aux_loss: 0.0000, lr: 0.00000101, epoch_time: 0.0min
Epoch:[1/1](55660/56608), loss: 1.8546, logits_loss: 1.8546, aux_loss: 0.0000, lr: 0.00000101, epoch_time: 0.0min
Epoch:[1/1](55680/56608), loss: 1.8411, logits_loss: 1.8411, aux_loss: 0.0000, lr: 0.00000101, epoch_time: 0.0min
Epoch:[1/1](55700/56608), loss: 1.6332, logits_loss: 1.6332, aux_loss: 0.0000, lr: 0.00000101, epoch_time: 0.0min
Epoch:[1/1](55720/56608), loss: 1.8288, logits_loss: 1.8288, aux_loss: 0.0000, lr: 0.00000101, epoch_time: 0.0min
Epoch:[1/1](55740/56608), loss: 1.7839, logits_loss: 1.7839, aux_loss: 0.0000, lr: 0.00000101, epoch_time: 0.0min
Epoch:[1/1](55760/56608), loss: 1.8905, logits_loss: 1.8905, aux_loss: 0.0000, lr: 0.00000100, epoch_time: 0.0min
Epoch:[1/1](55780/56608), loss: 1.7379, logits_loss: 1.7379, aux_loss: 0.0000, lr: 0.00000100, epoch_time: 0.0min
Epoch:[1/1](55800/56608), loss: 1.7379, logits_loss: 1.7379, aux_loss: 0.0000, lr: 0.00000100, epoch_time: 0.0min
Epoch:[1/1](55820/56608), loss: 1.6872, logits_loss: 1.6872, aux_loss: 0.0000, lr: 0.00000100, epoch_time: 0.0min
Epoch:[1/1](55840/56608), loss: 1.5980, logits_loss: 1.5980, aux_loss: 0.0000, lr: 0.00000100, epoch_time: 0.0min
Epoch:[1/1](55860/56608), loss: 1.8506, logits_loss: 1.8506, aux_loss: 0.0000, lr: 0.00000100, epoch_time: 0.0min
Epoch:[1/1](55880/56608), loss: 1.7090, logits_loss: 1.7090, aux_loss: 0.0000, lr: 0.00000100, epoch_time: 0.0min
Epoch:[1/1](55900/56608), loss: 1.7405, logits_loss: 1.7405, aux_loss: 0.0000, lr: 0.00000100, epoch_time: 0.0min
Epoch:[1/1](55920/56608), loss: 1.5789, logits_loss: 1.5789, aux_loss: 0.0000, lr: 0.00000100, epoch_time: 0.0min
Epoch:[1/1](55940/56608), loss: 1.7507, logits_loss: 1.7507, aux_loss: 0.0000, lr: 0.00000100, epoch_time: 0.0min
Epoch:[1/1](55960/56608), loss: 1.7636, logits_loss: 1.7636, aux_loss: 0.0000, lr: 0.00000100, epoch_time: 0.0min
Epoch:[1/1](55980/56608), loss: 1.7497, logits_loss: 1.7497, aux_loss: 0.0000, lr: 0.00000100, epoch_time: 0.0min
Epoch:[1/1](56000/56608), loss: 1.9048, logits_loss: 1.9048, aux_loss: 0.0000, lr: 0.00000100, epoch_time: 0.0min
Epoch:[1/1](56020/56608), loss: 1.6998, logits_loss: 1.6998, aux_loss: 0.0000, lr: 0.00000100, epoch_time: 0.0min
Epoch:[1/1](56040/56608), loss: 1.6089, logits_loss: 1.6089, aux_loss: 0.0000, lr: 0.00000100, epoch_time: 0.0min
Epoch:[1/1](56060/56608), loss: 1.7386, logits_loss: 1.7386, aux_loss: 0.0000, lr: 0.00000100, epoch_time: 0.0min
Epoch:[1/1](56080/56608), loss: 1.7536, logits_loss: 1.7536, aux_loss: 0.0000, lr: 0.00000100, epoch_time: 0.0min
Epoch:[1/1](56100/56608), loss: 1.7693, logits_loss: 1.7693, aux_loss: 0.0000, lr: 0.00000100, epoch_time: 0.0min
Epoch:[1/1](56120/56608), loss: 1.6788, logits_loss: 1.6788, aux_loss: 0.0000, lr: 0.00000100, epoch_time: 0.0min
Epoch:[1/1](56140/56608), loss: 1.6748, logits_loss: 1.6748, aux_loss: 0.0000, lr: 0.00000100, epoch_time: 0.0min
Epoch:[1/1](56160/56608), loss: 1.5577, logits_loss: 1.5577, aux_loss: 0.0000, lr: 0.00000100, epoch_time: 0.0min
Epoch:[1/1](56180/56608), loss: 1.4905, logits_loss: 1.4905, aux_loss: 0.0000, lr: 0.00000100, epoch_time: 0.0min
Epoch:[1/1](56200/56608), loss: 1.7327, logits_loss: 1.7327, aux_loss: 0.0000, lr: 0.00000100, epoch_time: 0.0min
Epoch:[1/1](56220/56608), loss: 1.5509, logits_loss: 1.5509, aux_loss: 0.0000, lr: 0.00000100, epoch_time: 0.0min
Epoch:[1/1](56240/56608), loss: 1.6325, logits_loss: 1.6325, aux_loss: 0.0000, lr: 0.00000100, epoch_time: 0.0min
Epoch:[1/1](56260/56608), loss: 1.7380, logits_loss: 1.7380, aux_loss: 0.0000, lr: 0.00000100, epoch_time: 0.0min
Epoch:[1/1](56280/56608), loss: 1.7886, logits_loss: 1.7886, aux_loss: 0.0000, lr: 0.00000100, epoch_time: 0.0min
Epoch:[1/1](56300/56608), loss: 1.8118, logits_loss: 1.8118, aux_loss: 0.0000, lr: 0.00000100, epoch_time: 0.0min
Epoch:[1/1](56320/56608), loss: 1.9251, logits_loss: 1.9251, aux_loss: 0.0000, lr: 0.00000100, epoch_time: 0.0min
Epoch:[1/1](56340/56608), loss: 1.7834, logits_loss: 1.7834, aux_loss: 0.0000, lr: 0.00000100, epoch_time: 0.0min
Epoch:[1/1](56360/56608), loss: 1.4246, logits_loss: 1.4246, aux_loss: 0.0000, lr: 0.00000100, epoch_time: 0.0min
Epoch:[1/1](56380/56608), loss: 1.7641, logits_loss: 1.7641, aux_loss: 0.0000, lr: 0.00000100, epoch_time: 0.0min
Epoch:[1/1](56400/56608), loss: 1.7099, logits_loss: 1.7099, aux_loss: 0.0000, lr: 0.00000100, epoch_time: 0.0min
Epoch:[1/1](56420/56608), loss: 1.7430, logits_loss: 1.7430, aux_loss: 0.0000, lr: 0.00000100, epoch_time: 0.0min
Epoch:[1/1](56440/56608), loss: 1.8623, logits_loss: 1.8623, aux_loss: 0.0000, lr: 0.00000100, epoch_time: 0.0min
Epoch:[1/1](56460/56608), loss: 1.8008, logits_loss: 1.8008, aux_loss: 0.0000, lr: 0.00000100, epoch_time: 0.0min
Epoch:[1/1](56480/56608), loss: 1.8019, logits_loss: 1.8019, aux_loss: 0.0000, lr: 0.00000100, epoch_time: 0.0min
Epoch:[1/1](56500/56608), loss: 1.6212, logits_loss: 1.6212, aux_loss: 0.0000, lr: 0.00000100, epoch_time: 0.0min
Epoch:[1/1](56520/56608), loss: 1.7196, logits_loss: 1.7196, aux_loss: 0.0000, lr: 0.00000100, epoch_time: 0.0min
Epoch:[1/1](56540/56608), loss: 1.5513, logits_loss: 1.5513, aux_loss: 0.0000, lr: 0.00000100, epoch_time: 0.0min
Epoch:[1/1](56560/56608), loss: 1.5980, logits_loss: 1.5980, aux_loss: 0.0000, lr: 0.00000100, epoch_time: 0.0min
Epoch:[1/1](56580/56608), loss: 1.8036, logits_loss: 1.8036, aux_loss: 0.0000, lr: 0.00000100, epoch_time: 0.0min
Epoch:[1/1](56600/56608), loss: 1.8760, logits_loss: 1.8760, aux_loss: 0.0000, lr: 0.00000100, epoch_time: 0.0min
Epoch:[1/1](56608/56608), loss: 1.6954, logits_loss: 1.6954, aux_loss: 0.0000, lr: 0.00000100, epoch_time: 0.0min
===== FULL SFT DONE =====
Tue May 19 02:43:21 PM HKT 2026
